Trade ID,Regime ID,Entry Type,Status,Buy Time,Buy Price,Grid Buy Price,Reference at Buy,Sell Target,Sell Time,Order Size (USDT),Net P&L,Holding Time
1,-1,INITIAL_SEED,CLOSED,2024-01-01 00:00:00+00:00,42283.58,42000.0,42000.0,43000.0,2024-01-01 18:07:00+00:00,59.07451518200203,0.8808217295032819,0 days 18:07:00
2,-1,INITIAL_SEED,CLOSED,2024-01-01 00:00:00+00:00,42283.58,43000.0,42000.0,44000.0,2024-01-01 23:28:00+00:00,57.700689247536864,2.2222218462769945,0 days 23:28:00
3,-1,INITIAL_SEED,CLOSED,2024-01-01 00:00:00+00:00,42283.58,44000.0,42000.0,45000.0,2024-01-02 00:57:00+00:00,56.38930994645648,3.5026492304700696,1 days 00:57:00
4,-1,INITIAL_SEED,CLOSED,2024-01-01 00:00:00+00:00,42283.58,45000.0,42000.0,46000.0,2024-01-08 18:04:00+00:00,55.13621416986856,4.726168730921252,7 days 18:04:00
5,-1,INITIAL_SEED,CLOSED,2024-01-01 00:00:00+00:00,42283.58,46000.0,42000.0,47000.0,2024-01-08 19:11:00+00:00,53.93760081834968,5.896491731352796,7 days 19:11:00
6,-1,INITIAL_SEED,CLOSED,2024-01-01 00:00:00+00:00,42283.58,47000.0,42000.0,48000.0,2024-01-11 14:36:00+00:00,52.789992290299686,7.017013753042576,10 days 14:36:00
7,-1,INITIAL_SEED,CLOSED,2024-01-01 00:00:00+00:00,42283.58,48000.0,42000.0,49000.0,2024-02-12 15:10:00+00:00,51.69020078425178,8.090847357161948,42 days 15:10:00
8,-1,INITIAL_SEED,CLOSED,2024-01-01 00:00:00+00:00,42283.58,49000.0,42000.0,50000.0,2024-02-12 17:19:00+00:00,50.63529872743031,9.120851018256047,42 days 17:19:00
9,-1,INITIAL_SEED,CLOSED,2024-01-01 00:00:00+00:00,42283.58,50000.0,42000.0,51000.0,2024-02-14 09:10:00+00:00,49.6225927528817,10.109654532906383,44 days 09:10:00
10,-1,INITIAL_SEED,CLOSED,2024-01-01 00:00:00+00:00,42283.58,51000.0,42000.0,52000.0,2024-02-14 14:37:00+00:00,48.64960073811931,11.059681439139055,44 days 14:37:00
11,-1,INITIAL_SEED,CLOSED,2024-01-01 00:00:00+00:00,42283.58,52000.0,42000.0,53000.0,2024-02-26 16:07:00+00:00,47.71403149315548,11.973168848978155,56 days 16:07:00
12,-1,INITIAL_SEED,CLOSED,2024-01-01 00:00:00+00:00,42283.58,53000.0,42000.0,54000.0,2024-02-26 19:15:00+00:00,46.813766748001605,12.852185035804474,56 days 19:15:00
13,-1,INITIAL_SEED,CLOSED,2024-01-01 00:00:00+00:00,42283.58,54000.0,42000.0,55000.0,2024-02-27 01:43:00+00:00,45.946845141557134,13.698645067563135,57 days 01:43:00
14,-1,INITIAL_SEED,CLOSED,2024-01-01 00:00:00+00:00,42283.58,55000.0,42000.0,56000.0,2024-02-27 02:06:00+00:00,45.11144795716518,14.51432473453059,57 days 02:06:00
15,-1,INITIAL_SEED,CLOSED,2024-01-01 00:00:00+00:00,42283.58,56000.0,42000.0,57000.0,2024-02-27 02:08:00+00:00,44.30588638650153,15.300872984820622,57 days 02:08:00
16,-1,INITIAL_SEED,CLOSED,2024-01-01 00:00:00+00:00,42283.58,57000.0,42000.0,58000.0,2024-02-28 07:50:00+00:00,43.528590134106764,16.059823050889953,58 days 07:50:00
17,-1,INITIAL_SEED,CLOSED,2024-01-01 00:00:00+00:00,42283.58,58000.0,42000.0,59000.0,2024-02-28 08:46:00+00:00,42.778097200760094,16.792602425025862,58 days 08:46:00
18,-1,INITIAL_SEED,CLOSED,2024-01-01 00:00:00+00:00,42283.58,59000.0,42000.0,60000.0,2024-02-28 13:22:00+00:00,42.05304470583195,17.500541820377492,58 days 13:22:00
19,-1,INITIAL_SEED,CLOSED,2024-01-01 00:00:00+00:00,42283.58,60000.0,42000.0,61000.0,2024-02-28 14:57:00+00:00,41.35216062740142,18.18488323588408,58 days 14:57:00
20,-1,INITIAL_SEED,CLOSED,2024-01-01 00:00:00+00:00,42283.58,61000.0,42000.0,62000.0,2024-02-28 16:54:00+00:00,40.67425635482107,18.846787227931443,58 days 16:54:00
21,-1,INITIAL_SEED,CLOSED,2024-01-01 00:00:00+00:00,42283.58,62000.0,42000.0,63000.0,2024-02-28 17:12:00+00:00,40.018219962001375,19.487339478299845,58 days 17:12:00
22,-1,INITIAL_SEED,CLOSED,2024-01-01 00:00:00+00:00,42283.58,63000.0,42000.0,64000.0,2024-02-28 17:16:00+00:00,39.383010121334685,20.10755673659306,58 days 17:16:00
23,-1,INITIAL_SEED,CLOSED,2024-01-01 00:00:00+00:00,42283.58,64000.0,42000.0,65000.0,2024-03-04 08:27:00+00:00,38.76765058818883,20.708392205564614,63 days 08:27:00
24,-1,INITIAL_SEED,CLOSED,2024-01-01 00:00:00+00:00,42283.58,65000.0,42000.0,66000.0,2024-03-04 14:38:00+00:00,38.17122519452438,21.290740429337056,63 days 14:38:00
25,-1,INITIAL_SEED,CLOSED,2024-01-01 00:00:00+00:00,42283.58,66000.0,42000.0,67000.0,2024-03-04 17:25:00+00:00,37.59287329763765,21.855441737237598,63 days 17:25:00
26,-1,INITIAL_SEED,CLOSED,2024-01-01 00:00:00+00:00,42283.58,67000.0,42000.0,68000.0,2024-03-04 23:03:00+00:00,37.03178563647889,22.403286289678412,63 days 23:03:00
27,-1,INITIAL_SEED,CLOSED,2024-01-01 00:00:00+00:00,42283.58,68000.0,42000.0,69000.0,2024-03-05 15:04:00+00:00,36.48720055358949,22.935017767047455,64 days 15:04:00
28,-1,INITIAL_SEED,CLOSED,2024-01-01 00:00:00+00:00,42283.58,69000.0,42000.0,70000.0,2024-03-11 07:12:00+00:00,35.95840054556645,23.451336737826075,70 days 07:12:00
29,-1,INITIAL_SEED,CLOSED,2024-01-01 00:00:00+00:00,42283.58,70000.0,42000.0,71000.0,2024-03-11 07:36:00+00:00,35.44470910920122,23.952903738011017,70 days 07:36:00
30,-1,INITIAL_SEED,CLOSED,2024-01-01 00:00:00+00:00,42283.58,71000.0,42000.0,72000.0,2024-03-11 11:44:00+00:00,34.945487854142044,24.44034209030344,70 days 11:44:00
31,-1,INITIAL_SEED,CLOSED,2024-01-01 00:00:00+00:00,42283.58,72000.0,42000.0,73000.0,2024-03-12 14:07:00+00:00,34.46013385616785,24.914240488365515,71 days 14:07:00
32,-1,INITIAL_SEED,CLOSED,2024-01-01 00:00:00+00:00,42283.58,73000.0,42000.0,74000.0,2024-11-06 03:06:00+00:00,33.98807722800117,25.375155368672452,310 days 03:06:00
33,-1,INITIAL_SEED,CLOSED,2024-01-01 00:00:00+00:00,42283.58,74000.0,42000.0,75000.0,2024-11-06 03:08:00+00:00,33.52877888708223,25.823613090052184,310 days 03:08:00
34,-1,INITIAL_SEED,CLOSED,2024-01-01 00:00:00+00:00,42283.58,75000.0,42000.0,76000.0,2024-11-06 20:54:00+00:00,33.081728501921134,26.260111938861797,310 days 20:54:00
35,-1,INITIAL_SEED,CLOSED,2024-01-01 00:00:00+00:00,42283.58,76000.0,42000.0,77000.0,2024-11-08 19:15:00+00:00,32.646442600580066,26.685123975860627,312 days 19:15:00
36,-1,INITIAL_SEED,CLOSED,2024-01-01 00:00:00+00:00,42283.58,77000.0,42000.0,78000.0,2024-11-10 04:45:00+00:00,32.22246282654656,27.099096739171166,314 days 04:45:00
37,-1,INITIAL_SEED,CLOSED,2024-01-01 00:00:00+00:00,42283.58,78000.0,42000.0,79000.0,2024-11-10 04:54:00+00:00,31.809354328770322,27.502454816242977,314 days 04:54:00
38,-1,INITIAL_SEED,CLOSED,2024-01-01 00:00:00+00:00,42283.58,79000.0,42000.0,80000.0,2024-11-10 11:56:00+00:00,31.406704273975762,27.895601296426904,314 days 11:56:00
39,-1,INITIAL_SEED,CLOSED,2024-01-01 00:00:00+00:00,42283.58,80000.0,42000.0,81000.0,2024-11-10 18:27:00+00:00,31.014120470551063,28.278919114606225,314 days 18:27:00
40,-1,INITIAL_SEED,CLOSED,2024-01-01 00:00:00+00:00,42283.58,81000.0,42000.0,82000.0,2024-11-11 10:07:00+00:00,30.63123009437142,28.65277229529963,315 days 10:07:00
41,-1,INITIAL_SEED,CLOSED,2024-01-01 00:00:00+00:00,42283.58,82000.0,42000.0,83000.0,2024-11-11 15:15:00+00:00,30.257678507854695,29.01750710573224,315 days 15:15:00
42,-1,INITIAL_SEED,CLOSED,2024-01-01 00:00:00+00:00,42283.58,83000.0,42000.0,84000.0,2024-11-11 15:36:00+00:00,29.89312816438657,29.373453125552,315 days 15:36:00
43,-1,INITIAL_SEED,CLOSED,2024-01-01 00:00:00+00:00,42283.58,84000.0,42000.0,85000.0,2024-11-11 18:39:00+00:00,29.537257591001016,29.720924240137954,315 days 18:39:00
44,-1,INITIAL_SEED,CLOSED,2024-01-01 00:00:00+00:00,42283.58,85000.0,42000.0,86000.0,2024-11-11 19:06:00+00:00,29.189760442871588,30.06021956379248,315 days 19:06:00
45,-1,INITIAL_SEED,CLOSED,2024-01-01 00:00:00+00:00,42283.58,86000.0,42000.0,87000.0,2024-11-11 20:11:00+00:00,28.850344623768432,30.391624298524814,315 days 20:11:00
46,-1,INITIAL_SEED,CLOSED,2024-01-01 00:00:00+00:00,42283.58,87000.0,42000.0,88000.0,2024-11-11 21:24:00+00:00,28.518731467173396,30.71541053360812,315 days 21:24:00
47,-1,INITIAL_SEED,CLOSED,2024-01-01 00:00:00+00:00,42283.58,88000.0,42000.0,89000.0,2024-11-11 23:12:00+00:00,28.19465497322824,31.031837990621348,315 days 23:12:00
48,-1,INITIAL_SEED,CLOSED,2024-01-01 00:00:00+00:00,42283.58,89000.0,42000.0,90000.0,2024-11-13 14:31:00+00:00,27.87786109712455,31.341154718263503,317 days 14:31:00
49,-1,INITIAL_SEED,CLOSED,2024-01-01 00:00:00+00:00,42283.58,90000.0,42000.0,91000.0,2024-11-13 14:33:00+00:00,27.56810708493428,31.643597740846946,317 days 14:33:00
50,-1,INITIAL_SEED,CLOSED,2024-01-01 00:00:00+00:00,42283.58,91000.0,42000.0,92000.0,2024-11-13 15:44:00+00:00,27.265160853231706,31.939393664032927,317 days 15:44:00
51,-1,INITIAL_SEED,CLOSED,2024-01-01 00:00:00+00:00,42283.58,92000.0,42000.0,93000.0,2024-11-13 16:11:00+00:00,26.96880040917484,32.22875924106271,317 days 16:11:00
52,-1,INITIAL_SEED,CLOSED,2024-01-01 00:00:00+00:00,42283.58,93000.0,42000.0,94000.0,2024-11-20 13:15:00+00:00,26.678813308000915,32.51190190245744,324 days 13:15:00
53,-1,INITIAL_SEED,CLOSED,2024-01-01 00:00:00+00:00,42283.58,94000.0,42000.0,95000.0,2024-11-21 03:25:00+00:00,26.394996145149843,32.789020251907615,325 days 03:25:00
54,-1,INITIAL_SEED,CLOSED,2024-01-01 00:00:00+00:00,42283.58,95000.0,42000.0,96000.0,2024-11-21 04:03:00+00:00,26.117154080464054,33.06030453084302,325 days 04:03:00
55,-1,INITIAL_SEED,CLOSED,2024-01-01 00:00:00+00:00,42283.58,96000.0,42000.0,97000.0,2024-11-21 04:55:00+00:00,25.84510039212589,33.325937053967294,325 days 04:55:00
56,-1,INITIAL_SEED,CLOSED,2024-01-01 00:00:00+00:00,42283.58,97000.0,42000.0,98000.0,2024-11-21 11:02:00+00:00,25.578656058186443,33.586092617851875,325 days 11:02:00
57,-1,INITIAL_SEED,CLOSED,2024-01-01 00:00:00+00:00,42283.58,98000.0,42000.0,99000.0,2024-11-22 03:15:00+00:00,25.317649363715155,33.840938884514344,326 days 03:15:00
58,-1,INITIAL_SEED,CLOSED,2024-01-01 00:00:00+00:00,42283.58,99000.0,42000.0,100000.0,2024-12-05 02:36:00+00:00,25.061915531758434,34.09063674174928,339 days 02:36:00
59,-1,INITIAL_SEED,CLOSED,2024-01-01 00:00:00+00:00,42283.58,100000.0,42000.0,101000.0,2024-12-05 02:41:00+00:00,24.81129637644085,34.3353406418395,339 days 02:41:00
60,-1,INITIAL_SEED,CLOSED,2024-01-01 00:00:00+00:00,42283.58,101000.0,42000.0,102000.0,2024-12-05 03:03:00+00:00,24.56563997667411,34.57519892014578,339 days 03:03:00
61,-1,INITIAL_SEED,CLOSED,2024-01-01 00:00:00+00:00,42283.58,102000.0,42000.0,103000.0,2024-12-05 03:06:00+00:00,24.324800369059655,34.81035409495584,339 days 03:06:00
62,-1,INITIAL_SEED,CLOSED,2024-01-01 00:00:00+00:00,42283.58,103000.0,42000.0,104000.0,2024-12-05 03:08:00+00:00,24.08863725868044,35.04094314986669,339 days 03:08:00
63,-1,INITIAL_SEED,CLOSED,2024-01-01 00:00:00+00:00,42283.58,104000.0,42000.0,105000.0,2024-12-15 23:27:00+00:00,23.85701574657774,35.2670977998754,349 days 23:27:00
64,-1,INITIAL_SEED,CLOSED,2024-01-01 00:00:00+00:00,42283.58,105000.0,42000.0,106000.0,2024-12-16 00:33:00+00:00,23.62980607280081,35.48894474226489,350 days 00:33:00
65,-1,INITIAL_SEED,CLOSED,2024-01-01 00:00:00+00:00,42283.58,106000.0,42000.0,107000.0,2024-12-16 16:37:00+00:00,23.406883374000802,35.706605893288554,350 days 16:37:00
66,-1,INITIAL_SEED,CLOSED,2024-01-01 00:00:00+00:00,42283.58,107000.0,42000.0,108000.0,2024-12-17 14:50:00+00:00,23.188127454617618,35.92019861158279,351 days 14:50:00
67,-1,INITIAL_SEED,CLOSED,2024-01-01 00:00:00+00:00,42283.58,108000.0,42000.0,109000.0,2025-01-20 06:55:00+00:00,22.973422570778567,36.12983590916788,385 days 06:55:00
68,-1,INITIAL_SEED,CLOSED,2024-01-01 00:00:00+00:00,42283.58,109000.0,42000.0,110000.0,2025-05-21 23:25:00+00:00,22.762657226092525,36.33562665083399,506 days 23:25:00
69,-1,INITIAL_SEED,CLOSED,2024-01-01 00:00:00+00:00,42283.58,110000.0,42000.0,111000.0,2025-05-22 03:42:00+00:00,22.55572397858259,36.53767574265161,507 days 03:42:00
70,-1,INITIAL_SEED,CLOSED,2024-01-01 00:00:00+00:00,42283.58,111000.0,42000.0,112000.0,2025-07-10 16:24:00+00:00,22.35251925805482,36.73608431029234,556 days 16:24:00
71,-1,INITIAL_SEED,CLOSED,2024-01-01 00:00:00+00:00,42283.58,112000.0,42000.0,113000.0,2025-07-10 17:07:00+00:00,22.152943193250763,36.93094986779662,556 days 17:07:00
72,-1,INITIAL_SEED,CLOSED,2024-01-01 00:00:00+00:00,42283.58,113000.0,42000.0,114000.0,2025-07-10 21:17:00+00:00,21.956899448177747,37.122366477380496,556 days 21:17:00
73,-1,INITIAL_SEED,CLOSED,2024-01-01 00:00:00+00:00,42283.58,114000.0,42000.0,115000.0,2025-07-10 21:18:00+00:00,21.764295067053382,37.31042490083129,556 days 21:18:00
74,-1,INITIAL_SEED,CLOSED,2024-01-01 00:00:00+00:00,42283.58,115000.0,42000.0,116000.0,2025-07-10 21:19:00+00:00,21.57504032733987,37.49521274300469,556 days 21:19:00
75,-1,INITIAL_SEED,CLOSED,2024-01-01 00:00:00+00:00,42283.58,116000.0,42000.0,117000.0,2025-07-11 05:05:00+00:00,21.389048600380047,37.676814587899244,557 days 05:05:00
76,-1,INITIAL_SEED,CLOSED,2024-01-01 00:00:00+00:00,42283.58,117000.0,42000.0,118000.0,2025-07-11 05:44:00+00:00,21.206236219180212,37.85531212775286,557 days 05:44:00
77,-1,INITIAL_SEED,CLOSED,2024-01-01 00:00:00+00:00,42283.58,118000.0,42000.0,119000.0,2025-07-13 14:18:00+00:00,21.026522352915975,38.03078428557506,559 days 14:18:00
78,-1,INITIAL_SEED,CLOSED,2024-01-01 00:00:00+00:00,42283.58,119000.0,42000.0,120000.0,2025-07-14 03:42:00+00:00,20.849828887765423,38.203307331501094,560 days 03:42:00
79,-1,INITIAL_SEED,CLOSED,2024-01-01 00:00:00+00:00,42283.58,120000.0,42000.0,121000.0,2025-07-14 03:42:00+00:00,20.67608031370071,38.37295499332836,560 days 03:42:00
80,-1,INITIAL_SEED,CLOSED,2024-01-01 00:00:00+00:00,42283.58,121000.0,42000.0,122000.0,2025-07-14 05:22:00+00:00,20.505203616893265,38.5397985615717,560 days 05:22:00
81,-1,INITIAL_SEED,CLOSED,2024-01-01 00:00:00+00:00,42283.58,122000.0,42000.0,123000.0,2025-07-14 07:38:00+00:00,20.337128177410534,38.70390698935203,560 days 07:38:00
82,-1,INITIAL_SEED,CLOSED,2024-01-01 00:00:00+00:00,42283.58,123000.0,42000.0,124000.0,2025-08-14 00:22:00+00:00,20.17178567190313,38.865346987412366,591 days 00:22:00
83,-1,INITIAL_SEED,CLOSED,2024-01-01 00:00:00+00:00,42283.58,124000.0,42000.0,125000.0,2025-10-05 04:46:00+00:00,20.009109981000687,39.02418311453624,643 days 04:46:00
84,-1,INITIAL_SEED,CLOSED,2024-01-01 00:00:00+00:00,42283.58,125000.0,42000.0,126000.0,2025-10-06 18:56:00+00:00,19.849037101152682,39.18047786362613,644 days 18:56:00
85,-1,INITIAL_SEED,OPEN,2024-01-01 00:00:00+00:00,42283.58,126000.0,42000.0,127000.0,,19.691505060667343,21.085539889660797,730 days 23:59:00
86,0,GRID_BUY,CLOSED,2024-01-03 11:55:00+00:00,44000.0,44000.0,42000.0,45000.0,2024-01-08 12:03:00+00:00,58.67832472189169,1.2136344550348568,5 days 00:08:00
87,0,GRID_BUY,CLOSED,2024-01-03 12:01:00+00:00,43000.0,43000.0,42000.0,44000.0,2024-01-04 15:16:00+00:00,58.67832472189169,1.2445863719221677,1 days 03:15:00
88,0,GRID_BUY,CLOSED,2024-01-03 12:08:00+00:00,42000.0,42000.0,42000.0,43000.0,2024-01-03 15:56:00+00:00,58.67832472189169,1.2770121896136217,0 days 03:48:00
89,0,GRID_BUY,CLOSED,2024-01-03 12:09:00+00:00,41000.0,41000.0,42000.0,42000.0,2024-01-03 12:15:00+00:00,58.67832472189169,1.3110197545095374,0 days 00:06:00
90,0,GRID_BUY,CLOSED,2024-01-03 18:56:00+00:00,42000.0,42000.0,42000.0,43000.0,2024-01-03 19:35:00+00:00,58.67832472189169,1.2770121896136217,0 days 00:39:00
91,0,GRID_BUY,CLOSED,2024-01-05 01:48:00+00:00,43000.0,43000.0,42000.0,44000.0,2024-01-05 09:01:00+00:00,58.67832472189169,1.2445863719221677,0 days 07:13:00
92,1,GRID_BUY,CLOSED,2024-01-09 12:56:00+00:00,46000.0,46000.0,47000.0,47000.0,2024-01-09 13:53:00+00:00,58.67832472189169,1.1557678278107844,0 days 00:57:00
93,1,GRID_BUY,CLOSED,2024-01-09 21:17:00+00:00,46000.0,46000.0,47000.0,47000.0,2024-01-10 23:03:00+00:00,58.67832472189169,1.1557678278107844,1 days 01:46:00
94,1,GRID_BUY,CLOSED,2024-01-09 21:25:00+00:00,45000.0,45000.0,47000.0,46000.0,2024-01-09 21:29:00+00:00,58.67832472189169,1.1840581788981197,0 days 00:04:00
95,1,GRID_BUY,CLOSED,2024-01-10 11:53:00+00:00,45000.0,45000.0,47000.0,46000.0,2024-01-10 17:41:00+00:00,58.67832472189169,1.1840581788981197,0 days 05:48:00
96,1,GRID_BUY,CLOSED,2024-01-10 20:12:00+00:00,45000.0,45000.0,47000.0,46000.0,2024-01-10 20:15:00+00:00,58.67832472189169,1.1840581788981197,0 days 00:03:00
97,1,GRID_BUY,CLOSED,2024-01-10 20:44:00+00:00,45000.0,45000.0,47000.0,46000.0,2024-01-10 20:57:00+00:00,58.67832472189169,1.1840581788981197,0 days 00:13:00
98,1,GRID_BUY,CLOSED,2024-01-11 05:44:00+00:00,46000.0,46000.0,47000.0,47000.0,2024-01-11 11:17:00+00:00,58.67832472189169,1.1557678278107844,0 days 05:33:00
99,1,GRID_BUY,CLOSED,2024-01-11 15:42:00+00:00,47000.0,47000.0,47000.0,48000.0,2024-02-09 18:24:00+00:00,58.67832472189169,1.1286813214505713,29 days 02:42:00
100,1,GRID_BUY,CLOSED,2024-01-11 16:16:00+00:00,46000.0,46000.0,47000.0,47000.0,2024-02-09 11:44:00+00:00,58.67832472189169,1.1557678278107844,28 days 19:28:00
101,1,GRID_BUY,CLOSED,2024-01-12 15:19:00+00:00,45000.0,45000.0,47000.0,46000.0,2024-02-09 02:45:00+00:00,58.67832472189169,1.1840581788981197,27 days 11:26:00
102,1,GRID_BUY,CLOSED,2024-01-12 16:17:00+00:00,44000.0,44000.0,47000.0,45000.0,2024-02-08 13:58:00+00:00,58.67832472189169,1.2136344550348568,26 days 21:41:00
103,1,GRID_BUY,CLOSED,2024-01-12 22:03:00+00:00,43000.0,43000.0,47000.0,44000.0,2024-02-07 20:16:00+00:00,58.67832472189169,1.2445863719221677,25 days 22:13:00
104,1,GRID_BUY,CLOSED,2024-01-12 22:21:00+00:00,42000.0,42000.0,47000.0,43000.0,2024-01-13 05:42:00+00:00,58.67832472189169,1.2770121896136217,0 days 07:21:00
105,2,GRID_BUY,CLOSED,2024-01-14 21:38:00+00:00,42000.0,42000.0,42000.0,43000.0,2024-01-15 18:25:00+00:00,58.67832472189169,1.2770121896136217,0 days 20:47:00
106,2,GRID_BUY,CLOSED,2024-01-18 16:40:00+00:00,42000.0,42000.0,42000.0,43000.0,2024-01-29 16:21:00+00:00,58.67832472189169,1.2770121896136217,10 days 23:41:00
107,2,GRID_BUY,CLOSED,2024-01-18 19:57:00+00:00,41000.0,41000.0,42000.0,42000.0,2024-01-19 20:09:00+00:00,58.67832472189169,1.3110197545095374,1 days 00:12:00
108,2,GRID_BUY,CLOSED,2024-01-22 04:18:00+00:00,41000.0,41000.0,42000.0,42000.0,2024-01-26 17:01:00+00:00,58.67832472189169,1.3110197545095374,4 days 12:43:00
109,2,GRID_BUY,CLOSED,2024-01-22 19:17:00+00:00,40000.0,40000.0,42000.0,41000.0,2024-01-26 11:29:00+00:00,58.67832472189169,1.3467276976502518,3 days 16:12:00
110,2,GRID_BUY,CLOSED,2024-01-23 09:29:00+00:00,39000.0,39000.0,42000.0,40000.0,2024-01-24 00:44:00+00:00,58.67832472189169,1.3842668173622812,0 days 15:15:00
111,2,GRID_BUY,CLOSED,2024-02-01 01:21:00+00:00,42000.0,42000.0,42000.0,43000.0,2024-02-01 17:19:00+00:00,58.67832472189169,1.2770121896136217,0 days 15:58:00
112,3,GRID_BUY,CLOSED,2024-02-10 10:48:00+00:00,47000.0,47000.0,47000.0,48000.0,2024-02-10 20:46:00+00:00,58.67832472189169,1.1286813214505713,0 days 09:58:00
113,3,GRID_BUY,CLOSED,2024-02-13 14:21:00+00:00,49000.0,49000.0,47000.0,50000.0,2024-02-14 08:52:00+00:00,58.67832472189169,1.0778250237946665,0 days 18:31:00
114,4,GRID_BUY,CLOSED,2024-02-17 14:32:00+00:00,51000.0,51000.0,52000.0,52000.0,2024-02-17 21:34:00+00:00,58.67832472189169,1.030957455366675,0 days 07:02:00
115,4,GRID_BUY,CLOSED,2024-02-20 17:22:00+00:00,51000.0,51000.0,52000.0,52000.0,2024-02-20 19:50:00+00:00,58.67832472189169,1.030957455366675,0 days 02:28:00
116,4,GRID_BUY,CLOSED,2024-02-21 10:08:00+00:00,51000.0,51000.0,52000.0,52000.0,2024-02-22 09:49:00+00:00,58.67832472189169,1.030957455366675,0 days 23:41:00
117,4,GRID_BUY,CLOSED,2024-02-22 13:47:00+00:00,51000.0,51000.0,52000.0,52000.0,2024-02-22 20:31:00+00:00,58.67832472189169,1.030957455366675,0 days 06:44:00
118,4,GRID_BUY,CLOSED,2024-02-23 03:06:00+00:00,51000.0,51000.0,52000.0,52000.0,2024-02-26 15:15:00+00:00,58.67832472189169,1.030957455366675,3 days 12:09:00
119,4,GRID_BUY,CLOSED,2024-02-27 03:51:00+00:00,56000.0,56000.0,52000.0,57000.0,2024-02-27 12:26:00+00:00,58.67832472189169,0.9284346494304572,0 days 08:35:00
120,6,GRID_BUY,CLOSED,2024-02-28 17:23:00+00:00,63000.0,63000.0,62000.0,64000.0,2024-03-04 00:39:00+00:00,58.67832472189169,0.8122421360360548,4 days 07:16:00
121,6,GRID_BUY,CLOSED,2024-02-28 17:25:00+00:00,62000.0,62000.0,62000.0,63000.0,2024-02-29 06:08:00+00:00,58.67832472189169,0.8272347184095281,0 days 12:43:00
122,6,GRID_BUY,CLOSED,2024-02-28 17:31:00+00:00,61000.0,61000.0,62000.0,62000.0,2024-02-28 23:13:00+00:00,58.67832472189169,0.8427188608608205,0 days 05:42:00
123,6,GRID_BUY,CLOSED,2024-02-28 17:31:00+00:00,60000.0,60000.0,62000.0,61000.0,2024-02-28 17:34:00+00:00,58.67832472189169,0.8587191413938058,0 days 00:03:00
124,6,GRID_BUY,CLOSED,2024-02-28 17:31:00+00:00,59000.0,59000.0,62000.0,60000.0,2024-02-28 17:32:00+00:00,58.67832472189169,0.875261804317752,0 days 00:01:00
125,6,GRID_BUY,CLOSED,2024-02-28 17:37:00+00:00,60000.0,60000.0,62000.0,61000.0,2024-02-28 17:43:00+00:00,58.67832472189169,0.8587191413938058,0 days 00:06:00
126,6,GRID_BUY,CLOSED,2024-02-28 18:20:00+00:00,60000.0,60000.0,62000.0,61000.0,2024-02-28 18:55:00+00:00,58.67832472189169,0.8587191413938058,0 days 00:35:00
127,6,GRID_BUY,CLOSED,2024-02-28 20:27:00+00:00,60000.0,60000.0,62000.0,61000.0,2024-02-28 22:09:00+00:00,58.67832472189169,0.8587191413938058,0 days 01:42:00
128,6,GRID_BUY,CLOSED,2024-02-29 16:40:00+00:00,62000.0,62000.0,62000.0,63000.0,2024-03-01 20:57:00+00:00,58.67832472189169,0.8272347184095281,1 days 04:17:00
129,6,GRID_BUY,CLOSED,2024-02-29 17:41:00+00:00,61000.0,61000.0,62000.0,62000.0,2024-02-29 20:18:00+00:00,58.67832472189169,0.8427188608608205,0 days 02:37:00
130,6,GRID_BUY,CLOSED,2024-02-29 21:10:00+00:00,61000.0,61000.0,62000.0,62000.0,2024-03-01 08:35:00+00:00,58.67832472189169,0.8427188608608205,0 days 11:25:00
131,6,GRID_BUY,CLOSED,2024-03-02 01:21:00+00:00,62000.0,62000.0,62000.0,63000.0,2024-03-03 22:15:00+00:00,58.67832472189169,0.8272347184095281,1 days 20:54:00
132,6,GRID_BUY,CLOSED,2024-03-04 00:49:00+00:00,63000.0,63000.0,62000.0,64000.0,2024-03-04 07:40:00+00:00,58.67832472189169,0.8122421360360548,0 days 06:51:00
133,7,GRID_BUY,CLOSED,2024-03-05 04:52:00+00:00,67000.0,67000.0,67000.0,68000.0,2024-03-05 13:18:00+00:00,58.67832472189169,0.7567472042656078,0 days 08:26:00
134,7,GRID_BUY,CLOSED,2024-03-05 05:03:00+00:00,66000.0,66000.0,67000.0,67000.0,2024-03-05 05:27:00+00:00,58.67832472189169,0.769990312983559,0 days 00:24:00
135,7,GRID_BUY,CLOSED,2024-03-05 08:06:00+00:00,66000.0,66000.0,67000.0,67000.0,2024-03-05 10:32:00+00:00,58.67832472189169,0.769990312983559,0 days 02:26:00
136,7,GRID_BUY,CLOSED,2024-03-05 15:05:00+00:00,68000.0,68000.0,67000.0,69000.0,2024-03-08 15:27:00+00:00,58.67832472189169,0.7438935987452524,3 days 00:22:00
137,7,GRID_BUY,CLOSED,2024-03-05 15:30:00+00:00,67000.0,67000.0,67000.0,68000.0,2024-03-08 14:11:00+00:00,58.67832472189169,0.7567472042656078,2 days 22:41:00
138,7,GRID_BUY,CLOSED,2024-03-05 16:06:00+00:00,66000.0,66000.0,67000.0,67000.0,2024-03-06 08:10:00+00:00,58.67832472189169,0.769990312983559,0 days 16:04:00
139,7,GRID_BUY,CLOSED,2024-03-05 16:12:00+00:00,65000.0,65000.0,67000.0,66000.0,2024-03-05 16:31:00+00:00,58.67832472189169,0.783640901969747,0 days 00:19:00
140,7,GRID_BUY,CLOSED,2024-03-05 16:48:00+00:00,65000.0,65000.0,67000.0,66000.0,2024-03-06 05:31:00+00:00,58.67832472189169,0.783640901969747,0 days 12:43:00
141,7,GRID_BUY,CLOSED,2024-03-05 17:08:00+00:00,64000.0,64000.0,67000.0,65000.0,2024-03-05 17:46:00+00:00,58.67832472189169,0.7977180718617518,0 days 00:38:00
142,7,GRID_BUY,CLOSED,2024-03-05 18:51:00+00:00,64000.0,64000.0,67000.0,65000.0,2024-03-06 05:10:00+00:00,58.67832472189169,0.7977180718617518,0 days 10:19:00
143,7,GRID_BUY,CLOSED,2024-03-05 19:17:00+00:00,63000.0,63000.0,67000.0,64000.0,2024-03-05 23:41:00+00:00,58.67832472189169,0.8122421360360548,0 days 04:24:00
144,7,GRID_BUY,CLOSED,2024-03-05 19:36:00+00:00,62000.0,62000.0,67000.0,63000.0,2024-03-05 20:14:00+00:00,58.67832472189169,0.8272347184095281,0 days 00:38:00
145,8,GRID_BUY,CLOSED,2024-03-05 19:55:00+00:00,61000.0,61000.0,62000.0,62000.0,2024-03-05 20:01:00+00:00,58.67832472189169,0.8427188608608205,0 days 00:06:00
146,8,GRID_BUY,CLOSED,2024-03-05 19:56:00+00:00,60000.0,60000.0,62000.0,61000.0,2024-03-05 19:57:00+00:00,58.67832472189169,0.8587191413938058,0 days 00:01:00
147,8,GRID_BUY,CLOSED,2024-03-05 20:37:00+00:00,62000.0,62000.0,62000.0,63000.0,2024-03-05 21:11:00+00:00,58.67832472189169,0.8272347184095281,0 days 00:34:00
148,8,GRID_BUY,CLOSED,2024-03-06 02:01:00+00:00,63000.0,63000.0,62000.0,64000.0,2024-03-06 04:52:00+00:00,58.67832472189169,0.8122421360360548,0 days 02:51:00
149,9,GRID_BUY,CLOSED,2024-03-06 12:44:00+00:00,66000.0,66000.0,67000.0,67000.0,2024-03-06 14:21:00+00:00,58.67832472189169,0.769990312983559,0 days 01:37:00
150,9,GRID_BUY,CLOSED,2024-03-06 12:46:00+00:00,65000.0,65000.0,67000.0,66000.0,2024-03-06 12:51:00+00:00,58.67832472189169,0.783640901969747,0 days 00:05:00
151,9,GRID_BUY,CLOSED,2024-03-06 14:58:00+00:00,66000.0,66000.0,67000.0,67000.0,2024-03-06 16:56:00+00:00,58.67832472189169,0.769990312983559,0 days 01:58:00
152,9,GRID_BUY,CLOSED,2024-03-06 22:46:00+00:00,66000.0,66000.0,67000.0,67000.0,2024-03-07 08:19:00+00:00,58.67832472189169,0.769990312983559,0 days 09:33:00
153,9,GRID_BUY,CLOSED,2024-03-08 15:32:00+00:00,68000.0,68000.0,67000.0,69000.0,2024-03-08 20:01:00+00:00,58.67832472189169,0.7438935987452524,0 days 04:29:00
154,9,GRID_BUY,CLOSED,2024-03-08 16:02:00+00:00,67000.0,67000.0,67000.0,68000.0,2024-03-08 17:02:00+00:00,58.67832472189169,0.7567472042656078,0 days 01:00:00
155,9,GRID_BUY,CLOSED,2024-03-08 21:55:00+00:00,68000.0,68000.0,67000.0,69000.0,2024-03-10 01:18:00+00:00,58.67832472189169,0.7438935987452524,1 days 03:23:00
156,9,GRID_BUY,CLOSED,2024-03-11 00:50:00+00:00,68000.0,68000.0,67000.0,69000.0,2024-03-11 06:53:00+00:00,58.67832472189169,0.7438935987452524,0 days 06:03:00
157,10,GRID_BUY,CLOSED,2024-03-12 14:09:00+00:00,72000.0,72000.0,72000.0,73000.0,2024-03-13 07:12:00+00:00,58.67832472189169,0.6960496226416737,0 days 17:03:00
158,10,GRID_BUY,CLOSED,2024-03-12 15:00:00+00:00,71000.0,71000.0,72000.0,72000.0,2024-03-12 15:23:00+00:00,58.67832472189169,0.7075052225537917,0 days 00:23:00
159,10,GRID_BUY,CLOSED,2024-03-12 16:20:00+00:00,71000.0,71000.0,72000.0,72000.0,2024-03-13 01:30:00+00:00,58.67832472189169,0.7075052225537917,0 days 09:10:00
160,10,GRID_BUY,CLOSED,2024-03-12 17:06:00+00:00,70000.0,70000.0,72000.0,71000.0,2024-03-12 17:59:00+00:00,58.67832472189169,0.7192881253205456,0 days 00:53:00
161,10,GRID_BUY,CLOSED,2024-03-12 17:22:00+00:00,69000.0,69000.0,72000.0,70000.0,2024-03-12 17:37:00+00:00,58.67832472189169,0.7314125615008322,0 days 00:15:00
162,10,GRID_BUY,CLOSED,2024-03-13 13:54:00+00:00,72000.0,72000.0,72000.0,73000.0,2024-03-13 15:16:00+00:00,58.67832472189169,0.6960496226416737,0 days 01:22:00
163,10,GRID_BUY,CLOSED,2024-03-14 13:36:00+00:00,72000.0,72000.0,72000.0,73000.0,2024-10-29 18:24:00+00:00,58.67832472189169,0.6960496226416737,229 days 04:48:00
164,10,GRID_BUY,CLOSED,2024-03-14 15:27:00+00:00,71000.0,71000.0,72000.0,72000.0,2024-03-15 00:28:00+00:00,58.67832472189169,0.7075052225537917,0 days 09:01:00
165,10,GRID_BUY,CLOSED,2024-03-14 16:30:00+00:00,70000.0,70000.0,72000.0,71000.0,2024-03-14 16:46:00+00:00,58.67832472189169,0.7192881253205456,0 days 00:16:00
166,10,GRID_BUY,CLOSED,2024-03-14 18:50:00+00:00,70000.0,70000.0,72000.0,71000.0,2024-03-14 20:39:00+00:00,58.67832472189169,0.7192881253205456,0 days 01:49:00
167,10,GRID_BUY,CLOSED,2024-03-14 19:31:00+00:00,69000.0,69000.0,72000.0,70000.0,2024-03-14 20:05:00+00:00,58.67832472189169,0.7314125615008322,0 days 00:34:00
168,10,GRID_BUY,CLOSED,2024-03-15 02:23:00+00:00,71000.0,71000.0,72000.0,72000.0,2024-04-08 08:55:00+00:00,58.67832472189169,0.7075052225537917,24 days 06:32:00
169,10,GRID_BUY,CLOSED,2024-03-15 02:39:00+00:00,70000.0,70000.0,72000.0,71000.0,2024-03-25 19:56:00+00:00,58.67832472189169,0.7192881253205456,10 days 17:17:00
170,10,GRID_BUY,CLOSED,2024-03-15 02:47:00+00:00,69000.0,69000.0,72000.0,70000.0,2024-03-15 18:53:00+00:00,58.67832472189169,0.7314125615008322,0 days 16:06:00
171,10,GRID_BUY,CLOSED,2024-03-15 02:53:00+00:00,68000.0,68000.0,72000.0,69000.0,2024-03-15 02:56:00+00:00,58.67832472189169,0.7438935987452524,0 days 00:03:00
172,10,GRID_BUY,CLOSED,2024-03-15 03:22:00+00:00,68000.0,68000.0,72000.0,69000.0,2024-03-15 18:42:00+00:00,58.67832472189169,0.7438935987452524,0 days 15:20:00
173,10,GRID_BUY,CLOSED,2024-03-15 03:28:00+00:00,67000.0,67000.0,72000.0,68000.0,2024-03-15 03:32:00+00:00,58.67832472189169,0.7567472042656078,0 days 00:04:00
174,10,GRID_BUY,CLOSED,2024-03-15 04:44:00+00:00,67000.0,67000.0,72000.0,68000.0,2024-03-15 05:02:00+00:00,58.67832472189169,0.7567472042656078,0 days 00:18:00
175,11,GRID_BUY,CLOSED,2024-03-15 09:00:00+00:00,67000.0,67000.0,67000.0,68000.0,2024-03-15 09:55:00+00:00,58.67832472189169,0.7567472042656078,0 days 00:55:00
176,11,GRID_BUY,CLOSED,2024-03-15 09:10:00+00:00,66000.0,66000.0,67000.0,67000.0,2024-03-15 09:22:00+00:00,58.67832472189169,0.769990312983559,0 days 00:12:00
177,11,GRID_BUY,CLOSED,2024-03-15 11:08:00+00:00,67000.0,67000.0,67000.0,68000.0,2024-03-15 12:35:00+00:00,58.67832472189169,0.7567472042656078,0 days 01:27:00
178,11,GRID_BUY,CLOSED,2024-03-15 19:48:00+00:00,69000.0,69000.0,67000.0,70000.0,2024-03-16 00:19:00+00:00,58.67832472189169,0.7314125615008322,0 days 04:31:00
179,11,GRID_BUY,CLOSED,2024-03-15 20:09:00+00:00,68000.0,68000.0,67000.0,69000.0,2024-03-15 22:55:00+00:00,58.67832472189169,0.7438935987452524,0 days 02:46:00
180,11,GRID_BUY,CLOSED,2024-03-16 02:33:00+00:00,69000.0,69000.0,67000.0,70000.0,2024-03-25 15:55:00+00:00,58.67832472189169,0.7314125615008322,9 days 13:22:00
181,11,GRID_BUY,CLOSED,2024-03-16 11:25:00+00:00,68000.0,68000.0,67000.0,69000.0,2024-03-25 14:20:00+00:00,58.67832472189169,0.7438935987452524,9 days 02:55:00
182,11,GRID_BUY,CLOSED,2024-03-16 18:07:00+00:00,67000.0,67000.0,67000.0,68000.0,2024-03-17 15:47:00+00:00,58.67832472189169,0.7567472042656078,0 days 21:40:00
183,11,GRID_BUY,CLOSED,2024-03-16 22:03:00+00:00,66000.0,66000.0,67000.0,67000.0,2024-03-17 10:19:00+00:00,58.67832472189169,0.769990312983559,0 days 12:16:00
184,11,GRID_BUY,CLOSED,2024-03-16 23:17:00+00:00,65000.0,65000.0,67000.0,66000.0,2024-03-17 00:04:00+00:00,58.67832472189169,0.783640901969747,0 days 00:47:00
185,11,GRID_BUY,CLOSED,2024-03-17 06:59:00+00:00,65000.0,65000.0,67000.0,66000.0,2024-03-17 08:33:00+00:00,58.67832472189169,0.783640901969747,0 days 01:34:00
186,11,GRID_BUY,CLOSED,2024-03-18 01:02:00+00:00,67000.0,67000.0,67000.0,68000.0,2024-03-18 02:49:00+00:00,58.67832472189169,0.7567472042656078,0 days 01:47:00
187,11,GRID_BUY,CLOSED,2024-03-18 14:32:00+00:00,67000.0,67000.0,67000.0,68000.0,2024-03-18 16:19:00+00:00,58.67832472189169,0.7567472042656078,0 days 01:47:00
188,11,GRID_BUY,CLOSED,2024-03-18 16:56:00+00:00,67000.0,67000.0,67000.0,68000.0,2024-03-19 00:16:00+00:00,58.67832472189169,0.7567472042656078,0 days 07:20:00
189,11,GRID_BUY,CLOSED,2024-03-19 00:54:00+00:00,67000.0,67000.0,67000.0,68000.0,2024-03-20 22:15:00+00:00,58.67832472189169,0.7567472042656078,1 days 21:21:00
190,11,GRID_BUY,CLOSED,2024-03-19 01:33:00+00:00,66000.0,66000.0,67000.0,67000.0,2024-03-20 20:30:00+00:00,58.67832472189169,0.769990312983559,1 days 18:57:00
191,11,GRID_BUY,CLOSED,2024-03-19 03:40:00+00:00,65000.0,65000.0,67000.0,66000.0,2024-03-19 03:53:00+00:00,58.67832472189169,0.783640901969747,0 days 00:13:00
192,11,GRID_BUY,CLOSED,2024-03-19 05:24:00+00:00,65000.0,65000.0,67000.0,66000.0,2024-03-20 19:56:00+00:00,58.67832472189169,0.783640901969747,1 days 14:32:00
193,11,GRID_BUY,CLOSED,2024-03-19 07:10:00+00:00,64000.0,64000.0,67000.0,65000.0,2024-03-19 16:52:00+00:00,58.67832472189169,0.7977180718617518,0 days 09:42:00
194,11,GRID_BUY,CLOSED,2024-03-19 09:11:00+00:00,63000.0,63000.0,67000.0,64000.0,2024-03-19 09:17:00+00:00,58.67832472189169,0.8122421360360548,0 days 00:06:00
195,11,GRID_BUY,CLOSED,2024-03-19 10:47:00+00:00,63000.0,63000.0,67000.0,64000.0,2024-03-19 15:43:00+00:00,58.67832472189169,0.8122421360360548,0 days 04:56:00
196,11,GRID_BUY,CLOSED,2024-03-19 20:04:00+00:00,64000.0,64000.0,67000.0,65000.0,2024-03-20 18:53:00+00:00,58.67832472189169,0.7977180718617518,0 days 22:49:00
197,11,GRID_BUY,CLOSED,2024-03-19 22:31:00+00:00,63000.0,63000.0,67000.0,64000.0,2024-03-20 12:19:00+00:00,58.67832472189169,0.8122421360360548,0 days 13:48:00
198,11,GRID_BUY,CLOSED,2024-03-19 23:13:00+00:00,62000.0,62000.0,67000.0,63000.0,2024-03-20 00:25:00+00:00,58.67832472189169,0.8272347184095281,0 days 01:12:00
199,12,GRID_BUY,CLOSED,2024-03-20 01:22:00+00:00,62000.0,62000.0,62000.0,63000.0,2024-03-20 02:29:00+00:00,58.67832472189169,0.8272347184095281,0 days 01:07:00
200,12,GRID_BUY,CLOSED,2024-03-20 03:55:00+00:00,62000.0,62000.0,62000.0,63000.0,2024-03-20 07:44:00+00:00,58.67832472189169,0.8272347184095281,0 days 03:49:00
201,12,GRID_BUY,CLOSED,2024-03-20 05:23:00+00:00,61000.0,61000.0,62000.0,62000.0,2024-03-20 06:30:00+00:00,58.67832472189169,0.8427188608608205,0 days 01:07:00
202,12,GRID_BUY,CLOSED,2024-03-20 16:25:00+00:00,63000.0,63000.0,62000.0,64000.0,2024-03-20 17:15:00+00:00,58.67832472189169,0.8122421360360548,0 days 00:50:00
203,13,GRID_BUY,CLOSED,2024-03-21 03:44:00+00:00,67000.0,67000.0,67000.0,68000.0,2024-03-25 13:59:00+00:00,58.67832472189169,0.7567472042656078,4 days 10:15:00
204,13,GRID_BUY,CLOSED,2024-03-21 15:13:00+00:00,66000.0,66000.0,67000.0,67000.0,2024-03-21 17:07:00+00:00,58.67832472189169,0.769990312983559,0 days 01:54:00
205,13,GRID_BUY,CLOSED,2024-03-21 17:45:00+00:00,66000.0,66000.0,67000.0,67000.0,2024-03-24 22:10:00+00:00,58.67832472189169,0.769990312983559,3 days 04:25:00
206,13,GRID_BUY,CLOSED,2024-03-21 18:43:00+00:00,65000.0,65000.0,67000.0,66000.0,2024-03-22 03:30:00+00:00,58.67832472189169,0.783640901969747,0 days 08:47:00
207,13,GRID_BUY,CLOSED,2024-03-22 10:25:00+00:00,65000.0,65000.0,67000.0,66000.0,2024-03-24 18:34:00+00:00,58.67832472189169,0.783640901969747,2 days 08:09:00
208,13,GRID_BUY,CLOSED,2024-03-22 12:03:00+00:00,64000.0,64000.0,67000.0,65000.0,2024-03-23 14:30:00+00:00,58.67832472189169,0.7977180718617518,1 days 02:27:00
209,13,GRID_BUY,CLOSED,2024-03-22 13:58:00+00:00,63000.0,63000.0,67000.0,64000.0,2024-03-22 15:29:00+00:00,58.67832472189169,0.8122421360360548,0 days 01:31:00
210,13,GRID_BUY,CLOSED,2024-03-22 16:36:00+00:00,63000.0,63000.0,67000.0,64000.0,2024-03-22 19:47:00+00:00,58.67832472189169,0.8122421360360548,0 days 03:11:00
211,13,GRID_BUY,CLOSED,2024-03-22 21:16:00+00:00,63000.0,63000.0,67000.0,64000.0,2024-03-23 01:26:00+00:00,58.67832472189169,0.8122421360360548,0 days 04:10:00
212,13,GRID_BUY,CLOSED,2024-03-23 03:36:00+00:00,63000.0,63000.0,67000.0,64000.0,2024-03-23 04:18:00+00:00,58.67832472189169,0.8122421360360548,0 days 00:42:00
213,13,GRID_BUY,CLOSED,2024-03-23 23:56:00+00:00,64000.0,64000.0,67000.0,65000.0,2024-03-24 08:12:00+00:00,58.67832472189169,0.7977180718617518,0 days 08:16:00
214,13,GRID_BUY,CLOSED,2024-03-25 21:18:00+00:00,70000.0,70000.0,67000.0,71000.0,2024-03-26 07:18:00+00:00,58.67832472189169,0.7192881253205456,0 days 10:00:00
215,13,GRID_BUY,CLOSED,2024-03-26 14:23:00+00:00,70000.0,70000.0,67000.0,71000.0,2024-03-27 13:07:00+00:00,58.67832472189169,0.7192881253205456,0 days 22:44:00
216,13,GRID_BUY,CLOSED,2024-03-27 13:45:00+00:00,70000.0,70000.0,67000.0,71000.0,2024-03-28 13:27:00+00:00,58.67832472189169,0.7192881253205456,0 days 23:42:00
217,13,GRID_BUY,CLOSED,2024-03-27 14:03:00+00:00,69000.0,69000.0,67000.0,70000.0,2024-03-27 14:23:00+00:00,58.67832472189169,0.7314125615008322,0 days 00:20:00
218,13,GRID_BUY,CLOSED,2024-03-27 15:52:00+00:00,69000.0,69000.0,67000.0,70000.0,2024-03-28 06:15:00+00:00,58.67832472189169,0.7314125615008322,0 days 14:23:00
219,13,GRID_BUY,CLOSED,2024-03-29 07:37:00+00:00,70000.0,70000.0,67000.0,71000.0,2024-03-31 18:40:00+00:00,58.67832472189169,0.7192881253205456,2 days 11:03:00
220,13,GRID_BUY,CLOSED,2024-04-01 05:46:00+00:00,70000.0,70000.0,67000.0,71000.0,2024-04-08 08:10:00+00:00,58.67832472189169,0.7192881253205456,7 days 02:24:00
221,13,GRID_BUY,CLOSED,2024-04-01 05:57:00+00:00,69000.0,69000.0,67000.0,70000.0,2024-04-01 13:28:00+00:00,58.67832472189169,0.7314125615008322,0 days 07:31:00
222,13,GRID_BUY,CLOSED,2024-04-01 14:52:00+00:00,69000.0,69000.0,67000.0,70000.0,2024-04-07 16:18:00+00:00,58.67832472189169,0.7314125615008322,6 days 01:26:00
223,13,GRID_BUY,CLOSED,2024-04-02 02:36:00+00:00,68000.0,68000.0,67000.0,69000.0,2024-04-04 18:00:00+00:00,58.67832472189169,0.7438935987452524,2 days 15:24:00
224,13,GRID_BUY,CLOSED,2024-04-02 02:37:00+00:00,67000.0,67000.0,67000.0,68000.0,2024-04-04 16:22:00+00:00,58.67832472189169,0.7567472042656078,2 days 13:45:00
225,13,GRID_BUY,CLOSED,2024-04-02 02:39:00+00:00,66000.0,66000.0,67000.0,67000.0,2024-04-02 02:41:00+00:00,58.67832472189169,0.769990312983559,0 days 00:02:00
226,13,GRID_BUY,CLOSED,2024-04-02 09:03:00+00:00,66000.0,66000.0,67000.0,67000.0,2024-04-04 13:14:00+00:00,58.67832472189169,0.769990312983559,2 days 04:11:00
227,13,GRID_BUY,CLOSED,2024-04-02 13:19:00+00:00,65000.0,65000.0,67000.0,66000.0,2024-04-02 14:30:00+00:00,58.67832472189169,0.783640901969747,0 days 01:11:00
228,13,GRID_BUY,CLOSED,2024-04-02 15:54:00+00:00,65000.0,65000.0,67000.0,66000.0,2024-04-02 18:49:00+00:00,58.67832472189169,0.783640901969747,0 days 02:55:00
229,13,GRID_BUY,CLOSED,2024-04-03 00:33:00+00:00,65000.0,65000.0,67000.0,66000.0,2024-04-03 02:01:00+00:00,58.67832472189169,0.783640901969747,0 days 01:28:00
230,13,GRID_BUY,CLOSED,2024-04-04 20:07:00+00:00,68000.0,68000.0,67000.0,69000.0,2024-04-06 22:52:00+00:00,58.67832472189169,0.7438935987452524,2 days 02:45:00
231,13,GRID_BUY,CLOSED,2024-04-05 05:18:00+00:00,67000.0,67000.0,67000.0,68000.0,2024-04-05 14:42:00+00:00,58.67832472189169,0.7567472042656078,0 days 09:24:00
232,13,GRID_BUY,CLOSED,2024-04-05 12:32:00+00:00,66000.0,66000.0,67000.0,67000.0,2024-04-05 13:31:00+00:00,58.67832472189169,0.769990312983559,0 days 00:59:00
233,13,GRID_BUY,CLOSED,2024-04-07 19:52:00+00:00,69000.0,69000.0,67000.0,70000.0,2024-04-08 07:22:00+00:00,58.67832472189169,0.7314125615008322,0 days 11:30:00
234,14,GRID_BUY,CLOSED,2024-04-09 01:10:00+00:00,71000.0,71000.0,72000.0,72000.0,2024-10-29 15:22:00+00:00,58.67832472189169,0.7075052225537917,203 days 14:12:00
235,14,GRID_BUY,CLOSED,2024-04-09 08:07:00+00:00,70000.0,70000.0,72000.0,71000.0,2024-04-10 22:25:00+00:00,58.67832472189169,0.7192881253205456,1 days 14:18:00
236,14,GRID_BUY,CLOSED,2024-04-09 14:42:00+00:00,69000.0,69000.0,72000.0,70000.0,2024-04-10 19:52:00+00:00,58.67832472189169,0.7314125615008322,1 days 05:10:00
237,14,GRID_BUY,CLOSED,2024-04-10 12:37:00+00:00,68000.0,68000.0,72000.0,69000.0,2024-04-10 16:34:00+00:00,58.67832472189169,0.7438935987452524,0 days 03:57:00
238,14,GRID_BUY,CLOSED,2024-04-11 11:57:00+00:00,70000.0,70000.0,72000.0,71000.0,2024-04-11 12:41:00+00:00,58.67832472189169,0.7192881253205456,0 days 00:44:00
239,14,GRID_BUY,CLOSED,2024-04-11 13:40:00+00:00,70000.0,70000.0,72000.0,71000.0,2024-04-12 04:45:00+00:00,58.67832472189169,0.7192881253205456,0 days 15:05:00
240,14,GRID_BUY,CLOSED,2024-04-12 13:40:00+00:00,70000.0,70000.0,72000.0,71000.0,2024-05-20 23:24:00+00:00,58.67832472189169,0.7192881253205456,38 days 09:44:00
241,14,GRID_BUY,CLOSED,2024-04-12 16:18:00+00:00,69000.0,69000.0,72000.0,70000.0,2024-05-20 19:59:00+00:00,58.67832472189169,0.7314125615008322,38 days 03:41:00
242,14,GRID_BUY,CLOSED,2024-04-12 17:28:00+00:00,68000.0,68000.0,72000.0,69000.0,2024-05-20 19:22:00+00:00,58.67832472189169,0.7438935987452524,38 days 01:54:00
243,14,GRID_BUY,CLOSED,2024-04-12 18:32:00+00:00,67000.0,67000.0,72000.0,68000.0,2024-05-20 16:39:00+00:00,58.67832472189169,0.7567472042656078,37 days 22:07:00
244,15,GRID_BUY,CLOSED,2024-04-12 18:35:00+00:00,66000.0,66000.0,67000.0,67000.0,2024-04-12 18:37:00+00:00,58.67832472189169,0.769990312983559,0 days 00:02:00
245,15,GRID_BUY,CLOSED,2024-04-12 18:38:00+00:00,66000.0,66000.0,67000.0,67000.0,2024-04-12 19:31:00+00:00,58.67832472189169,0.769990312983559,0 days 00:53:00
246,15,GRID_BUY,CLOSED,2024-04-13 01:51:00+00:00,66000.0,66000.0,67000.0,67000.0,2024-04-13 03:35:00+00:00,58.67832472189169,0.769990312983559,0 days 01:44:00
247,15,GRID_BUY,CLOSED,2024-04-13 19:49:00+00:00,66000.0,66000.0,67000.0,67000.0,2024-04-22 22:53:00+00:00,58.67832472189169,0.769990312983559,9 days 03:04:00
248,15,GRID_BUY,CLOSED,2024-04-13 19:54:00+00:00,65000.0,65000.0,67000.0,66000.0,2024-04-15 06:18:00+00:00,58.67832472189169,0.783640901969747,1 days 10:24:00
249,15,GRID_BUY,CLOSED,2024-04-13 19:56:00+00:00,64000.0,64000.0,67000.0,65000.0,2024-04-13 23:05:00+00:00,58.67832472189169,0.7977180718617518,0 days 03:09:00
250,15,GRID_BUY,CLOSED,2024-04-13 20:07:00+00:00,63000.0,63000.0,67000.0,64000.0,2024-04-13 22:41:00+00:00,58.67832472189169,0.8122421360360548,0 days 02:34:00
251,15,GRID_BUY,CLOSED,2024-04-13 20:07:00+00:00,62000.0,62000.0,67000.0,63000.0,2024-04-13 20:11:00+00:00,58.67832472189169,0.8272347184095281,0 days 00:04:00
252,16,GRID_BUY,CLOSED,2024-04-13 20:09:00+00:00,61000.0,61000.0,61000.0,62000.0,2024-04-13 20:10:00+00:00,58.67832472189169,0.8427188608608205,0 days 00:01:00
253,16,GRID_BUY,CLOSED,2024-04-13 20:13:00+00:00,62000.0,62000.0,61000.0,63000.0,2024-04-13 22:31:00+00:00,58.67832472189169,0.8272347184095281,0 days 02:18:00
254,16,GRID_BUY,CLOSED,2024-04-13 23:56:00+00:00,64000.0,64000.0,61000.0,65000.0,2024-04-14 22:05:00+00:00,58.67832472189169,0.7977180718617518,0 days 22:09:00
255,16,GRID_BUY,CLOSED,2024-04-14 00:25:00+00:00,63000.0,63000.0,61000.0,64000.0,2024-04-14 00:42:00+00:00,58.67832472189169,0.8122421360360548,0 days 00:17:00
256,16,GRID_BUY,CLOSED,2024-04-14 03:01:00+00:00,63000.0,63000.0,61000.0,64000.0,2024-04-14 04:22:00+00:00,58.67832472189169,0.8122421360360548,0 days 01:21:00
257,16,GRID_BUY,CLOSED,2024-04-14 17:22:00+00:00,63000.0,63000.0,61000.0,64000.0,2024-04-14 17:31:00+00:00,58.67832472189169,0.8122421360360548,0 days 00:09:00
258,17,GRID_BUY,CLOSED,2024-04-15 14:39:00+00:00,65000.0,65000.0,66000.0,66000.0,2024-04-22 03:50:00+00:00,58.67832472189169,0.783640901969747,6 days 13:11:00
259,17,GRID_BUY,CLOSED,2024-04-15 15:01:00+00:00,64000.0,64000.0,66000.0,65000.0,2024-04-19 07:05:00+00:00,58.67832472189169,0.7977180718617518,3 days 16:04:00
260,17,GRID_BUY,CLOSED,2024-04-15 19:00:00+00:00,63000.0,63000.0,66000.0,64000.0,2024-04-16 21:46:00+00:00,58.67832472189169,0.8122421360360548,1 days 02:46:00
261,17,GRID_BUY,CLOSED,2024-04-16 04:44:00+00:00,62000.0,62000.0,66000.0,63000.0,2024-04-16 06:22:00+00:00,58.67832472189169,0.8272347184095281,0 days 01:38:00
262,17,GRID_BUY,CLOSED,2024-04-16 10:25:00+00:00,62000.0,62000.0,66000.0,63000.0,2024-04-16 11:52:00+00:00,58.67832472189169,0.8272347184095281,0 days 01:27:00
263,17,GRID_BUY,CLOSED,2024-04-16 15:01:00+00:00,62000.0,62000.0,66000.0,63000.0,2024-04-16 17:18:00+00:00,58.67832472189169,0.8272347184095281,0 days 02:17:00
264,17,GRID_BUY,CLOSED,2024-04-17 10:10:00+00:00,63000.0,63000.0,66000.0,64000.0,2024-04-18 15:09:00+00:00,58.67832472189169,0.8122421360360548,1 days 04:59:00
265,17,GRID_BUY,CLOSED,2024-04-17 14:06:00+00:00,62000.0,62000.0,66000.0,63000.0,2024-04-18 11:25:00+00:00,58.67832472189169,0.8272347184095281,0 days 21:19:00
266,17,GRID_BUY,CLOSED,2024-04-17 14:34:00+00:00,61000.0,61000.0,66000.0,62000.0,2024-04-18 03:06:00+00:00,58.67832472189169,0.8427188608608205,0 days 12:32:00
267,18,GRID_BUY,CLOSED,2024-04-17 15:44:00+00:00,60000.0,60000.0,61000.0,61000.0,2024-04-17 16:13:00+00:00,58.67832472189169,0.8587191413938058,0 days 00:29:00
268,18,GRID_BUY,CLOSED,2024-04-17 16:46:00+00:00,60000.0,60000.0,61000.0,61000.0,2024-04-17 17:54:00+00:00,58.67832472189169,0.8587191413938058,0 days 01:08:00
269,18,GRID_BUY,CLOSED,2024-04-18 05:59:00+00:00,61000.0,61000.0,61000.0,62000.0,2024-04-18 11:01:00+00:00,58.67832472189169,0.8427188608608205,0 days 05:02:00
270,18,GRID_BUY,CLOSED,2024-04-18 12:30:00+00:00,62000.0,62000.0,61000.0,63000.0,2024-04-18 14:09:00+00:00,58.67832472189169,0.8272347184095281,0 days 01:39:00
271,18,GRID_BUY,CLOSED,2024-04-18 17:52:00+00:00,63000.0,63000.0,61000.0,64000.0,2024-04-19 06:47:00+00:00,58.67832472189169,0.8122421360360548,0 days 12:55:00
272,18,GRID_BUY,CLOSED,2024-04-19 01:20:00+00:00,62000.0,62000.0,61000.0,63000.0,2024-04-19 06:40:00+00:00,58.67832472189169,0.8272347184095281,0 days 05:20:00
273,18,GRID_BUY,CLOSED,2024-04-19 01:43:00+00:00,61000.0,61000.0,61000.0,62000.0,2024-04-19 03:24:00+00:00,58.67832472189169,0.8427188608608205,0 days 01:41:00
274,18,GRID_BUY,CLOSED,2024-04-19 02:21:00+00:00,60000.0,60000.0,61000.0,61000.0,2024-04-19 02:55:00+00:00,58.67832472189169,0.8587191413938058,0 days 00:34:00
275,18,GRID_BUY,CLOSED,2024-04-19 14:27:00+00:00,64000.0,64000.0,61000.0,65000.0,2024-04-20 17:09:00+00:00,58.67832472189169,0.7977180718617518,1 days 02:42:00
276,18,GRID_BUY,CLOSED,2024-04-19 23:04:00+00:00,63000.0,63000.0,61000.0,64000.0,2024-04-19 23:45:00+00:00,58.67832472189169,0.8122421360360548,0 days 00:41:00
277,19,GRID_BUY,CLOSED,2024-04-23 08:11:00+00:00,66000.0,66000.0,66000.0,67000.0,2024-04-23 14:33:00+00:00,58.67832472189169,0.769990312983559,0 days 06:22:00
278,19,GRID_BUY,CLOSED,2024-04-23 20:23:00+00:00,66000.0,66000.0,66000.0,67000.0,2024-04-24 04:48:00+00:00,58.67832472189169,0.769990312983559,0 days 08:25:00
279,19,GRID_BUY,CLOSED,2024-04-24 13:11:00+00:00,66000.0,66000.0,66000.0,67000.0,2024-05-17 15:19:00+00:00,58.67832472189169,0.769990312983559,23 days 02:08:00
280,19,GRID_BUY,CLOSED,2024-04-24 14:35:00+00:00,65000.0,65000.0,66000.0,66000.0,2024-05-15 19:39:00+00:00,58.67832472189169,0.783640901969747,21 days 05:04:00
281,19,GRID_BUY,CLOSED,2024-04-24 19:01:00+00:00,64000.0,64000.0,66000.0,65000.0,2024-04-25 21:15:00+00:00,58.67832472189169,0.7977180718617518,1 days 02:14:00
282,19,GRID_BUY,CLOSED,2024-04-25 13:10:00+00:00,63000.0,63000.0,66000.0,64000.0,2024-04-25 15:50:00+00:00,58.67832472189169,0.8122421360360548,0 days 02:40:00
283,19,GRID_BUY,CLOSED,2024-04-26 01:11:00+00:00,64000.0,64000.0,66000.0,65000.0,2024-05-06 08:21:00+00:00,58.67832472189169,0.7977180718617518,10 days 07:10:00
284,19,GRID_BUY,CLOSED,2024-04-27 00:44:00+00:00,63000.0,63000.0,66000.0,64000.0,2024-04-28 02:52:00+00:00,58.67832472189169,0.8122421360360548,1 days 02:08:00
285,19,GRID_BUY,CLOSED,2024-04-28 22:32:00+00:00,63000.0,63000.0,66000.0,64000.0,2024-04-29 23:03:00+00:00,58.67832472189169,0.8122421360360548,1 days 00:31:00
286,19,GRID_BUY,CLOSED,2024-04-29 06:48:00+00:00,62000.0,62000.0,66000.0,63000.0,2024-04-29 14:35:00+00:00,58.67832472189169,0.8272347184095281,0 days 07:47:00
287,19,GRID_BUY,CLOSED,2024-04-30 02:03:00+00:00,63000.0,63000.0,66000.0,64000.0,2024-05-04 10:51:00+00:00,58.67832472189169,0.8122421360360548,4 days 08:48:00
288,19,GRID_BUY,CLOSED,2024-04-30 08:48:00+00:00,62000.0,62000.0,66000.0,63000.0,2024-05-03 20:46:00+00:00,58.67832472189169,0.8272347184095281,3 days 11:58:00
289,19,GRID_BUY,CLOSED,2024-04-30 11:42:00+00:00,61000.0,61000.0,66000.0,62000.0,2024-05-03 14:02:00+00:00,58.67832472189169,0.8427188608608205,3 days 02:20:00
290,20,GRID_BUY,CLOSED,2024-04-30 19:14:00+00:00,60000.0,60000.0,61000.0,61000.0,2024-04-30 22:35:00+00:00,58.67832472189169,0.8587191413938058,0 days 03:21:00
291,20,GRID_BUY,CLOSED,2024-05-01 01:09:00+00:00,60000.0,60000.0,61000.0,61000.0,2024-05-03 13:03:00+00:00,58.67832472189169,0.8587191413938058,2 days 11:54:00
292,20,GRID_BUY,CLOSED,2024-05-01 07:08:00+00:00,59000.0,59000.0,61000.0,60000.0,2024-05-03 12:34:00+00:00,58.67832472189169,0.875261804317752,2 days 05:26:00
293,20,GRID_BUY,CLOSED,2024-05-01 07:25:00+00:00,58000.0,58000.0,61000.0,59000.0,2024-05-01 18:51:00+00:00,58.67832472189169,0.8923749038942645,0 days 11:26:00
294,20,GRID_BUY,CLOSED,2024-05-01 08:07:00+00:00,57000.0,57000.0,61000.0,58000.0,2024-05-01 12:10:00+00:00,58.67832472189169,0.9100884631050263,0 days 04:03:00
295,20,GRID_BUY,CLOSED,2024-05-01 15:09:00+00:00,57000.0,57000.0,61000.0,58000.0,2024-05-01 18:04:00+00:00,58.67832472189169,0.9100884631050263,0 days 02:55:00
296,20,GRID_BUY,CLOSED,2024-05-01 19:30:00+00:00,58000.0,58000.0,61000.0,59000.0,2024-05-02 12:16:00+00:00,58.67832472189169,0.8923749038942645,0 days 16:46:00
297,20,GRID_BUY,CLOSED,2024-05-01 19:57:00+00:00,57000.0,57000.0,61000.0,58000.0,2024-05-01 21:25:00+00:00,58.67832472189169,0.9100884631050263,0 days 01:28:00
298,20,GRID_BUY,CLOSED,2024-05-02 01:36:00+00:00,57000.0,57000.0,61000.0,58000.0,2024-05-02 11:02:00+00:00,58.67832472189169,0.9100884631050263,0 days 09:26:00
299,20,GRID_BUY,CLOSED,2024-05-05 01:35:00+00:00,63000.0,63000.0,61000.0,64000.0,2024-05-05 13:19:00+00:00,58.67832472189169,0.8122421360360548,0 days 11:44:00
300,20,GRID_BUY,CLOSED,2024-05-06 10:48:00+00:00,64000.0,64000.0,61000.0,65000.0,2024-05-15 15:21:00+00:00,58.67832472189169,0.7977180718617518,9 days 04:33:00
301,20,GRID_BUY,CLOSED,2024-05-06 15:02:00+00:00,63000.0,63000.0,61000.0,64000.0,2024-05-07 08:20:00+00:00,58.67832472189169,0.8122421360360548,0 days 17:18:00
302,20,GRID_BUY,CLOSED,2024-05-07 18:34:00+00:00,63000.0,63000.0,61000.0,64000.0,2024-05-15 12:31:00+00:00,58.67832472189169,0.8122421360360548,7 days 17:57:00
303,20,GRID_BUY,CLOSED,2024-05-08 13:09:00+00:00,62000.0,62000.0,61000.0,63000.0,2024-05-09 22:43:00+00:00,58.67832472189169,0.8272347184095281,1 days 09:34:00
304,20,GRID_BUY,CLOSED,2024-05-08 23:07:00+00:00,61000.0,61000.0,61000.0,62000.0,2024-05-09 15:10:00+00:00,58.67832472189169,0.8427188608608205,0 days 16:03:00
305,20,GRID_BUY,CLOSED,2024-05-10 14:35:00+00:00,62000.0,62000.0,61000.0,63000.0,2024-05-13 08:44:00+00:00,58.67832472189169,0.8272347184095281,2 days 18:09:00
306,20,GRID_BUY,CLOSED,2024-05-10 14:52:00+00:00,61000.0,61000.0,61000.0,62000.0,2024-05-13 07:52:00+00:00,58.67832472189169,0.8427188608608205,2 days 17:00:00
307,20,GRID_BUY,CLOSED,2024-05-14 06:12:00+00:00,62000.0,62000.0,61000.0,63000.0,2024-05-15 12:30:00+00:00,58.67832472189169,0.8272347184095281,1 days 06:18:00
308,21,GRID_BUY,CLOSED,2024-05-16 17:22:00+00:00,65000.0,65000.0,66000.0,66000.0,2024-05-17 06:51:00+00:00,58.67832472189169,0.783640901969747,0 days 13:29:00
309,21,GRID_BUY,CLOSED,2024-05-19 19:49:00+00:00,66000.0,66000.0,66000.0,67000.0,2024-05-20 04:37:00+00:00,58.67832472189169,0.769990312983559,0 days 08:48:00
310,21,GRID_BUY,CLOSED,2024-05-20 21:17:00+00:00,69000.0,69000.0,66000.0,70000.0,2024-05-20 23:13:00+00:00,58.67832472189169,0.7314125615008322,0 days 01:56:00
311,22,GRID_BUY,CLOSED,2024-05-21 15:50:00+00:00,70000.0,70000.0,71000.0,71000.0,2024-06-04 18:22:00+00:00,58.67832472189169,0.7192881253205456,14 days 02:32:00
312,22,GRID_BUY,CLOSED,2024-05-22 21:09:00+00:00,69000.0,69000.0,71000.0,70000.0,2024-05-23 11:31:00+00:00,58.67832472189169,0.7314125615008322,0 days 14:22:00
313,22,GRID_BUY,CLOSED,2024-05-23 12:56:00+00:00,69000.0,69000.0,71000.0,70000.0,2024-05-27 15:21:00+00:00,58.67832472189169,0.7314125615008322,4 days 02:25:00
314,22,GRID_BUY,CLOSED,2024-05-23 13:50:00+00:00,68000.0,68000.0,71000.0,69000.0,2024-05-24 18:04:00+00:00,58.67832472189169,0.7438935987452524,1 days 04:14:00
315,22,GRID_BUY,CLOSED,2024-05-23 18:23:00+00:00,67000.0,67000.0,71000.0,68000.0,2024-05-23 21:02:00+00:00,58.67832472189169,0.7567472042656078,0 days 02:39:00
316,22,GRID_BUY,CLOSED,2024-05-23 21:16:00+00:00,67000.0,67000.0,71000.0,68000.0,2024-05-23 21:54:00+00:00,58.67832472189169,0.7567472042656078,0 days 00:38:00
317,22,GRID_BUY,CLOSED,2024-05-24 06:27:00+00:00,67000.0,67000.0,71000.0,68000.0,2024-05-24 14:29:00+00:00,58.67832472189169,0.7567472042656078,0 days 08:02:00
318,22,GRID_BUY,CLOSED,2024-05-28 01:46:00+00:00,69000.0,69000.0,71000.0,70000.0,2024-06-03 13:45:00+00:00,58.67832472189169,0.7314125615008322,6 days 11:59:00
319,22,GRID_BUY,CLOSED,2024-05-28 03:35:00+00:00,68000.0,68000.0,71000.0,69000.0,2024-05-30 17:23:00+00:00,58.67832472189169,0.7438935987452524,2 days 13:48:00
320,22,GRID_BUY,CLOSED,2024-05-31 09:19:00+00:00,68000.0,68000.0,71000.0,69000.0,2024-05-31 12:37:00+00:00,58.67832472189169,0.7438935987452524,0 days 03:18:00
321,22,GRID_BUY,CLOSED,2024-05-31 14:00:00+00:00,68000.0,68000.0,71000.0,69000.0,2024-06-03 06:28:00+00:00,58.67832472189169,0.7438935987452524,2 days 16:28:00
322,22,GRID_BUY,CLOSED,2024-05-31 16:06:00+00:00,67000.0,67000.0,71000.0,68000.0,2024-06-02 11:48:00+00:00,58.67832472189169,0.7567472042656078,1 days 19:42:00
323,22,GRID_BUY,CLOSED,2024-06-03 14:46:00+00:00,69000.0,69000.0,71000.0,70000.0,2024-06-04 14:17:00+00:00,58.67832472189169,0.7314125615008322,0 days 23:31:00
324,22,GRID_BUY,CLOSED,2024-06-07 17:58:00+00:00,70000.0,70000.0,71000.0,71000.0,2024-10-29 02:14:00+00:00,58.67832472189169,0.7192881253205456,143 days 08:16:00
325,22,GRID_BUY,CLOSED,2024-06-07 18:05:00+00:00,69000.0,69000.0,71000.0,70000.0,2024-06-10 15:36:00+00:00,58.67832472189169,0.7314125615008322,2 days 21:31:00
326,22,GRID_BUY,CLOSED,2024-06-11 01:53:00+00:00,69000.0,69000.0,71000.0,70000.0,2024-07-29 13:05:00+00:00,58.67832472189169,0.7314125615008322,48 days 11:12:00
327,22,GRID_BUY,CLOSED,2024-06-11 02:18:00+00:00,68000.0,68000.0,71000.0,69000.0,2024-06-12 12:30:00+00:00,58.67832472189169,0.7438935987452524,1 days 10:12:00
328,22,GRID_BUY,CLOSED,2024-06-11 09:51:00+00:00,67000.0,67000.0,71000.0,68000.0,2024-06-12 10:04:00+00:00,58.67832472189169,0.7567472042656078,1 days 00:13:00
329,22,GRID_BUY,CLOSED,2024-06-12 19:45:00+00:00,68000.0,68000.0,71000.0,69000.0,2024-07-27 13:35:00+00:00,58.67832472189169,0.7438935987452524,44 days 17:50:00
330,22,GRID_BUY,CLOSED,2024-06-13 03:39:00+00:00,67000.0,67000.0,71000.0,68000.0,2024-06-13 12:30:00+00:00,58.67832472189169,0.7567472042656078,0 days 08:51:00
331,22,GRID_BUY,CLOSED,2024-06-13 15:22:00+00:00,67000.0,67000.0,71000.0,68000.0,2024-07-21 20:22:00+00:00,58.67832472189169,0.7567472042656078,38 days 05:00:00
332,22,GRID_BUY,CLOSED,2024-06-14 16:08:00+00:00,66000.0,66000.0,71000.0,67000.0,2024-06-17 18:17:00+00:00,58.67832472189169,0.769990312983559,3 days 02:09:00
333,23,GRID_BUY,CLOSED,2024-06-18 00:45:00+00:00,66000.0,66000.0,66000.0,67000.0,2024-07-19 19:05:00+00:00,58.67832472189169,0.769990312983559,31 days 18:20:00
334,23,GRID_BUY,CLOSED,2024-06-18 01:43:00+00:00,65000.0,65000.0,66000.0,66000.0,2024-06-20 10:56:00+00:00,58.67832472189169,0.783640901969747,2 days 09:13:00
335,23,GRID_BUY,CLOSED,2024-06-20 14:04:00+00:00,65000.0,65000.0,66000.0,66000.0,2024-07-17 01:17:00+00:00,58.67832472189169,0.783640901969747,26 days 11:13:00
336,23,GRID_BUY,CLOSED,2024-06-21 08:49:00+00:00,64000.0,64000.0,66000.0,65000.0,2024-07-16 16:03:00+00:00,58.67832472189169,0.7977180718617518,25 days 07:14:00
337,23,GRID_BUY,CLOSED,2024-06-24 00:05:00+00:00,63000.0,63000.0,66000.0,64000.0,2024-07-15 22:11:00+00:00,58.67832472189169,0.8122421360360548,21 days 22:06:00
338,23,GRID_BUY,CLOSED,2024-06-24 09:30:00+00:00,62000.0,62000.0,66000.0,63000.0,2024-06-30 23:01:00+00:00,58.67832472189169,0.8272347184095281,6 days 13:31:00
339,23,GRID_BUY,CLOSED,2024-06-24 09:33:00+00:00,61000.0,61000.0,66000.0,62000.0,2024-06-25 14:29:00+00:00,58.67832472189169,0.8427188608608205,1 days 04:56:00
340,24,GRID_BUY,CLOSED,2024-06-24 16:56:00+00:00,60000.0,60000.0,61000.0,61000.0,2024-06-25 03:06:00+00:00,58.67832472189169,0.8587191413938058,0 days 10:10:00
341,24,GRID_BUY,CLOSED,2024-06-24 20:29:00+00:00,59000.0,59000.0,61000.0,60000.0,2024-06-24 21:32:00+00:00,58.67832472189169,0.875261804317752,0 days 01:03:00
342,24,GRID_BUY,CLOSED,2024-06-26 17:05:00+00:00,61000.0,61000.0,61000.0,62000.0,2024-06-27 14:00:00+00:00,58.67832472189169,0.8427188608608205,0 days 20:55:00
343,24,GRID_BUY,CLOSED,2024-06-28 14:36:00+00:00,61000.0,61000.0,61000.0,62000.0,2024-06-30 18:55:00+00:00,58.67832472189169,0.8427188608608205,2 days 04:19:00
344,24,GRID_BUY,CLOSED,2024-07-02 14:39:00+00:00,62000.0,62000.0,61000.0,63000.0,2024-07-15 07:43:00+00:00,58.67832472189169,0.8272347184095281,12 days 17:04:00
345,24,GRID_BUY,CLOSED,2024-07-03 03:12:00+00:00,61000.0,61000.0,61000.0,62000.0,2024-07-15 02:28:00+00:00,58.67832472189169,0.8427188608608205,11 days 23:16:00
346,24,GRID_BUY,CLOSED,2024-07-03 10:33:00+00:00,60000.0,60000.0,61000.0,61000.0,2024-07-14 21:48:00+00:00,58.67832472189169,0.8587191413938058,11 days 11:15:00
347,24,GRID_BUY,CLOSED,2024-07-04 01:54:00+00:00,59000.0,59000.0,61000.0,60000.0,2024-07-14 04:22:00+00:00,58.67832472189169,0.875261804317752,10 days 02:28:00
348,24,GRID_BUY,CLOSED,2024-07-04 02:00:00+00:00,58000.0,58000.0,61000.0,59000.0,2024-07-04 02:35:00+00:00,58.67832472189169,0.8923749038942645,0 days 00:35:00
349,24,GRID_BUY,CLOSED,2024-07-04 08:30:00+00:00,58000.0,58000.0,61000.0,59000.0,2024-07-10 04:07:00+00:00,58.67832472189169,0.8923749038942645,5 days 19:37:00
350,24,GRID_BUY,CLOSED,2024-07-04 09:22:00+00:00,57000.0,57000.0,61000.0,58000.0,2024-07-04 11:07:00+00:00,58.67832472189169,0.9100884631050263,0 days 01:45:00
351,24,GRID_BUY,CLOSED,2024-07-04 13:20:00+00:00,57000.0,57000.0,61000.0,58000.0,2024-07-04 15:50:00+00:00,58.67832472189169,0.9100884631050263,0 days 02:30:00
352,24,GRID_BUY,CLOSED,2024-07-04 23:41:00+00:00,57000.0,57000.0,61000.0,58000.0,2024-07-06 16:43:00+00:00,58.67832472189169,0.9100884631050263,1 days 17:02:00
353,24,GRID_BUY,CLOSED,2024-07-05 02:58:00+00:00,56000.0,56000.0,61000.0,57000.0,2024-07-05 17:32:00+00:00,58.67832472189169,0.9284346494304572,0 days 14:34:00
354,25,GRID_BUY,CLOSED,2024-07-05 03:11:00+00:00,55000.0,55000.0,56000.0,56000.0,2024-07-05 15:04:00+00:00,58.67832472189169,0.947447969804081,0 days 11:53:00
355,25,GRID_BUY,CLOSED,2024-07-05 04:19:00+00:00,54000.0,54000.0,56000.0,55000.0,2024-07-05 10:12:00+00:00,58.67832472189169,0.9671654872285771,0 days 05:53:00
356,25,GRID_BUY,CLOSED,2024-07-05 18:15:00+00:00,56000.0,56000.0,56000.0,57000.0,2024-07-06 13:49:00+00:00,58.67832472189169,0.9284346494304572,0 days 19:34:00
357,25,GRID_BUY,CLOSED,2024-07-07 13:18:00+00:00,57000.0,57000.0,56000.0,58000.0,2024-07-08 09:02:00+00:00,58.67832472189169,0.9100884631050263,0 days 19:44:00
358,25,GRID_BUY,CLOSED,2024-07-07 23:46:00+00:00,56000.0,56000.0,56000.0,57000.0,2024-07-08 08:39:00+00:00,58.67832472189169,0.9284346494304572,0 days 08:53:00
359,25,GRID_BUY,CLOSED,2024-07-08 01:01:00+00:00,55000.0,55000.0,56000.0,56000.0,2024-07-08 08:05:00+00:00,58.67832472189169,0.947447969804081,0 days 07:04:00
360,25,GRID_BUY,CLOSED,2024-07-08 10:54:00+00:00,57000.0,57000.0,56000.0,58000.0,2024-07-09 14:15:00+00:00,58.67832472189169,0.9100884631050263,1 days 03:21:00
361,25,GRID_BUY,CLOSED,2024-07-08 14:28:00+00:00,56000.0,56000.0,56000.0,57000.0,2024-07-09 01:12:00+00:00,58.67832472189169,0.9284346494304572,0 days 10:44:00
362,25,GRID_BUY,CLOSED,2024-07-08 14:34:00+00:00,55000.0,55000.0,56000.0,56000.0,2024-07-08 14:41:00+00:00,58.67832472189169,0.947447969804081,0 days 00:07:00
363,25,GRID_BUY,CLOSED,2024-07-09 15:00:00+00:00,57000.0,57000.0,56000.0,58000.0,2024-07-09 18:38:00+00:00,58.67832472189169,0.9100884631050263,0 days 03:38:00
364,25,GRID_BUY,CLOSED,2024-07-10 12:33:00+00:00,58000.0,58000.0,56000.0,59000.0,2024-07-11 12:30:00+00:00,58.67832472189169,0.8923749038942645,0 days 23:57:00
365,25,GRID_BUY,CLOSED,2024-07-11 14:17:00+00:00,58000.0,58000.0,56000.0,59000.0,2024-07-13 22:41:00+00:00,58.67832472189169,0.8923749038942645,2 days 08:24:00
366,25,GRID_BUY,CLOSED,2024-07-12 01:15:00+00:00,57000.0,57000.0,56000.0,58000.0,2024-07-12 13:57:00+00:00,58.67832472189169,0.9100884631050263,0 days 12:42:00
367,26,GRID_BUY,CLOSED,2024-07-16 06:54:00+00:00,63000.0,63000.0,61000.0,64000.0,2024-07-16 12:26:00+00:00,58.67832472189169,0.8122421360360548,0 days 05:32:00
368,27,GRID_BUY,CLOSED,2024-07-17 08:18:00+00:00,65000.0,65000.0,66000.0,66000.0,2024-07-19 16:01:00+00:00,58.67832472189169,0.783640901969747,2 days 07:43:00
369,27,GRID_BUY,CLOSED,2024-07-17 16:41:00+00:00,64000.0,64000.0,66000.0,65000.0,2024-07-18 02:02:00+00:00,58.67832472189169,0.7977180718617518,0 days 09:21:00
370,27,GRID_BUY,CLOSED,2024-07-18 14:42:00+00:00,64000.0,64000.0,66000.0,65000.0,2024-07-19 13:55:00+00:00,58.67832472189169,0.7977180718617518,0 days 23:13:00
371,27,GRID_BUY,CLOSED,2024-07-21 18:10:00+00:00,66000.0,66000.0,66000.0,67000.0,2024-07-21 18:29:00+00:00,58.67832472189169,0.769990312983559,0 days 00:19:00
372,27,GRID_BUY,CLOSED,2024-07-22 09:00:00+00:00,67000.0,67000.0,66000.0,68000.0,2024-07-22 19:45:00+00:00,58.67832472189169,0.7567472042656078,0 days 10:45:00
373,27,GRID_BUY,CLOSED,2024-07-23 04:42:00+00:00,67000.0,67000.0,66000.0,68000.0,2024-07-26 14:03:00+00:00,58.67832472189169,0.7567472042656078,3 days 09:21:00
374,27,GRID_BUY,CLOSED,2024-07-23 13:54:00+00:00,66000.0,66000.0,66000.0,67000.0,2024-07-23 14:32:00+00:00,58.67832472189169,0.769990312983559,0 days 00:38:00
375,27,GRID_BUY,CLOSED,2024-07-23 16:53:00+00:00,66000.0,66000.0,66000.0,67000.0,2024-07-24 14:31:00+00:00,58.67832472189169,0.769990312983559,0 days 21:38:00
376,27,GRID_BUY,CLOSED,2024-07-24 16:09:00+00:00,66000.0,66000.0,66000.0,67000.0,2024-07-26 02:42:00+00:00,58.67832472189169,0.769990312983559,1 days 10:33:00
377,27,GRID_BUY,CLOSED,2024-07-25 01:07:00+00:00,65000.0,65000.0,66000.0,66000.0,2024-07-25 21:53:00+00:00,58.67832472189169,0.783640901969747,0 days 20:46:00
378,27,GRID_BUY,CLOSED,2024-07-25 02:46:00+00:00,64000.0,64000.0,66000.0,65000.0,2024-07-25 15:18:00+00:00,58.67832472189169,0.7977180718617518,0 days 12:32:00
379,27,GRID_BUY,CLOSED,2024-07-26 14:33:00+00:00,67000.0,67000.0,66000.0,68000.0,2024-07-26 19:46:00+00:00,58.67832472189169,0.7567472042656078,0 days 05:13:00
380,27,GRID_BUY,CLOSED,2024-07-27 19:41:00+00:00,68000.0,68000.0,66000.0,69000.0,2024-07-27 21:22:00+00:00,58.67832472189169,0.7438935987452524,0 days 01:41:00
381,27,GRID_BUY,CLOSED,2024-07-27 20:22:00+00:00,67000.0,67000.0,66000.0,68000.0,2024-07-27 20:45:00+00:00,58.67832472189169,0.7567472042656078,0 days 00:23:00
382,27,GRID_BUY,CLOSED,2024-07-27 20:49:00+00:00,67000.0,67000.0,66000.0,68000.0,2024-07-27 20:53:00+00:00,58.67832472189169,0.7567472042656078,0 days 00:04:00
383,27,GRID_BUY,CLOSED,2024-07-27 23:55:00+00:00,68000.0,68000.0,66000.0,69000.0,2024-07-29 02:17:00+00:00,58.67832472189169,0.7438935987452524,1 days 02:22:00
384,27,GRID_BUY,CLOSED,2024-07-29 14:02:00+00:00,69000.0,69000.0,66000.0,70000.0,2024-10-28 22:07:00+00:00,58.67832472189169,0.7314125615008322,91 days 08:05:00
385,27,GRID_BUY,CLOSED,2024-07-29 15:07:00+00:00,68000.0,68000.0,66000.0,69000.0,2024-10-18 18:46:00+00:00,58.67832472189169,0.7438935987452524,81 days 03:39:00
386,27,GRID_BUY,CLOSED,2024-07-29 16:31:00+00:00,67000.0,67000.0,66000.0,68000.0,2024-10-16 11:26:00+00:00,58.67832472189169,0.7567472042656078,78 days 18:55:00
387,27,GRID_BUY,CLOSED,2024-07-30 00:21:00+00:00,66000.0,66000.0,66000.0,67000.0,2024-07-30 07:47:00+00:00,58.67832472189169,0.769990312983559,0 days 07:26:00
388,27,GRID_BUY,CLOSED,2024-07-30 14:04:00+00:00,66000.0,66000.0,66000.0,67000.0,2024-10-15 13:51:00+00:00,58.67832472189169,0.769990312983559,76 days 23:47:00
389,27,GRID_BUY,CLOSED,2024-07-31 19:53:00+00:00,65000.0,65000.0,66000.0,66000.0,2024-09-27 14:10:00+00:00,58.67832472189169,0.783640901969747,57 days 18:17:00
390,27,GRID_BUY,CLOSED,2024-08-01 02:03:00+00:00,64000.0,64000.0,66000.0,65000.0,2024-08-01 21:43:00+00:00,58.67832472189169,0.7977180718617518,0 days 19:40:00
391,27,GRID_BUY,CLOSED,2024-08-01 15:21:00+00:00,63000.0,63000.0,66000.0,64000.0,2024-08-01 20:36:00+00:00,58.67832472189169,0.8122421360360548,0 days 05:15:00
392,27,GRID_BUY,CLOSED,2024-08-02 02:26:00+00:00,64000.0,64000.0,66000.0,65000.0,2024-08-02 13:31:00+00:00,58.67832472189169,0.7977180718617518,0 days 11:05:00
393,27,GRID_BUY,CLOSED,2024-08-02 14:42:00+00:00,64000.0,64000.0,66000.0,65000.0,2024-08-25 23:28:00+00:00,58.67832472189169,0.7977180718617518,23 days 08:46:00
394,27,GRID_BUY,CLOSED,2024-08-02 15:06:00+00:00,63000.0,63000.0,66000.0,64000.0,2024-08-23 21:20:00+00:00,58.67832472189169,0.8122421360360548,21 days 06:14:00
395,27,GRID_BUY,CLOSED,2024-08-02 21:14:00+00:00,62000.0,62000.0,66000.0,63000.0,2024-08-23 17:57:00+00:00,58.67832472189169,0.8272347184095281,20 days 20:43:00
396,27,GRID_BUY,CLOSED,2024-08-03 00:55:00+00:00,61000.0,61000.0,66000.0,62000.0,2024-08-03 11:45:00+00:00,58.67832472189169,0.8427188608608205,0 days 10:50:00
397,28,GRID_BUY,CLOSED,2024-08-03 15:56:00+00:00,61000.0,61000.0,61000.0,62000.0,2024-08-08 22:54:00+00:00,58.67832472189169,0.8427188608608205,5 days 06:58:00
398,28,GRID_BUY,CLOSED,2024-08-03 19:28:00+00:00,60000.0,60000.0,61000.0,61000.0,2024-08-04 02:29:00+00:00,58.67832472189169,0.8587191413938058,0 days 07:01:00
399,28,GRID_BUY,CLOSED,2024-08-04 14:37:00+00:00,60000.0,60000.0,61000.0,61000.0,2024-08-08 21:58:00+00:00,58.67832472189169,0.8587191413938058,4 days 07:21:00
400,28,GRID_BUY,CLOSED,2024-08-04 15:58:00+00:00,59000.0,59000.0,61000.0,60000.0,2024-08-08 21:42:00+00:00,58.67832472189169,0.875261804317752,4 days 05:44:00
401,28,GRID_BUY,CLOSED,2024-08-04 17:40:00+00:00,58000.0,58000.0,61000.0,59000.0,2024-08-04 19:17:00+00:00,58.67832472189169,0.8923749038942645,0 days 01:37:00
402,28,GRID_BUY,CLOSED,2024-08-05 00:08:00+00:00,58000.0,58000.0,61000.0,59000.0,2024-08-08 15:01:00+00:00,58.67832472189169,0.8923749038942645,3 days 14:53:00
403,28,GRID_BUY,CLOSED,2024-08-05 00:37:00+00:00,57000.0,57000.0,61000.0,58000.0,2024-08-08 12:32:00+00:00,58.67832472189169,0.9100884631050263,3 days 11:55:00
404,28,GRID_BUY,CLOSED,2024-08-05 00:57:00+00:00,56000.0,56000.0,61000.0,57000.0,2024-08-06 18:16:00+00:00,58.67832472189169,0.9284346494304572,1 days 17:19:00
405,29,GRID_BUY,CLOSED,2024-08-05 01:08:00+00:00,55000.0,55000.0,56000.0,56000.0,2024-08-06 00:59:00+00:00,58.67832472189169,0.947447969804081,0 days 23:51:00
406,29,GRID_BUY,CLOSED,2024-08-05 01:10:00+00:00,54000.0,54000.0,56000.0,55000.0,2024-08-05 01:36:00+00:00,58.67832472189169,0.9671654872285771,0 days 00:26:00
407,29,GRID_BUY,CLOSED,2024-08-05 01:10:00+00:00,53000.0,53000.0,56000.0,54000.0,2024-08-05 01:11:00+00:00,58.67832472189169,0.9876270619143881,0 days 00:01:00
408,29,GRID_BUY,CLOSED,2024-08-05 01:13:00+00:00,53000.0,53000.0,56000.0,54000.0,2024-08-05 01:15:00+00:00,58.67832472189169,0.9876270619143881,0 days 00:02:00
409,29,GRID_BUY,CLOSED,2024-08-05 02:04:00+00:00,54000.0,54000.0,56000.0,55000.0,2024-08-05 16:13:00+00:00,58.67832472189169,0.9671654872285771,0 days 14:09:00
410,29,GRID_BUY,CLOSED,2024-08-05 05:04:00+00:00,53000.0,53000.0,56000.0,54000.0,2024-08-05 14:40:00+00:00,58.67832472189169,0.9876270619143881,0 days 09:36:00
411,29,GRID_BUY,CLOSED,2024-08-05 06:06:00+00:00,52000.0,52000.0,56000.0,53000.0,2024-08-05 07:41:00+00:00,58.67832472189169,1.0088756202419447,0 days 01:35:00
412,29,GRID_BUY,CLOSED,2024-08-05 06:19:00+00:00,51000.0,51000.0,56000.0,52000.0,2024-08-05 07:09:00+00:00,58.67832472189169,1.030957455366675,0 days 00:50:00
413,30,GRID_BUY,CLOSED,2024-08-05 06:24:00+00:00,50000.0,50000.0,51000.0,51000.0,2024-08-05 06:32:00+00:00,58.67832472189169,1.0539225638963927,0 days 00:08:00
414,30,GRID_BUY,CLOSED,2024-08-05 06:24:00+00:00,49000.0,49000.0,51000.0,50000.0,2024-08-05 06:25:00+00:00,58.67832472189169,1.0778250237946665,0 days 00:01:00
415,30,GRID_BUY,CLOSED,2024-08-05 09:47:00+00:00,52000.0,52000.0,51000.0,53000.0,2024-08-05 14:00:00+00:00,58.67832472189169,1.0088756202419447,0 days 04:13:00
416,30,GRID_BUY,CLOSED,2024-08-05 10:36:00+00:00,51000.0,51000.0,51000.0,52000.0,2024-08-05 13:37:00+00:00,58.67832472189169,1.030957455366675,0 days 03:01:00
417,30,GRID_BUY,CLOSED,2024-08-05 12:32:00+00:00,50000.0,50000.0,51000.0,51000.0,2024-08-05 12:41:00+00:00,58.67832472189169,1.0539225638963927,0 days 00:09:00
418,30,GRID_BUY,CLOSED,2024-08-05 12:53:00+00:00,50000.0,50000.0,51000.0,51000.0,2024-08-05 13:33:00+00:00,58.67832472189169,1.0539225638963927,0 days 00:40:00
419,30,GRID_BUY,CLOSED,2024-08-05 13:42:00+00:00,51000.0,51000.0,51000.0,52000.0,2024-08-05 13:46:00+00:00,58.67832472189169,1.030957455366675,0 days 00:04:00
420,30,GRID_BUY,CLOSED,2024-08-05 17:06:00+00:00,54000.0,54000.0,51000.0,55000.0,2024-08-05 17:52:00+00:00,58.67832472189169,0.9671654872285771,0 days 00:46:00
421,30,GRID_BUY,CLOSED,2024-08-05 18:22:00+00:00,54000.0,54000.0,51000.0,55000.0,2024-08-05 21:16:00+00:00,58.67832472189169,0.9671654872285771,0 days 02:54:00
422,30,GRID_BUY,CLOSED,2024-08-05 18:59:00+00:00,53000.0,53000.0,51000.0,54000.0,2024-08-05 20:06:00+00:00,58.67832472189169,0.9876270619143881,0 days 01:07:00
423,30,GRID_BUY,CLOSED,2024-08-05 23:49:00+00:00,54000.0,54000.0,51000.0,55000.0,2024-08-06 00:14:00+00:00,58.67832472189169,0.9671654872285771,0 days 00:25:00
424,31,GRID_BUY,CLOSED,2024-08-06 08:34:00+00:00,55000.0,55000.0,56000.0,56000.0,2024-08-06 14:07:00+00:00,58.67832472189169,0.947447969804081,0 days 05:33:00
425,31,GRID_BUY,CLOSED,2024-08-06 22:27:00+00:00,56000.0,56000.0,56000.0,57000.0,2024-08-07 01:55:00+00:00,58.67832472189169,0.9284346494304572,0 days 03:28:00
426,31,GRID_BUY,CLOSED,2024-08-07 14:33:00+00:00,56000.0,56000.0,56000.0,57000.0,2024-08-08 01:44:00+00:00,58.67832472189169,0.9284346494304572,0 days 11:11:00
427,31,GRID_BUY,CLOSED,2024-08-07 18:29:00+00:00,55000.0,55000.0,56000.0,56000.0,2024-08-08 01:43:00+00:00,58.67832472189169,0.947447969804081,0 days 07:14:00
428,31,GRID_BUY,CLOSED,2024-08-08 13:48:00+00:00,57000.0,57000.0,56000.0,58000.0,2024-08-08 14:27:00+00:00,58.67832472189169,0.9100884631050263,0 days 00:39:00
429,32,GRID_BUY,CLOSED,2024-08-09 01:00:00+00:00,61000.0,61000.0,61000.0,62000.0,2024-08-23 14:13:00+00:00,58.67832472189169,0.8427188608608205,14 days 13:13:00
430,32,GRID_BUY,CLOSED,2024-08-09 13:35:00+00:00,60000.0,60000.0,61000.0,61000.0,2024-08-09 14:03:00+00:00,58.67832472189169,0.8587191413938058,0 days 00:28:00
431,32,GRID_BUY,CLOSED,2024-08-09 14:32:00+00:00,60000.0,60000.0,61000.0,61000.0,2024-08-10 00:16:00+00:00,58.67832472189169,0.8587191413938058,0 days 09:44:00
432,32,GRID_BUY,CLOSED,2024-08-11 15:09:00+00:00,60000.0,60000.0,61000.0,61000.0,2024-08-13 16:49:00+00:00,58.67832472189169,0.8587191413938058,2 days 01:40:00
433,32,GRID_BUY,CLOSED,2024-08-11 20:08:00+00:00,59000.0,59000.0,61000.0,60000.0,2024-08-12 14:36:00+00:00,58.67832472189169,0.875261804317752,0 days 18:28:00
434,32,GRID_BUY,CLOSED,2024-08-12 07:16:00+00:00,58000.0,58000.0,61000.0,59000.0,2024-08-12 08:07:00+00:00,58.67832472189169,0.8923749038942645,0 days 00:51:00
435,32,GRID_BUY,CLOSED,2024-08-12 13:58:00+00:00,58000.0,58000.0,61000.0,59000.0,2024-08-12 14:13:00+00:00,58.67832472189169,0.8923749038942645,0 days 00:15:00
436,32,GRID_BUY,CLOSED,2024-08-12 18:36:00+00:00,59000.0,59000.0,61000.0,60000.0,2024-08-13 16:21:00+00:00,58.67832472189169,0.875261804317752,0 days 21:45:00
437,32,GRID_BUY,CLOSED,2024-08-14 13:49:00+00:00,60000.0,60000.0,61000.0,61000.0,2024-08-20 04:16:00+00:00,58.67832472189169,0.8587191413938058,5 days 14:27:00
438,32,GRID_BUY,CLOSED,2024-08-14 14:11:00+00:00,59000.0,59000.0,61000.0,60000.0,2024-08-18 02:58:00+00:00,58.67832472189169,0.875261804317752,3 days 12:47:00
439,32,GRID_BUY,CLOSED,2024-08-15 06:22:00+00:00,58000.0,58000.0,61000.0,59000.0,2024-08-15 12:36:00+00:00,58.67832472189169,0.8923749038942645,0 days 06:14:00
440,32,GRID_BUY,CLOSED,2024-08-15 18:12:00+00:00,58000.0,58000.0,61000.0,59000.0,2024-08-16 17:33:00+00:00,58.67832472189169,0.8923749038942645,0 days 23:21:00
441,32,GRID_BUY,CLOSED,2024-08-15 19:28:00+00:00,57000.0,57000.0,61000.0,58000.0,2024-08-16 02:31:00+00:00,58.67832472189169,0.9100884631050263,0 days 07:03:00
442,32,GRID_BUY,CLOSED,2024-08-18 23:21:00+00:00,59000.0,59000.0,61000.0,60000.0,2024-08-20 00:26:00+00:00,58.67832472189169,0.875261804317752,1 days 01:05:00
443,32,GRID_BUY,CLOSED,2024-08-19 09:55:00+00:00,58000.0,58000.0,61000.0,59000.0,2024-08-19 17:32:00+00:00,58.67832472189169,0.8923749038942645,0 days 07:37:00
444,32,GRID_BUY,CLOSED,2024-08-20 14:20:00+00:00,60000.0,60000.0,61000.0,61000.0,2024-08-21 19:07:00+00:00,58.67832472189169,0.8587191413938058,1 days 04:47:00
445,32,GRID_BUY,CLOSED,2024-08-20 15:04:00+00:00,59000.0,59000.0,61000.0,60000.0,2024-08-21 13:59:00+00:00,58.67832472189169,0.875261804317752,0 days 22:55:00
446,32,GRID_BUY,CLOSED,2024-08-22 02:51:00+00:00,60000.0,60000.0,61000.0,61000.0,2024-08-22 07:56:00+00:00,58.67832472189169,0.8587191413938058,0 days 05:05:00
447,32,GRID_BUY,CLOSED,2024-08-23 14:48:00+00:00,61000.0,61000.0,61000.0,62000.0,2024-08-23 17:40:00+00:00,58.67832472189169,0.8427188608608205,0 days 02:52:00
448,32,GRID_BUY,CLOSED,2024-08-26 00:51:00+00:00,64000.0,64000.0,61000.0,65000.0,2024-09-26 14:20:00+00:00,58.67832472189169,0.7977180718617518,31 days 13:29:00
449,32,GRID_BUY,CLOSED,2024-08-26 21:22:00+00:00,63000.0,63000.0,61000.0,64000.0,2024-09-20 04:08:00+00:00,58.67832472189169,0.8122421360360548,24 days 06:46:00
450,32,GRID_BUY,CLOSED,2024-08-27 14:07:00+00:00,62000.0,62000.0,61000.0,63000.0,2024-09-19 12:06:00+00:00,58.67832472189169,0.8272347184095281,22 days 21:59:00
451,32,GRID_BUY,CLOSED,2024-08-27 21:37:00+00:00,61000.0,61000.0,61000.0,62000.0,2024-09-19 00:02:00+00:00,58.67832472189169,0.8427188608608205,22 days 02:25:00
452,32,GRID_BUY,CLOSED,2024-08-27 21:48:00+00:00,60000.0,60000.0,61000.0,61000.0,2024-08-29 15:11:00+00:00,58.67832472189169,0.8587191413938058,1 days 17:23:00
453,32,GRID_BUY,CLOSED,2024-08-27 22:13:00+00:00,59000.0,59000.0,61000.0,60000.0,2024-08-28 09:56:00+00:00,58.67832472189169,0.875261804317752,0 days 11:43:00
454,32,GRID_BUY,CLOSED,2024-08-28 14:49:00+00:00,59000.0,59000.0,61000.0,60000.0,2024-08-29 11:24:00+00:00,58.67832472189169,0.875261804317752,0 days 20:35:00
455,32,GRID_BUY,CLOSED,2024-08-28 16:22:00+00:00,58000.0,58000.0,61000.0,59000.0,2024-08-28 16:51:00+00:00,58.67832472189169,0.8923749038942645,0 days 00:29:00
456,32,GRID_BUY,CLOSED,2024-08-29 18:10:00+00:00,60000.0,60000.0,61000.0,61000.0,2024-09-17 15:13:00+00:00,58.67832472189169,0.8587191413938058,18 days 21:03:00
457,32,GRID_BUY,CLOSED,2024-08-29 18:51:00+00:00,59000.0,59000.0,61000.0,60000.0,2024-09-13 21:10:00+00:00,58.67832472189169,0.875261804317752,15 days 02:19:00
458,32,GRID_BUY,CLOSED,2024-08-30 15:30:00+00:00,58000.0,58000.0,61000.0,59000.0,2024-08-30 18:29:00+00:00,58.67832472189169,0.8923749038942645,0 days 02:59:00
459,32,GRID_BUY,CLOSED,2024-09-01 05:25:00+00:00,58000.0,58000.0,61000.0,59000.0,2024-09-02 20:52:00+00:00,58.67832472189169,0.8923749038942645,1 days 15:27:00
460,32,GRID_BUY,CLOSED,2024-09-03 14:13:00+00:00,58000.0,58000.0,61000.0,59000.0,2024-09-13 15:28:00+00:00,58.67832472189169,0.8923749038942645,10 days 01:15:00
461,32,GRID_BUY,CLOSED,2024-09-04 01:00:00+00:00,57000.0,57000.0,61000.0,58000.0,2024-09-04 15:45:00+00:00,58.67832472189169,0.9100884631050263,0 days 14:45:00
462,32,GRID_BUY,CLOSED,2024-09-04 01:04:00+00:00,56000.0,56000.0,61000.0,57000.0,2024-09-04 14:43:00+00:00,58.67832472189169,0.9284346494304572,0 days 13:39:00
463,33,GRID_BUY,CLOSED,2024-09-05 03:36:00+00:00,57000.0,57000.0,56000.0,58000.0,2024-09-09 21:15:00+00:00,58.67832472189169,0.9100884631050263,4 days 17:39:00
464,33,GRID_BUY,CLOSED,2024-09-05 15:28:00+00:00,56000.0,56000.0,56000.0,57000.0,2024-09-06 13:22:00+00:00,58.67832472189169,0.9284346494304572,0 days 21:54:00
465,33,GRID_BUY,CLOSED,2024-09-06 13:41:00+00:00,56000.0,56000.0,56000.0,57000.0,2024-09-09 19:42:00+00:00,58.67832472189169,0.9284346494304572,3 days 06:01:00
466,33,GRID_BUY,CLOSED,2024-09-06 14:16:00+00:00,55000.0,55000.0,56000.0,56000.0,2024-09-09 16:13:00+00:00,58.67832472189169,0.947447969804081,3 days 01:57:00
467,33,GRID_BUY,CLOSED,2024-09-06 15:19:00+00:00,54000.0,54000.0,56000.0,55000.0,2024-09-08 22:20:00+00:00,58.67832472189169,0.9671654872285771,2 days 07:01:00
468,33,GRID_BUY,CLOSED,2024-09-06 20:50:00+00:00,53000.0,53000.0,56000.0,54000.0,2024-09-07 00:02:00+00:00,58.67832472189169,0.9876270619143881,0 days 03:12:00
469,33,GRID_BUY,CLOSED,2024-09-09 23:54:00+00:00,57000.0,57000.0,56000.0,58000.0,2024-09-10 19:49:00+00:00,58.67832472189169,0.9100884631050263,0 days 19:55:00
470,33,GRID_BUY,CLOSED,2024-09-11 01:32:00+00:00,57000.0,57000.0,56000.0,58000.0,2024-09-12 01:59:00+00:00,58.67832472189169,0.9100884631050263,1 days 00:27:00
471,33,GRID_BUY,CLOSED,2024-09-11 13:50:00+00:00,56000.0,56000.0,56000.0,57000.0,2024-09-11 15:46:00+00:00,58.67832472189169,0.9284346494304572,0 days 01:56:00
472,33,GRID_BUY,CLOSED,2024-09-15 23:09:00+00:00,59000.0,59000.0,56000.0,60000.0,2024-09-17 14:21:00+00:00,58.67832472189169,0.875261804317752,1 days 15:12:00
473,33,GRID_BUY,CLOSED,2024-09-16 14:29:00+00:00,58000.0,58000.0,56000.0,59000.0,2024-09-17 09:53:00+00:00,58.67832472189169,0.8923749038942645,0 days 19:24:00
474,34,GRID_BUY,CLOSED,2024-09-17 19:46:00+00:00,60000.0,60000.0,61000.0,61000.0,2024-09-18 18:01:00+00:00,58.67832472189169,0.8587191413938058,0 days 22:15:00
475,34,GRID_BUY,CLOSED,2024-09-18 18:08:00+00:00,60000.0,60000.0,61000.0,61000.0,2024-09-18 18:33:00+00:00,58.67832472189169,0.8587191413938058,0 days 00:25:00
476,34,GRID_BUY,CLOSED,2024-09-18 19:21:00+00:00,60000.0,60000.0,61000.0,61000.0,2024-09-18 23:21:00+00:00,58.67832472189169,0.8587191413938058,0 days 04:00:00
477,34,GRID_BUY,CLOSED,2024-09-20 13:11:00+00:00,63000.0,63000.0,61000.0,64000.0,2024-09-22 22:58:00+00:00,58.67832472189169,0.8122421360360548,2 days 09:47:00
478,34,GRID_BUY,CLOSED,2024-09-23 00:15:00+00:00,63000.0,63000.0,61000.0,64000.0,2024-09-23 03:08:00+00:00,58.67832472189169,0.8122421360360548,0 days 02:53:00
479,34,GRID_BUY,CLOSED,2024-09-24 00:40:00+00:00,63000.0,63000.0,61000.0,64000.0,2024-09-24 17:56:00+00:00,58.67832472189169,0.8122421360360548,0 days 17:16:00
480,34,GRID_BUY,CLOSED,2024-09-25 17:36:00+00:00,63000.0,63000.0,61000.0,64000.0,2024-09-26 10:18:00+00:00,58.67832472189169,0.8122421360360548,0 days 16:42:00
481,35,GRID_BUY,CLOSED,2024-09-30 01:47:00+00:00,65000.0,65000.0,66000.0,66000.0,2024-10-14 14:29:00+00:00,58.67832472189169,0.783640901969747,14 days 12:42:00
482,35,GRID_BUY,CLOSED,2024-09-30 08:47:00+00:00,64000.0,64000.0,66000.0,65000.0,2024-10-14 11:30:00+00:00,58.67832472189169,0.7977180718617518,14 days 02:43:00
483,35,GRID_BUY,CLOSED,2024-09-30 23:41:00+00:00,63000.0,63000.0,66000.0,64000.0,2024-10-01 06:26:00+00:00,58.67832472189169,0.8122421360360548,0 days 06:45:00
484,35,GRID_BUY,CLOSED,2024-10-01 13:37:00+00:00,63000.0,63000.0,66000.0,64000.0,2024-10-07 14:17:00+00:00,58.67832472189169,0.8122421360360548,6 days 00:40:00
485,35,GRID_BUY,CLOSED,2024-10-01 15:06:00+00:00,62000.0,62000.0,66000.0,63000.0,2024-10-07 00:38:00+00:00,58.67832472189169,0.8272347184095281,5 days 09:32:00
486,35,GRID_BUY,CLOSED,2024-10-01 20:19:00+00:00,61000.0,61000.0,66000.0,62000.0,2024-10-02 16:03:00+00:00,58.67832472189169,0.8427188608608205,0 days 19:44:00
487,36,GRID_BUY,CLOSED,2024-10-02 18:16:00+00:00,61000.0,61000.0,61000.0,62000.0,2024-10-04 13:00:00+00:00,58.67832472189169,0.8427188608608205,1 days 18:44:00
488,36,GRID_BUY,CLOSED,2024-10-02 19:46:00+00:00,60000.0,60000.0,61000.0,61000.0,2024-10-03 00:37:00+00:00,58.67832472189169,0.8587191413938058,0 days 04:51:00
489,36,GRID_BUY,CLOSED,2024-10-03 13:17:00+00:00,60000.0,60000.0,61000.0,61000.0,2024-10-03 19:54:00+00:00,58.67832472189169,0.8587191413938058,0 days 06:37:00
490,36,GRID_BUY,CLOSED,2024-10-04 14:26:00+00:00,61000.0,61000.0,61000.0,62000.0,2024-10-04 16:29:00+00:00,58.67832472189169,0.8427188608608205,0 days 02:03:00
491,36,GRID_BUY,CLOSED,2024-10-07 18:47:00+00:00,63000.0,63000.0,61000.0,64000.0,2024-10-14 03:42:00+00:00,58.67832472189169,0.8122421360360548,6 days 08:55:00
492,36,GRID_BUY,CLOSED,2024-10-08 15:34:00+00:00,62000.0,62000.0,61000.0,63000.0,2024-10-11 19:05:00+00:00,58.67832472189169,0.8272347184095281,3 days 03:31:00
493,36,GRID_BUY,CLOSED,2024-10-09 19:12:00+00:00,61000.0,61000.0,61000.0,62000.0,2024-10-11 15:09:00+00:00,58.67832472189169,0.8427188608608205,1 days 19:57:00
494,36,GRID_BUY,CLOSED,2024-10-10 17:10:00+00:00,60000.0,60000.0,61000.0,61000.0,2024-10-11 09:51:00+00:00,58.67832472189169,0.8587191413938058,0 days 16:41:00
495,36,GRID_BUY,CLOSED,2024-10-10 18:09:00+00:00,59000.0,59000.0,61000.0,60000.0,2024-10-10 20:15:00+00:00,58.67832472189169,0.875261804317752,0 days 02:06:00
496,37,GRID_BUY,CLOSED,2024-10-15 14:39:00+00:00,66000.0,66000.0,66000.0,67000.0,2024-10-15 16:39:00+00:00,58.67832472189169,0.769990312983559,0 days 02:00:00
497,37,GRID_BUY,CLOSED,2024-10-15 15:06:00+00:00,65000.0,65000.0,66000.0,66000.0,2024-10-15 15:31:00+00:00,58.67832472189169,0.783640901969747,0 days 00:25:00
498,37,GRID_BUY,CLOSED,2024-10-17 10:32:00+00:00,67000.0,67000.0,66000.0,68000.0,2024-10-18 01:56:00+00:00,58.67832472189169,0.7567472042656078,0 days 15:24:00
499,37,GRID_BUY,CLOSED,2024-10-21 13:17:00+00:00,68000.0,68000.0,66000.0,69000.0,2024-10-28 12:34:00+00:00,58.67832472189169,0.7438935987452524,6 days 23:17:00
500,37,GRID_BUY,CLOSED,2024-10-21 15:02:00+00:00,67000.0,67000.0,66000.0,68000.0,2024-10-24 19:27:00+00:00,58.67832472189169,0.7567472042656078,3 days 04:25:00
501,37,GRID_BUY,CLOSED,2024-10-23 15:40:00+00:00,66000.0,66000.0,66000.0,67000.0,2024-10-24 00:47:00+00:00,58.67832472189169,0.769990312983559,0 days 09:07:00
502,37,GRID_BUY,CLOSED,2024-10-25 17:56:00+00:00,67000.0,67000.0,66000.0,68000.0,2024-10-27 17:33:00+00:00,58.67832472189169,0.7567472042656078,1 days 23:37:00
503,37,GRID_BUY,CLOSED,2024-10-25 23:13:00+00:00,66000.0,66000.0,66000.0,67000.0,2024-10-26 02:46:00+00:00,58.67832472189169,0.769990312983559,0 days 03:33:00
504,38,GRID_BUY,CLOSED,2024-10-29 20:24:00+00:00,72000.0,72000.0,71000.0,73000.0,2024-11-06 02:53:00+00:00,58.67832472189169,0.6960496226416737,7 days 06:29:00
505,38,GRID_BUY,CLOSED,2024-10-31 14:03:00+00:00,71000.0,71000.0,71000.0,72000.0,2024-11-06 02:17:00+00:00,58.67832472189169,0.7075052225537917,5 days 12:14:00
506,38,GRID_BUY,CLOSED,2024-10-31 20:48:00+00:00,70000.0,70000.0,71000.0,71000.0,2024-11-01 13:55:00+00:00,58.67832472189169,0.7192881253205456,0 days 17:07:00
507,38,GRID_BUY,CLOSED,2024-11-01 02:09:00+00:00,69000.0,69000.0,71000.0,70000.0,2024-11-01 10:29:00+00:00,58.67832472189169,0.7314125615008322,0 days 08:20:00
508,38,GRID_BUY,CLOSED,2024-11-01 15:40:00+00:00,70000.0,70000.0,71000.0,71000.0,2024-11-06 00:42:00+00:00,58.67832472189169,0.7192881253205456,4 days 09:02:00
509,38,GRID_BUY,CLOSED,2024-11-01 19:02:00+00:00,69000.0,69000.0,71000.0,70000.0,2024-11-05 14:44:00+00:00,58.67832472189169,0.7314125615008322,3 days 19:42:00
510,38,GRID_BUY,CLOSED,2024-11-03 02:42:00+00:00,68000.0,68000.0,71000.0,69000.0,2024-11-03 21:01:00+00:00,58.67832472189169,0.7438935987452524,0 days 18:19:00
511,38,GRID_BUY,CLOSED,2024-11-04 16:42:00+00:00,68000.0,68000.0,71000.0,69000.0,2024-11-05 08:05:00+00:00,58.67832472189169,0.7438935987452524,0 days 15:23:00
512,38,GRID_BUY,CLOSED,2024-11-04 21:37:00+00:00,67000.0,67000.0,71000.0,68000.0,2024-11-04 22:56:00+00:00,58.67832472189169,0.7567472042656078,0 days 01:19:00
513,38,GRID_BUY,CLOSED,2024-11-05 19:57:00+00:00,69000.0,69000.0,71000.0,70000.0,2024-11-06 00:23:00+00:00,58.67832472189169,0.7314125615008322,0 days 04:26:00
514,38,GRID_BUY,CLOSED,2024-11-06 03:10:00+00:00,74000.0,74000.0,71000.0,75000.0,2024-11-06 06:05:00+00:00,58.67832472189169,0.6740672552427256,0 days 02:55:00
515,38,GRID_BUY,CLOSED,2024-11-06 07:38:00+00:00,74000.0,74000.0,71000.0,75000.0,2024-11-06 18:31:00+00:00,58.67832472189169,0.6740672552427256,0 days 10:53:00
516,38,GRID_BUY,CLOSED,2024-11-06 07:42:00+00:00,73000.0,73000.0,71000.0,74000.0,2024-11-06 09:38:00+00:00,58.67832472189169,0.6849078747819277,0 days 01:56:00
517,39,GRID_BUY,CLOSED,2024-11-07 04:02:00+00:00,75000.0,75000.0,76000.0,76000.0,2024-11-07 15:59:00+00:00,58.67832472189169,0.6635157188912402,0 days 11:57:00
518,39,GRID_BUY,CLOSED,2024-11-09 17:07:00+00:00,76000.0,76000.0,76000.0,77000.0,2024-11-10 00:57:00+00:00,58.67832472189169,0.6532418545490017,0 days 07:50:00
519,39,GRID_BUY,CLOSED,2024-11-10 19:44:00+00:00,80000.0,80000.0,76000.0,81000.0,2024-11-10 22:21:00+00:00,58.67832472189169,0.614714863265597,0 days 02:37:00
520,39,GRID_BUY,CLOSED,2024-11-10 20:55:00+00:00,79000.0,79000.0,76000.0,80000.0,2024-11-10 21:54:00+00:00,58.67832472189169,0.6239808485109748,0 days 00:59:00
521,40,GRID_BUY,CLOSED,2024-11-10 23:40:00+00:00,80000.0,80000.0,81000.0,81000.0,2024-11-11 01:38:00+00:00,58.67832472189169,0.614714863265597,0 days 01:58:00
522,41,GRID_BUY,CLOSED,2024-11-11 22:17:00+00:00,87000.0,87000.0,86000.0,88000.0,2024-11-11 22:59:00+00:00,58.67832472189169,0.5558172788898261,0 days 00:42:00
523,41,GRID_BUY,CLOSED,2024-11-12 00:12:00+00:00,88000.0,88000.0,86000.0,89000.0,2024-11-12 00:59:00+00:00,58.67832472189169,0.5481682419578959,0 days 00:47:00
524,41,GRID_BUY,CLOSED,2024-11-12 00:19:00+00:00,87000.0,87000.0,86000.0,88000.0,2024-11-12 00:29:00+00:00,58.67832472189169,0.5558172788898261,0 days 00:10:00
525,41,GRID_BUY,CLOSED,2024-11-12 02:23:00+00:00,88000.0,88000.0,86000.0,89000.0,2024-11-12 06:41:00+00:00,58.67832472189169,0.5481682419578959,0 days 04:18:00
526,41,GRID_BUY,CLOSED,2024-11-12 02:53:00+00:00,87000.0,87000.0,86000.0,88000.0,2024-11-12 03:09:00+00:00,58.67832472189169,0.5558172788898261,0 days 00:16:00
527,41,GRID_BUY,CLOSED,2024-11-12 09:46:00+00:00,88000.0,88000.0,86000.0,89000.0,2024-11-12 19:08:00+00:00,58.67832472189169,0.5481682419578959,0 days 09:22:00
528,41,GRID_BUY,CLOSED,2024-11-12 10:07:00+00:00,87000.0,87000.0,86000.0,88000.0,2024-11-12 10:13:00+00:00,58.67832472189169,0.5558172788898261,0 days 00:06:00
529,41,GRID_BUY,CLOSED,2024-11-12 10:35:00+00:00,87000.0,87000.0,86000.0,88000.0,2024-11-12 18:24:00+00:00,58.67832472189169,0.5558172788898261,0 days 07:49:00
530,41,GRID_BUY,CLOSED,2024-11-12 10:47:00+00:00,86000.0,86000.0,86000.0,87000.0,2024-11-12 10:57:00+00:00,58.67832472189169,0.5636442004015549,0 days 00:10:00
531,41,GRID_BUY,CLOSED,2024-11-12 13:02:00+00:00,86000.0,86000.0,86000.0,87000.0,2024-11-12 14:53:00+00:00,58.67832472189169,0.5636442004015549,0 days 01:51:00
532,41,GRID_BUY,CLOSED,2024-11-12 16:11:00+00:00,86000.0,86000.0,86000.0,87000.0,2024-11-12 16:41:00+00:00,58.67832472189169,0.5636442004015549,0 days 00:30:00
533,41,GRID_BUY,CLOSED,2024-11-12 22:05:00+00:00,88000.0,88000.0,86000.0,89000.0,2024-11-13 13:43:00+00:00,58.67832472189169,0.5481682419578959,0 days 15:38:00
534,41,GRID_BUY,CLOSED,2024-11-13 04:31:00+00:00,87000.0,87000.0,86000.0,88000.0,2024-11-13 11:18:00+00:00,58.67832472189169,0.5558172788898261,0 days 06:47:00
535,41,GRID_BUY,CLOSED,2024-11-13 14:36:00+00:00,90000.0,90000.0,86000.0,91000.0,2024-11-13 14:50:00+00:00,58.67832472189169,0.5333801038895345,0 days 00:14:00
536,42,GRID_BUY,CLOSED,2024-11-13 16:37:00+00:00,92000.0,92000.0,91000.0,93000.0,2024-11-13 18:49:00+00:00,58.67832472189169,0.5192349283458597,0 days 02:12:00
537,42,GRID_BUY,CLOSED,2024-11-13 19:05:00+00:00,92000.0,92000.0,91000.0,93000.0,2024-11-19 17:34:00+00:00,58.67832472189169,0.5192349283458597,5 days 22:29:00
538,42,GRID_BUY,CLOSED,2024-11-13 19:13:00+00:00,91000.0,91000.0,91000.0,92000.0,2024-11-18 06:59:00+00:00,58.67832472189169,0.5262297953729416,4 days 11:46:00
539,42,GRID_BUY,CLOSED,2024-11-13 19:36:00+00:00,90000.0,90000.0,91000.0,91000.0,2024-11-13 20:34:00+00:00,58.67832472189169,0.5333801038895345,0 days 00:58:00
540,42,GRID_BUY,CLOSED,2024-11-13 20:55:00+00:00,90000.0,90000.0,91000.0,91000.0,2024-11-14 08:03:00+00:00,58.67832472189169,0.5333801038895345,0 days 11:08:00
541,42,GRID_BUY,CLOSED,2024-11-13 21:04:00+00:00,89000.0,89000.0,91000.0,90000.0,2024-11-13 23:18:00+00:00,58.67832472189169,0.5406910934963634,0 days 02:14:00
542,42,GRID_BUY,CLOSED,2024-11-13 21:21:00+00:00,88000.0,88000.0,91000.0,89000.0,2024-11-13 21:30:00+00:00,58.67832472189169,0.5481682419578959,0 days 00:09:00
543,42,GRID_BUY,CLOSED,2024-11-14 14:41:00+00:00,90000.0,90000.0,91000.0,91000.0,2024-11-15 20:18:00+00:00,58.67832472189169,0.5333801038895345,1 days 05:37:00
544,42,GRID_BUY,CLOSED,2024-11-14 14:47:00+00:00,89000.0,89000.0,91000.0,90000.0,2024-11-15 12:10:00+00:00,58.67832472189169,0.5406910934963634,0 days 21:23:00
545,42,GRID_BUY,CLOSED,2024-11-14 15:59:00+00:00,88000.0,88000.0,91000.0,89000.0,2024-11-14 16:54:00+00:00,58.67832472189169,0.5481682419578959,0 days 00:55:00
546,42,GRID_BUY,CLOSED,2024-11-14 20:11:00+00:00,88000.0,88000.0,91000.0,89000.0,2024-11-15 09:23:00+00:00,58.67832472189169,0.5481682419578959,0 days 13:12:00
547,42,GRID_BUY,CLOSED,2024-11-14 23:13:00+00:00,87000.0,87000.0,91000.0,88000.0,2024-11-15 00:08:00+00:00,58.67832472189169,0.5558172788898261,0 days 00:55:00
548,42,GRID_BUY,CLOSED,2024-11-15 14:34:00+00:00,89000.0,89000.0,91000.0,90000.0,2024-11-15 19:38:00+00:00,58.67832472189169,0.5406910934963634,0 days 05:04:00
549,42,GRID_BUY,CLOSED,2024-11-15 15:22:00+00:00,88000.0,88000.0,91000.0,89000.0,2024-11-15 16:11:00+00:00,58.67832472189169,0.5481682419578959,0 days 00:49:00
550,42,GRID_BUY,CLOSED,2024-11-17 02:03:00+00:00,90000.0,90000.0,91000.0,91000.0,2024-11-17 08:53:00+00:00,58.67832472189169,0.5333801038895345,0 days 06:50:00
551,42,GRID_BUY,CLOSED,2024-11-17 14:30:00+00:00,90000.0,90000.0,91000.0,91000.0,2024-11-18 06:21:00+00:00,58.67832472189169,0.5333801038895345,0 days 15:51:00
552,42,GRID_BUY,CLOSED,2024-11-17 22:02:00+00:00,89000.0,89000.0,91000.0,90000.0,2024-11-18 00:30:00+00:00,58.67832472189169,0.5406910934963634,0 days 02:28:00
553,42,GRID_BUY,CLOSED,2024-11-18 11:25:00+00:00,91000.0,91000.0,91000.0,92000.0,2024-11-18 15:42:00+00:00,58.67832472189169,0.5262297953729416,0 days 04:17:00
554,42,GRID_BUY,CLOSED,2024-11-18 13:04:00+00:00,90000.0,90000.0,91000.0,91000.0,2024-11-18 14:37:00+00:00,58.67832472189169,0.5333801038895345,0 days 01:33:00
555,42,GRID_BUY,CLOSED,2024-11-18 14:55:00+00:00,90000.0,90000.0,91000.0,91000.0,2024-11-18 15:34:00+00:00,58.67832472189169,0.5333801038895345,0 days 00:39:00
556,42,GRID_BUY,CLOSED,2024-11-18 17:47:00+00:00,91000.0,91000.0,91000.0,92000.0,2024-11-19 07:06:00+00:00,58.67832472189169,0.5262297953729416,0 days 13:19:00
557,42,GRID_BUY,CLOSED,2024-11-18 19:11:00+00:00,90000.0,90000.0,91000.0,91000.0,2024-11-18 20:19:00+00:00,58.67832472189169,0.5333801038895345,0 days 01:08:00
558,42,GRID_BUY,CLOSED,2024-11-19 14:05:00+00:00,91000.0,91000.0,91000.0,92000.0,2024-11-19 14:45:00+00:00,58.67832472189169,0.5262297953729416,0 days 00:40:00
559,42,GRID_BUY,CLOSED,2024-11-19 21:19:00+00:00,92000.0,92000.0,91000.0,93000.0,2024-11-20 08:15:00+00:00,58.67832472189169,0.5192349283458597,0 days 10:56:00
560,43,GRID_BUY,CLOSED,2024-11-21 14:34:00+00:00,97000.0,97000.0,96000.0,98000.0,2024-11-21 17:59:00+00:00,58.67832472189169,0.4864239541466304,0 days 03:25:00
561,43,GRID_BUY,CLOSED,2024-11-21 15:38:00+00:00,96000.0,96000.0,96000.0,97000.0,2024-11-21 16:21:00+00:00,58.67832472189169,0.49271272420148904,0 days 00:43:00
562,43,GRID_BUY,CLOSED,2024-11-22 13:19:00+00:00,98000.0,98000.0,96000.0,99000.0,2024-11-22 16:56:00+00:00,58.67832472189169,0.4802635263378079,0 days 03:37:00
563,43,GRID_BUY,CLOSED,2024-11-23 16:17:00+00:00,98000.0,98000.0,96000.0,99000.0,2024-12-04 20:51:00+00:00,58.67832472189169,0.4802635263378079,11 days 04:34:00
564,43,GRID_BUY,CLOSED,2024-11-24 12:31:00+00:00,97000.0,97000.0,96000.0,98000.0,2024-11-24 22:59:00+00:00,58.67832472189169,0.4864239541466304,0 days 10:28:00
565,43,GRID_BUY,CLOSED,2024-11-24 15:55:00+00:00,96000.0,96000.0,96000.0,97000.0,2024-11-24 22:00:00+00:00,58.67832472189169,0.49271272420148904,0 days 06:05:00
566,43,GRID_BUY,CLOSED,2024-11-25 01:24:00+00:00,97000.0,97000.0,96000.0,98000.0,2024-11-25 04:12:00+00:00,58.67832472189169,0.4864239541466304,0 days 02:48:00
567,43,GRID_BUY,CLOSED,2024-11-25 14:34:00+00:00,97000.0,97000.0,96000.0,98000.0,2024-11-29 14:59:00+00:00,58.67832472189169,0.4864239541466304,4 days 00:25:00
568,43,GRID_BUY,CLOSED,2024-11-25 14:51:00+00:00,96000.0,96000.0,96000.0,97000.0,2024-11-27 20:15:00+00:00,58.67832472189169,0.49271272420148904,2 days 05:24:00
569,43,GRID_BUY,CLOSED,2024-11-25 15:10:00+00:00,95000.0,95000.0,96000.0,96000.0,2024-11-25 15:29:00+00:00,58.67832472189169,0.4991338894153827,0 days 00:19:00
570,43,GRID_BUY,CLOSED,2024-11-25 17:21:00+00:00,95000.0,95000.0,96000.0,96000.0,2024-11-27 16:32:00+00:00,58.67832472189169,0.4991338894153827,1 days 23:11:00
571,43,GRID_BUY,CLOSED,2024-11-25 21:44:00+00:00,94000.0,94000.0,96000.0,95000.0,2024-11-27 15:34:00+00:00,58.67832472189169,0.5056916751657639,1 days 17:50:00
572,43,GRID_BUY,CLOSED,2024-11-25 22:38:00+00:00,93000.0,93000.0,96000.0,94000.0,2024-11-25 22:48:00+00:00,58.67832472189169,0.5123904885666661,0 days 00:10:00
573,43,GRID_BUY,CLOSED,2024-11-25 23:42:00+00:00,93000.0,93000.0,96000.0,94000.0,2024-11-26 00:27:00+00:00,58.67832472189169,0.5123904885666661,0 days 00:45:00
574,43,GRID_BUY,CLOSED,2024-11-26 08:16:00+00:00,93000.0,93000.0,96000.0,94000.0,2024-11-26 16:25:00+00:00,58.67832472189169,0.5123904885666661,0 days 08:09:00
575,43,GRID_BUY,CLOSED,2024-11-26 11:24:00+00:00,92000.0,92000.0,96000.0,93000.0,2024-11-26 14:41:00+00:00,58.67832472189169,0.5192349283458597,0 days 03:17:00
576,43,GRID_BUY,CLOSED,2024-11-26 18:12:00+00:00,93000.0,93000.0,96000.0,94000.0,2024-11-27 13:55:00+00:00,58.67832472189169,0.5123904885666661,0 days 19:43:00
577,43,GRID_BUY,CLOSED,2024-11-26 18:34:00+00:00,92000.0,92000.0,96000.0,93000.0,2024-11-27 02:26:00+00:00,58.67832472189169,0.5192349283458597,0 days 07:52:00
578,43,GRID_BUY,CLOSED,2024-11-26 20:36:00+00:00,91000.0,91000.0,96000.0,92000.0,2024-11-26 22:04:00+00:00,58.67832472189169,0.5262297953729416,0 days 01:28:00
579,45,GRID_BUY,CLOSED,2024-11-27 23:10:00+00:00,96000.0,96000.0,96000.0,97000.0,2024-11-29 11:30:00+00:00,58.67832472189169,0.49271272420148904,1 days 12:20:00
580,45,GRID_BUY,CLOSED,2024-11-28 03:31:00+00:00,95000.0,95000.0,96000.0,96000.0,2024-11-28 14:08:00+00:00,58.67832472189169,0.4991338894153827,0 days 10:37:00
581,45,GRID_BUY,CLOSED,2024-11-28 15:48:00+00:00,95000.0,95000.0,96000.0,96000.0,2024-11-28 23:30:00+00:00,58.67832472189169,0.4991338894153827,0 days 07:42:00
582,45,GRID_BUY,CLOSED,2024-11-29 17:29:00+00:00,97000.0,97000.0,96000.0,98000.0,2024-12-02 01:26:00+00:00,58.67832472189169,0.4864239541466304,2 days 07:57:00
583,45,GRID_BUY,CLOSED,2024-12-01 02:31:00+00:00,96000.0,96000.0,96000.0,97000.0,2024-12-01 08:26:00+00:00,58.67832472189169,0.49271272420148904,0 days 05:55:00
584,45,GRID_BUY,CLOSED,2024-12-02 03:43:00+00:00,97000.0,97000.0,96000.0,98000.0,2024-12-04 20:13:00+00:00,58.67832472189169,0.4864239541466304,2 days 16:30:00
585,45,GRID_BUY,CLOSED,2024-12-02 07:23:00+00:00,96000.0,96000.0,96000.0,97000.0,2024-12-02 15:23:00+00:00,58.67832472189169,0.49271272420148904,0 days 08:00:00
586,45,GRID_BUY,CLOSED,2024-12-02 08:40:00+00:00,95000.0,95000.0,96000.0,96000.0,2024-12-02 14:30:00+00:00,58.67832472189169,0.4991338894153827,0 days 05:50:00
587,45,GRID_BUY,CLOSED,2024-12-02 16:41:00+00:00,96000.0,96000.0,96000.0,97000.0,2024-12-04 19:54:00+00:00,58.67832472189169,0.49271272420148904,2 days 03:13:00
588,45,GRID_BUY,CLOSED,2024-12-02 17:57:00+00:00,95000.0,95000.0,96000.0,96000.0,2024-12-02 20:04:00+00:00,58.67832472189169,0.4991338894153827,0 days 02:07:00
589,45,GRID_BUY,CLOSED,2024-12-03 10:53:00+00:00,95000.0,95000.0,96000.0,96000.0,2024-12-03 15:13:00+00:00,58.67832472189169,0.4991338894153827,0 days 04:20:00
590,45,GRID_BUY,CLOSED,2024-12-03 13:54:00+00:00,94000.0,94000.0,96000.0,95000.0,2024-12-03 14:49:00+00:00,58.67832472189169,0.5056916751657639,0 days 00:55:00
591,45,GRID_BUY,CLOSED,2024-12-03 16:48:00+00:00,95000.0,95000.0,96000.0,96000.0,2024-12-03 21:20:00+00:00,58.67832472189169,0.4991338894153827,0 days 04:32:00
592,45,GRID_BUY,CLOSED,2024-12-04 16:20:00+00:00,95000.0,95000.0,96000.0,96000.0,2024-12-04 18:45:00+00:00,58.67832472189169,0.4991338894153827,0 days 02:25:00
593,45,GRID_BUY,CLOSED,2024-12-04 21:38:00+00:00,98000.0,98000.0,96000.0,99000.0,2024-12-04 23:32:00+00:00,58.67832472189169,0.4802635263378079,0 days 01:54:00
594,45,GRID_BUY,CLOSED,2024-12-05 01:09:00+00:00,98000.0,98000.0,96000.0,99000.0,2024-12-05 02:29:00+00:00,58.67832472189169,0.4802635263378079,0 days 01:20:00
595,46,GRID_BUY,CLOSED,2024-12-05 03:10:00+00:00,103000.0,103000.0,101000.0,104000.0,2024-12-15 23:19:00+00:00,58.67832472189169,0.45125568665543625,10 days 20:09:00
596,46,GRID_BUY,CLOSED,2024-12-05 05:46:00+00:00,102000.0,102000.0,101000.0,103000.0,2024-12-05 09:11:00+00:00,58.67832472189169,0.45682974212380145,0 days 03:25:00
597,46,GRID_BUY,CLOSED,2024-12-05 15:27:00+00:00,102000.0,102000.0,101000.0,103000.0,2024-12-15 12:38:00+00:00,58.67832472189169,0.45682974212380145,9 days 21:11:00
598,46,GRID_BUY,CLOSED,2024-12-05 15:50:00+00:00,101000.0,101000.0,101000.0,102000.0,2024-12-12 16:01:00+00:00,58.67832472189169,0.46251417492819513,7 days 00:11:00
599,46,GRID_BUY,CLOSED,2024-12-05 19:44:00+00:00,100000.0,100000.0,101000.0,101000.0,2024-12-06 17:50:00+00:00,58.67832472189169,0.46831229638866034,0 days 22:06:00
600,46,GRID_BUY,CLOSED,2024-12-05 19:55:00+00:00,99000.0,99000.0,101000.0,100000.0,2024-12-06 17:41:00+00:00,58.67832472189169,0.4742275516160177,0 days 21:46:00
601,46,GRID_BUY,CLOSED,2024-12-05 20:18:00+00:00,98000.0,98000.0,101000.0,99000.0,2024-12-05 20:43:00+00:00,58.67832472189169,0.4802635263378079,0 days 00:25:00
602,46,GRID_BUY,CLOSED,2024-12-05 22:22:00+00:00,98000.0,98000.0,101000.0,99000.0,2024-12-06 14:25:00+00:00,58.67832472189169,0.4802635263378079,0 days 16:03:00
603,46,GRID_BUY,CLOSED,2024-12-05 22:26:00+00:00,97000.0,97000.0,101000.0,98000.0,2024-12-06 01:32:00+00:00,58.67832472189169,0.4864239541466304,0 days 03:06:00
604,46,GRID_BUY,CLOSED,2024-12-05 22:28:00+00:00,96000.0,96000.0,101000.0,97000.0,2024-12-05 22:48:00+00:00,58.67832472189169,0.49271272420148904,0 days 00:20:00
605,46,GRID_BUY,CLOSED,2024-12-05 22:28:00+00:00,95000.0,95000.0,101000.0,96000.0,2024-12-05 22:31:00+00:00,58.67832472189169,0.4991338894153827,0 days 00:03:00
606,46,GRID_BUY,CLOSED,2024-12-05 22:28:00+00:00,94000.0,94000.0,101000.0,95000.0,2024-12-05 22:30:00+00:00,58.67832472189169,0.5056916751657639,0 days 00:02:00
607,46,GRID_BUY,CLOSED,2024-12-05 22:28:00+00:00,93000.0,93000.0,101000.0,94000.0,2024-12-05 22:29:00+00:00,58.67832472189169,0.5123904885666661,0 days 00:01:00
608,46,GRID_BUY,CLOSED,2024-12-05 22:28:00+00:00,92000.0,92000.0,101000.0,93000.0,2024-12-05 22:29:00+00:00,58.67832472189169,0.5192349283458597,0 days 00:01:00
609,46,GRID_BUY,CLOSED,2024-12-05 22:28:00+00:00,91000.0,91000.0,101000.0,92000.0,2024-12-05 22:29:00+00:00,58.67832472189169,0.5262297953729416,0 days 00:01:00
610,47,GRID_BUY,CLOSED,2024-12-05 22:35:00+00:00,95000.0,95000.0,93000.0,96000.0,2024-12-05 22:36:00+00:00,58.67832472189169,0.4991338894153827,0 days 00:01:00
611,47,GRID_BUY,CLOSED,2024-12-05 23:02:00+00:00,96000.0,96000.0,93000.0,97000.0,2024-12-05 23:21:00+00:00,58.67832472189169,0.49271272420148904,0 days 00:19:00
612,47,GRID_BUY,CLOSED,2024-12-06 00:11:00+00:00,96000.0,96000.0,93000.0,97000.0,2024-12-06 00:18:00+00:00,58.67832472189169,0.49271272420148904,0 days 00:07:00
613,48,GRID_BUY,CLOSED,2024-12-06 23:21:00+00:00,100000.0,100000.0,98000.0,101000.0,2024-12-08 23:49:00+00:00,58.67832472189169,0.46831229638866034,2 days 00:28:00
614,48,GRID_BUY,CLOSED,2024-12-07 05:45:00+00:00,99000.0,99000.0,98000.0,100000.0,2024-12-07 18:46:00+00:00,58.67832472189169,0.4742275516160177,0 days 13:01:00
615,48,GRID_BUY,CLOSED,2024-12-08 08:57:00+00:00,99000.0,99000.0,98000.0,100000.0,2024-12-08 12:50:00+00:00,58.67832472189169,0.4742275516160177,0 days 03:53:00
616,48,GRID_BUY,CLOSED,2024-12-09 00:28:00+00:00,100000.0,100000.0,98000.0,101000.0,2024-12-11 16:23:00+00:00,58.67832472189169,0.46831229638866034,2 days 15:55:00
617,48,GRID_BUY,CLOSED,2024-12-09 03:25:00+00:00,99000.0,99000.0,98000.0,100000.0,2024-12-09 14:48:00+00:00,58.67832472189169,0.4742275516160177,0 days 11:23:00
618,48,GRID_BUY,CLOSED,2024-12-09 12:01:00+00:00,98000.0,98000.0,98000.0,99000.0,2024-12-09 13:23:00+00:00,58.67832472189169,0.4802635263378079,0 days 01:22:00
619,48,GRID_BUY,CLOSED,2024-12-09 15:16:00+00:00,99000.0,99000.0,98000.0,100000.0,2024-12-11 15:19:00+00:00,58.67832472189169,0.4742275516160177,2 days 00:03:00
620,48,GRID_BUY,CLOSED,2024-12-09 15:34:00+00:00,98000.0,98000.0,98000.0,99000.0,2024-12-11 14:45:00+00:00,58.67832472189169,0.4802635263378079,1 days 23:11:00
621,48,GRID_BUY,CLOSED,2024-12-09 19:55:00+00:00,97000.0,97000.0,98000.0,98000.0,2024-12-10 00:35:00+00:00,58.67832472189169,0.4864239541466304,0 days 04:40:00
622,48,GRID_BUY,CLOSED,2024-12-09 21:02:00+00:00,96000.0,96000.0,98000.0,97000.0,2024-12-09 21:17:00+00:00,58.67832472189169,0.49271272420148904,0 days 00:15:00
623,48,GRID_BUY,CLOSED,2024-12-09 21:04:00+00:00,95000.0,95000.0,98000.0,96000.0,2024-12-09 21:07:00+00:00,58.67832472189169,0.4991338894153827,0 days 00:03:00
624,48,GRID_BUY,CLOSED,2024-12-09 22:22:00+00:00,96000.0,96000.0,98000.0,97000.0,2024-12-09 22:26:00+00:00,58.67832472189169,0.49271272420148904,0 days 00:04:00
625,48,GRID_BUY,CLOSED,2024-12-09 22:22:00+00:00,95000.0,95000.0,98000.0,96000.0,2024-12-09 22:23:00+00:00,58.67832472189169,0.4991338894153827,0 days 00:01:00
626,48,GRID_BUY,CLOSED,2024-12-10 02:57:00+00:00,97000.0,97000.0,98000.0,98000.0,2024-12-10 14:07:00+00:00,58.67832472189169,0.4864239541466304,0 days 11:10:00
627,48,GRID_BUY,CLOSED,2024-12-10 03:23:00+00:00,96000.0,96000.0,98000.0,97000.0,2024-12-10 04:42:00+00:00,58.67832472189169,0.49271272420148904,0 days 01:19:00
628,48,GRID_BUY,CLOSED,2024-12-10 15:26:00+00:00,97000.0,97000.0,98000.0,98000.0,2024-12-11 08:31:00+00:00,58.67832472189169,0.4864239541466304,0 days 17:05:00
629,48,GRID_BUY,CLOSED,2024-12-10 15:52:00+00:00,96000.0,96000.0,98000.0,97000.0,2024-12-10 21:30:00+00:00,58.67832472189169,0.49271272420148904,0 days 05:38:00
630,48,GRID_BUY,CLOSED,2024-12-10 16:35:00+00:00,95000.0,95000.0,98000.0,96000.0,2024-12-10 16:53:00+00:00,58.67832472189169,0.4991338894153827,0 days 00:18:00
631,48,GRID_BUY,CLOSED,2024-12-10 17:06:00+00:00,95000.0,95000.0,98000.0,96000.0,2024-12-10 19:42:00+00:00,58.67832472189169,0.4991338894153827,0 days 02:36:00
632,48,GRID_BUY,CLOSED,2024-12-11 00:42:00+00:00,96000.0,96000.0,98000.0,97000.0,2024-12-11 02:37:00+00:00,58.67832472189169,0.49271272420148904,0 days 01:55:00
633,48,GRID_BUY,CLOSED,2024-12-11 17:57:00+00:00,100000.0,100000.0,98000.0,101000.0,2024-12-11 19:42:00+00:00,58.67832472189169,0.46831229638866034,0 days 01:45:00
634,48,GRID_BUY,CLOSED,2024-12-12 18:37:00+00:00,101000.0,101000.0,98000.0,102000.0,2024-12-14 01:02:00+00:00,58.67832472189169,0.46251417492819513,1 days 06:25:00
635,48,GRID_BUY,CLOSED,2024-12-12 19:29:00+00:00,100000.0,100000.0,98000.0,101000.0,2024-12-13 14:57:00+00:00,58.67832472189169,0.46831229638866034,0 days 19:28:00
636,48,GRID_BUY,CLOSED,2024-12-13 15:52:00+00:00,100000.0,100000.0,98000.0,101000.0,2024-12-13 16:46:00+00:00,58.67832472189169,0.46831229638866034,0 days 00:54:00
637,48,GRID_BUY,CLOSED,2024-12-14 13:18:00+00:00,101000.0,101000.0,98000.0,102000.0,2024-12-15 01:48:00+00:00,58.67832472189169,0.46251417492819513,0 days 12:30:00
638,49,GRID_BUY,CLOSED,2024-12-16 01:27:00+00:00,105000.0,105000.0,103000.0,106000.0,2024-12-16 14:54:00+00:00,58.67832472189169,0.44042609317401116,0 days 13:27:00
639,49,GRID_BUY,CLOSED,2024-12-16 11:50:00+00:00,104000.0,104000.0,103000.0,105000.0,2024-12-16 14:36:00+00:00,58.67832472189169,0.445788824561447,0 days 02:46:00
640,49,GRID_BUY,CLOSED,2024-12-16 19:16:00+00:00,106000.0,106000.0,103000.0,107000.0,2024-12-17 03:43:00+00:00,58.67832472189169,0.4351645453976616,0 days 08:27:00
641,50,GRID_BUY,CLOSED,2024-12-17 15:13:00+00:00,107000.0,107000.0,108000.0,108000.0,2025-01-20 06:54:00+00:00,58.67832472189169,0.43000134430872095,33 days 15:41:00
642,50,GRID_BUY,CLOSED,2024-12-17 15:27:00+00:00,106000.0,106000.0,108000.0,107000.0,2024-12-17 16:14:00+00:00,58.67832472189169,0.4351645453976616,0 days 00:47:00
643,50,GRID_BUY,CLOSED,2024-12-17 22:22:00+00:00,106000.0,106000.0,108000.0,107000.0,2025-01-20 06:51:00+00:00,58.67832472189169,0.4351645453976616,33 days 08:29:00
644,50,GRID_BUY,CLOSED,2024-12-18 01:55:00+00:00,105000.0,105000.0,108000.0,106000.0,2025-01-19 19:58:00+00:00,58.67832472189169,0.44042609317401116,32 days 18:03:00
645,50,GRID_BUY,CLOSED,2024-12-18 04:26:00+00:00,104000.0,104000.0,108000.0,105000.0,2024-12-18 11:58:00+00:00,58.67832472189169,0.445788824561447,0 days 07:32:00
646,50,GRID_BUY,CLOSED,2024-12-18 14:33:00+00:00,104000.0,104000.0,108000.0,105000.0,2025-01-17 16:54:00+00:00,58.67832472189169,0.445788824561447,30 days 02:21:00
647,50,GRID_BUY,CLOSED,2024-12-18 19:57:00+00:00,103000.0,103000.0,108000.0,104000.0,2025-01-17 15:09:00+00:00,58.67832472189169,0.45125568665543625,29 days 19:12:00
648,51,GRID_BUY,CLOSED,2024-12-18 20:07:00+00:00,102000.0,102000.0,103000.0,103000.0,2025-01-17 14:36:00+00:00,58.67832472189169,0.45682974212380145,29 days 18:29:00
649,51,GRID_BUY,CLOSED,2024-12-18 20:08:00+00:00,101000.0,101000.0,103000.0,102000.0,2024-12-18 20:11:00+00:00,58.67832472189169,0.46251417492819513,0 days 00:03:00
650,51,GRID_BUY,CLOSED,2024-12-18 20:37:00+00:00,101000.0,101000.0,103000.0,102000.0,2024-12-19 10:19:00+00:00,58.67832472189169,0.46251417492819513,0 days 13:42:00
651,51,GRID_BUY,CLOSED,2024-12-18 23:58:00+00:00,100000.0,100000.0,103000.0,101000.0,2024-12-19 03:11:00+00:00,58.67832472189169,0.46831229638866034,0 days 03:13:00
652,51,GRID_BUY,CLOSED,2024-12-19 02:14:00+00:00,99000.0,99000.0,103000.0,100000.0,2024-12-19 02:52:00+00:00,58.67832472189169,0.4742275516160177,0 days 00:38:00
653,51,GRID_BUY,CLOSED,2024-12-19 14:49:00+00:00,101000.0,101000.0,103000.0,102000.0,2025-01-06 15:45:00+00:00,58.67832472189169,0.46251417492819513,18 days 00:56:00
654,51,GRID_BUY,CLOSED,2024-12-19 15:23:00+00:00,100000.0,100000.0,103000.0,101000.0,2024-12-19 16:37:00+00:00,58.67832472189169,0.46831229638866034,0 days 01:14:00
655,51,GRID_BUY,CLOSED,2024-12-19 17:18:00+00:00,100000.0,100000.0,103000.0,101000.0,2025-01-06 14:54:00+00:00,58.67832472189169,0.46831229638866034,17 days 21:36:00
656,51,GRID_BUY,CLOSED,2024-12-19 17:38:00+00:00,99000.0,99000.0,103000.0,100000.0,2025-01-06 14:48:00+00:00,58.67832472189169,0.4742275516160177,17 days 21:10:00
657,51,GRID_BUY,CLOSED,2024-12-19 17:54:00+00:00,98000.0,98000.0,103000.0,99000.0,2024-12-19 17:59:00+00:00,58.67832472189169,0.4802635263378079,0 days 00:05:00
658,52,GRID_BUY,CLOSED,2024-12-19 18:10:00+00:00,98000.0,98000.0,98000.0,99000.0,2024-12-19 19:04:00+00:00,58.67832472189169,0.4802635263378079,0 days 00:54:00
659,52,GRID_BUY,CLOSED,2024-12-19 18:23:00+00:00,97000.0,97000.0,98000.0,98000.0,2024-12-19 18:27:00+00:00,58.67832472189169,0.4864239541466304,0 days 00:04:00
660,52,GRID_BUY,CLOSED,2024-12-19 19:31:00+00:00,98000.0,98000.0,98000.0,99000.0,2024-12-21 07:32:00+00:00,58.67832472189169,0.4802635263378079,1 days 12:01:00
661,52,GRID_BUY,CLOSED,2024-12-19 19:44:00+00:00,97000.0,97000.0,98000.0,98000.0,2024-12-19 21:25:00+00:00,58.67832472189169,0.4864239541466304,0 days 01:41:00
662,52,GRID_BUY,CLOSED,2024-12-19 20:10:00+00:00,96000.0,96000.0,98000.0,97000.0,2024-12-19 20:21:00+00:00,58.67832472189169,0.49271272420148904,0 days 00:11:00
663,52,GRID_BUY,CLOSED,2024-12-19 20:35:00+00:00,96000.0,96000.0,98000.0,97000.0,2024-12-19 20:43:00+00:00,58.67832472189169,0.49271272420148904,0 days 00:08:00
664,52,GRID_BUY,CLOSED,2024-12-19 21:03:00+00:00,96000.0,96000.0,98000.0,97000.0,2024-12-19 21:09:00+00:00,58.67832472189169,0.49271272420148904,0 days 00:06:00
665,52,GRID_BUY,CLOSED,2024-12-20 00:29:00+00:00,97000.0,97000.0,98000.0,98000.0,2024-12-20 07:05:00+00:00,58.67832472189169,0.4864239541466304,0 days 06:36:00
666,52,GRID_BUY,CLOSED,2024-12-20 02:01:00+00:00,96000.0,96000.0,98000.0,97000.0,2024-12-20 02:17:00+00:00,58.67832472189169,0.49271272420148904,0 days 00:16:00
667,52,GRID_BUY,CLOSED,2024-12-20 08:16:00+00:00,97000.0,97000.0,98000.0,98000.0,2024-12-21 05:46:00+00:00,58.67832472189169,0.4864239541466304,0 days 21:30:00
668,52,GRID_BUY,CLOSED,2024-12-20 08:41:00+00:00,96000.0,96000.0,98000.0,97000.0,2024-12-20 15:26:00+00:00,58.67832472189169,0.49271272420148904,0 days 06:45:00
669,52,GRID_BUY,CLOSED,2024-12-20 09:47:00+00:00,95000.0,95000.0,98000.0,96000.0,2024-12-20 14:38:00+00:00,58.67832472189169,0.4991338894153827,0 days 04:51:00
670,52,GRID_BUY,CLOSED,2024-12-20 10:14:00+00:00,94000.0,94000.0,98000.0,95000.0,2024-12-20 10:28:00+00:00,58.67832472189169,0.5056916751657639,0 days 00:14:00
671,52,GRID_BUY,CLOSED,2024-12-20 11:20:00+00:00,94000.0,94000.0,98000.0,95000.0,2024-12-20 13:33:00+00:00,58.67832472189169,0.5056916751657639,0 days 02:13:00
672,52,GRID_BUY,CLOSED,2024-12-20 11:35:00+00:00,93000.0,93000.0,98000.0,94000.0,2024-12-20 12:46:00+00:00,58.67832472189169,0.5123904885666661,0 days 01:11:00
673,53,GRID_BUY,CLOSED,2024-12-20 21:10:00+00:00,96000.0,96000.0,93000.0,97000.0,2024-12-20 22:18:00+00:00,58.67832472189169,0.49271272420148904,0 days 01:08:00
674,54,GRID_BUY,CLOSED,2024-12-21 11:23:00+00:00,98000.0,98000.0,98000.0,99000.0,2024-12-24 17:27:00+00:00,58.67832472189169,0.4802635263378079,3 days 06:04:00
675,54,GRID_BUY,CLOSED,2024-12-21 13:22:00+00:00,97000.0,97000.0,98000.0,98000.0,2024-12-21 20:19:00+00:00,58.67832472189169,0.4864239541466304,0 days 06:57:00
676,54,GRID_BUY,CLOSED,2024-12-21 21:38:00+00:00,97000.0,97000.0,98000.0,98000.0,2024-12-24 15:36:00+00:00,58.67832472189169,0.4864239541466304,2 days 17:58:00
677,54,GRID_BUY,CLOSED,2024-12-22 05:08:00+00:00,96000.0,96000.0,98000.0,97000.0,2024-12-22 09:38:00+00:00,58.67832472189169,0.49271272420148904,0 days 04:30:00
678,54,GRID_BUY,CLOSED,2024-12-22 14:23:00+00:00,96000.0,96000.0,98000.0,97000.0,2024-12-24 14:37:00+00:00,58.67832472189169,0.49271272420148904,2 days 00:14:00
679,54,GRID_BUY,CLOSED,2024-12-22 19:53:00+00:00,95000.0,95000.0,98000.0,96000.0,2024-12-23 03:58:00+00:00,58.67832472189169,0.4991338894153827,0 days 08:05:00
680,54,GRID_BUY,CLOSED,2024-12-23 01:17:00+00:00,94000.0,94000.0,98000.0,95000.0,2024-12-23 01:37:00+00:00,58.67832472189169,0.5056916751657639,0 days 00:20:00
681,54,GRID_BUY,CLOSED,2024-12-23 02:15:00+00:00,94000.0,94000.0,98000.0,95000.0,2024-12-23 03:08:00+00:00,58.67832472189169,0.5056916751657639,0 days 00:53:00
682,54,GRID_BUY,CLOSED,2024-12-23 06:35:00+00:00,95000.0,95000.0,98000.0,96000.0,2024-12-23 09:05:00+00:00,58.67832472189169,0.4991338894153827,0 days 02:30:00
683,54,GRID_BUY,CLOSED,2024-12-23 13:41:00+00:00,95000.0,95000.0,98000.0,96000.0,2024-12-24 13:54:00+00:00,58.67832472189169,0.4991338894153827,1 days 00:13:00
684,54,GRID_BUY,CLOSED,2024-12-23 14:48:00+00:00,94000.0,94000.0,98000.0,95000.0,2024-12-23 22:58:00+00:00,58.67832472189169,0.5056916751657639,0 days 08:10:00
685,54,GRID_BUY,CLOSED,2024-12-23 16:19:00+00:00,93000.0,93000.0,98000.0,94000.0,2024-12-23 16:48:00+00:00,58.67832472189169,0.5123904885666661,0 days 00:29:00
686,55,GRID_BUY,CLOSED,2024-12-23 18:48:00+00:00,93000.0,93000.0,93000.0,94000.0,2024-12-23 21:12:00+00:00,58.67832472189169,0.5123904885666661,0 days 02:24:00
687,55,GRID_BUY,CLOSED,2024-12-24 02:11:00+00:00,94000.0,94000.0,93000.0,95000.0,2024-12-24 13:33:00+00:00,58.67832472189169,0.5056916751657639,0 days 11:22:00
688,56,GRID_BUY,CLOSED,2024-12-24 19:38:00+00:00,98000.0,98000.0,98000.0,99000.0,2024-12-24 22:18:00+00:00,58.67832472189169,0.4802635263378079,0 days 02:40:00
689,56,GRID_BUY,CLOSED,2024-12-25 01:36:00+00:00,98000.0,98000.0,98000.0,99000.0,2024-12-25 10:19:00+00:00,58.67832472189169,0.4802635263378079,0 days 08:43:00
690,56,GRID_BUY,CLOSED,2024-12-25 11:59:00+00:00,98000.0,98000.0,98000.0,99000.0,2024-12-25 19:14:00+00:00,58.67832472189169,0.4802635263378079,0 days 07:15:00
691,56,GRID_BUY,CLOSED,2024-12-26 07:05:00+00:00,98000.0,98000.0,98000.0,99000.0,2025-01-06 02:05:00+00:00,58.67832472189169,0.4802635263378079,10 days 19:00:00
692,56,GRID_BUY,CLOSED,2024-12-26 08:06:00+00:00,97000.0,97000.0,98000.0,98000.0,2025-01-03 16:22:00+00:00,58.67832472189169,0.4864239541466304,8 days 08:16:00
693,56,GRID_BUY,CLOSED,2024-12-26 08:32:00+00:00,96000.0,96000.0,98000.0,97000.0,2024-12-27 09:05:00+00:00,58.67832472189169,0.49271272420148904,1 days 00:33:00
694,56,GRID_BUY,CLOSED,2024-12-27 07:39:00+00:00,95000.0,95000.0,98000.0,96000.0,2024-12-27 08:11:00+00:00,58.67832472189169,0.4991338894153827,0 days 00:32:00
695,56,GRID_BUY,CLOSED,2024-12-27 14:33:00+00:00,96000.0,96000.0,98000.0,97000.0,2025-01-02 14:31:00+00:00,58.67832472189169,0.49271272420148904,5 days 23:58:00
696,56,GRID_BUY,CLOSED,2024-12-27 15:17:00+00:00,95000.0,95000.0,98000.0,96000.0,2024-12-31 13:28:00+00:00,58.67832472189169,0.4991338894153827,3 days 22:11:00
697,56,GRID_BUY,CLOSED,2024-12-27 17:04:00+00:00,94000.0,94000.0,98000.0,95000.0,2024-12-28 14:15:00+00:00,58.67832472189169,0.5056916751657639,0 days 21:11:00
698,56,GRID_BUY,CLOSED,2024-12-29 16:20:00+00:00,94000.0,94000.0,98000.0,95000.0,2024-12-30 20:24:00+00:00,58.67832472189169,0.5056916751657639,1 days 04:04:00
699,56,GRID_BUY,CLOSED,2024-12-30 13:49:00+00:00,93000.0,93000.0,98000.0,94000.0,2024-12-30 17:44:00+00:00,58.67832472189169,0.5123904885666661,0 days 03:55:00
700,57,GRID_BUY,CLOSED,2024-12-30 14:59:00+00:00,92000.0,92000.0,93000.0,93000.0,2024-12-30 17:36:00+00:00,58.67832472189169,0.5192349283458597,0 days 02:37:00
701,57,GRID_BUY,CLOSED,2024-12-30 21:11:00+00:00,94000.0,94000.0,93000.0,95000.0,2024-12-31 13:12:00+00:00,58.67832472189169,0.5056916751657639,0 days 16:01:00
702,57,GRID_BUY,CLOSED,2024-12-30 21:40:00+00:00,93000.0,93000.0,93000.0,94000.0,2024-12-31 08:29:00+00:00,58.67832472189169,0.5123904885666661,0 days 10:49:00
703,57,GRID_BUY,CLOSED,2024-12-30 21:54:00+00:00,92000.0,92000.0,93000.0,93000.0,2024-12-30 22:42:00+00:00,58.67832472189169,0.5192349283458597,0 days 00:48:00
704,57,GRID_BUY,CLOSED,2024-12-31 15:08:00+00:00,95000.0,95000.0,93000.0,96000.0,2025-01-02 04:47:00+00:00,58.67832472189169,0.4991338894153827,1 days 13:39:00
705,57,GRID_BUY,CLOSED,2024-12-31 17:35:00+00:00,94000.0,94000.0,93000.0,95000.0,2025-01-01 21:21:00+00:00,58.67832472189169,0.5056916751657639,1 days 03:46:00
706,57,GRID_BUY,CLOSED,2025-01-01 09:26:00+00:00,93000.0,93000.0,93000.0,94000.0,2025-01-01 13:58:00+00:00,58.67832472189169,0.5123904885666661,0 days 04:32:00
707,58,GRID_BUY,CLOSED,2025-01-07 11:37:00+00:00,101000.0,101000.0,98000.0,102000.0,2025-01-17 02:15:00+00:00,58.67832472189169,0.46251417492819513,9 days 14:38:00
708,58,GRID_BUY,CLOSED,2025-01-07 14:57:00+00:00,100000.0,100000.0,98000.0,101000.0,2025-01-17 01:38:00+00:00,58.67832472189169,0.46831229638866034,9 days 10:41:00
709,58,GRID_BUY,CLOSED,2025-01-07 15:07:00+00:00,99000.0,99000.0,98000.0,100000.0,2025-01-15 20:03:00+00:00,58.67832472189169,0.4742275516160177,8 days 04:56:00
710,58,GRID_BUY,CLOSED,2025-01-07 15:35:00+00:00,98000.0,98000.0,98000.0,99000.0,2025-01-15 13:48:00+00:00,58.67832472189169,0.4802635263378079,7 days 22:13:00
711,58,GRID_BUY,CLOSED,2025-01-07 17:38:00+00:00,97000.0,97000.0,98000.0,98000.0,2025-01-15 13:30:00+00:00,58.67832472189169,0.4864239541466304,7 days 19:52:00
712,58,GRID_BUY,CLOSED,2025-01-08 06:32:00+00:00,96000.0,96000.0,98000.0,97000.0,2025-01-14 09:47:00+00:00,58.67832472189169,0.49271272420148904,6 days 03:15:00
713,58,GRID_BUY,CLOSED,2025-01-08 11:34:00+00:00,95000.0,95000.0,98000.0,96000.0,2025-01-08 15:06:00+00:00,58.67832472189169,0.4991338894153827,0 days 03:32:00
714,58,GRID_BUY,CLOSED,2025-01-08 15:15:00+00:00,95000.0,95000.0,98000.0,96000.0,2025-01-14 09:24:00+00:00,58.67832472189169,0.4991338894153827,5 days 18:09:00
715,58,GRID_BUY,CLOSED,2025-01-08 17:09:00+00:00,94000.0,94000.0,98000.0,95000.0,2025-01-08 18:28:00+00:00,58.67832472189169,0.5056916751657639,0 days 01:19:00
716,58,GRID_BUY,CLOSED,2025-01-08 17:29:00+00:00,93000.0,93000.0,98000.0,94000.0,2025-01-08 17:57:00+00:00,58.67832472189169,0.5123904885666661,0 days 00:28:00
717,59,GRID_BUY,CLOSED,2025-01-08 18:53:00+00:00,94000.0,94000.0,93000.0,95000.0,2025-01-08 22:38:00+00:00,58.67832472189169,0.5056916751657639,0 days 03:45:00
718,59,GRID_BUY,CLOSED,2025-01-09 02:07:00+00:00,94000.0,94000.0,93000.0,95000.0,2025-01-10 07:47:00+00:00,58.67832472189169,0.5056916751657639,1 days 05:40:00
719,59,GRID_BUY,CLOSED,2025-01-09 08:07:00+00:00,93000.0,93000.0,93000.0,94000.0,2025-01-09 15:48:00+00:00,58.67832472189169,0.5123904885666661,0 days 07:41:00
720,59,GRID_BUY,CLOSED,2025-01-09 13:53:00+00:00,92000.0,92000.0,93000.0,93000.0,2025-01-09 15:15:00+00:00,58.67832472189169,0.5192349283458597,0 days 01:22:00
721,59,GRID_BUY,CLOSED,2025-01-09 17:48:00+00:00,93000.0,93000.0,93000.0,94000.0,2025-01-10 05:33:00+00:00,58.67832472189169,0.5123904885666661,0 days 11:45:00
722,59,GRID_BUY,CLOSED,2025-01-09 19:58:00+00:00,92000.0,92000.0,93000.0,93000.0,2025-01-10 01:41:00+00:00,58.67832472189169,0.5192349283458597,0 days 05:43:00
723,59,GRID_BUY,CLOSED,2025-01-10 13:30:00+00:00,94000.0,94000.0,93000.0,95000.0,2025-01-10 17:54:00+00:00,58.67832472189169,0.5056916751657639,0 days 04:24:00
724,59,GRID_BUY,CLOSED,2025-01-10 13:37:00+00:00,93000.0,93000.0,93000.0,94000.0,2025-01-10 14:08:00+00:00,58.67832472189169,0.5123904885666661,0 days 00:31:00
725,59,GRID_BUY,CLOSED,2025-01-10 15:09:00+00:00,93000.0,93000.0,93000.0,94000.0,2025-01-10 15:39:00+00:00,58.67832472189169,0.5123904885666661,0 days 00:30:00
726,59,GRID_BUY,CLOSED,2025-01-11 04:32:00+00:00,94000.0,94000.0,93000.0,95000.0,2025-01-11 21:54:00+00:00,58.67832472189169,0.5056916751657639,0 days 17:22:00
727,59,GRID_BUY,CLOSED,2025-01-12 09:25:00+00:00,94000.0,94000.0,93000.0,95000.0,2025-01-12 15:19:00+00:00,58.67832472189169,0.5056916751657639,0 days 05:54:00
728,59,GRID_BUY,CLOSED,2025-01-12 22:13:00+00:00,94000.0,94000.0,93000.0,95000.0,2025-01-13 00:27:00+00:00,58.67832472189169,0.5056916751657639,0 days 02:14:00
729,59,GRID_BUY,CLOSED,2025-01-13 02:47:00+00:00,94000.0,94000.0,93000.0,95000.0,2025-01-14 01:11:00+00:00,58.67832472189169,0.5056916751657639,0 days 22:24:00
730,59,GRID_BUY,CLOSED,2025-01-13 08:22:00+00:00,93000.0,93000.0,93000.0,94000.0,2025-01-13 21:31:00+00:00,58.67832472189169,0.5123904885666661,0 days 13:09:00
731,59,GRID_BUY,CLOSED,2025-01-13 10:28:00+00:00,92000.0,92000.0,93000.0,93000.0,2025-01-13 15:21:00+00:00,58.67832472189169,0.5192349283458597,0 days 04:53:00
732,59,GRID_BUY,CLOSED,2025-01-13 11:42:00+00:00,91000.0,91000.0,93000.0,92000.0,2025-01-13 14:52:00+00:00,58.67832472189169,0.5262297953729416,0 days 03:10:00
733,59,GRID_BUY,CLOSED,2025-01-13 14:34:00+00:00,90000.0,90000.0,93000.0,91000.0,2025-01-13 14:43:00+00:00,58.67832472189169,0.5333801038895345,0 days 00:09:00
734,59,GRID_BUY,CLOSED,2025-01-13 15:30:00+00:00,92000.0,92000.0,93000.0,93000.0,2025-01-13 20:45:00+00:00,58.67832472189169,0.5192349283458597,0 days 05:15:00
735,59,GRID_BUY,CLOSED,2025-01-14 12:24:00+00:00,96000.0,96000.0,93000.0,97000.0,2025-01-14 13:30:00+00:00,58.67832472189169,0.49271272420148904,0 days 01:06:00
736,59,GRID_BUY,CLOSED,2025-01-14 16:02:00+00:00,96000.0,96000.0,93000.0,97000.0,2025-01-14 19:26:00+00:00,58.67832472189169,0.49271272420148904,0 days 03:24:00
737,60,GRID_BUY,CLOSED,2025-01-16 08:47:00+00:00,99000.0,99000.0,98000.0,100000.0,2025-01-16 17:33:00+00:00,58.67832472189169,0.4742275516160177,0 days 08:46:00
738,60,GRID_BUY,CLOSED,2025-01-16 14:45:00+00:00,98000.0,98000.0,98000.0,99000.0,2025-01-16 15:57:00+00:00,58.67832472189169,0.4802635263378079,0 days 01:12:00
739,60,GRID_BUY,CLOSED,2025-01-17 02:49:00+00:00,101000.0,101000.0,98000.0,102000.0,2025-01-17 08:31:00+00:00,58.67832472189169,0.46251417492819513,0 days 05:42:00
740,61,GRID_BUY,CLOSED,2025-01-18 03:37:00+00:00,104000.0,104000.0,103000.0,105000.0,2025-01-19 02:24:00+00:00,58.67832472189169,0.445788824561447,0 days 22:47:00
741,61,GRID_BUY,CLOSED,2025-01-18 04:19:00+00:00,103000.0,103000.0,103000.0,104000.0,2025-01-18 12:21:00+00:00,58.67832472189169,0.45125568665543625,0 days 08:02:00
742,61,GRID_BUY,CLOSED,2025-01-19 09:14:00+00:00,104000.0,104000.0,103000.0,105000.0,2025-01-19 09:51:00+00:00,58.67832472189169,0.445788824561447,0 days 00:37:00
743,61,GRID_BUY,CLOSED,2025-01-19 21:26:00+00:00,105000.0,105000.0,103000.0,106000.0,2025-01-20 06:48:00+00:00,58.67832472189169,0.44042609317401116,0 days 09:22:00
744,61,GRID_BUY,CLOSED,2025-01-19 21:47:00+00:00,104000.0,104000.0,103000.0,105000.0,2025-01-20 06:45:00+00:00,58.67832472189169,0.445788824561447,0 days 08:58:00
745,61,GRID_BUY,CLOSED,2025-01-19 22:08:00+00:00,103000.0,103000.0,103000.0,104000.0,2025-01-19 22:14:00+00:00,58.67832472189169,0.45125568665543625,0 days 00:06:00
746,61,GRID_BUY,CLOSED,2025-01-19 22:43:00+00:00,103000.0,103000.0,103000.0,104000.0,2025-01-20 06:43:00+00:00,58.67832472189169,0.45125568665543625,0 days 08:00:00
747,61,GRID_BUY,CLOSED,2025-01-19 22:48:00+00:00,102000.0,102000.0,103000.0,103000.0,2025-01-19 22:54:00+00:00,58.67832472189169,0.45682974212380145,0 days 00:06:00
748,61,GRID_BUY,CLOSED,2025-01-19 23:01:00+00:00,102000.0,102000.0,103000.0,103000.0,2025-01-20 06:37:00+00:00,58.67832472189169,0.45682974212380145,0 days 07:36:00
749,61,GRID_BUY,CLOSED,2025-01-19 23:12:00+00:00,101000.0,101000.0,103000.0,102000.0,2025-01-20 02:34:00+00:00,58.67832472189169,0.46251417492819513,0 days 03:22:00
750,61,GRID_BUY,CLOSED,2025-01-19 23:32:00+00:00,100000.0,100000.0,103000.0,101000.0,2025-01-19 23:34:00+00:00,58.67832472189169,0.46831229638866034,0 days 00:02:00
751,61,GRID_BUY,CLOSED,2025-01-19 23:39:00+00:00,100000.0,100000.0,103000.0,101000.0,2025-01-19 23:43:00+00:00,58.67832472189169,0.46831229638866034,0 days 00:04:00
752,61,GRID_BUY,CLOSED,2025-01-20 00:39:00+00:00,100000.0,100000.0,103000.0,101000.0,2025-01-20 02:02:00+00:00,58.67832472189169,0.46831229638866034,0 days 01:23:00
753,62,GRID_BUY,CLOSED,2025-01-20 06:56:00+00:00,108000.0,108000.0,108000.0,109000.0,2025-01-20 07:04:00+00:00,58.67832472189169,0.4249337580547561,0 days 00:08:00
754,62,GRID_BUY,CLOSED,2025-01-20 06:58:00+00:00,107000.0,107000.0,108000.0,108000.0,2025-01-20 07:00:00+00:00,58.67832472189169,0.43000134430872095,0 days 00:02:00
755,62,GRID_BUY,CLOSED,2025-01-20 07:22:00+00:00,108000.0,108000.0,108000.0,109000.0,2025-01-20 09:06:00+00:00,58.67832472189169,0.4249337580547561,0 days 01:44:00
756,62,GRID_BUY,CLOSED,2025-01-20 07:59:00+00:00,107000.0,107000.0,108000.0,108000.0,2025-01-20 08:14:00+00:00,58.67832472189169,0.43000134430872095,0 days 00:15:00
757,62,GRID_BUY,CLOSED,2025-01-20 09:27:00+00:00,108000.0,108000.0,108000.0,109000.0,2025-05-21 14:59:00+00:00,58.67832472189169,0.4249337580547561,121 days 05:32:00
758,62,GRID_BUY,CLOSED,2025-01-20 12:16:00+00:00,107000.0,107000.0,108000.0,108000.0,2025-01-20 13:36:00+00:00,58.67832472189169,0.43000134430872095,0 days 01:20:00
759,62,GRID_BUY,CLOSED,2025-01-20 12:18:00+00:00,106000.0,106000.0,108000.0,107000.0,2025-01-20 12:30:00+00:00,58.67832472189169,0.4351645453976616,0 days 00:12:00
760,62,GRID_BUY,CLOSED,2025-01-20 15:17:00+00:00,107000.0,107000.0,108000.0,108000.0,2025-05-21 14:49:00+00:00,58.67832472189169,0.43000134430872095,120 days 23:32:00
761,62,GRID_BUY,CLOSED,2025-01-20 15:45:00+00:00,106000.0,106000.0,108000.0,107000.0,2025-01-20 16:43:00+00:00,58.67832472189169,0.4351645453976616,0 days 00:58:00
762,62,GRID_BUY,CLOSED,2025-01-20 15:56:00+00:00,105000.0,105000.0,108000.0,106000.0,2025-01-20 16:38:00+00:00,58.67832472189169,0.44042609317401116,0 days 00:42:00
763,62,GRID_BUY,CLOSED,2025-01-20 16:13:00+00:00,104000.0,104000.0,108000.0,105000.0,2025-01-20 16:15:00+00:00,58.67832472189169,0.445788824561447,0 days 00:02:00
764,62,GRID_BUY,CLOSED,2025-01-20 17:04:00+00:00,106000.0,106000.0,108000.0,107000.0,2025-01-21 18:36:00+00:00,58.67832472189169,0.4351645453976616,1 days 01:32:00
765,62,GRID_BUY,CLOSED,2025-01-20 17:04:00+00:00,105000.0,105000.0,108000.0,106000.0,2025-01-21 16:11:00+00:00,58.67832472189169,0.44042609317401116,0 days 23:07:00
766,62,GRID_BUY,CLOSED,2025-01-20 17:05:00+00:00,104000.0,104000.0,108000.0,105000.0,2025-01-20 17:09:00+00:00,58.67832472189169,0.445788824561447,0 days 00:04:00
767,62,GRID_BUY,CLOSED,2025-01-20 17:06:00+00:00,103000.0,103000.0,108000.0,104000.0,2025-01-20 17:08:00+00:00,58.67832472189169,0.45125568665543625,0 days 00:02:00
768,62,GRID_BUY,CLOSED,2025-01-20 17:06:00+00:00,102000.0,102000.0,108000.0,103000.0,2025-01-20 17:07:00+00:00,58.67832472189169,0.45682974212380145,0 days 00:01:00
769,62,GRID_BUY,CLOSED,2025-01-20 17:14:00+00:00,104000.0,104000.0,108000.0,105000.0,2025-01-20 17:21:00+00:00,58.67832472189169,0.445788824561447,0 days 00:07:00
770,62,GRID_BUY,CLOSED,2025-01-20 17:33:00+00:00,104000.0,104000.0,108000.0,105000.0,2025-01-21 14:22:00+00:00,58.67832472189169,0.445788824561447,0 days 20:49:00
771,62,GRID_BUY,CLOSED,2025-01-20 17:37:00+00:00,103000.0,103000.0,108000.0,104000.0,2025-01-20 17:52:00+00:00,58.67832472189169,0.45125568665543625,0 days 00:15:00
772,63,GRID_BUY,CLOSED,2025-01-20 17:39:00+00:00,102000.0,102000.0,103000.0,103000.0,2025-01-20 17:50:00+00:00,58.67832472189169,0.45682974212380145,0 days 00:11:00
773,63,GRID_BUY,CLOSED,2025-01-20 17:42:00+00:00,101000.0,101000.0,103000.0,102000.0,2025-01-20 17:43:00+00:00,58.67832472189169,0.46251417492819513,0 days 00:01:00
774,63,GRID_BUY,CLOSED,2025-01-20 17:44:00+00:00,101000.0,101000.0,103000.0,102000.0,2025-01-20 17:46:00+00:00,58.67832472189169,0.46251417492819513,0 days 00:02:00
775,63,GRID_BUY,CLOSED,2025-01-20 17:57:00+00:00,103000.0,103000.0,103000.0,104000.0,2025-01-20 18:10:00+00:00,58.67832472189169,0.45125568665543625,0 days 00:13:00
776,63,GRID_BUY,CLOSED,2025-01-20 19:32:00+00:00,103000.0,103000.0,103000.0,104000.0,2025-01-20 20:23:00+00:00,58.67832472189169,0.45125568665543625,0 days 00:51:00
777,63,GRID_BUY,CLOSED,2025-01-20 21:48:00+00:00,103000.0,103000.0,103000.0,104000.0,2025-01-21 12:15:00+00:00,58.67832472189169,0.45125568665543625,0 days 14:27:00
778,63,GRID_BUY,CLOSED,2025-01-20 22:03:00+00:00,102000.0,102000.0,103000.0,103000.0,2025-01-20 22:16:00+00:00,58.67832472189169,0.45682974212380145,0 days 00:13:00
779,63,GRID_BUY,CLOSED,2025-01-20 23:52:00+00:00,102000.0,102000.0,103000.0,103000.0,2025-01-21 03:21:00+00:00,58.67832472189169,0.45682974212380145,0 days 03:29:00
780,63,GRID_BUY,CLOSED,2025-01-21 01:26:00+00:00,101000.0,101000.0,103000.0,102000.0,2025-01-21 02:10:00+00:00,58.67832472189169,0.46251417492819513,0 days 00:44:00
781,63,GRID_BUY,CLOSED,2025-01-21 04:35:00+00:00,102000.0,102000.0,103000.0,103000.0,2025-01-21 10:27:00+00:00,58.67832472189169,0.45682974212380145,0 days 05:52:00
782,63,GRID_BUY,CLOSED,2025-01-21 14:35:00+00:00,104000.0,104000.0,103000.0,105000.0,2025-01-21 16:09:00+00:00,58.67832472189169,0.445788824561447,0 days 01:34:00
783,63,GRID_BUY,CLOSED,2025-01-21 15:02:00+00:00,103000.0,103000.0,103000.0,104000.0,2025-01-21 15:41:00+00:00,58.67832472189169,0.45125568665543625,0 days 00:39:00
784,63,GRID_BUY,CLOSED,2025-01-21 16:37:00+00:00,105000.0,105000.0,103000.0,106000.0,2025-01-21 17:46:00+00:00,58.67832472189169,0.44042609317401116,0 days 01:09:00
785,63,GRID_BUY,CLOSED,2025-01-21 20:43:00+00:00,106000.0,106000.0,103000.0,107000.0,2025-01-24 18:27:00+00:00,58.67832472189169,0.4351645453976616,2 days 21:44:00
786,63,GRID_BUY,CLOSED,2025-01-22 08:02:00+00:00,105000.0,105000.0,103000.0,106000.0,2025-01-23 14:50:00+00:00,58.67832472189169,0.44042609317401116,1 days 06:48:00
787,63,GRID_BUY,CLOSED,2025-01-22 13:53:00+00:00,104000.0,104000.0,103000.0,105000.0,2025-01-22 15:15:00+00:00,58.67832472189169,0.445788824561447,0 days 01:22:00
788,63,GRID_BUY,CLOSED,2025-01-22 15:36:00+00:00,104000.0,104000.0,103000.0,105000.0,2025-01-23 14:40:00+00:00,58.67832472189169,0.445788824561447,0 days 23:04:00
789,63,GRID_BUY,CLOSED,2025-01-23 01:49:00+00:00,103000.0,103000.0,103000.0,104000.0,2025-01-23 14:34:00+00:00,58.67832472189169,0.45125568665543625,0 days 12:45:00
790,63,GRID_BUY,CLOSED,2025-01-23 04:18:00+00:00,102000.0,102000.0,103000.0,103000.0,2025-01-23 14:31:00+00:00,58.67832472189169,0.45682974212380145,0 days 10:13:00
791,63,GRID_BUY,CLOSED,2025-01-23 14:54:00+00:00,105000.0,105000.0,103000.0,106000.0,2025-01-23 16:10:00+00:00,58.67832472189169,0.44042609317401116,0 days 01:16:00
792,63,GRID_BUY,CLOSED,2025-01-23 15:07:00+00:00,104000.0,104000.0,103000.0,105000.0,2025-01-23 15:36:00+00:00,58.67832472189169,0.445788824561447,0 days 00:29:00
793,63,GRID_BUY,CLOSED,2025-01-23 15:08:00+00:00,103000.0,103000.0,103000.0,104000.0,2025-01-23 15:21:00+00:00,58.67832472189169,0.45125568665543625,0 days 00:13:00
794,63,GRID_BUY,CLOSED,2025-01-23 17:00:00+00:00,105000.0,105000.0,103000.0,106000.0,2025-01-23 17:51:00+00:00,58.67832472189169,0.44042609317401116,0 days 00:51:00
795,63,GRID_BUY,CLOSED,2025-01-23 19:05:00+00:00,105000.0,105000.0,103000.0,106000.0,2025-01-23 20:20:00+00:00,58.67832472189169,0.44042609317401116,0 days 01:15:00
796,63,GRID_BUY,CLOSED,2025-01-23 19:49:00+00:00,104000.0,104000.0,103000.0,105000.0,2025-01-23 20:12:00+00:00,58.67832472189169,0.445788824561447,0 days 00:23:00
797,63,GRID_BUY,CLOSED,2025-01-23 20:17:00+00:00,104000.0,104000.0,103000.0,105000.0,2025-01-23 20:20:00+00:00,58.67832472189169,0.445788824561447,0 days 00:03:00
798,63,GRID_BUY,CLOSED,2025-01-23 20:30:00+00:00,105000.0,105000.0,103000.0,106000.0,2025-01-24 14:44:00+00:00,58.67832472189169,0.44042609317401116,0 days 18:14:00
799,63,GRID_BUY,CLOSED,2025-01-23 20:49:00+00:00,104000.0,104000.0,103000.0,105000.0,2025-01-24 05:11:00+00:00,58.67832472189169,0.445788824561447,0 days 08:22:00
800,63,GRID_BUY,CLOSED,2025-01-23 20:54:00+00:00,103000.0,103000.0,103000.0,104000.0,2025-01-23 22:21:00+00:00,58.67832472189169,0.45125568665543625,0 days 01:27:00
801,63,GRID_BUY,CLOSED,2025-01-24 02:47:00+00:00,103000.0,103000.0,103000.0,104000.0,2025-01-24 03:36:00+00:00,58.67832472189169,0.45125568665543625,0 days 00:49:00
802,63,GRID_BUY,CLOSED,2025-01-24 19:09:00+00:00,106000.0,106000.0,103000.0,107000.0,2025-05-19 00:08:00+00:00,58.67832472189169,0.4351645453976616,114 days 04:59:00
803,63,GRID_BUY,CLOSED,2025-01-24 20:35:00+00:00,105000.0,105000.0,103000.0,106000.0,2025-01-30 14:52:00+00:00,58.67832472189169,0.44042609317401116,5 days 18:17:00
804,63,GRID_BUY,CLOSED,2025-01-26 23:01:00+00:00,104000.0,104000.0,103000.0,105000.0,2025-01-30 03:47:00+00:00,58.67832472189169,0.445788824561447,3 days 04:46:00
805,63,GRID_BUY,CLOSED,2025-01-26 23:17:00+00:00,103000.0,103000.0,103000.0,104000.0,2025-01-29 20:24:00+00:00,58.67832472189169,0.45125568665543625,2 days 21:07:00
806,63,GRID_BUY,CLOSED,2025-01-27 00:47:00+00:00,102000.0,102000.0,103000.0,103000.0,2025-01-28 04:28:00+00:00,58.67832472189169,0.45682974212380145,1 days 03:41:00
807,63,GRID_BUY,CLOSED,2025-01-27 02:02:00+00:00,101000.0,101000.0,103000.0,102000.0,2025-01-27 14:51:00+00:00,58.67832472189169,0.46251417492819513,0 days 12:49:00
808,63,GRID_BUY,CLOSED,2025-01-27 05:50:00+00:00,100000.0,100000.0,103000.0,101000.0,2025-01-27 13:08:00+00:00,58.67832472189169,0.46831229638866034,0 days 07:18:00
809,63,GRID_BUY,CLOSED,2025-01-27 06:45:00+00:00,99000.0,99000.0,103000.0,100000.0,2025-01-27 12:54:00+00:00,58.67832472189169,0.4742275516160177,0 days 06:09:00
810,63,GRID_BUY,CLOSED,2025-01-27 07:29:00+00:00,98000.0,98000.0,103000.0,99000.0,2025-01-27 07:42:00+00:00,58.67832472189169,0.4802635263378079,0 days 00:13:00
811,64,GRID_BUY,CLOSED,2025-01-27 13:53:00+00:00,100000.0,100000.0,98000.0,101000.0,2025-01-27 14:31:00+00:00,58.67832472189169,0.46831229638866034,0 days 00:38:00
812,64,GRID_BUY,CLOSED,2025-01-27 15:19:00+00:00,101000.0,101000.0,98000.0,102000.0,2025-01-27 21:08:00+00:00,58.67832472189169,0.46251417492819513,0 days 05:49:00
813,64,GRID_BUY,CLOSED,2025-01-27 16:38:00+00:00,100000.0,100000.0,98000.0,101000.0,2025-01-27 20:45:00+00:00,58.67832472189169,0.46831229638866034,0 days 04:07:00
814,64,GRID_BUY,CLOSED,2025-01-27 18:50:00+00:00,99000.0,99000.0,98000.0,100000.0,2025-01-27 20:20:00+00:00,58.67832472189169,0.4742275516160177,0 days 01:30:00
815,64,GRID_BUY,CLOSED,2025-01-27 21:43:00+00:00,101000.0,101000.0,98000.0,102000.0,2025-01-27 23:08:00+00:00,58.67832472189169,0.46251417492819513,0 days 01:25:00
816,65,GRID_BUY,CLOSED,2025-01-28 14:13:00+00:00,102000.0,102000.0,103000.0,103000.0,2025-01-28 15:01:00+00:00,58.67832472189169,0.45682974212380145,0 days 00:48:00
817,65,GRID_BUY,CLOSED,2025-01-28 16:25:00+00:00,102000.0,102000.0,103000.0,103000.0,2025-01-28 17:10:00+00:00,58.67832472189169,0.45682974212380145,0 days 00:45:00
818,65,GRID_BUY,CLOSED,2025-01-28 19:05:00+00:00,102000.0,102000.0,103000.0,103000.0,2025-01-29 08:05:00+00:00,58.67832472189169,0.45682974212380145,0 days 13:00:00
819,65,GRID_BUY,CLOSED,2025-01-28 21:37:00+00:00,101000.0,101000.0,103000.0,102000.0,2025-01-29 02:04:00+00:00,58.67832472189169,0.46251417492819513,0 days 04:27:00
820,65,GRID_BUY,CLOSED,2025-01-29 13:05:00+00:00,102000.0,102000.0,103000.0,103000.0,2025-01-29 18:55:00+00:00,58.67832472189169,0.45682974212380145,0 days 05:50:00
821,65,GRID_BUY,CLOSED,2025-01-29 19:03:00+00:00,102000.0,102000.0,103000.0,103000.0,2025-01-29 19:40:00+00:00,58.67832472189169,0.45682974212380145,0 days 00:37:00
822,65,GRID_BUY,CLOSED,2025-01-30 17:38:00+00:00,105000.0,105000.0,103000.0,106000.0,2025-01-31 15:55:00+00:00,58.67832472189169,0.44042609317401116,0 days 22:17:00
823,65,GRID_BUY,CLOSED,2025-01-31 03:05:00+00:00,104000.0,104000.0,103000.0,105000.0,2025-01-31 13:06:00+00:00,58.67832472189169,0.445788824561447,0 days 10:01:00
824,65,GRID_BUY,CLOSED,2025-01-31 16:26:00+00:00,105000.0,105000.0,103000.0,106000.0,2025-05-18 23:50:00+00:00,58.67832472189169,0.44042609317401116,107 days 07:24:00
825,65,GRID_BUY,CLOSED,2025-01-31 18:29:00+00:00,104000.0,104000.0,103000.0,105000.0,2025-05-12 01:07:00+00:00,58.67832472189169,0.445788824561447,100 days 06:38:00
826,65,GRID_BUY,CLOSED,2025-01-31 18:45:00+00:00,103000.0,103000.0,103000.0,104000.0,2025-05-08 21:21:00+00:00,58.67832472189169,0.45125568665543625,97 days 02:36:00
827,65,GRID_BUY,CLOSED,2025-01-31 20:16:00+00:00,102000.0,102000.0,103000.0,103000.0,2025-05-08 21:18:00+00:00,58.67832472189169,0.45682974212380145,97 days 01:02:00
828,65,GRID_BUY,CLOSED,2025-02-01 20:47:00+00:00,101000.0,101000.0,103000.0,102000.0,2025-02-03 22:06:00+00:00,58.67832472189169,0.46251417492819513,2 days 01:19:00
829,65,GRID_BUY,CLOSED,2025-02-02 03:10:00+00:00,100000.0,100000.0,103000.0,101000.0,2025-02-03 19:35:00+00:00,58.67832472189169,0.46831229638866034,1 days 16:25:00
830,65,GRID_BUY,CLOSED,2025-02-02 11:28:00+00:00,99000.0,99000.0,103000.0,100000.0,2025-02-03 19:00:00+00:00,58.67832472189169,0.4742275516160177,1 days 07:32:00
831,65,GRID_BUY,CLOSED,2025-02-02 17:17:00+00:00,98000.0,98000.0,103000.0,99000.0,2025-02-03 15:43:00+00:00,58.67832472189169,0.4802635263378079,0 days 22:26:00
832,66,GRID_BUY,CLOSED,2025-02-02 18:44:00+00:00,97000.0,97000.0,98000.0,98000.0,2025-02-02 19:39:00+00:00,58.67832472189169,0.4864239541466304,0 days 00:55:00
833,66,GRID_BUY,CLOSED,2025-02-02 21:29:00+00:00,97000.0,97000.0,98000.0,98000.0,2025-02-02 22:59:00+00:00,58.67832472189169,0.4864239541466304,0 days 01:30:00
834,66,GRID_BUY,CLOSED,2025-02-02 23:24:00+00:00,97000.0,97000.0,98000.0,98000.0,2025-02-03 15:25:00+00:00,58.67832472189169,0.4864239541466304,0 days 16:01:00
835,66,GRID_BUY,CLOSED,2025-02-03 00:43:00+00:00,96000.0,96000.0,98000.0,97000.0,2025-02-03 15:17:00+00:00,58.67832472189169,0.49271272420148904,0 days 14:34:00
836,66,GRID_BUY,CLOSED,2025-02-03 01:35:00+00:00,95000.0,95000.0,98000.0,96000.0,2025-02-03 14:33:00+00:00,58.67832472189169,0.4991338894153827,0 days 12:58:00
837,66,GRID_BUY,CLOSED,2025-02-03 01:44:00+00:00,94000.0,94000.0,98000.0,95000.0,2025-02-03 07:48:00+00:00,58.67832472189169,0.5056916751657639,0 days 06:04:00
838,66,GRID_BUY,CLOSED,2025-02-03 01:49:00+00:00,93000.0,93000.0,98000.0,94000.0,2025-02-03 02:12:00+00:00,58.67832472189169,0.5123904885666661,0 days 00:23:00
839,67,GRID_BUY,CLOSED,2025-02-03 01:55:00+00:00,92000.0,92000.0,93000.0,93000.0,2025-02-03 01:56:00+00:00,58.67832472189169,0.5192349283458597,0 days 00:01:00
840,67,GRID_BUY,CLOSED,2025-02-03 02:07:00+00:00,92000.0,92000.0,93000.0,93000.0,2025-02-03 02:08:00+00:00,58.67832472189169,0.5192349283458597,0 days 00:01:00
841,67,GRID_BUY,CLOSED,2025-02-03 04:34:00+00:00,93000.0,93000.0,93000.0,94000.0,2025-02-03 05:56:00+00:00,58.67832472189169,0.5123904885666661,0 days 01:22:00
842,68,GRID_BUY,CLOSED,2025-02-04 00:55:00+00:00,101000.0,101000.0,98000.0,102000.0,2025-05-08 20:39:00+00:00,58.67832472189169,0.46251417492819513,93 days 19:44:00
843,68,GRID_BUY,CLOSED,2025-02-04 05:01:00+00:00,100000.0,100000.0,98000.0,101000.0,2025-05-08 15:40:00+00:00,58.67832472189169,0.46831229638866034,93 days 10:39:00
844,68,GRID_BUY,CLOSED,2025-02-04 05:16:00+00:00,99000.0,99000.0,98000.0,100000.0,2025-02-04 14:33:00+00:00,58.67832472189169,0.4742275516160177,0 days 09:17:00
845,68,GRID_BUY,CLOSED,2025-02-04 08:43:00+00:00,98000.0,98000.0,98000.0,99000.0,2025-02-04 11:04:00+00:00,58.67832472189169,0.4802635263378079,0 days 02:21:00
846,68,GRID_BUY,CLOSED,2025-02-04 15:16:00+00:00,99000.0,99000.0,98000.0,100000.0,2025-02-04 19:15:00+00:00,58.67832472189169,0.4742275516160177,0 days 03:59:00
847,68,GRID_BUY,CLOSED,2025-02-04 19:52:00+00:00,99000.0,99000.0,98000.0,100000.0,2025-02-07 14:45:00+00:00,58.67832472189169,0.4742275516160177,2 days 18:53:00
848,68,GRID_BUY,CLOSED,2025-02-04 20:25:00+00:00,98000.0,98000.0,98000.0,99000.0,2025-02-04 20:54:00+00:00,58.67832472189169,0.4802635263378079,0 days 00:29:00
849,68,GRID_BUY,CLOSED,2025-02-04 21:01:00+00:00,98000.0,98000.0,98000.0,99000.0,2025-02-05 14:41:00+00:00,58.67832472189169,0.4802635263378079,0 days 17:40:00
850,68,GRID_BUY,CLOSED,2025-02-04 21:32:00+00:00,97000.0,97000.0,98000.0,98000.0,2025-02-04 23:52:00+00:00,58.67832472189169,0.4864239541466304,0 days 02:20:00
851,68,GRID_BUY,CLOSED,2025-02-05 15:04:00+00:00,98000.0,98000.0,98000.0,99000.0,2025-02-06 10:50:00+00:00,58.67832472189169,0.4802635263378079,0 days 19:46:00
852,68,GRID_BUY,CLOSED,2025-02-05 18:13:00+00:00,97000.0,97000.0,98000.0,98000.0,2025-02-06 06:16:00+00:00,58.67832472189169,0.4864239541466304,0 days 12:03:00
853,68,GRID_BUY,CLOSED,2025-02-06 14:31:00+00:00,98000.0,98000.0,98000.0,99000.0,2025-02-07 14:06:00+00:00,58.67832472189169,0.4802635263378079,0 days 23:35:00
854,68,GRID_BUY,CLOSED,2025-02-06 15:45:00+00:00,97000.0,97000.0,98000.0,98000.0,2025-02-07 12:47:00+00:00,58.67832472189169,0.4864239541466304,0 days 21:02:00
855,68,GRID_BUY,CLOSED,2025-02-06 18:31:00+00:00,96000.0,96000.0,98000.0,97000.0,2025-02-06 20:47:00+00:00,58.67832472189169,0.49271272420148904,0 days 02:16:00
856,68,GRID_BUY,CLOSED,2025-02-07 15:02:00+00:00,99000.0,99000.0,98000.0,100000.0,2025-05-08 15:21:00+00:00,58.67832472189169,0.4742275516160177,90 days 00:19:00
857,68,GRID_BUY,CLOSED,2025-02-07 15:19:00+00:00,98000.0,98000.0,98000.0,99000.0,2025-02-07 15:51:00+00:00,58.67832472189169,0.4802635263378079,0 days 00:32:00
858,68,GRID_BUY,CLOSED,2025-02-07 15:57:00+00:00,98000.0,98000.0,98000.0,99000.0,2025-02-21 13:01:00+00:00,58.67832472189169,0.4802635263378079,13 days 21:04:00
859,68,GRID_BUY,CLOSED,2025-02-07 19:40:00+00:00,97000.0,97000.0,98000.0,98000.0,2025-02-10 13:55:00+00:00,58.67832472189169,0.4864239541466304,2 days 18:15:00
860,68,GRID_BUY,CLOSED,2025-02-07 20:37:00+00:00,96000.0,96000.0,98000.0,97000.0,2025-02-09 02:00:00+00:00,58.67832472189169,0.49271272420148904,1 days 05:23:00
861,68,GRID_BUY,CLOSED,2025-02-09 13:48:00+00:00,96000.0,96000.0,98000.0,97000.0,2025-02-10 00:06:00+00:00,58.67832472189169,0.49271272420148904,0 days 10:18:00
862,68,GRID_BUY,CLOSED,2025-02-09 21:44:00+00:00,95000.0,95000.0,98000.0,96000.0,2025-02-09 22:41:00+00:00,58.67832472189169,0.4991338894153827,0 days 00:57:00
863,68,GRID_BUY,CLOSED,2025-02-10 01:41:00+00:00,96000.0,96000.0,98000.0,97000.0,2025-02-10 03:36:00+00:00,58.67832472189169,0.49271272420148904,0 days 01:55:00
864,68,GRID_BUY,CLOSED,2025-02-10 15:26:00+00:00,97000.0,97000.0,98000.0,98000.0,2025-02-11 00:42:00+00:00,58.67832472189169,0.4864239541466304,0 days 09:16:00
865,68,GRID_BUY,CLOSED,2025-02-11 13:50:00+00:00,97000.0,97000.0,98000.0,98000.0,2025-02-12 22:32:00+00:00,58.67832472189169,0.4864239541466304,1 days 08:42:00
866,68,GRID_BUY,CLOSED,2025-02-11 17:53:00+00:00,96000.0,96000.0,98000.0,97000.0,2025-02-12 16:57:00+00:00,58.67832472189169,0.49271272420148904,0 days 23:04:00
867,68,GRID_BUY,CLOSED,2025-02-11 19:27:00+00:00,95000.0,95000.0,98000.0,96000.0,2025-02-11 21:35:00+00:00,58.67832472189169,0.4991338894153827,0 days 02:08:00
868,68,GRID_BUY,CLOSED,2025-02-12 13:32:00+00:00,95000.0,95000.0,98000.0,96000.0,2025-02-12 16:50:00+00:00,58.67832472189169,0.4991338894153827,0 days 03:18:00
869,68,GRID_BUY,CLOSED,2025-02-13 04:52:00+00:00,97000.0,97000.0,98000.0,98000.0,2025-02-14 17:43:00+00:00,58.67832472189169,0.4864239541466304,1 days 12:51:00
870,68,GRID_BUY,CLOSED,2025-02-13 06:46:00+00:00,96000.0,96000.0,98000.0,97000.0,2025-02-14 03:49:00+00:00,58.67832472189169,0.49271272420148904,0 days 21:03:00
871,68,GRID_BUY,CLOSED,2025-02-14 21:08:00+00:00,97000.0,97000.0,98000.0,98000.0,2025-02-20 14:33:00+00:00,58.67832472189169,0.4864239541466304,5 days 17:25:00
872,68,GRID_BUY,CLOSED,2025-02-17 05:00:00+00:00,96000.0,96000.0,98000.0,97000.0,2025-02-17 14:17:00+00:00,58.67832472189169,0.49271272420148904,0 days 09:17:00
873,68,GRID_BUY,CLOSED,2025-02-17 15:47:00+00:00,96000.0,96000.0,98000.0,97000.0,2025-02-20 01:03:00+00:00,58.67832472189169,0.49271272420148904,2 days 09:16:00
874,68,GRID_BUY,CLOSED,2025-02-18 16:36:00+00:00,95000.0,95000.0,98000.0,96000.0,2025-02-19 09:56:00+00:00,58.67832472189169,0.4991338894153827,0 days 17:20:00
875,68,GRID_BUY,CLOSED,2025-02-18 18:00:00+00:00,94000.0,94000.0,98000.0,95000.0,2025-02-18 21:07:00+00:00,58.67832472189169,0.5056916751657639,0 days 03:07:00
876,68,GRID_BUY,CLOSED,2025-02-20 14:57:00+00:00,97000.0,97000.0,98000.0,98000.0,2025-02-20 18:00:00+00:00,58.67832472189169,0.4864239541466304,0 days 03:03:00
877,68,GRID_BUY,CLOSED,2025-02-21 15:25:00+00:00,98000.0,98000.0,98000.0,99000.0,2025-05-08 03:44:00+00:00,58.67832472189169,0.4802635263378079,75 days 12:19:00
878,68,GRID_BUY,CLOSED,2025-02-21 17:45:00+00:00,97000.0,97000.0,98000.0,98000.0,2025-05-08 01:00:00+00:00,58.67832472189169,0.4864239541466304,75 days 07:15:00
879,68,GRID_BUY,CLOSED,2025-02-21 19:26:00+00:00,96000.0,96000.0,98000.0,97000.0,2025-05-01 15:09:00+00:00,58.67832472189169,0.49271272420148904,68 days 19:43:00
880,68,GRID_BUY,CLOSED,2025-02-21 20:56:00+00:00,95000.0,95000.0,98000.0,96000.0,2025-02-21 23:25:00+00:00,58.67832472189169,0.4991338894153827,0 days 02:29:00
881,68,GRID_BUY,CLOSED,2025-02-24 14:50:00+00:00,95000.0,95000.0,98000.0,96000.0,2025-05-01 10:17:00+00:00,58.67832472189169,0.4991338894153827,65 days 19:27:00
882,68,GRID_BUY,CLOSED,2025-02-24 15:46:00+00:00,94000.0,94000.0,98000.0,95000.0,2025-02-24 17:20:00+00:00,58.67832472189169,0.5056916751657639,0 days 01:34:00
883,68,GRID_BUY,CLOSED,2025-02-24 19:42:00+00:00,94000.0,94000.0,98000.0,95000.0,2025-03-02 17:47:00+00:00,58.67832472189169,0.5056916751657639,5 days 22:05:00
884,68,GRID_BUY,CLOSED,2025-02-24 22:17:00+00:00,93000.0,93000.0,98000.0,94000.0,2025-03-02 17:40:00+00:00,58.67832472189169,0.5123904885666661,5 days 19:23:00
885,69,GRID_BUY,CLOSED,2025-02-24 23:33:00+00:00,92000.0,92000.0,93000.0,93000.0,2025-03-02 17:31:00+00:00,58.67832472189169,0.5192349283458597,5 days 17:58:00
886,69,GRID_BUY,CLOSED,2025-02-25 00:14:00+00:00,91000.0,91000.0,93000.0,92000.0,2025-02-25 00:20:00+00:00,58.67832472189169,0.5262297953729416,0 days 00:06:00
887,69,GRID_BUY,CLOSED,2025-02-25 07:06:00+00:00,91000.0,91000.0,93000.0,92000.0,2025-03-02 17:17:00+00:00,58.67832472189169,0.5262297953729416,5 days 10:11:00
888,69,GRID_BUY,CLOSED,2025-02-25 07:24:00+00:00,90000.0,90000.0,93000.0,91000.0,2025-03-02 16:39:00+00:00,58.67832472189169,0.5333801038895345,5 days 09:15:00
889,69,GRID_BUY,CLOSED,2025-02-25 07:25:00+00:00,89000.0,89000.0,93000.0,90000.0,2025-02-25 08:16:00+00:00,58.67832472189169,0.5406910934963634,0 days 00:51:00
890,69,GRID_BUY,CLOSED,2025-02-25 09:21:00+00:00,89000.0,89000.0,93000.0,90000.0,2025-03-02 16:35:00+00:00,58.67832472189169,0.5406910934963634,5 days 07:14:00
891,69,GRID_BUY,CLOSED,2025-02-25 10:01:00+00:00,88000.0,88000.0,93000.0,89000.0,2025-02-25 11:47:00+00:00,58.67832472189169,0.5481682419578959,0 days 01:46:00
892,70,GRID_BUY,CLOSED,2025-02-25 10:23:00+00:00,87000.0,87000.0,88000.0,88000.0,2025-02-25 10:30:00+00:00,58.67832472189169,0.5558172788898261,0 days 00:07:00
893,70,GRID_BUY,CLOSED,2025-02-25 14:41:00+00:00,88000.0,88000.0,88000.0,89000.0,2025-02-25 20:35:00+00:00,58.67832472189169,0.5481682419578959,0 days 05:54:00
894,70,GRID_BUY,CLOSED,2025-02-25 15:00:00+00:00,87000.0,87000.0,88000.0,88000.0,2025-02-25 19:56:00+00:00,58.67832472189169,0.5558172788898261,0 days 04:56:00
895,70,GRID_BUY,CLOSED,2025-02-25 20:59:00+00:00,88000.0,88000.0,88000.0,89000.0,2025-02-25 22:03:00+00:00,58.67832472189169,0.5481682419578959,0 days 01:04:00
896,70,GRID_BUY,CLOSED,2025-02-26 12:50:00+00:00,88000.0,88000.0,88000.0,89000.0,2025-03-02 16:17:00+00:00,58.67832472189169,0.5481682419578959,4 days 03:27:00
897,70,GRID_BUY,CLOSED,2025-02-26 14:00:00+00:00,87000.0,87000.0,88000.0,88000.0,2025-02-26 15:01:00+00:00,58.67832472189169,0.5558172788898261,0 days 01:01:00
898,70,GRID_BUY,CLOSED,2025-02-26 14:21:00+00:00,86000.0,86000.0,88000.0,87000.0,2025-02-26 14:47:00+00:00,58.67832472189169,0.5636442004015549,0 days 00:26:00
899,70,GRID_BUY,CLOSED,2025-02-26 16:10:00+00:00,87000.0,87000.0,88000.0,88000.0,2025-03-02 15:37:00+00:00,58.67832472189169,0.5558172788898261,3 days 23:27:00
900,70,GRID_BUY,CLOSED,2025-02-26 17:52:00+00:00,86000.0,86000.0,88000.0,87000.0,2025-02-27 10:56:00+00:00,58.67832472189169,0.5636442004015549,0 days 17:04:00
901,70,GRID_BUY,CLOSED,2025-02-26 18:36:00+00:00,85000.0,85000.0,88000.0,86000.0,2025-02-27 06:20:00+00:00,58.67832472189169,0.5716552847723761,0 days 11:44:00
902,70,GRID_BUY,CLOSED,2025-02-26 18:38:00+00:00,84000.0,84000.0,88000.0,85000.0,2025-02-26 18:45:00+00:00,58.67832472189169,0.5798571092472784,0 days 00:07:00
903,70,GRID_BUY,CLOSED,2025-02-26 18:52:00+00:00,84000.0,84000.0,88000.0,85000.0,2025-02-26 19:17:00+00:00,58.67832472189169,0.5798571092472784,0 days 00:25:00
904,70,GRID_BUY,CLOSED,2025-02-26 19:44:00+00:00,84000.0,84000.0,88000.0,85000.0,2025-02-26 21:21:00+00:00,58.67832472189169,0.5798571092472784,0 days 01:37:00
905,70,GRID_BUY,CLOSED,2025-02-26 20:16:00+00:00,83000.0,83000.0,88000.0,84000.0,2025-02-26 20:41:00+00:00,58.67832472189169,0.5882565680468801,0 days 00:25:00
906,71,GRID_BUY,CLOSED,2025-02-26 21:34:00+00:00,84000.0,84000.0,83000.0,85000.0,2025-02-26 22:03:00+00:00,58.67832472189169,0.5798571092472784,0 days 00:29:00
907,71,GRID_BUY,CLOSED,2025-02-26 23:22:00+00:00,84000.0,84000.0,83000.0,85000.0,2025-02-27 01:24:00+00:00,58.67832472189169,0.5798571092472784,0 days 02:02:00
908,71,GRID_BUY,CLOSED,2025-02-27 13:50:00+00:00,86000.0,86000.0,83000.0,87000.0,2025-03-02 15:28:00+00:00,58.67832472189169,0.5636442004015549,3 days 01:38:00
909,71,GRID_BUY,CLOSED,2025-02-27 14:58:00+00:00,85000.0,85000.0,83000.0,86000.0,2025-02-27 15:39:00+00:00,58.67832472189169,0.5716552847723761,0 days 00:41:00
910,71,GRID_BUY,CLOSED,2025-02-27 16:26:00+00:00,85000.0,85000.0,83000.0,86000.0,2025-03-01 04:32:00+00:00,58.67832472189169,0.5716552847723761,1 days 12:06:00
911,71,GRID_BUY,CLOSED,2025-02-27 19:30:00+00:00,84000.0,84000.0,83000.0,85000.0,2025-02-28 18:52:00+00:00,58.67832472189169,0.5798571092472784,0 days 23:22:00
912,71,GRID_BUY,CLOSED,2025-02-27 20:16:00+00:00,83000.0,83000.0,83000.0,84000.0,2025-02-27 21:16:00+00:00,58.67832472189169,0.5882565680468801,0 days 01:00:00
913,71,GRID_BUY,CLOSED,2025-02-28 01:30:00+00:00,83000.0,83000.0,83000.0,84000.0,2025-02-28 15:24:00+00:00,58.67832472189169,0.5882565680468801,0 days 13:54:00
914,71,GRID_BUY,CLOSED,2025-02-28 01:32:00+00:00,82000.0,82000.0,83000.0,83000.0,2025-02-28 15:10:00+00:00,58.67832472189169,0.5968608916952434,0 days 13:38:00
915,71,GRID_BUY,CLOSED,2025-02-28 02:32:00+00:00,81000.0,81000.0,83000.0,82000.0,2025-02-28 14:06:00+00:00,58.67832472189169,0.6056776677793607,0 days 11:34:00
916,71,GRID_BUY,CLOSED,2025-02-28 02:44:00+00:00,80000.0,80000.0,83000.0,81000.0,2025-02-28 03:00:00+00:00,58.67832472189169,0.614714863265597,0 days 00:16:00
917,71,GRID_BUY,CLOSED,2025-02-28 04:02:00+00:00,80000.0,80000.0,83000.0,81000.0,2025-02-28 13:05:00+00:00,58.67832472189169,0.614714863265597,0 days 09:03:00
918,71,GRID_BUY,CLOSED,2025-02-28 07:36:00+00:00,79000.0,79000.0,83000.0,80000.0,2025-02-28 09:27:00+00:00,58.67832472189169,0.6239808485109748,0 days 01:51:00
919,71,GRID_BUY,CLOSED,2025-02-28 20:19:00+00:00,84000.0,84000.0,83000.0,85000.0,2025-03-01 02:27:00+00:00,58.67832472189169,0.5798571092472784,0 days 06:08:00
920,71,GRID_BUY,CLOSED,2025-03-01 06:32:00+00:00,85000.0,85000.0,83000.0,86000.0,2025-03-01 21:57:00+00:00,58.67832472189169,0.5716552847723761,0 days 15:25:00
921,72,GRID_BUY,CLOSED,2025-03-02 15:49:00+00:00,87000.0,87000.0,88000.0,88000.0,2025-03-02 16:03:00+00:00,58.67832472189169,0.5558172788898261,0 days 00:14:00
922,73,GRID_BUY,CLOSED,2025-03-02 17:48:00+00:00,94000.0,94000.0,93000.0,95000.0,2025-04-25 14:12:00+00:00,58.67832472189169,0.5056916751657639,53 days 20:24:00
923,73,GRID_BUY,CLOSED,2025-03-02 18:34:00+00:00,93000.0,93000.0,93000.0,94000.0,2025-03-02 20:22:00+00:00,58.67832472189169,0.5123904885666661,0 days 01:48:00
924,73,GRID_BUY,CLOSED,2025-03-03 01:13:00+00:00,93000.0,93000.0,93000.0,94000.0,2025-04-23 07:58:00+00:00,58.67832472189169,0.5123904885666661,51 days 06:45:00
925,73,GRID_BUY,CLOSED,2025-03-03 06:44:00+00:00,92000.0,92000.0,93000.0,93000.0,2025-03-03 12:02:00+00:00,58.67832472189169,0.5192349283458597,0 days 05:18:00
926,73,GRID_BUY,CLOSED,2025-03-03 14:38:00+00:00,92000.0,92000.0,93000.0,93000.0,2025-04-22 21:49:00+00:00,58.67832472189169,0.5192349283458597,50 days 07:11:00
927,73,GRID_BUY,CLOSED,2025-03-03 14:43:00+00:00,91000.0,91000.0,93000.0,92000.0,2025-03-06 02:56:00+00:00,58.67832472189169,0.5262297953729416,2 days 12:13:00
928,73,GRID_BUY,CLOSED,2025-03-03 14:56:00+00:00,90000.0,90000.0,93000.0,91000.0,2025-03-03 15:23:00+00:00,58.67832472189169,0.5333801038895345,0 days 00:27:00
929,73,GRID_BUY,CLOSED,2025-03-03 15:59:00+00:00,90000.0,90000.0,93000.0,91000.0,2025-03-03 17:43:00+00:00,58.67832472189169,0.5333801038895345,0 days 01:44:00
930,73,GRID_BUY,CLOSED,2025-03-03 18:05:00+00:00,90000.0,90000.0,93000.0,91000.0,2025-03-05 23:45:00+00:00,58.67832472189169,0.5333801038895345,2 days 05:40:00
931,73,GRID_BUY,CLOSED,2025-03-03 18:18:00+00:00,89000.0,89000.0,93000.0,90000.0,2025-03-05 10:33:00+00:00,58.67832472189169,0.5406910934963634,1 days 16:15:00
932,73,GRID_BUY,CLOSED,2025-03-03 18:27:00+00:00,88000.0,88000.0,93000.0,89000.0,2025-03-05 10:25:00+00:00,58.67832472189169,0.5481682419578959,1 days 15:58:00
933,74,GRID_BUY,CLOSED,2025-03-03 18:39:00+00:00,87000.0,87000.0,88000.0,88000.0,2025-03-04 19:14:00+00:00,58.67832472189169,0.5558172788898261,1 days 00:35:00
934,74,GRID_BUY,CLOSED,2025-03-03 19:54:00+00:00,86000.0,86000.0,88000.0,87000.0,2025-03-03 22:54:00+00:00,58.67832472189169,0.5636442004015549,0 days 03:00:00
935,74,GRID_BUY,CLOSED,2025-03-03 23:05:00+00:00,86000.0,86000.0,88000.0,87000.0,2025-03-04 19:02:00+00:00,58.67832472189169,0.5636442004015549,0 days 19:57:00
936,74,GRID_BUY,CLOSED,2025-03-04 01:38:00+00:00,85000.0,85000.0,88000.0,86000.0,2025-03-04 18:13:00+00:00,58.67832472189169,0.5716552847723761,0 days 16:35:00
937,74,GRID_BUY,CLOSED,2025-03-04 01:41:00+00:00,84000.0,84000.0,88000.0,85000.0,2025-03-04 17:36:00+00:00,58.67832472189169,0.5798571092472784,0 days 15:55:00
938,74,GRID_BUY,CLOSED,2025-03-04 01:45:00+00:00,83000.0,83000.0,88000.0,84000.0,2025-03-04 02:53:00+00:00,58.67832472189169,0.5882565680468801,0 days 01:08:00
939,75,GRID_BUY,CLOSED,2025-03-04 13:20:00+00:00,83000.0,83000.0,83000.0,84000.0,2025-03-04 14:36:00+00:00,58.67832472189169,0.5882565680468801,0 days 01:16:00
940,75,GRID_BUY,CLOSED,2025-03-04 15:00:00+00:00,83000.0,83000.0,83000.0,84000.0,2025-03-04 17:15:00+00:00,58.67832472189169,0.5882565680468801,0 days 02:15:00
941,75,GRID_BUY,CLOSED,2025-03-04 15:20:00+00:00,82000.0,82000.0,83000.0,83000.0,2025-03-04 15:41:00+00:00,58.67832472189169,0.5968608916952434,0 days 00:21:00
942,76,GRID_BUY,CLOSED,2025-03-04 20:58:00+00:00,87000.0,87000.0,88000.0,88000.0,2025-03-04 21:24:00+00:00,58.67832472189169,0.5558172788898261,0 days 00:26:00
943,76,GRID_BUY,CLOSED,2025-03-05 00:17:00+00:00,87000.0,87000.0,88000.0,88000.0,2025-03-05 09:07:00+00:00,58.67832472189169,0.5558172788898261,0 days 08:50:00
944,76,GRID_BUY,CLOSED,2025-03-05 14:36:00+00:00,89000.0,89000.0,88000.0,90000.0,2025-03-05 17:29:00+00:00,58.67832472189169,0.5406910934963634,0 days 02:53:00
945,76,GRID_BUY,CLOSED,2025-03-05 15:28:00+00:00,88000.0,88000.0,88000.0,89000.0,2025-03-05 16:19:00+00:00,58.67832472189169,0.5481682419578959,0 days 00:51:00
946,76,GRID_BUY,CLOSED,2025-03-05 16:20:00+00:00,88000.0,88000.0,88000.0,89000.0,2025-03-05 16:58:00+00:00,58.67832472189169,0.5481682419578959,0 days 00:38:00
947,76,GRID_BUY,CLOSED,2025-03-05 18:08:00+00:00,89000.0,89000.0,88000.0,90000.0,2025-03-05 19:04:00+00:00,58.67832472189169,0.5406910934963634,0 days 00:56:00
948,76,GRID_BUY,CLOSED,2025-03-06 00:57:00+00:00,90000.0,90000.0,88000.0,91000.0,2025-03-06 01:46:00+00:00,58.67832472189169,0.5333801038895345,0 days 00:49:00
949,76,GRID_BUY,CLOSED,2025-03-06 09:05:00+00:00,91000.0,91000.0,88000.0,92000.0,2025-04-22 21:49:00+00:00,58.67832472189169,0.5262297953729416,47 days 12:44:00
950,76,GRID_BUY,CLOSED,2025-03-06 12:49:00+00:00,90000.0,90000.0,88000.0,91000.0,2025-03-06 15:08:00+00:00,58.67832472189169,0.5333801038895345,0 days 02:19:00
951,76,GRID_BUY,CLOSED,2025-03-06 16:28:00+00:00,90000.0,90000.0,88000.0,91000.0,2025-03-07 00:13:00+00:00,58.67832472189169,0.5333801038895345,0 days 07:45:00
952,76,GRID_BUY,CLOSED,2025-03-06 17:01:00+00:00,89000.0,89000.0,88000.0,90000.0,2025-03-06 22:00:00+00:00,58.67832472189169,0.5406910934963634,0 days 04:59:00
953,76,GRID_BUY,CLOSED,2025-03-06 19:30:00+00:00,88000.0,88000.0,88000.0,89000.0,2025-03-06 19:48:00+00:00,58.67832472189169,0.5481682419578959,0 days 00:18:00
954,76,GRID_BUY,CLOSED,2025-03-07 00:15:00+00:00,90000.0,90000.0,88000.0,91000.0,2025-03-07 14:48:00+00:00,58.67832472189169,0.5333801038895345,0 days 14:33:00
955,76,GRID_BUY,CLOSED,2025-03-07 00:15:00+00:00,89000.0,89000.0,88000.0,90000.0,2025-03-07 13:30:00+00:00,58.67832472189169,0.5406910934963634,0 days 13:15:00
956,76,GRID_BUY,CLOSED,2025-03-07 00:20:00+00:00,88000.0,88000.0,88000.0,89000.0,2025-03-07 09:28:00+00:00,58.67832472189169,0.5481682419578959,0 days 09:08:00
957,76,GRID_BUY,CLOSED,2025-03-07 00:23:00+00:00,87000.0,87000.0,88000.0,88000.0,2025-03-07 01:41:00+00:00,58.67832472189169,0.5558172788898261,0 days 01:18:00
958,76,GRID_BUY,CLOSED,2025-03-07 00:36:00+00:00,86000.0,86000.0,88000.0,87000.0,2025-03-07 01:18:00+00:00,58.67832472189169,0.5636442004015549,0 days 00:42:00
959,76,GRID_BUY,CLOSED,2025-03-07 00:54:00+00:00,85000.0,85000.0,88000.0,86000.0,2025-03-07 01:05:00+00:00,58.67832472189169,0.5716552847723761,0 days 00:11:00
960,76,GRID_BUY,CLOSED,2025-03-07 03:36:00+00:00,87000.0,87000.0,88000.0,88000.0,2025-03-07 05:08:00+00:00,58.67832472189169,0.5558172788898261,0 days 01:32:00
961,76,GRID_BUY,CLOSED,2025-03-07 14:27:00+00:00,89000.0,89000.0,88000.0,90000.0,2025-03-07 14:43:00+00:00,58.67832472189169,0.5406910934963634,0 days 00:16:00
962,76,GRID_BUY,CLOSED,2025-03-07 15:13:00+00:00,90000.0,90000.0,88000.0,91000.0,2025-04-22 15:02:00+00:00,58.67832472189169,0.5333801038895345,45 days 23:49:00
963,76,GRID_BUY,CLOSED,2025-03-07 15:30:00+00:00,89000.0,89000.0,88000.0,90000.0,2025-04-22 13:41:00+00:00,58.67832472189169,0.5406910934963634,45 days 22:11:00
964,76,GRID_BUY,CLOSED,2025-03-07 16:21:00+00:00,88000.0,88000.0,88000.0,89000.0,2025-03-07 18:53:00+00:00,58.67832472189169,0.5481682419578959,0 days 02:32:00
965,76,GRID_BUY,CLOSED,2025-03-07 16:42:00+00:00,87000.0,87000.0,88000.0,88000.0,2025-03-07 17:45:00+00:00,58.67832472189169,0.5558172788898261,0 days 01:03:00
966,76,GRID_BUY,CLOSED,2025-03-07 19:36:00+00:00,88000.0,88000.0,88000.0,89000.0,2025-04-22 12:56:00+00:00,58.67832472189169,0.5481682419578959,45 days 17:20:00
967,76,GRID_BUY,CLOSED,2025-03-07 20:39:00+00:00,87000.0,87000.0,88000.0,88000.0,2025-03-07 20:52:00+00:00,58.67832472189169,0.5558172788898261,0 days 00:13:00
968,76,GRID_BUY,CLOSED,2025-03-07 20:56:00+00:00,87000.0,87000.0,88000.0,88000.0,2025-03-24 14:04:00+00:00,58.67832472189169,0.5558172788898261,16 days 17:08:00
969,76,GRID_BUY,CLOSED,2025-03-07 21:06:00+00:00,86000.0,86000.0,88000.0,87000.0,2025-03-07 21:24:00+00:00,58.67832472189169,0.5636442004015549,0 days 00:18:00
970,76,GRID_BUY,CLOSED,2025-03-07 21:55:00+00:00,86000.0,86000.0,88000.0,87000.0,2025-03-19 23:43:00+00:00,58.67832472189169,0.5636442004015549,12 days 01:48:00
971,76,GRID_BUY,CLOSED,2025-03-09 10:48:00+00:00,85000.0,85000.0,88000.0,86000.0,2025-03-19 22:41:00+00:00,58.67832472189169,0.5716552847723761,10 days 11:53:00
972,76,GRID_BUY,CLOSED,2025-03-09 13:50:00+00:00,84000.0,84000.0,88000.0,85000.0,2025-03-14 15:32:00+00:00,58.67832472189169,0.5798571092472784,5 days 01:42:00
973,76,GRID_BUY,CLOSED,2025-03-09 14:17:00+00:00,83000.0,83000.0,88000.0,84000.0,2025-03-10 09:24:00+00:00,58.67832472189169,0.5882565680468801,0 days 19:07:00
974,77,GRID_BUY,CLOSED,2025-03-09 21:24:00+00:00,82000.0,82000.0,83000.0,83000.0,2025-03-10 09:17:00+00:00,58.67832472189169,0.5968608916952434,0 days 11:53:00
975,77,GRID_BUY,CLOSED,2025-03-09 22:32:00+00:00,81000.0,81000.0,83000.0,82000.0,2025-03-10 02:14:00+00:00,58.67832472189169,0.6056776677793607,0 days 03:42:00
976,77,GRID_BUY,CLOSED,2025-03-09 23:07:00+00:00,80000.0,80000.0,83000.0,81000.0,2025-03-09 23:17:00+00:00,58.67832472189169,0.614714863265597,0 days 00:10:00
977,77,GRID_BUY,CLOSED,2025-03-10 09:30:00+00:00,83000.0,83000.0,83000.0,84000.0,2025-03-12 12:30:00+00:00,58.67832472189169,0.5882565680468801,2 days 03:00:00
978,77,GRID_BUY,CLOSED,2025-03-10 10:25:00+00:00,82000.0,82000.0,83000.0,83000.0,2025-03-10 11:54:00+00:00,58.67832472189169,0.5968608916952434,0 days 01:29:00
979,77,GRID_BUY,CLOSED,2025-03-10 13:51:00+00:00,82000.0,82000.0,83000.0,83000.0,2025-03-11 18:46:00+00:00,58.67832472189169,0.5968608916952434,1 days 04:55:00
980,77,GRID_BUY,CLOSED,2025-03-10 14:02:00+00:00,81000.0,81000.0,83000.0,82000.0,2025-03-11 11:33:00+00:00,58.67832472189169,0.6056776677793607,0 days 21:31:00
981,77,GRID_BUY,CLOSED,2025-03-10 14:16:00+00:00,80000.0,80000.0,83000.0,81000.0,2025-03-10 15:37:00+00:00,58.67832472189169,0.614714863265597,0 days 01:21:00
982,77,GRID_BUY,CLOSED,2025-03-10 16:00:00+00:00,80000.0,80000.0,83000.0,81000.0,2025-03-11 08:28:00+00:00,58.67832472189169,0.614714863265597,0 days 16:28:00
983,77,GRID_BUY,CLOSED,2025-03-10 16:52:00+00:00,79000.0,79000.0,83000.0,80000.0,2025-03-11 04:19:00+00:00,58.67832472189169,0.6239808485109748,0 days 11:27:00
984,77,GRID_BUY,CLOSED,2025-03-10 18:53:00+00:00,78000.0,78000.0,83000.0,79000.0,2025-03-10 19:31:00+00:00,58.67832472189169,0.6334844231216081,0 days 00:38:00
985,78,GRID_BUY,CLOSED,2025-03-11 00:21:00+00:00,78000.0,78000.0,78000.0,79000.0,2025-03-11 01:51:00+00:00,58.67832472189169,0.6334844231216081,0 days 01:30:00
986,78,GRID_BUY,CLOSED,2025-03-11 00:34:00+00:00,77000.0,77000.0,78000.0,78000.0,2025-03-11 01:30:00+00:00,58.67832472189169,0.6432348438260362,0 days 00:56:00
987,78,GRID_BUY,CLOSED,2025-03-11 13:07:00+00:00,81000.0,81000.0,78000.0,82000.0,2025-03-11 13:27:00+00:00,58.67832472189169,0.6056776677793607,0 days 00:20:00
988,78,GRID_BUY,CLOSED,2025-03-11 13:34:00+00:00,81000.0,81000.0,78000.0,82000.0,2025-03-11 18:03:00+00:00,58.67832472189169,0.6056776677793607,0 days 04:29:00
989,78,GRID_BUY,CLOSED,2025-03-11 14:28:00+00:00,80000.0,80000.0,78000.0,81000.0,2025-03-11 15:09:00+00:00,58.67832472189169,0.614714863265597,0 days 00:41:00
990,79,GRID_BUY,CLOSED,2025-03-12 04:02:00+00:00,82000.0,82000.0,83000.0,83000.0,2025-03-12 11:56:00+00:00,58.67832472189169,0.5968608916952434,0 days 07:54:00
991,79,GRID_BUY,CLOSED,2025-03-12 13:49:00+00:00,83000.0,83000.0,83000.0,84000.0,2025-03-13 00:26:00+00:00,58.67832472189169,0.5882565680468801,0 days 10:37:00
992,79,GRID_BUY,CLOSED,2025-03-12 14:32:00+00:00,82000.0,82000.0,83000.0,83000.0,2025-03-12 19:20:00+00:00,58.67832472189169,0.5968608916952434,0 days 04:48:00
993,79,GRID_BUY,CLOSED,2025-03-12 15:05:00+00:00,81000.0,81000.0,83000.0,82000.0,2025-03-12 15:50:00+00:00,58.67832472189169,0.6056776677793607,0 days 00:45:00
994,79,GRID_BUY,CLOSED,2025-03-13 06:07:00+00:00,83000.0,83000.0,83000.0,84000.0,2025-03-14 15:03:00+00:00,58.67832472189169,0.5882565680468801,1 days 08:56:00
995,79,GRID_BUY,CLOSED,2025-03-13 13:53:00+00:00,82000.0,82000.0,83000.0,83000.0,2025-03-14 10:27:00+00:00,58.67832472189169,0.5968608916952434,0 days 20:34:00
996,79,GRID_BUY,CLOSED,2025-03-13 15:40:00+00:00,81000.0,81000.0,83000.0,82000.0,2025-03-14 02:48:00+00:00,58.67832472189169,0.6056776677793607,0 days 11:08:00
997,79,GRID_BUY,CLOSED,2025-03-13 17:46:00+00:00,80000.0,80000.0,83000.0,81000.0,2025-03-13 19:03:00+00:00,58.67832472189169,0.614714863265597,0 days 01:17:00
998,79,GRID_BUY,CLOSED,2025-03-14 16:34:00+00:00,84000.0,84000.0,83000.0,85000.0,2025-03-16 16:09:00+00:00,58.67832472189169,0.5798571092472784,1 days 23:35:00
999,79,GRID_BUY,CLOSED,2025-03-16 11:16:00+00:00,83000.0,83000.0,83000.0,84000.0,2025-03-16 16:08:00+00:00,58.67832472189169,0.5882565680468801,0 days 04:52:00
1000,79,GRID_BUY,CLOSED,2025-03-16 16:11:00+00:00,84000.0,84000.0,83000.0,85000.0,2025-03-19 18:53:00+00:00,58.67832472189169,0.5798571092472784,3 days 02:42:00
1001,79,GRID_BUY,CLOSED,2025-03-16 19:14:00+00:00,83000.0,83000.0,83000.0,84000.0,2025-03-17 12:00:00+00:00,58.67832472189169,0.5882565680468801,0 days 16:46:00
1002,79,GRID_BUY,CLOSED,2025-03-16 23:06:00+00:00,82000.0,82000.0,83000.0,83000.0,2025-03-17 00:33:00+00:00,58.67832472189169,0.5968608916952434,0 days 01:27:00
1003,79,GRID_BUY,CLOSED,2025-03-17 13:02:00+00:00,83000.0,83000.0,83000.0,84000.0,2025-03-17 17:33:00+00:00,58.67832472189169,0.5882565680468801,0 days 04:31:00
1004,79,GRID_BUY,CLOSED,2025-03-18 03:31:00+00:00,83000.0,83000.0,83000.0,84000.0,2025-03-19 11:38:00+00:00,58.67832472189169,0.5882565680468801,1 days 08:07:00
1005,79,GRID_BUY,CLOSED,2025-03-18 13:35:00+00:00,82000.0,82000.0,83000.0,83000.0,2025-03-19 00:28:00+00:00,58.67832472189169,0.5968608916952434,0 days 10:53:00
1006,79,GRID_BUY,CLOSED,2025-03-20 00:51:00+00:00,86000.0,86000.0,83000.0,87000.0,2025-03-24 05:19:00+00:00,58.67832472189169,0.5636442004015549,4 days 04:28:00
1007,79,GRID_BUY,CLOSED,2025-03-20 10:20:00+00:00,85000.0,85000.0,83000.0,86000.0,2025-03-20 14:06:00+00:00,58.67832472189169,0.5716552847723761,0 days 03:46:00
1008,79,GRID_BUY,CLOSED,2025-03-20 15:36:00+00:00,85000.0,85000.0,83000.0,86000.0,2025-03-23 23:58:00+00:00,58.67832472189169,0.5716552847723761,3 days 08:22:00
1009,79,GRID_BUY,CLOSED,2025-03-20 16:30:00+00:00,84000.0,84000.0,83000.0,85000.0,2025-03-23 11:26:00+00:00,58.67832472189169,0.5798571092472784,2 days 18:56:00
1010,80,GRID_BUY,CLOSED,2025-03-25 01:30:00+00:00,87000.0,87000.0,88000.0,88000.0,2025-03-25 14:41:00+00:00,58.67832472189169,0.5558172788898261,0 days 13:11:00
1011,80,GRID_BUY,CLOSED,2025-03-26 13:57:00+00:00,87000.0,87000.0,88000.0,88000.0,2025-04-02 20:14:00+00:00,58.67832472189169,0.5558172788898261,7 days 06:17:00
1012,80,GRID_BUY,CLOSED,2025-03-26 19:07:00+00:00,86000.0,86000.0,88000.0,87000.0,2025-03-26 20:11:00+00:00,58.67832472189169,0.5636442004015549,0 days 01:04:00
1013,80,GRID_BUY,CLOSED,2025-03-27 13:35:00+00:00,86000.0,86000.0,88000.0,87000.0,2025-03-27 14:39:00+00:00,58.67832472189169,0.5636442004015549,0 days 01:04:00
1014,80,GRID_BUY,CLOSED,2025-03-28 04:55:00+00:00,86000.0,86000.0,88000.0,87000.0,2025-04-02 15:33:00+00:00,58.67832472189169,0.5636442004015549,5 days 10:38:00
1015,80,GRID_BUY,CLOSED,2025-03-28 10:55:00+00:00,85000.0,85000.0,88000.0,86000.0,2025-04-02 13:49:00+00:00,58.67832472189169,0.5716552847723761,5 days 02:54:00
1016,80,GRID_BUY,CLOSED,2025-03-28 15:02:00+00:00,84000.0,84000.0,88000.0,85000.0,2025-04-01 15:16:00+00:00,58.67832472189169,0.5798571092472784,4 days 00:14:00
1017,80,GRID_BUY,CLOSED,2025-03-29 10:53:00+00:00,83000.0,83000.0,88000.0,84000.0,2025-04-01 08:29:00+00:00,58.67832472189169,0.5882565680468801,2 days 21:36:00
1018,81,GRID_BUY,CLOSED,2025-03-29 17:12:00+00:00,82000.0,82000.0,83000.0,83000.0,2025-03-30 01:06:00+00:00,58.67832472189169,0.5968608916952434,0 days 07:54:00
1019,81,GRID_BUY,CLOSED,2025-03-30 22:02:00+00:00,82000.0,82000.0,83000.0,83000.0,2025-03-31 12:51:00+00:00,58.67832472189169,0.5968608916952434,0 days 14:49:00
1020,81,GRID_BUY,CLOSED,2025-03-31 13:32:00+00:00,82000.0,82000.0,83000.0,83000.0,2025-03-31 14:07:00+00:00,58.67832472189169,0.5968608916952434,0 days 00:35:00
1021,81,GRID_BUY,CLOSED,2025-04-01 14:10:00+00:00,83000.0,83000.0,83000.0,84000.0,2025-04-01 14:51:00+00:00,58.67832472189169,0.5882565680468801,0 days 00:41:00
1022,81,GRID_BUY,CLOSED,2025-04-02 06:10:00+00:00,84000.0,84000.0,83000.0,85000.0,2025-04-02 09:06:00+00:00,58.67832472189169,0.5798571092472784,0 days 02:56:00
1023,82,GRID_BUY,CLOSED,2025-04-02 20:26:00+00:00,87000.0,87000.0,88000.0,88000.0,2025-04-21 14:21:00+00:00,58.67832472189169,0.5558172788898261,18 days 17:55:00
1024,82,GRID_BUY,CLOSED,2025-04-02 20:27:00+00:00,86000.0,86000.0,88000.0,87000.0,2025-04-21 00:46:00+00:00,58.67832472189169,0.5636442004015549,18 days 04:19:00
1025,82,GRID_BUY,CLOSED,2025-04-02 21:06:00+00:00,85000.0,85000.0,88000.0,86000.0,2025-04-13 01:31:00+00:00,58.67832472189169,0.5716552847723761,10 days 04:25:00
1026,82,GRID_BUY,CLOSED,2025-04-02 22:09:00+00:00,84000.0,84000.0,88000.0,85000.0,2025-04-12 14:25:00+00:00,58.67832472189169,0.5798571092472784,9 days 16:16:00
1027,82,GRID_BUY,CLOSED,2025-04-02 22:39:00+00:00,83000.0,83000.0,88000.0,84000.0,2025-04-04 07:51:00+00:00,58.67832472189169,0.5882565680468801,1 days 09:12:00
1028,83,GRID_BUY,CLOSED,2025-04-03 12:47:00+00:00,82000.0,82000.0,83000.0,83000.0,2025-04-03 23:46:00+00:00,58.67832472189169,0.5968608916952434,0 days 10:59:00
1029,83,GRID_BUY,CLOSED,2025-04-04 10:22:00+00:00,83000.0,83000.0,83000.0,84000.0,2025-04-04 17:37:00+00:00,58.67832472189169,0.5882565680468801,0 days 07:15:00
1030,83,GRID_BUY,CLOSED,2025-04-04 11:22:00+00:00,82000.0,82000.0,83000.0,83000.0,2025-04-04 12:30:00+00:00,58.67832472189169,0.5968608916952434,0 days 01:08:00
1031,83,GRID_BUY,CLOSED,2025-04-04 14:49:00+00:00,82000.0,82000.0,83000.0,83000.0,2025-04-04 15:01:00+00:00,58.67832472189169,0.5968608916952434,0 days 00:12:00
1032,83,GRID_BUY,CLOSED,2025-04-05 13:19:00+00:00,83000.0,83000.0,83000.0,84000.0,2025-04-11 17:44:00+00:00,58.67832472189169,0.5882565680468801,6 days 04:25:00
1033,83,GRID_BUY,CLOSED,2025-04-06 16:57:00+00:00,82000.0,82000.0,83000.0,83000.0,2025-04-09 20:55:00+00:00,58.67832472189169,0.5968608916952434,3 days 03:58:00
1034,83,GRID_BUY,CLOSED,2025-04-06 17:45:00+00:00,81000.0,81000.0,83000.0,82000.0,2025-04-09 17:58:00+00:00,58.67832472189169,0.6056776677793607,3 days 00:13:00
1035,83,GRID_BUY,CLOSED,2025-04-06 18:20:00+00:00,80000.0,80000.0,83000.0,81000.0,2025-04-07 14:17:00+00:00,58.67832472189169,0.614714863265597,0 days 19:57:00
1036,83,GRID_BUY,CLOSED,2025-04-06 18:47:00+00:00,79000.0,79000.0,83000.0,80000.0,2025-04-07 14:13:00+00:00,58.67832472189169,0.6239808485109748,0 days 19:26:00
1037,83,GRID_BUY,CLOSED,2025-04-06 22:51:00+00:00,78000.0,78000.0,83000.0,79000.0,2025-04-07 01:18:00+00:00,58.67832472189169,0.6334844231216081,0 days 02:27:00
1038,84,GRID_BUY,CLOSED,2025-04-07 03:33:00+00:00,78000.0,78000.0,78000.0,79000.0,2025-04-07 14:10:00+00:00,58.67832472189169,0.6334844231216081,0 days 10:37:00
1039,84,GRID_BUY,CLOSED,2025-04-07 04:17:00+00:00,77000.0,77000.0,78000.0,78000.0,2025-04-07 13:56:00+00:00,58.67832472189169,0.6432348438260362,0 days 09:39:00
1040,84,GRID_BUY,CLOSED,2025-04-07 06:25:00+00:00,76000.0,76000.0,78000.0,77000.0,2025-04-07 10:12:00+00:00,58.67832472189169,0.6532418545490017,0 days 03:47:00
1041,84,GRID_BUY,CLOSED,2025-04-07 06:44:00+00:00,75000.0,75000.0,78000.0,76000.0,2025-04-07 08:20:00+00:00,58.67832472189169,0.6635157188912402,0 days 01:36:00
1042,84,GRID_BUY,CLOSED,2025-04-07 13:42:00+00:00,76000.0,76000.0,78000.0,77000.0,2025-04-07 13:51:00+00:00,58.67832472189169,0.6532418545490017,0 days 00:09:00
1043,84,GRID_BUY,CLOSED,2025-04-07 14:20:00+00:00,80000.0,80000.0,78000.0,81000.0,2025-04-09 17:25:00+00:00,58.67832472189169,0.614714863265597,2 days 03:05:00
1044,84,GRID_BUY,CLOSED,2025-04-07 14:23:00+00:00,79000.0,79000.0,78000.0,80000.0,2025-04-07 22:50:00+00:00,58.67832472189169,0.6239808485109748,0 days 08:27:00
1045,84,GRID_BUY,CLOSED,2025-04-07 14:29:00+00:00,78000.0,78000.0,78000.0,79000.0,2025-04-07 14:33:00+00:00,58.67832472189169,0.6334844231216081,0 days 00:04:00
1046,84,GRID_BUY,CLOSED,2025-04-07 15:14:00+00:00,78000.0,78000.0,78000.0,79000.0,2025-04-07 15:44:00+00:00,58.67832472189169,0.6334844231216081,0 days 00:30:00
1047,84,GRID_BUY,CLOSED,2025-04-07 16:18:00+00:00,78000.0,78000.0,78000.0,79000.0,2025-04-07 17:45:00+00:00,58.67832472189169,0.6334844231216081,0 days 01:27:00
1048,84,GRID_BUY,CLOSED,2025-04-08 00:58:00+00:00,79000.0,79000.0,78000.0,80000.0,2025-04-08 01:36:00+00:00,58.67832472189169,0.6239808485109748,0 days 00:38:00
1049,84,GRID_BUY,CLOSED,2025-04-08 08:24:00+00:00,79000.0,79000.0,78000.0,80000.0,2025-04-08 11:58:00+00:00,58.67832472189169,0.6239808485109748,0 days 03:34:00
1050,84,GRID_BUY,CLOSED,2025-04-08 14:50:00+00:00,79000.0,79000.0,78000.0,80000.0,2025-04-09 17:21:00+00:00,58.67832472189169,0.6239808485109748,1 days 02:31:00
1051,84,GRID_BUY,CLOSED,2025-04-08 16:18:00+00:00,78000.0,78000.0,78000.0,79000.0,2025-04-09 17:19:00+00:00,58.67832472189169,0.6334844231216081,1 days 01:01:00
1052,84,GRID_BUY,CLOSED,2025-04-08 17:12:00+00:00,77000.0,77000.0,78000.0,78000.0,2025-04-09 14:00:00+00:00,58.67832472189169,0.6432348438260362,0 days 20:48:00
1053,84,GRID_BUY,CLOSED,2025-04-09 00:05:00+00:00,76000.0,76000.0,78000.0,77000.0,2025-04-09 06:01:00+00:00,58.67832472189169,0.6532418545490017,0 days 05:56:00
1054,84,GRID_BUY,CLOSED,2025-04-09 01:25:00+00:00,75000.0,75000.0,78000.0,76000.0,2025-04-09 01:49:00+00:00,58.67832472189169,0.6635157188912402,0 days 00:24:00
1055,84,GRID_BUY,CLOSED,2025-04-09 04:00:00+00:00,75000.0,75000.0,78000.0,76000.0,2025-04-09 04:15:00+00:00,58.67832472189169,0.6635157188912402,0 days 00:15:00
1056,84,GRID_BUY,CLOSED,2025-04-09 11:06:00+00:00,76000.0,76000.0,78000.0,77000.0,2025-04-09 12:55:00+00:00,58.67832472189169,0.6532418545490017,0 days 01:49:00
1057,84,GRID_BUY,CLOSED,2025-04-09 14:52:00+00:00,77000.0,77000.0,78000.0,78000.0,2025-04-09 16:50:00+00:00,58.67832472189169,0.6432348438260362,0 days 01:58:00
1058,85,GRID_BUY,CLOSED,2025-04-10 03:06:00+00:00,82000.0,82000.0,83000.0,83000.0,2025-04-11 13:39:00+00:00,58.67832472189169,0.5968608916952434,1 days 10:33:00
1059,85,GRID_BUY,CLOSED,2025-04-10 13:37:00+00:00,81000.0,81000.0,83000.0,82000.0,2025-04-11 09:27:00+00:00,58.67832472189169,0.6056776677793607,0 days 19:50:00
1060,85,GRID_BUY,CLOSED,2025-04-10 15:33:00+00:00,80000.0,80000.0,83000.0,81000.0,2025-04-11 04:15:00+00:00,58.67832472189169,0.614714863265597,0 days 12:42:00
1061,85,GRID_BUY,CLOSED,2025-04-10 15:48:00+00:00,79000.0,79000.0,83000.0,80000.0,2025-04-10 19:56:00+00:00,58.67832472189169,0.6239808485109748,0 days 04:08:00
1062,85,GRID_BUY,CLOSED,2025-04-11 00:59:00+00:00,79000.0,79000.0,83000.0,80000.0,2025-04-11 01:47:00+00:00,58.67832472189169,0.6239808485109748,0 days 00:48:00
1063,85,GRID_BUY,CLOSED,2025-04-11 14:21:00+00:00,82000.0,82000.0,83000.0,83000.0,2025-04-11 16:47:00+00:00,58.67832472189169,0.5968608916952434,0 days 02:26:00
1064,85,GRID_BUY,CLOSED,2025-04-12 02:49:00+00:00,83000.0,83000.0,83000.0,84000.0,2025-04-12 08:11:00+00:00,58.67832472189169,0.5882565680468801,0 days 05:22:00
1065,85,GRID_BUY,CLOSED,2025-04-13 02:17:00+00:00,85000.0,85000.0,83000.0,86000.0,2025-04-15 10:01:00+00:00,58.67832472189169,0.5716552847723761,2 days 07:44:00
1066,85,GRID_BUY,CLOSED,2025-04-13 13:40:00+00:00,84000.0,84000.0,83000.0,85000.0,2025-04-14 00:22:00+00:00,58.67832472189169,0.5798571092472784,0 days 10:42:00
1067,85,GRID_BUY,CLOSED,2025-04-14 15:40:00+00:00,84000.0,84000.0,83000.0,85000.0,2025-04-14 18:04:00+00:00,58.67832472189169,0.5798571092472784,0 days 02:24:00
1068,85,GRID_BUY,CLOSED,2025-04-15 14:19:00+00:00,85000.0,85000.0,83000.0,86000.0,2025-04-21 00:26:00+00:00,58.67832472189169,0.5716552847723761,5 days 10:07:00
1069,85,GRID_BUY,CLOSED,2025-04-15 19:45:00+00:00,84000.0,84000.0,83000.0,85000.0,2025-04-16 15:24:00+00:00,58.67832472189169,0.5798571092472784,0 days 19:39:00
1070,85,GRID_BUY,CLOSED,2025-04-16 17:46:00+00:00,84000.0,84000.0,83000.0,85000.0,2025-04-17 07:33:00+00:00,58.67832472189169,0.5798571092472784,0 days 13:47:00
1071,85,GRID_BUY,CLOSED,2025-04-17 14:29:00+00:00,84000.0,84000.0,83000.0,85000.0,2025-04-17 16:34:00+00:00,58.67832472189169,0.5798571092472784,0 days 02:05:00
1072,85,GRID_BUY,CLOSED,2025-04-20 10:54:00+00:00,84000.0,84000.0,83000.0,85000.0,2025-04-20 20:19:00+00:00,58.67832472189169,0.5798571092472784,0 days 09:25:00
1073,86,GRID_BUY,CLOSED,2025-04-21 17:00:00+00:00,87000.0,87000.0,88000.0,88000.0,2025-04-22 01:15:00+00:00,58.67832472189169,0.5558172788898261,0 days 08:15:00
1074,87,GRID_BUY,CLOSED,2025-04-23 13:58:00+00:00,93000.0,93000.0,93000.0,94000.0,2025-04-23 18:09:00+00:00,58.67832472189169,0.5123904885666661,0 days 04:11:00
1075,87,GRID_BUY,CLOSED,2025-04-23 15:27:00+00:00,92000.0,92000.0,93000.0,93000.0,2025-04-23 15:56:00+00:00,58.67832472189169,0.5192349283458597,0 days 00:29:00
1076,87,GRID_BUY,CLOSED,2025-04-23 19:26:00+00:00,93000.0,93000.0,93000.0,94000.0,2025-04-24 23:35:00+00:00,58.67832472189169,0.5123904885666661,1 days 04:09:00
1077,87,GRID_BUY,CLOSED,2025-04-24 08:28:00+00:00,92000.0,92000.0,93000.0,93000.0,2025-04-24 14:01:00+00:00,58.67832472189169,0.5192349283458597,0 days 05:33:00
1078,87,GRID_BUY,CLOSED,2025-04-25 02:56:00+00:00,93000.0,93000.0,93000.0,94000.0,2025-04-25 11:14:00+00:00,58.67832472189169,0.5123904885666661,0 days 08:18:00
1079,87,GRID_BUY,CLOSED,2025-04-26 11:52:00+00:00,94000.0,94000.0,93000.0,95000.0,2025-04-27 00:20:00+00:00,58.67832472189169,0.5056916751657639,0 days 12:28:00
1080,87,GRID_BUY,CLOSED,2025-04-27 05:13:00+00:00,94000.0,94000.0,93000.0,95000.0,2025-04-28 10:37:00+00:00,58.67832472189169,0.5056916751657639,1 days 05:24:00
1081,87,GRID_BUY,CLOSED,2025-04-28 01:31:00+00:00,93000.0,93000.0,93000.0,94000.0,2025-04-28 04:11:00+00:00,58.67832472189169,0.5123904885666661,0 days 02:40:00
1082,87,GRID_BUY,CLOSED,2025-04-28 13:58:00+00:00,94000.0,94000.0,93000.0,95000.0,2025-04-28 23:10:00+00:00,58.67832472189169,0.5056916751657639,0 days 09:12:00
1083,87,GRID_BUY,CLOSED,2025-04-29 23:05:00+00:00,94000.0,94000.0,93000.0,95000.0,2025-04-30 03:54:00+00:00,58.67832472189169,0.5056916751657639,0 days 04:49:00
1084,87,GRID_BUY,CLOSED,2025-04-30 13:41:00+00:00,94000.0,94000.0,93000.0,95000.0,2025-05-01 03:11:00+00:00,58.67832472189169,0.5056916751657639,0 days 13:30:00
1085,87,GRID_BUY,CLOSED,2025-04-30 14:00:00+00:00,93000.0,93000.0,93000.0,94000.0,2025-04-30 14:28:00+00:00,58.67832472189169,0.5123904885666661,0 days 00:28:00
1086,87,GRID_BUY,CLOSED,2025-05-03 10:42:00+00:00,96000.0,96000.0,93000.0,97000.0,2025-05-07 00:07:00+00:00,58.67832472189169,0.49271272420148904,3 days 13:25:00
1087,87,GRID_BUY,CLOSED,2025-05-04 22:32:00+00:00,95000.0,95000.0,93000.0,96000.0,2025-05-06 22:42:00+00:00,58.67832472189169,0.4991338894153827,2 days 00:10:00
1088,87,GRID_BUY,CLOSED,2025-05-05 01:31:00+00:00,94000.0,94000.0,93000.0,95000.0,2025-05-05 22:36:00+00:00,58.67832472189169,0.5056916751657639,0 days 21:05:00
1089,87,GRID_BUY,CLOSED,2025-05-06 10:45:00+00:00,94000.0,94000.0,93000.0,95000.0,2025-05-06 18:56:00+00:00,58.67832472189169,0.5056916751657639,0 days 08:11:00
1090,87,GRID_BUY,CLOSED,2025-05-07 18:09:00+00:00,96000.0,96000.0,93000.0,97000.0,2025-05-07 21:28:00+00:00,58.67832472189169,0.49271272420148904,0 days 03:19:00
1091,89,GRID_BUY,CLOSED,2025-05-08 21:42:00+00:00,103000.0,103000.0,103000.0,104000.0,2025-05-09 07:43:00+00:00,58.67832472189169,0.45125568665543625,0 days 10:01:00
1092,89,GRID_BUY,CLOSED,2025-05-09 08:40:00+00:00,103000.0,103000.0,103000.0,104000.0,2025-05-10 07:06:00+00:00,58.67832472189169,0.45125568665543625,0 days 22:26:00
1093,89,GRID_BUY,CLOSED,2025-05-12 01:35:00+00:00,104000.0,104000.0,103000.0,105000.0,2025-05-12 07:00:00+00:00,58.67832472189169,0.445788824561447,0 days 05:25:00
1094,89,GRID_BUY,CLOSED,2025-05-12 11:48:00+00:00,104000.0,104000.0,103000.0,105000.0,2025-05-18 14:38:00+00:00,58.67832472189169,0.445788824561447,6 days 02:50:00
1095,89,GRID_BUY,CLOSED,2025-05-12 14:29:00+00:00,103000.0,103000.0,103000.0,104000.0,2025-05-13 16:12:00+00:00,58.67832472189169,0.45125568665543625,1 days 01:43:00
1096,89,GRID_BUY,CLOSED,2025-05-12 18:07:00+00:00,102000.0,102000.0,103000.0,103000.0,2025-05-12 23:20:00+00:00,58.67832472189169,0.45682974212380145,0 days 05:13:00
1097,89,GRID_BUY,CLOSED,2025-05-12 18:47:00+00:00,101000.0,101000.0,103000.0,102000.0,2025-05-12 19:05:00+00:00,58.67832472189169,0.46251417492819513,0 days 00:18:00
1098,89,GRID_BUY,CLOSED,2025-05-13 02:16:00+00:00,102000.0,102000.0,103000.0,103000.0,2025-05-13 09:16:00+00:00,58.67832472189169,0.45682974212380145,0 days 07:00:00
1099,89,GRID_BUY,CLOSED,2025-05-14 09:04:00+00:00,103000.0,103000.0,103000.0,104000.0,2025-05-14 11:38:00+00:00,58.67832472189169,0.45125568665543625,0 days 02:34:00
1100,89,GRID_BUY,CLOSED,2025-05-14 14:31:00+00:00,103000.0,103000.0,103000.0,104000.0,2025-05-15 17:20:00+00:00,58.67832472189169,0.45125568665543625,1 days 02:49:00
1101,89,GRID_BUY,CLOSED,2025-05-15 07:23:00+00:00,102000.0,102000.0,103000.0,103000.0,2025-05-15 15:44:00+00:00,58.67832472189169,0.45682974212380145,0 days 08:21:00
1102,89,GRID_BUY,CLOSED,2025-05-15 18:48:00+00:00,103000.0,103000.0,103000.0,104000.0,2025-05-16 00:35:00+00:00,58.67832472189169,0.45125568665543625,0 days 05:47:00
1103,89,GRID_BUY,CLOSED,2025-05-17 01:05:00+00:00,103000.0,103000.0,103000.0,104000.0,2025-05-18 08:00:00+00:00,58.67832472189169,0.45125568665543625,1 days 06:55:00
1104,89,GRID_BUY,CLOSED,2025-05-18 18:10:00+00:00,104000.0,104000.0,103000.0,105000.0,2025-05-18 22:28:00+00:00,58.67832472189169,0.445788824561447,0 days 04:18:00
1105,89,GRID_BUY,CLOSED,2025-05-19 00:30:00+00:00,106000.0,106000.0,103000.0,107000.0,2025-05-20 19:56:00+00:00,58.67832472189169,0.4351645453976616,1 days 19:26:00
1106,89,GRID_BUY,CLOSED,2025-05-19 01:06:00+00:00,105000.0,105000.0,103000.0,106000.0,2025-05-20 00:13:00+00:00,58.67832472189169,0.44042609317401116,0 days 23:07:00
1107,89,GRID_BUY,CLOSED,2025-05-19 03:40:00+00:00,104000.0,104000.0,103000.0,105000.0,2025-05-19 16:24:00+00:00,58.67832472189169,0.445788824561447,0 days 12:44:00
1108,89,GRID_BUY,CLOSED,2025-05-19 04:06:00+00:00,103000.0,103000.0,103000.0,104000.0,2025-05-19 14:48:00+00:00,58.67832472189169,0.45125568665543625,0 days 10:42:00
1109,89,GRID_BUY,CLOSED,2025-05-19 06:38:00+00:00,102000.0,102000.0,103000.0,103000.0,2025-05-19 07:43:00+00:00,58.67832472189169,0.45682974212380145,0 days 01:05:00
1110,89,GRID_BUY,CLOSED,2025-05-20 07:48:00+00:00,105000.0,105000.0,103000.0,106000.0,2025-05-20 17:12:00+00:00,58.67832472189169,0.44042609317401116,0 days 09:24:00
1111,89,GRID_BUY,CLOSED,2025-05-20 22:22:00+00:00,106000.0,106000.0,103000.0,107000.0,2025-05-20 23:18:00+00:00,58.67832472189169,0.4351645453976616,0 days 00:56:00
1112,90,GRID_BUY,CLOSED,2025-05-21 17:24:00+00:00,108000.0,108000.0,108000.0,109000.0,2025-05-21 22:45:00+00:00,58.67832472189169,0.4249337580547561,0 days 05:21:00
1113,90,GRID_BUY,CLOSED,2025-05-21 17:29:00+00:00,107000.0,107000.0,108000.0,108000.0,2025-05-21 19:37:00+00:00,58.67832472189169,0.43000134430872095,0 days 02:08:00
1114,90,GRID_BUY,CLOSED,2025-05-23 11:47:00+00:00,110000.0,110000.0,108000.0,111000.0,2025-07-09 19:40:00+00:00,58.67832472189169,0.415074999342508,47 days 07:53:00
1115,90,GRID_BUY,CLOSED,2025-05-23 11:59:00+00:00,109000.0,109000.0,108000.0,110000.0,2025-05-26 07:04:00+00:00,58.67832472189169,0.4199591550348174,2 days 19:05:00
1116,90,GRID_BUY,CLOSED,2025-05-23 12:13:00+00:00,108000.0,108000.0,108000.0,109000.0,2025-05-23 13:32:00+00:00,58.67832472189169,0.4249337580547561,0 days 01:19:00
1117,90,GRID_BUY,CLOSED,2025-05-23 22:46:00+00:00,108000.0,108000.0,108000.0,109000.0,2025-05-24 10:40:00+00:00,58.67832472189169,0.4249337580547561,0 days 11:54:00
1118,90,GRID_BUY,CLOSED,2025-05-23 23:42:00+00:00,107000.0,107000.0,108000.0,108000.0,2025-05-24 03:04:00+00:00,58.67832472189169,0.43000134430872095,0 days 03:22:00
1119,90,GRID_BUY,CLOSED,2025-05-24 22:59:00+00:00,108000.0,108000.0,108000.0,109000.0,2025-05-25 22:52:00+00:00,58.67832472189169,0.4249337580547561,0 days 23:53:00
1120,90,GRID_BUY,CLOSED,2025-05-25 08:49:00+00:00,107000.0,107000.0,108000.0,108000.0,2025-05-25 22:09:00+00:00,58.67832472189169,0.43000134430872095,0 days 13:20:00
1121,90,GRID_BUY,CLOSED,2025-05-26 17:46:00+00:00,109000.0,109000.0,108000.0,110000.0,2025-05-27 13:08:00+00:00,58.67832472189169,0.4199591550348174,0 days 19:22:00
1122,90,GRID_BUY,CLOSED,2025-05-27 01:20:00+00:00,108000.0,108000.0,108000.0,109000.0,2025-05-27 03:12:00+00:00,58.67832472189169,0.4249337580547561,0 days 01:52:00
1123,90,GRID_BUY,CLOSED,2025-05-27 14:32:00+00:00,109000.0,109000.0,108000.0,110000.0,2025-05-27 15:40:00+00:00,58.67832472189169,0.4199591550348174,0 days 01:08:00
1124,90,GRID_BUY,CLOSED,2025-05-27 21:38:00+00:00,109000.0,109000.0,108000.0,110000.0,2025-06-09 21:28:00+00:00,58.67832472189169,0.4199591550348174,12 days 23:50:00
1125,90,GRID_BUY,CLOSED,2025-05-28 14:01:00+00:00,108000.0,108000.0,108000.0,109000.0,2025-06-09 21:10:00+00:00,58.67832472189169,0.4249337580547561,12 days 07:09:00
1126,90,GRID_BUY,CLOSED,2025-05-28 19:50:00+00:00,107000.0,107000.0,108000.0,108000.0,2025-05-28 23:21:00+00:00,58.67832472189169,0.43000134430872095,0 days 03:31:00
1127,90,GRID_BUY,CLOSED,2025-05-29 04:45:00+00:00,107000.0,107000.0,108000.0,108000.0,2025-05-29 07:15:00+00:00,58.67832472189169,0.43000134430872095,0 days 02:30:00
1128,90,GRID_BUY,CLOSED,2025-05-29 14:24:00+00:00,107000.0,107000.0,108000.0,108000.0,2025-06-09 14:48:00+00:00,58.67832472189169,0.43000134430872095,11 days 00:24:00
1129,90,GRID_BUY,CLOSED,2025-05-29 18:58:00+00:00,106000.0,106000.0,108000.0,107000.0,2025-06-09 10:13:00+00:00,58.67832472189169,0.4351645453976616,10 days 15:15:00
1130,90,GRID_BUY,CLOSED,2025-05-30 00:57:00+00:00,105000.0,105000.0,108000.0,106000.0,2025-05-30 02:10:00+00:00,58.67832472189169,0.44042609317401116,0 days 01:13:00
1131,90,GRID_BUY,CLOSED,2025-05-30 07:45:00+00:00,105000.0,105000.0,108000.0,106000.0,2025-05-30 12:49:00+00:00,58.67832472189169,0.44042609317401116,0 days 05:04:00
1132,90,GRID_BUY,CLOSED,2025-05-30 16:27:00+00:00,105000.0,105000.0,108000.0,106000.0,2025-06-03 00:11:00+00:00,58.67832472189169,0.44042609317401116,3 days 07:44:00
1133,90,GRID_BUY,CLOSED,2025-05-30 16:50:00+00:00,104000.0,104000.0,108000.0,105000.0,2025-06-01 16:08:00+00:00,58.67832472189169,0.445788824561447,1 days 23:18:00
1134,90,GRID_BUY,CLOSED,2025-06-02 11:43:00+00:00,104000.0,104000.0,108000.0,105000.0,2025-06-02 21:05:00+00:00,58.67832472189169,0.445788824561447,0 days 09:22:00
1135,90,GRID_BUY,CLOSED,2025-06-03 08:17:00+00:00,105000.0,105000.0,108000.0,106000.0,2025-06-03 14:41:00+00:00,58.67832472189169,0.44042609317401116,0 days 06:24:00
1136,90,GRID_BUY,CLOSED,2025-06-04 12:01:00+00:00,105000.0,105000.0,108000.0,106000.0,2025-06-08 13:48:00+00:00,58.67832472189169,0.44042609317401116,4 days 01:47:00
1137,90,GRID_BUY,CLOSED,2025-06-05 14:18:00+00:00,104000.0,104000.0,108000.0,105000.0,2025-06-06 15:14:00+00:00,58.67832472189169,0.445788824561447,1 days 00:56:00
1138,90,GRID_BUY,CLOSED,2025-06-05 18:13:00+00:00,103000.0,103000.0,108000.0,104000.0,2025-06-06 12:00:00+00:00,58.67832472189169,0.45125568665543625,0 days 17:47:00
1139,91,GRID_BUY,CLOSED,2025-06-05 19:18:00+00:00,102000.0,102000.0,103000.0,103000.0,2025-06-06 06:10:00+00:00,58.67832472189169,0.45682974212380145,0 days 10:52:00
1140,91,GRID_BUY,CLOSED,2025-06-05 20:21:00+00:00,101000.0,101000.0,103000.0,102000.0,2025-06-06 02:55:00+00:00,58.67832472189169,0.46251417492819513,0 days 06:34:00
1141,91,GRID_BUY,CLOSED,2025-06-07 00:16:00+00:00,104000.0,104000.0,103000.0,105000.0,2025-06-07 05:47:00+00:00,58.67832472189169,0.445788824561447,0 days 05:31:00
1142,92,GRID_BUY,CLOSED,2025-06-10 13:44:00+00:00,109000.0,109000.0,108000.0,110000.0,2025-06-10 19:26:00+00:00,58.67832472189169,0.4199591550348174,0 days 05:42:00
1143,92,GRID_BUY,CLOSED,2025-06-11 17:59:00+00:00,109000.0,109000.0,108000.0,110000.0,2025-07-03 09:41:00+00:00,58.67832472189169,0.4199591550348174,21 days 15:42:00
1144,92,GRID_BUY,CLOSED,2025-06-12 03:20:00+00:00,108000.0,108000.0,108000.0,109000.0,2025-07-02 16:05:00+00:00,58.67832472189169,0.4249337580547561,20 days 12:45:00
1145,92,GRID_BUY,CLOSED,2025-06-12 11:38:00+00:00,107000.0,107000.0,108000.0,108000.0,2025-06-12 17:17:00+00:00,58.67832472189169,0.43000134430872095,0 days 05:39:00
1146,92,GRID_BUY,CLOSED,2025-06-12 19:52:00+00:00,107000.0,107000.0,108000.0,108000.0,2025-06-16 17:38:00+00:00,58.67832472189169,0.43000134430872095,3 days 21:46:00
1147,92,GRID_BUY,CLOSED,2025-06-12 20:44:00+00:00,106000.0,106000.0,108000.0,107000.0,2025-06-16 07:30:00+00:00,58.67832472189169,0.4351645453976616,3 days 10:46:00
1148,92,GRID_BUY,CLOSED,2025-06-13 00:02:00+00:00,105000.0,105000.0,108000.0,106000.0,2025-06-13 23:43:00+00:00,58.67832472189169,0.44042609317401116,0 days 23:41:00
1149,92,GRID_BUY,CLOSED,2025-06-13 00:24:00+00:00,104000.0,104000.0,108000.0,105000.0,2025-06-13 08:01:00+00:00,58.67832472189169,0.445788824561447,0 days 07:37:00
1150,92,GRID_BUY,CLOSED,2025-06-13 01:04:00+00:00,103000.0,103000.0,108000.0,104000.0,2025-06-13 03:12:00+00:00,58.67832472189169,0.45125568665543625,0 days 02:08:00
1151,93,GRID_BUY,CLOSED,2025-06-14 07:06:00+00:00,105000.0,105000.0,103000.0,106000.0,2025-06-15 05:58:00+00:00,58.67832472189169,0.44042609317401116,0 days 22:52:00
1152,93,GRID_BUY,CLOSED,2025-06-15 09:06:00+00:00,105000.0,105000.0,103000.0,106000.0,2025-06-16 04:14:00+00:00,58.67832472189169,0.44042609317401116,0 days 19:08:00
1153,94,GRID_BUY,CLOSED,2025-06-16 23:47:00+00:00,107000.0,107000.0,108000.0,108000.0,2025-06-25 13:44:00+00:00,58.67832472189169,0.43000134430872095,8 days 13:57:00
1154,94,GRID_BUY,CLOSED,2025-06-17 10:33:00+00:00,106000.0,106000.0,108000.0,107000.0,2025-06-25 10:21:00+00:00,58.67832472189169,0.4351645453976616,7 days 23:48:00
1155,94,GRID_BUY,CLOSED,2025-06-17 14:06:00+00:00,105000.0,105000.0,108000.0,106000.0,2025-06-20 08:05:00+00:00,58.67832472189169,0.44042609317401116,2 days 17:59:00
1156,94,GRID_BUY,CLOSED,2025-06-17 16:49:00+00:00,104000.0,104000.0,108000.0,105000.0,2025-06-17 19:17:00+00:00,58.67832472189169,0.445788824561447,0 days 02:28:00
1157,94,GRID_BUY,CLOSED,2025-06-18 13:17:00+00:00,104000.0,104000.0,108000.0,105000.0,2025-06-18 14:13:00+00:00,58.67832472189169,0.445788824561447,0 days 00:56:00
1158,94,GRID_BUY,CLOSED,2025-06-18 17:31:00+00:00,104000.0,104000.0,108000.0,105000.0,2025-06-18 21:52:00+00:00,58.67832472189169,0.445788824561447,0 days 04:21:00
1159,94,GRID_BUY,CLOSED,2025-06-19 16:57:00+00:00,104000.0,104000.0,108000.0,105000.0,2025-06-20 07:19:00+00:00,58.67832472189169,0.445788824561447,0 days 14:22:00
1160,94,GRID_BUY,CLOSED,2025-06-20 14:42:00+00:00,105000.0,105000.0,108000.0,106000.0,2025-06-23 22:26:00+00:00,58.67832472189169,0.44042609317401116,3 days 07:44:00
1161,94,GRID_BUY,CLOSED,2025-06-20 14:59:00+00:00,104000.0,104000.0,108000.0,105000.0,2025-06-23 22:09:00+00:00,58.67832472189169,0.445788824561447,3 days 07:10:00
1162,94,GRID_BUY,CLOSED,2025-06-20 17:20:00+00:00,103000.0,103000.0,108000.0,104000.0,2025-06-23 21:15:00+00:00,58.67832472189169,0.45125568665543625,3 days 03:55:00
1163,95,GRID_BUY,CLOSED,2025-06-21 21:24:00+00:00,102000.0,102000.0,103000.0,103000.0,2025-06-22 00:33:00+00:00,58.67832472189169,0.45682974212380145,0 days 03:09:00
1164,95,GRID_BUY,CLOSED,2025-06-21 23:34:00+00:00,101000.0,101000.0,103000.0,102000.0,2025-06-21 23:57:00+00:00,58.67832472189169,0.46251417492819513,0 days 00:23:00
1165,95,GRID_BUY,CLOSED,2025-06-22 02:10:00+00:00,102000.0,102000.0,103000.0,103000.0,2025-06-23 18:12:00+00:00,58.67832472189169,0.45682974212380145,1 days 16:02:00
1166,95,GRID_BUY,CLOSED,2025-06-22 13:30:00+00:00,101000.0,101000.0,103000.0,102000.0,2025-06-23 06:16:00+00:00,58.67832472189169,0.46251417492819513,0 days 16:46:00
1167,95,GRID_BUY,CLOSED,2025-06-22 14:21:00+00:00,100000.0,100000.0,103000.0,101000.0,2025-06-22 23:01:00+00:00,58.67832472189169,0.46831229638866034,0 days 08:40:00
1168,95,GRID_BUY,CLOSED,2025-06-22 15:59:00+00:00,99000.0,99000.0,103000.0,100000.0,2025-06-22 17:10:00+00:00,58.67832472189169,0.4742275516160177,0 days 01:11:00
1169,95,GRID_BUY,CLOSED,2025-06-22 19:43:00+00:00,99000.0,99000.0,103000.0,100000.0,2025-06-22 22:05:00+00:00,58.67832472189169,0.4742275516160177,0 days 02:22:00
1170,95,GRID_BUY,CLOSED,2025-06-23 13:31:00+00:00,101000.0,101000.0,103000.0,102000.0,2025-06-23 13:44:00+00:00,58.67832472189169,0.46251417492819513,0 days 00:13:00
1171,95,GRID_BUY,CLOSED,2025-06-23 16:15:00+00:00,101000.0,101000.0,103000.0,102000.0,2025-06-23 17:28:00+00:00,58.67832472189169,0.46251417492819513,0 days 01:13:00
1172,95,GRID_BUY,CLOSED,2025-06-23 16:32:00+00:00,100000.0,100000.0,103000.0,101000.0,2025-06-23 17:05:00+00:00,58.67832472189169,0.46831229638866034,0 days 00:33:00
1173,95,GRID_BUY,CLOSED,2025-06-23 22:43:00+00:00,105000.0,105000.0,103000.0,106000.0,2025-06-24 16:54:00+00:00,58.67832472189169,0.44042609317401116,0 days 18:11:00
1174,96,GRID_BUY,CLOSED,2025-06-25 15:19:00+00:00,107000.0,107000.0,108000.0,108000.0,2025-06-25 21:03:00+00:00,58.67832472189169,0.43000134430872095,0 days 05:44:00
1175,96,GRID_BUY,CLOSED,2025-06-26 13:48:00+00:00,107000.0,107000.0,108000.0,108000.0,2025-06-26 20:45:00+00:00,58.67832472189169,0.43000134430872095,0 days 06:57:00
1176,96,GRID_BUY,CLOSED,2025-06-26 21:34:00+00:00,107000.0,107000.0,108000.0,108000.0,2025-06-29 10:04:00+00:00,58.67832472189169,0.43000134430872095,2 days 12:30:00
1177,96,GRID_BUY,CLOSED,2025-06-30 14:53:00+00:00,107000.0,107000.0,108000.0,108000.0,2025-07-02 14:14:00+00:00,58.67832472189169,0.43000134430872095,1 days 23:21:00
1178,96,GRID_BUY,CLOSED,2025-07-01 14:42:00+00:00,106000.0,106000.0,108000.0,107000.0,2025-07-02 06:50:00+00:00,58.67832472189169,0.4351645453976616,0 days 16:08:00
1179,96,GRID_BUY,CLOSED,2025-07-03 12:39:00+00:00,109000.0,109000.0,108000.0,110000.0,2025-07-03 13:38:00+00:00,58.67832472189169,0.4199591550348174,0 days 00:59:00
1180,96,GRID_BUY,CLOSED,2025-07-04 04:48:00+00:00,109000.0,109000.0,108000.0,110000.0,2025-07-09 19:21:00+00:00,58.67832472189169,0.4199591550348174,5 days 14:33:00
1181,96,GRID_BUY,CLOSED,2025-07-04 13:58:00+00:00,108000.0,108000.0,108000.0,109000.0,2025-07-06 13:51:00+00:00,58.67832472189169,0.4249337580547561,1 days 23:53:00
1182,96,GRID_BUY,CLOSED,2025-07-07 14:37:00+00:00,108000.0,108000.0,108000.0,109000.0,2025-07-08 11:06:00+00:00,58.67832472189169,0.4249337580547561,0 days 20:29:00
1183,98,GRID_BUY,CLOSED,2025-07-11 15:53:00+00:00,117000.0,117000.0,118000.0,118000.0,2025-07-11 19:21:00+00:00,58.67832472189169,0.3832236250413814,0 days 03:28:00
1184,98,GRID_BUY,CLOSED,2025-07-12 15:42:00+00:00,117000.0,117000.0,118000.0,118000.0,2025-07-13 07:37:00+00:00,58.67832472189169,0.3832236250413814,0 days 15:55:00
1185,99,GRID_BUY,CLOSED,2025-07-14 09:28:00+00:00,122000.0,122000.0,123000.0,123000.0,2025-08-13 21:08:00+00:00,58.67832472189169,0.3627104448708707,30 days 11:40:00
1186,99,GRID_BUY,CLOSED,2025-07-14 14:32:00+00:00,121000.0,121000.0,123000.0,122000.0,2025-08-11 03:16:00+00:00,58.67832472189169,0.366677456573278,27 days 12:44:00
1187,99,GRID_BUY,CLOSED,2025-07-14 15:45:00+00:00,120000.0,120000.0,123000.0,121000.0,2025-08-11 02:13:00+00:00,58.67832472189169,0.370710585137374,27 days 10:28:00
1188,99,GRID_BUY,CLOSED,2025-07-15 01:20:00+00:00,119000.0,119000.0,123000.0,120000.0,2025-07-16 21:00:00+00:00,58.67832472189169,0.37481149737482866,1 days 19:40:00
1189,99,GRID_BUY,CLOSED,2025-07-15 02:17:00+00:00,118000.0,118000.0,123000.0,119000.0,2025-07-16 09:12:00+00:00,58.67832472189169,0.37898191659934355,1 days 06:55:00
1190,100,GRID_BUY,CLOSED,2025-07-15 03:37:00+00:00,117000.0,117000.0,118000.0,118000.0,2025-07-15 13:12:00+00:00,58.67832472189169,0.3832236250413814,0 days 09:35:00
1191,100,GRID_BUY,CLOSED,2025-07-15 14:42:00+00:00,117000.0,117000.0,118000.0,118000.0,2025-07-16 00:47:00+00:00,58.67832472189169,0.3832236250413814,0 days 10:05:00
1192,100,GRID_BUY,CLOSED,2025-07-15 14:54:00+00:00,116000.0,116000.0,118000.0,117000.0,2025-07-15 16:09:00+00:00,58.67832472189169,0.38753846638760336,0 days 01:15:00
1193,100,GRID_BUY,CLOSED,2025-07-16 22:38:00+00:00,119000.0,119000.0,118000.0,120000.0,2025-07-17 21:07:00+00:00,58.67832472189169,0.37481149737482866,0 days 22:29:00
1194,100,GRID_BUY,CLOSED,2025-07-17 01:47:00+00:00,118000.0,118000.0,118000.0,119000.0,2025-07-17 09:25:00+00:00,58.67832472189169,0.37898191659934355,0 days 07:38:00
1195,100,GRID_BUY,CLOSED,2025-07-17 11:57:00+00:00,118000.0,118000.0,118000.0,119000.0,2025-07-17 15:41:00+00:00,58.67832472189169,0.37898191659934355,0 days 03:44:00
1196,100,GRID_BUY,CLOSED,2025-07-18 08:31:00+00:00,119000.0,119000.0,118000.0,120000.0,2025-07-22 18:55:00+00:00,58.67832472189169,0.37481149737482866,4 days 10:24:00
1197,100,GRID_BUY,CLOSED,2025-07-18 14:22:00+00:00,118000.0,118000.0,118000.0,119000.0,2025-07-21 06:30:00+00:00,58.67832472189169,0.37898191659934355,2 days 16:08:00
1198,100,GRID_BUY,CLOSED,2025-07-18 20:27:00+00:00,117000.0,117000.0,118000.0,118000.0,2025-07-18 23:48:00+00:00,58.67832472189169,0.3832236250413814,0 days 03:21:00
1199,100,GRID_BUY,CLOSED,2025-07-20 22:13:00+00:00,117000.0,117000.0,118000.0,118000.0,2025-07-21 02:28:00+00:00,58.67832472189169,0.3832236250413814,0 days 04:15:00
1200,100,GRID_BUY,CLOSED,2025-07-21 12:00:00+00:00,118000.0,118000.0,118000.0,119000.0,2025-07-21 13:52:00+00:00,58.67832472189169,0.37898191659934355,0 days 01:52:00
1201,100,GRID_BUY,CLOSED,2025-07-21 16:07:00+00:00,118000.0,118000.0,118000.0,119000.0,2025-07-22 11:05:00+00:00,58.67832472189169,0.37898191659934355,0 days 18:58:00
1202,100,GRID_BUY,CLOSED,2025-07-21 19:00:00+00:00,117000.0,117000.0,118000.0,118000.0,2025-07-22 07:05:00+00:00,58.67832472189169,0.3832236250413814,0 days 12:05:00
1203,100,GRID_BUY,CLOSED,2025-07-22 14:00:00+00:00,118000.0,118000.0,118000.0,119000.0,2025-07-22 14:58:00+00:00,58.67832472189169,0.37898191659934355,0 days 00:58:00
1204,100,GRID_BUY,CLOSED,2025-07-23 02:45:00+00:00,119000.0,119000.0,118000.0,120000.0,2025-08-11 02:00:00+00:00,58.67832472189169,0.37481149737482866,18 days 23:15:00
1205,100,GRID_BUY,CLOSED,2025-07-23 09:29:00+00:00,118000.0,118000.0,118000.0,119000.0,2025-07-24 00:29:00+00:00,58.67832472189169,0.37898191659934355,0 days 15:00:00
1206,100,GRID_BUY,CLOSED,2025-07-24 04:41:00+00:00,118000.0,118000.0,118000.0,119000.0,2025-07-24 14:58:00+00:00,58.67832472189169,0.37898191659934355,0 days 10:17:00
1207,100,GRID_BUY,CLOSED,2025-07-25 00:22:00+00:00,118000.0,118000.0,118000.0,119000.0,2025-07-27 16:12:00+00:00,58.67832472189169,0.37898191659934355,2 days 15:50:00
1208,100,GRID_BUY,CLOSED,2025-07-25 02:35:00+00:00,117000.0,117000.0,118000.0,118000.0,2025-07-26 10:40:00+00:00,58.67832472189169,0.3832236250413814,1 days 08:05:00
1209,100,GRID_BUY,CLOSED,2025-07-25 03:06:00+00:00,116000.0,116000.0,118000.0,117000.0,2025-07-25 20:33:00+00:00,58.67832472189169,0.38753846638760336,0 days 17:27:00
1210,100,GRID_BUY,CLOSED,2025-07-25 07:12:00+00:00,115000.0,115000.0,118000.0,116000.0,2025-07-25 09:59:00+00:00,58.67832472189169,0.39192834845287194,0 days 02:47:00
1211,100,GRID_BUY,CLOSED,2025-07-25 14:57:00+00:00,115000.0,115000.0,118000.0,116000.0,2025-07-25 16:48:00+00:00,58.67832472189169,0.39192834845287194,0 days 01:51:00
1212,100,GRID_BUY,CLOSED,2025-07-28 14:34:00+00:00,118000.0,118000.0,118000.0,119000.0,2025-07-29 06:20:00+00:00,58.67832472189169,0.37898191659934355,0 days 15:46:00
1213,100,GRID_BUY,CLOSED,2025-07-29 14:08:00+00:00,118000.0,118000.0,118000.0,119000.0,2025-08-10 15:08:00+00:00,58.67832472189169,0.37898191659934355,12 days 01:00:00
1214,100,GRID_BUY,CLOSED,2025-07-29 16:38:00+00:00,117000.0,117000.0,118000.0,118000.0,2025-07-29 17:30:00+00:00,58.67832472189169,0.3832236250413814,0 days 00:52:00
1215,100,GRID_BUY,CLOSED,2025-07-30 18:49:00+00:00,117000.0,117000.0,118000.0,118000.0,2025-07-31 00:27:00+00:00,58.67832472189169,0.3832236250413814,0 days 05:38:00
1216,100,GRID_BUY,CLOSED,2025-07-30 19:04:00+00:00,116000.0,116000.0,118000.0,117000.0,2025-07-30 19:49:00+00:00,58.67832472189169,0.38753846638760336,0 days 00:45:00
1217,100,GRID_BUY,CLOSED,2025-07-31 19:35:00+00:00,117000.0,117000.0,118000.0,118000.0,2025-08-10 03:20:00+00:00,58.67832472189169,0.3832236250413814,9 days 07:45:00
1218,100,GRID_BUY,CLOSED,2025-07-31 23:00:00+00:00,116000.0,116000.0,118000.0,117000.0,2025-08-07 19:42:00+00:00,58.67832472189169,0.38753846638760336,6 days 20:42:00
1219,100,GRID_BUY,CLOSED,2025-08-01 00:50:00+00:00,115000.0,115000.0,118000.0,116000.0,2025-08-01 02:40:00+00:00,58.67832472189169,0.39192834845287194,0 days 01:50:00
1220,100,GRID_BUY,CLOSED,2025-08-01 07:11:00+00:00,115000.0,115000.0,118000.0,116000.0,2025-08-01 13:12:00+00:00,58.67832472189169,0.39192834845287194,0 days 06:01:00
1221,100,GRID_BUY,CLOSED,2025-08-01 13:44:00+00:00,115000.0,115000.0,118000.0,116000.0,2025-08-07 10:33:00+00:00,58.67832472189169,0.39192834845287194,5 days 20:49:00
1222,100,GRID_BUY,CLOSED,2025-08-01 14:03:00+00:00,114000.0,114000.0,118000.0,115000.0,2025-08-01 14:10:00+00:00,58.67832472189169,0.39639524599298426,0 days 00:07:00
1223,100,GRID_BUY,CLOSED,2025-08-01 18:16:00+00:00,114000.0,114000.0,118000.0,115000.0,2025-08-04 01:03:00+00:00,58.67832472189169,0.39639524599298426,2 days 06:47:00
1224,100,GRID_BUY,CLOSED,2025-08-01 22:43:00+00:00,113000.0,113000.0,118000.0,114000.0,2025-08-02 04:30:00+00:00,58.67832472189169,0.40094120366654806,0 days 05:47:00
1225,101,GRID_BUY,CLOSED,2025-08-02 14:41:00+00:00,113000.0,113000.0,113000.0,114000.0,2025-08-03 11:07:00+00:00,58.67832472189169,0.40094120366654806,0 days 20:26:00
1226,101,GRID_BUY,CLOSED,2025-08-03 00:37:00+00:00,112000.0,112000.0,113000.0,113000.0,2025-08-03 01:01:00+00:00,58.67832472189169,0.40556833915569257,0 days 00:24:00
1227,101,GRID_BUY,CLOSED,2025-08-05 07:36:00+00:00,114000.0,114000.0,113000.0,115000.0,2025-08-05 10:26:00+00:00,58.67832472189169,0.39639524599298426,0 days 02:50:00
1228,101,GRID_BUY,CLOSED,2025-08-05 12:39:00+00:00,114000.0,114000.0,113000.0,115000.0,2025-08-06 14:57:00+00:00,58.67832472189169,0.39639524599298426,1 days 02:18:00
1229,101,GRID_BUY,CLOSED,2025-08-05 14:32:00+00:00,113000.0,113000.0,113000.0,114000.0,2025-08-05 23:03:00+00:00,58.67832472189169,0.40094120366654806,0 days 08:31:00
1230,101,GRID_BUY,CLOSED,2025-08-08 15:40:00+00:00,116000.0,116000.0,113000.0,117000.0,2025-08-09 08:43:00+00:00,58.67832472189169,0.38753846638760336,0 days 17:03:00
1231,102,GRID_BUY,CLOSED,2025-08-11 10:57:00+00:00,121000.0,121000.0,118000.0,122000.0,2025-08-13 13:57:00+00:00,58.67832472189169,0.366677456573278,2 days 03:00:00
1232,102,GRID_BUY,CLOSED,2025-08-11 12:31:00+00:00,120000.0,120000.0,118000.0,121000.0,2025-08-13 13:49:00+00:00,58.67832472189169,0.370710585137374,2 days 01:18:00
1233,102,GRID_BUY,CLOSED,2025-08-11 19:51:00+00:00,119000.0,119000.0,118000.0,120000.0,2025-08-12 16:03:00+00:00,58.67832472189169,0.37481149737482866,0 days 20:12:00
1234,102,GRID_BUY,CLOSED,2025-08-13 05:51:00+00:00,119000.0,119000.0,118000.0,120000.0,2025-08-13 08:59:00+00:00,58.67832472189169,0.37481149737482866,0 days 03:08:00
1235,102,GRID_BUY,CLOSED,2025-08-13 14:52:00+00:00,121000.0,121000.0,118000.0,122000.0,2025-08-13 19:10:00+00:00,58.67832472189169,0.366677456573278,0 days 04:18:00
1236,103,GRID_BUY,CLOSED,2025-08-14 05:00:00+00:00,123000.0,123000.0,123000.0,124000.0,2025-10-05 02:34:00+00:00,58.67832472189169,0.3588079374238049,51 days 21:34:00
1237,103,GRID_BUY,CLOSED,2025-08-14 06:00:00+00:00,122000.0,122000.0,123000.0,123000.0,2025-10-03 16:11:00+00:00,58.67832472189169,0.3627104448708707,50 days 10:11:00
1238,103,GRID_BUY,CLOSED,2025-08-14 10:52:00+00:00,121000.0,121000.0,123000.0,122000.0,2025-10-03 15:53:00+00:00,58.67832472189169,0.366677456573278,50 days 05:01:00
1239,103,GRID_BUY,CLOSED,2025-08-14 12:33:00+00:00,120000.0,120000.0,123000.0,121000.0,2025-10-02 19:12:00+00:00,58.67832472189169,0.370710585137374,49 days 06:39:00
1240,103,GRID_BUY,CLOSED,2025-08-14 12:34:00+00:00,119000.0,119000.0,123000.0,120000.0,2025-10-02 16:11:00+00:00,58.67832472189169,0.37481149737482866,49 days 03:37:00
1241,103,GRID_BUY,CLOSED,2025-08-14 12:35:00+00:00,118000.0,118000.0,123000.0,119000.0,2025-08-14 12:36:00+00:00,58.67832472189169,0.37898191659934355,0 days 00:01:00
1242,103,GRID_BUY,CLOSED,2025-08-14 13:40:00+00:00,118000.0,118000.0,123000.0,119000.0,2025-08-14 14:31:00+00:00,58.67832472189169,0.37898191659934355,0 days 00:51:00
1243,104,GRID_BUY,CLOSED,2025-08-14 15:37:00+00:00,118000.0,118000.0,118000.0,119000.0,2025-08-15 03:29:00+00:00,58.67832472189169,0.37898191659934355,0 days 11:52:00
1244,104,GRID_BUY,CLOSED,2025-08-15 13:42:00+00:00,118000.0,118000.0,118000.0,119000.0,2025-10-02 00:02:00+00:00,58.67832472189169,0.37898191659934355,47 days 10:20:00
1245,104,GRID_BUY,CLOSED,2025-08-15 15:09:00+00:00,117000.0,117000.0,118000.0,118000.0,2025-08-17 04:50:00+00:00,58.67832472189169,0.3832236250413814,1 days 13:41:00
1246,104,GRID_BUY,CLOSED,2025-08-18 01:29:00+00:00,117000.0,117000.0,118000.0,118000.0,2025-10-01 16:37:00+00:00,58.67832472189169,0.3832236250413814,44 days 15:08:00
1247,104,GRID_BUY,CLOSED,2025-08-18 02:07:00+00:00,116000.0,116000.0,118000.0,117000.0,2025-08-22 15:45:00+00:00,58.67832472189169,0.38753846638760336,4 days 13:38:00
1248,104,GRID_BUY,CLOSED,2025-08-18 03:48:00+00:00,115000.0,115000.0,118000.0,116000.0,2025-08-18 15:50:00+00:00,58.67832472189169,0.39192834845287194,0 days 12:02:00
1249,104,GRID_BUY,CLOSED,2025-08-19 03:43:00+00:00,115000.0,115000.0,118000.0,116000.0,2025-08-22 14:40:00+00:00,58.67832472189169,0.39192834845287194,3 days 10:57:00
1250,104,GRID_BUY,CLOSED,2025-08-19 14:42:00+00:00,114000.0,114000.0,118000.0,115000.0,2025-08-22 14:08:00+00:00,58.67832472189169,0.39639524599298426,2 days 23:26:00
1251,104,GRID_BUY,CLOSED,2025-08-19 18:43:00+00:00,113000.0,113000.0,118000.0,114000.0,2025-08-20 08:56:00+00:00,58.67832472189169,0.40094120366654806,0 days 14:13:00
1252,105,GRID_BUY,CLOSED,2025-08-20 13:45:00+00:00,113000.0,113000.0,113000.0,114000.0,2025-08-20 15:07:00+00:00,58.67832472189169,0.40094120366654806,0 days 01:22:00
1253,105,GRID_BUY,CLOSED,2025-08-21 11:55:00+00:00,113000.0,113000.0,113000.0,114000.0,2025-08-22 14:03:00+00:00,58.67832472189169,0.40094120366654806,1 days 02:08:00
1254,105,GRID_BUY,CLOSED,2025-08-22 12:31:00+00:00,112000.0,112000.0,113000.0,113000.0,2025-08-22 14:00:00+00:00,58.67832472189169,0.40556833915569257,0 days 01:29:00
1255,105,GRID_BUY,CLOSED,2025-08-23 02:26:00+00:00,116000.0,116000.0,113000.0,117000.0,2025-09-17 02:52:00+00:00,58.67832472189169,0.38753846638760336,25 days 00:26:00
1256,105,GRID_BUY,CLOSED,2025-08-23 13:29:00+00:00,115000.0,115000.0,113000.0,116000.0,2025-09-12 00:44:00+00:00,58.67832472189169,0.39192834845287194,19 days 11:15:00
1257,105,GRID_BUY,CLOSED,2025-08-24 19:34:00+00:00,114000.0,114000.0,113000.0,115000.0,2025-09-11 22:24:00+00:00,58.67832472189169,0.39639524599298426,18 days 02:50:00
1258,105,GRID_BUY,CLOSED,2025-08-24 19:36:00+00:00,113000.0,113000.0,113000.0,114000.0,2025-09-10 13:44:00+00:00,58.67832472189169,0.40094120366654806,16 days 18:08:00
1259,105,GRID_BUY,CLOSED,2025-08-24 19:37:00+00:00,112000.0,112000.0,113000.0,113000.0,2025-08-24 19:44:00+00:00,58.67832472189169,0.40556833915569257,0 days 00:07:00
1260,105,GRID_BUY,CLOSED,2025-08-24 19:37:00+00:00,111000.0,111000.0,113000.0,112000.0,2025-08-24 19:38:00+00:00,58.67832472189169,0.4102788464554692,0 days 00:01:00
1261,105,GRID_BUY,CLOSED,2025-08-24 19:56:00+00:00,112000.0,112000.0,113000.0,113000.0,2025-08-24 21:32:00+00:00,58.67832472189169,0.40556833915569257,0 days 01:36:00
1262,105,GRID_BUY,CLOSED,2025-08-25 06:45:00+00:00,112000.0,112000.0,113000.0,113000.0,2025-08-28 04:50:00+00:00,58.67832472189169,0.40556833915569257,2 days 22:05:00
1263,105,GRID_BUY,CLOSED,2025-08-25 08:07:00+00:00,111000.0,111000.0,113000.0,112000.0,2025-08-25 14:17:00+00:00,58.67832472189169,0.4102788464554692,0 days 06:10:00
1264,105,GRID_BUY,CLOSED,2025-08-25 19:56:00+00:00,111000.0,111000.0,113000.0,112000.0,2025-08-26 23:03:00+00:00,58.67832472189169,0.4102788464554692,1 days 03:07:00
1265,105,GRID_BUY,CLOSED,2025-08-25 20:11:00+00:00,110000.0,110000.0,113000.0,111000.0,2025-08-26 19:21:00+00:00,58.67832472189169,0.415074999342508,0 days 23:10:00
1266,105,GRID_BUY,CLOSED,2025-08-26 00:45:00+00:00,109000.0,109000.0,113000.0,110000.0,2025-08-26 02:09:00+00:00,58.67832472189169,0.4199591550348174,0 days 01:24:00
1267,105,GRID_BUY,CLOSED,2025-08-27 03:11:00+00:00,111000.0,111000.0,113000.0,112000.0,2025-08-27 14:26:00+00:00,58.67832472189169,0.4102788464554692,0 days 11:15:00
1268,105,GRID_BUY,CLOSED,2025-08-27 20:21:00+00:00,111000.0,111000.0,113000.0,112000.0,2025-08-27 20:26:00+00:00,58.67832472189169,0.4102788464554692,0 days 00:05:00
1269,105,GRID_BUY,CLOSED,2025-08-28 00:24:00+00:00,111000.0,111000.0,113000.0,112000.0,2025-08-28 03:32:00+00:00,58.67832472189169,0.4102788464554692,0 days 03:08:00
1270,105,GRID_BUY,CLOSED,2025-08-28 19:55:00+00:00,112000.0,112000.0,113000.0,113000.0,2025-09-05 12:30:00+00:00,58.67832472189169,0.40556833915569257,7 days 16:35:00
1271,105,GRID_BUY,CLOSED,2025-08-29 06:29:00+00:00,111000.0,111000.0,113000.0,112000.0,2025-09-03 14:39:00+00:00,58.67832472189169,0.4102788464554692,5 days 08:10:00
1272,105,GRID_BUY,CLOSED,2025-08-29 07:56:00+00:00,110000.0,110000.0,113000.0,111000.0,2025-08-29 12:30:00+00:00,58.67832472189169,0.415074999342508,0 days 04:34:00
1273,105,GRID_BUY,CLOSED,2025-08-29 13:35:00+00:00,110000.0,110000.0,113000.0,111000.0,2025-09-02 13:50:00+00:00,58.67832472189169,0.415074999342508,4 days 00:15:00
1274,105,GRID_BUY,CLOSED,2025-08-29 13:56:00+00:00,109000.0,109000.0,113000.0,110000.0,2025-09-02 02:58:00+00:00,58.67832472189169,0.4199591550348174,3 days 13:02:00
1275,105,GRID_BUY,CLOSED,2025-08-29 19:02:00+00:00,108000.0,108000.0,113000.0,109000.0,2025-08-31 00:38:00+00:00,58.67832472189169,0.4249337580547561,1 days 05:36:00
1276,106,GRID_BUY,CLOSED,2025-09-01 00:09:00+00:00,108000.0,108000.0,108000.0,109000.0,2025-09-01 07:50:00+00:00,58.67832472189169,0.4249337580547561,0 days 07:41:00
1277,106,GRID_BUY,CLOSED,2025-09-01 21:32:00+00:00,108000.0,108000.0,108000.0,109000.0,2025-09-01 23:40:00+00:00,58.67832472189169,0.4249337580547561,0 days 02:08:00
1278,106,GRID_BUY,CLOSED,2025-09-02 12:43:00+00:00,109000.0,109000.0,108000.0,110000.0,2025-09-02 13:36:00+00:00,58.67832472189169,0.4199591550348174,0 days 00:53:00
1279,106,GRID_BUY,CLOSED,2025-09-04 04:58:00+00:00,111000.0,111000.0,108000.0,112000.0,2025-09-05 07:01:00+00:00,58.67832472189169,0.4102788464554692,1 days 02:03:00
1280,106,GRID_BUY,CLOSED,2025-09-04 14:05:00+00:00,110000.0,110000.0,108000.0,111000.0,2025-09-04 22:56:00+00:00,58.67832472189169,0.415074999342508,0 days 08:51:00
1281,107,GRID_BUY,CLOSED,2025-09-05 14:15:00+00:00,112000.0,112000.0,113000.0,113000.0,2025-09-09 06:47:00+00:00,58.67832472189169,0.40556833915569257,3 days 16:32:00
1282,107,GRID_BUY,CLOSED,2025-09-05 14:26:00+00:00,111000.0,111000.0,113000.0,112000.0,2025-09-08 09:14:00+00:00,58.67832472189169,0.4102788464554692,2 days 18:48:00
1283,107,GRID_BUY,CLOSED,2025-09-06 16:21:00+00:00,110000.0,110000.0,113000.0,111000.0,2025-09-07 08:21:00+00:00,58.67832472189169,0.415074999342508,0 days 16:00:00
1284,107,GRID_BUY,CLOSED,2025-09-09 14:33:00+00:00,112000.0,112000.0,113000.0,113000.0,2025-09-10 12:30:00+00:00,58.67832472189169,0.40556833915569257,0 days 21:57:00
1285,107,GRID_BUY,CLOSED,2025-09-09 15:37:00+00:00,111000.0,111000.0,113000.0,112000.0,2025-09-10 07:23:00+00:00,58.67832472189169,0.4102788464554692,0 days 15:46:00
1286,107,GRID_BUY,CLOSED,2025-09-12 08:06:00+00:00,115000.0,115000.0,113000.0,116000.0,2025-09-12 18:09:00+00:00,58.67832472189169,0.39192834845287194,0 days 10:03:00
1287,107,GRID_BUY,CLOSED,2025-09-15 00:10:00+00:00,115000.0,115000.0,113000.0,116000.0,2025-09-15 04:22:00+00:00,58.67832472189169,0.39192834845287194,0 days 04:12:00
1288,107,GRID_BUY,CLOSED,2025-09-15 08:50:00+00:00,115000.0,115000.0,113000.0,116000.0,2025-09-16 06:11:00+00:00,58.67832472189169,0.39192834845287194,0 days 21:21:00
1289,107,GRID_BUY,CLOSED,2025-09-16 13:45:00+00:00,115000.0,115000.0,113000.0,116000.0,2025-09-16 16:00:00+00:00,58.67832472189169,0.39192834845287194,0 days 02:15:00
1290,107,GRID_BUY,CLOSED,2025-09-17 13:36:00+00:00,116000.0,116000.0,113000.0,117000.0,2025-09-18 03:01:00+00:00,58.67832472189169,0.38753846638760336,0 days 13:25:00
1291,107,GRID_BUY,CLOSED,2025-09-17 18:15:00+00:00,115000.0,115000.0,113000.0,116000.0,2025-09-17 18:28:00+00:00,58.67832472189169,0.39192834845287194,0 days 00:13:00
1292,107,GRID_BUY,CLOSED,2025-09-17 18:43:00+00:00,115000.0,115000.0,113000.0,116000.0,2025-09-17 20:08:00+00:00,58.67832472189169,0.39192834845287194,0 days 01:25:00
1293,107,GRID_BUY,CLOSED,2025-09-19 14:47:00+00:00,116000.0,116000.0,113000.0,117000.0,2025-10-01 14:02:00+00:00,58.67832472189169,0.38753846638760336,11 days 23:15:00
1294,107,GRID_BUY,CLOSED,2025-09-22 00:32:00+00:00,115000.0,115000.0,113000.0,116000.0,2025-10-01 08:48:00+00:00,58.67832472189169,0.39192834845287194,9 days 08:16:00
1295,107,GRID_BUY,CLOSED,2025-09-22 05:59:00+00:00,114000.0,114000.0,113000.0,115000.0,2025-10-01 08:27:00+00:00,58.67832472189169,0.39639524599298426,9 days 02:28:00
1296,107,GRID_BUY,CLOSED,2025-09-22 06:02:00+00:00,113000.0,113000.0,113000.0,114000.0,2025-09-29 14:41:00+00:00,58.67832472189169,0.40094120366654806,7 days 08:39:00
1297,107,GRID_BUY,CLOSED,2025-09-22 06:02:00+00:00,112000.0,112000.0,113000.0,113000.0,2025-09-22 06:12:00+00:00,58.67832472189169,0.40556833915569257,0 days 00:10:00
1298,107,GRID_BUY,CLOSED,2025-09-22 19:44:00+00:00,112000.0,112000.0,113000.0,113000.0,2025-09-23 06:35:00+00:00,58.67832472189169,0.40556833915569257,0 days 10:51:00
1299,107,GRID_BUY,CLOSED,2025-09-23 17:46:00+00:00,112000.0,112000.0,113000.0,113000.0,2025-09-24 11:05:00+00:00,58.67832472189169,0.40556833915569257,0 days 17:19:00
1300,107,GRID_BUY,CLOSED,2025-09-25 04:19:00+00:00,112000.0,112000.0,113000.0,113000.0,2025-09-29 13:43:00+00:00,58.67832472189169,0.40556833915569257,4 days 09:24:00
1301,107,GRID_BUY,CLOSED,2025-09-25 13:04:00+00:00,111000.0,111000.0,113000.0,112000.0,2025-09-28 22:46:00+00:00,58.67832472189169,0.4102788464554692,3 days 09:42:00
1302,107,GRID_BUY,CLOSED,2025-09-25 17:21:00+00:00,110000.0,110000.0,113000.0,111000.0,2025-09-28 22:05:00+00:00,58.67832472189169,0.415074999342508,3 days 04:44:00
1303,107,GRID_BUY,CLOSED,2025-09-25 17:56:00+00:00,109000.0,109000.0,113000.0,110000.0,2025-09-26 17:27:00+00:00,58.67832472189169,0.4199591550348174,0 days 23:31:00
1304,107,GRID_BUY,CLOSED,2025-09-30 09:38:00+00:00,113000.0,113000.0,113000.0,114000.0,2025-09-30 19:30:00+00:00,58.67832472189169,0.40094120366654806,0 days 09:52:00
1305,108,GRID_BUY,CLOSED,2025-10-01 17:49:00+00:00,117000.0,117000.0,118000.0,118000.0,2025-10-01 22:08:00+00:00,58.67832472189169,0.3832236250413814,0 days 04:19:00
1306,108,GRID_BUY,CLOSED,2025-10-03 01:50:00+00:00,120000.0,120000.0,118000.0,121000.0,2025-10-03 15:18:00+00:00,58.67832472189169,0.370710585137374,0 days 13:28:00
1307,109,GRID_BUY,CLOSED,2025-10-03 17:00:00+00:00,122000.0,122000.0,123000.0,123000.0,2025-10-03 17:11:00+00:00,58.67832472189169,0.3627104448708707,0 days 00:11:00
1308,109,GRID_BUY,CLOSED,2025-10-03 17:51:00+00:00,122000.0,122000.0,123000.0,123000.0,2025-10-05 02:30:00+00:00,58.67832472189169,0.3627104448708707,1 days 08:39:00
1309,109,GRID_BUY,CLOSED,2025-10-05 09:29:00+00:00,124000.0,124000.0,123000.0,125000.0,2025-10-06 13:57:00+00:00,58.67832472189169,0.35496837364523515,1 days 04:28:00
1310,109,GRID_BUY,CLOSED,2025-10-05 09:41:00+00:00,123000.0,123000.0,123000.0,124000.0,2025-10-06 00:16:00+00:00,58.67832472189169,0.3588079374238049,0 days 14:35:00
1311,109,GRID_BUY,OPEN,2025-10-06 21:16:00+00:00,125000.0,125000.0,123000.0,126000.0,,58.67832472189169,-17.57506341196092,86 days 02:43:00
1312,109,GRID_BUY,CLOSED,2025-10-07 06:25:00+00:00,124000.0,124000.0,123000.0,125000.0,2025-10-07 12:56:00+00:00,58.67832472189169,0.35496837364523515,0 days 06:31:00
1313,109,GRID_BUY,OPEN,2025-10-07 13:42:00+00:00,124000.0,124000.0,123000.0,125000.0,,58.67832472189169,-17.243585498171157,85 days 10:17:00
1314,109,GRID_BUY,CLOSED,2025-10-07 14:08:00+00:00,123000.0,123000.0,123000.0,124000.0,2025-10-08 17:31:00+00:00,58.67832472189169,0.3588079374238049,1 days 03:23:00
1315,109,GRID_BUY,CLOSED,2025-10-07 15:07:00+00:00,122000.0,122000.0,123000.0,123000.0,2025-10-08 10:38:00+00:00,58.67832472189169,0.3627104448708707,0 days 19:31:00
1316,109,GRID_BUY,CLOSED,2025-10-07 16:24:00+00:00,121000.0,121000.0,123000.0,122000.0,2025-10-07 16:46:00+00:00,58.67832472189169,0.366677456573278,0 days 00:22:00
1317,109,GRID_BUY,CLOSED,2025-10-07 18:02:00+00:00,121000.0,121000.0,123000.0,122000.0,2025-10-07 19:52:00+00:00,58.67832472189169,0.366677456573278,0 days 01:50:00
1318,109,GRID_BUY,CLOSED,2025-10-08 13:43:00+00:00,122000.0,122000.0,123000.0,123000.0,2025-10-08 14:01:00+00:00,58.67832472189169,0.3627104448708707,0 days 00:18:00
1319,109,GRID_BUY,CLOSED,2025-10-08 15:48:00+00:00,122000.0,122000.0,123000.0,123000.0,2025-10-08 16:51:00+00:00,58.67832472189169,0.3627104448708707,0 days 01:03:00
1320,109,GRID_BUY,OPEN,2025-10-08 20:58:00+00:00,123000.0,123000.0,123000.0,124000.0,,58.67832472189169,-16.90671769960433,84 days 03:01:00
1321,109,GRID_BUY,CLOSED,2025-10-09 02:19:00+00:00,122000.0,122000.0,123000.0,123000.0,2025-10-09 12:05:00+00:00,58.67832472189169,0.3627104448708707,0 days 09:46:00
1322,109,GRID_BUY,OPEN,2025-10-09 14:08:00+00:00,122000.0,122000.0,123000.0,123000.0,,58.67832472189169,-16.564327478110165,83 days 09:51:00
1323,109,GRID_BUY,CLOSED,2025-10-09 14:46:00+00:00,121000.0,121000.0,123000.0,122000.0,2025-10-10 13:26:00+00:00,58.67832472189169,0.366677456573278,0 days 22:40:00
1324,109,GRID_BUY,CLOSED,2025-10-09 16:58:00+00:00,120000.0,120000.0,123000.0,121000.0,2025-10-09 17:59:00+00:00,58.67832472189169,0.370710585137374,0 days 01:01:00
1325,109,GRID_BUY,OPEN,2025-10-10 14:57:00+00:00,121000.0,121000.0,123000.0,122000.0,,58.67832472189169,-16.21627791411197,82 days 09:02:00
1326,109,GRID_BUY,OPEN,2025-10-10 15:04:00+00:00,120000.0,120000.0,123000.0,121000.0,,58.67832472189169,-15.862427524047142,82 days 08:55:00
1327,109,GRID_BUY,OPEN,2025-10-10 15:30:00+00:00,119000.0,119000.0,123000.0,120000.0,,58.67832472189169,-15.502630068603068,82 days 08:29:00
1328,109,GRID_BUY,OPEN,2025-10-10 17:05:00+00:00,118000.0,118000.0,123000.0,119000.0,,58.67832472189169,-15.136734351202321,82 days 06:54:00
1329,110,GRID_BUY,OPEN,2025-10-10 19:10:00+00:00,117000.0,117000.0,118000.0,118000.0,,58.67832472189169,-14.764584006153697,82 days 04:49:00
1330,110,GRID_BUY,CLOSED,2025-10-10 19:21:00+00:00,116000.0,116000.0,118000.0,117000.0,2025-10-10 19:45:00+00:00,58.67832472189169,0.38753846638760336,0 days 00:24:00
1331,110,GRID_BUY,OPEN,2025-10-10 20:52:00+00:00,116000.0,116000.0,118000.0,117000.0,,58.67832472189169,-14.386017275845596,82 days 03:07:00
1332,110,GRID_BUY,CLOSED,2025-10-10 20:55:00+00:00,115000.0,115000.0,118000.0,116000.0,2025-10-27 06:50:00+00:00,58.67832472189169,0.39192834845287194,16 days 09:55:00
1333,110,GRID_BUY,CLOSED,2025-10-10 20:56:00+00:00,114000.0,114000.0,118000.0,115000.0,2025-10-10 21:04:00+00:00,58.67832472189169,0.39639524599298426,0 days 00:08:00
1334,110,GRID_BUY,CLOSED,2025-10-10 21:11:00+00:00,114000.0,114000.0,118000.0,115000.0,2025-10-12 20:28:00+00:00,58.67832472189169,0.39639524599298426,1 days 23:17:00
1335,110,GRID_BUY,CLOSED,2025-10-10 21:13:00+00:00,113000.0,113000.0,118000.0,114000.0,2025-10-10 22:48:00+00:00,58.67832472189169,0.40094120366654806,0 days 01:35:00
1336,110,GRID_BUY,CLOSED,2025-10-10 21:13:00+00:00,112000.0,112000.0,118000.0,113000.0,2025-10-10 21:46:00+00:00,58.67832472189169,0.40556833915569257,0 days 00:33:00
1337,110,GRID_BUY,CLOSED,2025-10-10 21:13:00+00:00,111000.0,111000.0,118000.0,112000.0,2025-10-10 21:14:00+00:00,58.67832472189169,0.4102788464554692,0 days 00:01:00
1338,110,GRID_BUY,CLOSED,2025-10-10 21:13:00+00:00,110000.0,110000.0,118000.0,111000.0,2025-10-10 21:14:00+00:00,58.67832472189169,0.415074999342508,0 days 00:01:00
1339,111,GRID_BUY,CLOSED,2025-10-10 21:16:00+00:00,111000.0,111000.0,112000.0,112000.0,2025-10-10 21:18:00+00:00,58.67832472189169,0.4102788464554692,0 days 00:02:00
1340,111,GRID_BUY,CLOSED,2025-10-10 21:16:00+00:00,110000.0,110000.0,112000.0,111000.0,2025-10-10 21:18:00+00:00,58.67832472189169,0.415074999342508,0 days 00:02:00
1341,111,GRID_BUY,CLOSED,2025-10-10 21:16:00+00:00,109000.0,109000.0,112000.0,110000.0,2025-10-10 21:17:00+00:00,58.67832472189169,0.4199591550348174,0 days 00:01:00
1342,111,GRID_BUY,CLOSED,2025-10-10 21:17:00+00:00,108000.0,108000.0,112000.0,109000.0,2025-10-10 21:18:00+00:00,58.67832472189169,0.4249337580547561,0 days 00:01:00
1343,111,GRID_BUY,CLOSED,2025-10-10 21:17:00+00:00,107000.0,107000.0,112000.0,108000.0,2025-10-10 21:18:00+00:00,58.67832472189169,0.43000134430872095,0 days 00:01:00
1344,111,GRID_BUY,CLOSED,2025-10-10 21:19:00+00:00,108000.0,108000.0,112000.0,109000.0,2025-10-10 21:29:00+00:00,58.67832472189169,0.4249337580547561,0 days 00:10:00
1345,111,GRID_BUY,CLOSED,2025-10-10 21:19:00+00:00,107000.0,107000.0,112000.0,108000.0,2025-10-10 21:22:00+00:00,58.67832472189169,0.43000134430872095,0 days 00:03:00
1346,111,GRID_BUY,CLOSED,2025-10-10 21:19:00+00:00,106000.0,106000.0,112000.0,107000.0,2025-10-10 21:21:00+00:00,58.67832472189169,0.4351645453976616,0 days 00:02:00
1347,111,GRID_BUY,CLOSED,2025-10-10 21:19:00+00:00,105000.0,105000.0,112000.0,106000.0,2025-10-10 21:20:00+00:00,58.67832472189169,0.44042609317401116,0 days 00:01:00
1348,111,GRID_BUY,CLOSED,2025-10-10 21:19:00+00:00,104000.0,104000.0,112000.0,105000.0,2025-10-10 21:20:00+00:00,58.67832472189169,0.445788824561447,0 days 00:01:00
1349,112,GRID_BUY,CLOSED,2025-10-10 21:20:00+00:00,103000.0,103000.0,104000.0,104000.0,2025-10-10 21:21:00+00:00,58.67832472189169,0.45125568665543625,0 days 00:01:00
1350,112,GRID_BUY,CLOSED,2025-10-10 21:20:00+00:00,102000.0,102000.0,104000.0,103000.0,2025-10-10 21:21:00+00:00,58.67832472189169,0.45682974212380145,0 days 00:01:00
1351,112,GRID_BUY,CLOSED,2025-10-10 21:21:00+00:00,104000.0,104000.0,104000.0,105000.0,2025-10-10 21:22:00+00:00,58.67832472189169,0.445788824561447,0 days 00:01:00
1352,112,GRID_BUY,CLOSED,2025-10-10 21:23:00+00:00,107000.0,107000.0,104000.0,108000.0,2025-10-10 21:24:00+00:00,58.67832472189169,0.43000134430872095,0 days 00:01:00
1353,112,GRID_BUY,CLOSED,2025-10-10 21:24:00+00:00,106000.0,106000.0,104000.0,107000.0,2025-10-10 21:25:00+00:00,58.67832472189169,0.4351645453976616,0 days 00:01:00
1354,112,GRID_BUY,CLOSED,2025-10-10 21:24:00+00:00,105000.0,105000.0,104000.0,106000.0,2025-10-10 21:25:00+00:00,58.67832472189169,0.44042609317401116,0 days 00:01:00
1355,112,GRID_BUY,CLOSED,2025-10-10 21:24:00+00:00,104000.0,104000.0,104000.0,105000.0,2025-10-10 21:25:00+00:00,58.67832472189169,0.445788824561447,0 days 00:01:00
1356,112,GRID_BUY,CLOSED,2025-10-10 21:24:00+00:00,103000.0,103000.0,104000.0,104000.0,2025-10-10 21:25:00+00:00,58.67832472189169,0.45125568665543625,0 days 00:01:00
1357,112,GRID_BUY,CLOSED,2025-10-10 21:24:00+00:00,102000.0,102000.0,104000.0,103000.0,2025-10-10 21:25:00+00:00,58.67832472189169,0.45682974212380145,0 days 00:01:00
1358,112,GRID_BUY,CLOSED,2025-10-10 21:25:00+00:00,107000.0,107000.0,104000.0,108000.0,2025-10-10 21:27:00+00:00,58.67832472189169,0.43000134430872095,0 days 00:02:00
1359,112,GRID_BUY,CLOSED,2025-10-10 21:26:00+00:00,106000.0,106000.0,104000.0,107000.0,2025-10-10 21:27:00+00:00,58.67832472189169,0.4351645453976616,0 days 00:01:00
1360,112,GRID_BUY,CLOSED,2025-10-10 21:26:00+00:00,105000.0,105000.0,104000.0,106000.0,2025-10-10 21:27:00+00:00,58.67832472189169,0.44042609317401116,0 days 00:01:00
1361,112,GRID_BUY,CLOSED,2025-10-10 21:30:00+00:00,108000.0,108000.0,104000.0,109000.0,2025-10-10 21:31:00+00:00,58.67832472189169,0.4249337580547561,0 days 00:01:00
1362,113,GRID_BUY,CLOSED,2025-10-10 21:32:00+00:00,109000.0,109000.0,109000.0,110000.0,2025-10-10 21:33:00+00:00,58.67832472189169,0.4199591550348174,0 days 00:01:00
1363,113,GRID_BUY,CLOSED,2025-10-10 21:33:00+00:00,110000.0,110000.0,109000.0,111000.0,2025-10-10 21:34:00+00:00,58.67832472189169,0.415074999342508,0 days 00:01:00
1364,113,GRID_BUY,CLOSED,2025-10-10 21:35:00+00:00,111000.0,111000.0,109000.0,112000.0,2025-10-10 21:38:00+00:00,58.67832472189169,0.4102788464554692,0 days 00:03:00
1365,113,GRID_BUY,CLOSED,2025-10-10 21:39:00+00:00,111000.0,111000.0,109000.0,112000.0,2025-10-10 21:40:00+00:00,58.67832472189169,0.4102788464554692,0 days 00:01:00
1366,113,GRID_BUY,CLOSED,2025-10-10 21:44:00+00:00,111000.0,111000.0,109000.0,112000.0,2025-10-10 21:45:00+00:00,58.67832472189169,0.4102788464554692,0 days 00:01:00
1367,113,GRID_BUY,CLOSED,2025-10-10 21:46:00+00:00,111000.0,111000.0,109000.0,112000.0,2025-10-10 21:47:00+00:00,58.67832472189169,0.4102788464554692,0 days 00:01:00
1368,113,GRID_BUY,CLOSED,2025-10-10 22:05:00+00:00,112000.0,112000.0,109000.0,113000.0,2025-10-10 22:10:00+00:00,58.67832472189169,0.40556833915569257,0 days 00:05:00
1369,113,GRID_BUY,CLOSED,2025-10-10 22:05:00+00:00,111000.0,111000.0,109000.0,112000.0,2025-10-10 22:06:00+00:00,58.67832472189169,0.4102788464554692,0 days 00:01:00
1370,113,GRID_BUY,CLOSED,2025-10-10 22:27:00+00:00,112000.0,112000.0,109000.0,113000.0,2025-10-10 22:34:00+00:00,58.67832472189169,0.40556833915569257,0 days 00:07:00
1371,113,GRID_BUY,CLOSED,2025-10-10 23:06:00+00:00,113000.0,113000.0,109000.0,114000.0,2025-10-10 23:34:00+00:00,58.67832472189169,0.40094120366654806,0 days 00:28:00
1372,114,GRID_BUY,CLOSED,2025-10-10 23:54:00+00:00,113000.0,113000.0,114000.0,114000.0,2025-10-12 16:05:00+00:00,58.67832472189169,0.40094120366654806,1 days 16:11:00
1373,114,GRID_BUY,CLOSED,2025-10-11 00:16:00+00:00,112000.0,112000.0,114000.0,113000.0,2025-10-11 00:48:00+00:00,58.67832472189169,0.40556833915569257,0 days 00:32:00
1374,114,GRID_BUY,CLOSED,2025-10-11 01:12:00+00:00,112000.0,112000.0,114000.0,113000.0,2025-10-11 02:43:00+00:00,58.67832472189169,0.40556833915569257,0 days 01:31:00
1375,114,GRID_BUY,CLOSED,2025-10-11 03:24:00+00:00,112000.0,112000.0,114000.0,113000.0,2025-10-12 15:05:00+00:00,58.67832472189169,0.40556833915569257,1 days 11:41:00
1376,114,GRID_BUY,CLOSED,2025-10-11 07:09:00+00:00,111000.0,111000.0,114000.0,112000.0,2025-10-11 10:21:00+00:00,58.67832472189169,0.4102788464554692,0 days 03:12:00
1377,114,GRID_BUY,CLOSED,2025-10-11 19:20:00+00:00,111000.0,111000.0,114000.0,112000.0,2025-10-12 06:27:00+00:00,58.67832472189169,0.4102788464554692,0 days 11:07:00
1378,114,GRID_BUY,CLOSED,2025-10-11 20:56:00+00:00,110000.0,110000.0,114000.0,111000.0,2025-10-11 21:46:00+00:00,58.67832472189169,0.415074999342508,0 days 00:50:00
1379,114,GRID_BUY,CLOSED,2025-10-12 00:28:00+00:00,110000.0,110000.0,114000.0,111000.0,2025-10-12 03:09:00+00:00,58.67832472189169,0.415074999342508,0 days 02:41:00
1380,114,GRID_BUY,CLOSED,2025-10-13 11:27:00+00:00,114000.0,114000.0,114000.0,115000.0,2025-10-13 13:31:00+00:00,58.67832472189169,0.39639524599298426,0 days 02:04:00
1381,114,GRID_BUY,CLOSED,2025-10-13 14:30:00+00:00,114000.0,114000.0,114000.0,115000.0,2025-10-13 16:09:00+00:00,58.67832472189169,0.39639524599298426,0 days 01:39:00
1382,114,GRID_BUY,CLOSED,2025-10-14 02:18:00+00:00,114000.0,114000.0,114000.0,115000.0,2025-10-26 22:03:00+00:00,58.67832472189169,0.39639524599298426,12 days 19:45:00
1383,114,GRID_BUY,CLOSED,2025-10-14 04:47:00+00:00,113000.0,113000.0,114000.0,114000.0,2025-10-21 16:36:00+00:00,58.67832472189169,0.40094120366654806,7 days 11:49:00
1384,114,GRID_BUY,CLOSED,2025-10-14 06:43:00+00:00,112000.0,112000.0,114000.0,113000.0,2025-10-14 16:20:00+00:00,58.67832472189169,0.40556833915569257,0 days 09:37:00
1385,114,GRID_BUY,CLOSED,2025-10-14 10:13:00+00:00,111000.0,111000.0,114000.0,112000.0,2025-10-14 14:17:00+00:00,58.67832472189169,0.4102788464554692,0 days 04:04:00
1386,114,GRID_BUY,CLOSED,2025-10-14 13:37:00+00:00,110000.0,110000.0,114000.0,111000.0,2025-10-14 13:45:00+00:00,58.67832472189169,0.415074999342508,0 days 00:08:00
1387,114,GRID_BUY,CLOSED,2025-10-14 17:01:00+00:00,112000.0,112000.0,114000.0,113000.0,2025-10-14 18:06:00+00:00,58.67832472189169,0.40556833915569257,0 days 01:05:00
1388,114,GRID_BUY,CLOSED,2025-10-15 03:22:00+00:00,112000.0,112000.0,114000.0,113000.0,2025-10-15 08:16:00+00:00,58.67832472189169,0.40556833915569257,0 days 04:54:00
1389,114,GRID_BUY,CLOSED,2025-10-15 11:17:00+00:00,112000.0,112000.0,114000.0,113000.0,2025-10-21 15:24:00+00:00,58.67832472189169,0.40556833915569257,6 days 04:07:00
1390,114,GRID_BUY,CLOSED,2025-10-15 13:46:00+00:00,111000.0,111000.0,114000.0,112000.0,2025-10-15 14:08:00+00:00,58.67832472189169,0.4102788464554692,0 days 00:22:00
1391,114,GRID_BUY,CLOSED,2025-10-15 14:48:00+00:00,111000.0,111000.0,114000.0,112000.0,2025-10-21 14:57:00+00:00,58.67832472189169,0.4102788464554692,6 days 00:09:00
1392,114,GRID_BUY,CLOSED,2025-10-16 09:34:00+00:00,110000.0,110000.0,114000.0,111000.0,2025-10-16 09:44:00+00:00,58.67832472189169,0.415074999342508,0 days 00:10:00
1393,114,GRID_BUY,CLOSED,2025-10-16 14:17:00+00:00,110000.0,110000.0,114000.0,111000.0,2025-10-16 14:40:00+00:00,58.67832472189169,0.415074999342508,0 days 00:23:00
1394,114,GRID_BUY,CLOSED,2025-10-16 15:27:00+00:00,110000.0,110000.0,114000.0,111000.0,2025-10-20 05:54:00+00:00,58.67832472189169,0.415074999342508,3 days 14:27:00
1395,114,GRID_BUY,CLOSED,2025-10-16 15:43:00+00:00,109000.0,109000.0,114000.0,110000.0,2025-10-20 03:51:00+00:00,58.67832472189169,0.4199591550348174,3 days 12:08:00
1396,115,GRID_BUY,CLOSED,2025-10-16 16:23:00+00:00,108000.0,108000.0,109000.0,109000.0,2025-10-16 16:58:00+00:00,58.67832472189169,0.4249337580547561,0 days 00:35:00
1397,115,GRID_BUY,CLOSED,2025-10-16 18:03:00+00:00,108000.0,108000.0,109000.0,109000.0,2025-10-17 01:06:00+00:00,58.67832472189169,0.4249337580547561,0 days 07:03:00
1398,115,GRID_BUY,CLOSED,2025-10-17 06:19:00+00:00,108000.0,108000.0,109000.0,109000.0,2025-10-19 17:07:00+00:00,58.67832472189169,0.4249337580547561,2 days 10:48:00
1399,115,GRID_BUY,CLOSED,2025-10-17 06:42:00+00:00,107000.0,107000.0,109000.0,108000.0,2025-10-19 09:49:00+00:00,58.67832472189169,0.43000134430872095,2 days 03:07:00
1400,115,GRID_BUY,CLOSED,2025-10-17 07:31:00+00:00,106000.0,106000.0,109000.0,107000.0,2025-10-17 16:00:00+00:00,58.67832472189169,0.4351645453976616,0 days 08:29:00
1401,115,GRID_BUY,CLOSED,2025-10-17 08:15:00+00:00,105000.0,105000.0,109000.0,106000.0,2025-10-17 11:15:00+00:00,58.67832472189169,0.44042609317401116,0 days 03:00:00
1402,115,GRID_BUY,CLOSED,2025-10-17 10:21:00+00:00,104000.0,104000.0,109000.0,105000.0,2025-10-17 11:04:00+00:00,58.67832472189169,0.445788824561447,0 days 00:43:00
1403,116,GRID_BUY,CLOSED,2025-10-17 13:13:00+00:00,105000.0,105000.0,104000.0,106000.0,2025-10-17 13:37:00+00:00,58.67832472189169,0.44042609317401116,0 days 00:24:00
1404,116,GRID_BUY,CLOSED,2025-10-17 13:47:00+00:00,105000.0,105000.0,104000.0,106000.0,2025-10-17 13:55:00+00:00,58.67832472189169,0.44042609317401116,0 days 00:08:00
1405,116,GRID_BUY,CLOSED,2025-10-17 14:23:00+00:00,105000.0,105000.0,104000.0,106000.0,2025-10-17 15:17:00+00:00,58.67832472189169,0.44042609317401116,0 days 00:54:00
1406,116,GRID_BUY,CLOSED,2025-10-19 10:05:00+00:00,107000.0,107000.0,104000.0,108000.0,2025-10-19 11:00:00+00:00,58.67832472189169,0.43000134430872095,0 days 00:55:00
1407,117,GRID_BUY,CLOSED,2025-10-20 00:19:00+00:00,108000.0,108000.0,109000.0,109000.0,2025-10-20 03:42:00+00:00,58.67832472189169,0.4249337580547561,0 days 03:23:00
1408,117,GRID_BUY,CLOSED,2025-10-20 17:37:00+00:00,110000.0,110000.0,109000.0,111000.0,2025-10-20 19:04:00+00:00,58.67832472189169,0.415074999342508,0 days 01:27:00
1409,117,GRID_BUY,CLOSED,2025-10-21 01:54:00+00:00,110000.0,110000.0,109000.0,111000.0,2025-10-21 14:51:00+00:00,58.67832472189169,0.415074999342508,0 days 12:57:00
1410,117,GRID_BUY,CLOSED,2025-10-21 04:00:00+00:00,109000.0,109000.0,109000.0,110000.0,2025-10-21 14:18:00+00:00,58.67832472189169,0.4199591550348174,0 days 10:18:00
1411,117,GRID_BUY,CLOSED,2025-10-21 04:30:00+00:00,108000.0,108000.0,109000.0,109000.0,2025-10-21 12:21:00+00:00,58.67832472189169,0.4249337580547561,0 days 07:51:00
1412,117,GRID_BUY,CLOSED,2025-10-21 13:09:00+00:00,108000.0,108000.0,109000.0,109000.0,2025-10-21 14:07:00+00:00,58.67832472189169,0.4249337580547561,0 days 00:58:00
1413,117,GRID_BUY,CLOSED,2025-10-21 16:56:00+00:00,113000.0,113000.0,109000.0,114000.0,2025-10-26 13:44:00+00:00,58.67832472189169,0.40094120366654806,4 days 20:48:00
1414,117,GRID_BUY,CLOSED,2025-10-21 17:18:00+00:00,112000.0,112000.0,109000.0,113000.0,2025-10-26 11:42:00+00:00,58.67832472189169,0.40556833915569257,4 days 18:24:00
1415,117,GRID_BUY,CLOSED,2025-10-21 20:16:00+00:00,111000.0,111000.0,109000.0,112000.0,2025-10-24 12:30:00+00:00,58.67832472189169,0.4102788464554692,2 days 16:14:00
1416,117,GRID_BUY,CLOSED,2025-10-21 22:21:00+00:00,110000.0,110000.0,109000.0,111000.0,2025-10-23 17:40:00+00:00,58.67832472189169,0.415074999342508,1 days 19:19:00
1417,117,GRID_BUY,CLOSED,2025-10-21 22:31:00+00:00,109000.0,109000.0,109000.0,110000.0,2025-10-23 06:17:00+00:00,58.67832472189169,0.4199591550348174,1 days 07:46:00
1418,117,GRID_BUY,CLOSED,2025-10-22 00:28:00+00:00,108000.0,108000.0,109000.0,109000.0,2025-10-22 13:58:00+00:00,58.67832472189169,0.4249337580547561,0 days 13:30:00
1419,117,GRID_BUY,CLOSED,2025-10-22 11:03:00+00:00,107000.0,107000.0,109000.0,108000.0,2025-10-22 11:18:00+00:00,58.67832472189169,0.43000134430872095,0 days 00:15:00
1420,117,GRID_BUY,CLOSED,2025-10-22 14:06:00+00:00,108000.0,108000.0,109000.0,109000.0,2025-10-22 15:01:00+00:00,58.67832472189169,0.4249337580547561,0 days 00:55:00
1421,117,GRID_BUY,CLOSED,2025-10-22 15:22:00+00:00,108000.0,108000.0,109000.0,109000.0,2025-10-23 06:08:00+00:00,58.67832472189169,0.4249337580547561,0 days 14:46:00
1422,117,GRID_BUY,CLOSED,2025-10-22 21:01:00+00:00,107000.0,107000.0,109000.0,108000.0,2025-10-23 01:10:00+00:00,58.67832472189169,0.43000134430872095,0 days 04:09:00
1423,117,GRID_BUY,CLOSED,2025-10-23 12:02:00+00:00,109000.0,109000.0,109000.0,110000.0,2025-10-23 15:10:00+00:00,58.67832472189169,0.4199591550348174,0 days 03:08:00
1424,117,GRID_BUY,CLOSED,2025-10-23 20:02:00+00:00,110000.0,110000.0,109000.0,111000.0,2025-10-24 04:27:00+00:00,58.67832472189169,0.415074999342508,0 days 08:25:00
1425,117,GRID_BUY,CLOSED,2025-10-24 13:38:00+00:00,111000.0,111000.0,109000.0,112000.0,2025-10-26 09:21:00+00:00,58.67832472189169,0.4102788464554692,1 days 19:43:00
1426,117,GRID_BUY,CLOSED,2025-10-24 14:21:00+00:00,110000.0,110000.0,109000.0,111000.0,2025-10-24 20:56:00+00:00,58.67832472189169,0.415074999342508,0 days 06:35:00
1427,117,GRID_BUY,CLOSED,2025-10-26 21:28:00+00:00,113000.0,113000.0,109000.0,114000.0,2025-10-26 22:02:00+00:00,58.67832472189169,0.40094120366654806,0 days 00:34:00
1428,118,GRID_BUY,CLOSED,2025-10-27 08:50:00+00:00,115000.0,115000.0,115000.0,116000.0,2025-10-28 14:19:00+00:00,58.67832472189169,0.39192834845287194,1 days 05:29:00
1429,118,GRID_BUY,CLOSED,2025-10-27 23:01:00+00:00,114000.0,114000.0,115000.0,115000.0,2025-10-28 13:20:00+00:00,58.67832472189169,0.39639524599298426,0 days 14:19:00
1430,118,GRID_BUY,OPEN,2025-10-28 14:42:00+00:00,115000.0,115000.0,115000.0,116000.0,,58.67832472189169,-14.000866776314773,64 days 09:17:00
1431,118,GRID_BUY,OPEN,2025-10-28 19:20:00+00:00,114000.0,114000.0,115000.0,115000.0,,58.67832472189169,-13.608959250476367,64 days 04:39:00
1432,118,GRID_BUY,OPEN,2025-10-28 20:09:00+00:00,113000.0,113000.0,115000.0,114000.0,,58.67832472189169,-13.210115308251453,64 days 03:50:00
1433,118,GRID_BUY,OPEN,2025-10-29 15:29:00+00:00,112000.0,112000.0,115000.0,113000.0,,58.67832472189169,-12.804149152772524,63 days 08:30:00
1434,118,GRID_BUY,CLOSED,2025-10-29 16:13:00+00:00,111000.0,111000.0,115000.0,112000.0,2025-10-29 18:02:00+00:00,58.67832472189169,0.4102788464554692,0 days 01:49:00
1435,118,GRID_BUY,OPEN,2025-10-29 18:35:00+00:00,111000.0,111000.0,115000.0,112000.0,,58.67832472189169,-12.390868291789474,63 days 05:24:00
1436,118,GRID_BUY,CLOSED,2025-10-29 18:39:00+00:00,110000.0,110000.0,115000.0,111000.0,2025-10-29 18:53:00+00:00,58.67832472189169,0.415074999342508,0 days 00:14:00
1437,119,GRID_BUY,CLOSED,2025-10-29 23:39:00+00:00,110000.0,110000.0,109000.0,111000.0,2025-10-30 02:59:00+00:00,58.67832472189169,0.415074999342508,0 days 03:20:00
1438,119,GRID_BUY,CLOSED,2025-10-30 04:11:00+00:00,110000.0,110000.0,109000.0,111000.0,2025-10-30 07:11:00+00:00,58.67832472189169,0.415074999342508,0 days 03:00:00
1439,119,GRID_BUY,CLOSED,2025-10-30 04:26:00+00:00,109000.0,109000.0,109000.0,110000.0,2025-10-30 05:46:00+00:00,58.67832472189169,0.4199591550348174,0 days 01:20:00
1440,119,GRID_BUY,CLOSED,2025-10-30 04:32:00+00:00,108000.0,108000.0,109000.0,109000.0,2025-10-30 04:36:00+00:00,58.67832472189169,0.4249337580547561,0 days 00:04:00
1441,119,GRID_BUY,CLOSED,2025-10-30 10:02:00+00:00,110000.0,110000.0,109000.0,111000.0,2025-10-31 14:56:00+00:00,58.67832472189169,0.415074999342508,1 days 04:54:00
1442,119,GRID_BUY,CLOSED,2025-10-30 12:24:00+00:00,109000.0,109000.0,109000.0,110000.0,2025-10-31 01:10:00+00:00,58.67832472189169,0.4199591550348174,0 days 12:46:00
1443,119,GRID_BUY,CLOSED,2025-10-30 13:37:00+00:00,108000.0,108000.0,109000.0,109000.0,2025-10-31 00:52:00+00:00,58.67832472189169,0.4249337580547561,0 days 11:15:00
1444,119,GRID_BUY,CLOSED,2025-10-30 17:21:00+00:00,107000.0,107000.0,109000.0,108000.0,2025-10-30 23:34:00+00:00,58.67832472189169,0.43000134430872095,0 days 06:13:00
1445,119,GRID_BUY,CLOSED,2025-10-31 02:38:00+00:00,109000.0,109000.0,109000.0,110000.0,2025-10-31 04:40:00+00:00,58.67832472189169,0.4199591550348174,0 days 02:02:00
1446,119,GRID_BUY,CLOSED,2025-10-31 16:09:00+00:00,110000.0,110000.0,109000.0,111000.0,2025-11-02 07:53:00+00:00,58.67832472189169,0.415074999342508,1 days 15:44:00
1447,119,GRID_BUY,CLOSED,2025-10-31 16:51:00+00:00,109000.0,109000.0,109000.0,110000.0,2025-10-31 19:33:00+00:00,58.67832472189169,0.4199591550348174,0 days 02:42:00
1448,119,GRID_BUY,OPEN,2025-11-02 16:00:00+00:00,110000.0,110000.0,109000.0,111000.0,,58.67832472189169,-11.970073233333999,59 days 07:59:00
1449,119,GRID_BUY,OPEN,2025-11-03 02:32:00+00:00,109000.0,109000.0,109000.0,110000.0,,58.67832472189169,-11.541557164631634,58 days 21:27:00
1450,119,GRID_BUY,OPEN,2025-11-03 03:26:00+00:00,108000.0,108000.0,109000.0,109000.0,,58.67832472189169,-11.105105613175525,58 days 20:33:00
1451,119,GRID_BUY,CLOSED,2025-11-03 08:46:00+00:00,107000.0,107000.0,109000.0,108000.0,2025-11-03 12:04:00+00:00,58.67832472189169,0.43000134430872095,0 days 03:18:00
1452,119,GRID_BUY,OPEN,2025-11-03 15:26:00+00:00,107000.0,107000.0,109000.0,108000.0,,58.67832472189169,-10.660496088794993,58 days 08:33:00
1453,119,GRID_BUY,CLOSED,2025-11-03 15:28:00+00:00,106000.0,106000.0,109000.0,107000.0,2025-11-03 17:18:00+00:00,58.67832472189169,0.4351645453976616,0 days 01:50:00
1454,119,GRID_BUY,CLOSED,2025-11-03 22:30:00+00:00,106000.0,106000.0,109000.0,107000.0,2025-11-04 01:21:00+00:00,58.67832472189169,0.4351645453976616,0 days 02:51:00
1455,119,GRID_BUY,CLOSED,2025-11-04 05:21:00+00:00,106000.0,106000.0,109000.0,107000.0,2025-11-11 01:19:00+00:00,58.67832472189169,0.4351645453976616,6 days 19:58:00
1456,119,GRID_BUY,CLOSED,2025-11-04 05:44:00+00:00,105000.0,105000.0,109000.0,106000.0,2025-11-10 00:39:00+00:00,58.67832472189169,0.44042609317401116,5 days 18:55:00
1457,119,GRID_BUY,CLOSED,2025-11-04 08:13:00+00:00,104000.0,104000.0,109000.0,105000.0,2025-11-09 20:05:00+00:00,58.67832472189169,0.445788824561447,5 days 11:52:00
1458,120,GRID_BUY,CLOSED,2025-11-04 14:37:00+00:00,103000.0,103000.0,104000.0,104000.0,2025-11-04 14:45:00+00:00,58.67832472189169,0.45125568665543625,0 days 00:08:00
1459,120,GRID_BUY,CLOSED,2025-11-04 16:12:00+00:00,103000.0,103000.0,104000.0,104000.0,2025-11-05 16:51:00+00:00,58.67832472189169,0.45125568665543625,1 days 00:39:00
1460,120,GRID_BUY,CLOSED,2025-11-04 17:02:00+00:00,102000.0,102000.0,104000.0,103000.0,2025-11-05 13:48:00+00:00,58.67832472189169,0.45682974212380145,0 days 20:46:00
1461,120,GRID_BUY,CLOSED,2025-11-04 17:17:00+00:00,101000.0,101000.0,104000.0,102000.0,2025-11-05 03:25:00+00:00,58.67832472189169,0.46251417492819513,0 days 10:08:00
1462,120,GRID_BUY,CLOSED,2025-11-04 20:17:00+00:00,100000.0,100000.0,104000.0,101000.0,2025-11-04 20:41:00+00:00,58.67832472189169,0.46831229638866034,0 days 00:24:00
1463,120,GRID_BUY,CLOSED,2025-11-04 21:21:00+00:00,100000.0,100000.0,104000.0,101000.0,2025-11-04 22:09:00+00:00,58.67832472189169,0.46831229638866034,0 days 00:48:00
1464,120,GRID_BUY,CLOSED,2025-11-04 21:35:00+00:00,99000.0,99000.0,104000.0,100000.0,2025-11-04 21:56:00+00:00,58.67832472189169,0.4742275516160177,0 days 00:21:00
1465,121,GRID_BUY,CLOSED,2025-11-05 01:17:00+00:00,100000.0,100000.0,99000.0,101000.0,2025-11-05 01:59:00+00:00,58.67832472189169,0.46831229638866034,0 days 00:42:00
1466,121,GRID_BUY,CLOSED,2025-11-05 01:39:00+00:00,99000.0,99000.0,99000.0,100000.0,2025-11-05 01:52:00+00:00,58.67832472189169,0.4742275516160177,0 days 00:13:00
1467,122,GRID_BUY,CLOSED,2025-11-06 01:19:00+00:00,103000.0,103000.0,104000.0,104000.0,2025-11-06 04:45:00+00:00,58.67832472189169,0.45125568665543625,0 days 03:26:00
1468,122,GRID_BUY,CLOSED,2025-11-06 07:17:00+00:00,103000.0,103000.0,104000.0,104000.0,2025-11-07 22:07:00+00:00,58.67832472189169,0.45125568665543625,1 days 14:50:00
1469,122,GRID_BUY,CLOSED,2025-11-06 15:00:00+00:00,102000.0,102000.0,104000.0,103000.0,2025-11-07 19:36:00+00:00,58.67832472189169,0.45682974212380145,1 days 04:36:00
1470,122,GRID_BUY,CLOSED,2025-11-06 16:39:00+00:00,101000.0,101000.0,104000.0,102000.0,2025-11-06 18:48:00+00:00,58.67832472189169,0.46251417492819513,0 days 02:09:00
1471,122,GRID_BUY,CLOSED,2025-11-06 20:31:00+00:00,101000.0,101000.0,104000.0,102000.0,2025-11-07 03:01:00+00:00,58.67832472189169,0.46251417492819513,0 days 06:30:00
1472,122,GRID_BUY,CLOSED,2025-11-07 09:26:00+00:00,101000.0,101000.0,104000.0,102000.0,2025-11-07 17:23:00+00:00,58.67832472189169,0.46251417492819513,0 days 07:57:00
1473,122,GRID_BUY,CLOSED,2025-11-07 11:15:00+00:00,100000.0,100000.0,104000.0,101000.0,2025-11-07 15:10:00+00:00,58.67832472189169,0.46831229638866034,0 days 03:55:00
1474,122,GRID_BUY,CLOSED,2025-11-08 00:34:00+00:00,103000.0,103000.0,104000.0,104000.0,2025-11-09 14:30:00+00:00,58.67832472189169,0.45125568665543625,1 days 13:56:00
1475,122,GRID_BUY,CLOSED,2025-11-08 07:21:00+00:00,102000.0,102000.0,104000.0,103000.0,2025-11-09 14:09:00+00:00,58.67832472189169,0.45682974212380145,1 days 06:48:00
1476,122,GRID_BUY,CLOSED,2025-11-09 14:58:00+00:00,103000.0,103000.0,104000.0,104000.0,2025-11-09 15:52:00+00:00,58.67832472189169,0.45125568665543625,0 days 00:54:00
1477,122,GRID_BUY,CLOSED,2025-11-10 14:52:00+00:00,105000.0,105000.0,104000.0,106000.0,2025-11-10 18:00:00+00:00,58.67832472189169,0.44042609317401116,0 days 03:08:00
1478,122,GRID_BUY,CLOSED,2025-11-11 02:02:00+00:00,106000.0,106000.0,104000.0,107000.0,2025-11-11 02:35:00+00:00,58.67832472189169,0.4351645453976616,0 days 00:33:00
1479,122,GRID_BUY,OPEN,2025-11-11 04:28:00+00:00,106000.0,106000.0,104000.0,107000.0,,58.67832472189169,-10.2074977054639,50 days 19:31:00
1480,122,GRID_BUY,OPEN,2025-11-11 06:08:00+00:00,105000.0,105000.0,104000.0,106000.0,,58.67832472189169,-9.74587078149792,50 days 17:51:00
1481,122,GRID_BUY,CLOSED,2025-11-11 14:49:00+00:00,104000.0,104000.0,104000.0,105000.0,2025-11-12 09:20:00+00:00,58.67832472189169,0.445788824561447,0 days 18:31:00
1482,122,GRID_BUY,CLOSED,2025-11-11 17:40:00+00:00,103000.0,103000.0,104000.0,104000.0,2025-11-12 08:36:00+00:00,58.67832472189169,0.45125568665543625,0 days 14:56:00
1483,122,GRID_BUY,OPEN,2025-11-12 14:48:00+00:00,104000.0,104000.0,104000.0,105000.0,,58.67832472189169,-9.275366416686445,49 days 09:11:00
1484,122,GRID_BUY,CLOSED,2025-11-12 15:38:00+00:00,103000.0,103000.0,104000.0,104000.0,2025-11-13 07:26:00+00:00,58.67832472189169,0.45125568665543625,0 days 15:48:00
1485,122,GRID_BUY,CLOSED,2025-11-12 15:53:00+00:00,102000.0,102000.0,104000.0,103000.0,2025-11-13 05:54:00+00:00,58.67832472189169,0.45682974212380145,0 days 14:01:00
1486,122,GRID_BUY,CLOSED,2025-11-12 19:28:00+00:00,101000.0,101000.0,104000.0,102000.0,2025-11-13 00:36:00+00:00,58.67832472189169,0.46251417492819513,0 days 05:08:00
1487,122,GRID_BUY,CLOSED,2025-11-13 03:15:00+00:00,101000.0,101000.0,104000.0,102000.0,2025-11-13 03:25:00+00:00,58.67832472189169,0.46251417492819513,0 days 00:10:00
1488,122,GRID_BUY,OPEN,2025-11-13 09:08:00+00:00,103000.0,103000.0,104000.0,104000.0,,58.67832472189169,-8.795726044791245,48 days 14:51:00
1489,122,GRID_BUY,CLOSED,2025-11-13 14:36:00+00:00,102000.0,102000.0,104000.0,103000.0,2025-11-13 14:52:00+00:00,58.67832472189169,0.45682974212380145,0 days 00:16:00
1490,122,GRID_BUY,OPEN,2025-11-13 15:33:00+00:00,102000.0,102000.0,104000.0,103000.0,,58.67832472189169,-8.306680959721632,48 days 08:26:00
1491,122,GRID_BUY,OPEN,2025-11-13 16:17:00+00:00,101000.0,101000.0,104000.0,102000.0,,58.67832472189169,-7.80795181356153,48 days 07:42:00
1492,122,GRID_BUY,OPEN,2025-11-13 17:41:00+00:00,100000.0,100000.0,104000.0,101000.0,,58.67832472189169,-7.299248084478236,48 days 06:18:00
1493,122,GRID_BUY,CLOSED,2025-11-13 18:25:00+00:00,99000.0,99000.0,104000.0,100000.0,2025-11-13 23:14:00+00:00,58.67832472189169,0.4742275516160177,0 days 04:49:00
1494,123,GRID_BUY,OPEN,2025-11-14 00:15:00+00:00,99000.0,99000.0,99000.0,100000.0,,58.67832472189169,-6.780267512383148,47 days 23:44:00
1495,123,GRID_BUY,OPEN,2025-11-14 04:34:00+00:00,98000.0,98000.0,99000.0,99000.0,,58.67832472189169,-6.250695500041218,47 days 19:25:00
1496,123,GRID_BUY,CLOSED,2025-11-14 04:38:00+00:00,97000.0,97000.0,99000.0,98000.0,2025-11-14 05:01:00+00:00,58.67832472189169,0.4864239541466304,0 days 00:23:00
1497,123,GRID_BUY,OPEN,2025-11-14 06:13:00+00:00,97000.0,97000.0,99000.0,98000.0,,58.67832472189169,-5.710204477135555,47 days 17:46:00
1498,123,GRID_BUY,CLOSED,2025-11-14 06:49:00+00:00,96000.0,96000.0,99000.0,97000.0,2025-11-14 06:56:00+00:00,58.67832472189169,0.49271272420148904,0 days 00:07:00
1499,123,GRID_BUY,CLOSED,2025-11-14 11:42:00+00:00,96000.0,96000.0,99000.0,97000.0,2025-11-14 15:46:00+00:00,58.67832472189169,0.49271272420148904,0 days 04:04:00
1500,123,GRID_BUY,CLOSED,2025-11-14 12:39:00+00:00,95000.0,95000.0,99000.0,96000.0,2025-11-14 14:36:00+00:00,58.67832472189169,0.4991338894153827,0 days 01:57:00
1501,123,GRID_BUY,OPEN,2025-11-14 17:48:00+00:00,96000.0,96000.0,99000.0,97000.0,,58.67832472189169,-5.158453224586005,47 days 06:11:00
1502,123,GRID_BUY,CLOSED,2025-11-14 18:59:00+00:00,95000.0,95000.0,99000.0,96000.0,2025-11-15 02:41:00+00:00,58.67832472189169,0.4991338894153827,0 days 07:42:00
1503,123,GRID_BUY,CLOSED,2025-11-16 01:40:00+00:00,95000.0,95000.0,99000.0,96000.0,2025-11-16 05:11:00+00:00,58.67832472189169,0.4991338894153827,0 days 03:31:00
1504,123,GRID_BUY,CLOSED,2025-11-16 15:53:00+00:00,95000.0,95000.0,99000.0,96000.0,2025-11-17 08:25:00+00:00,58.67832472189169,0.4991338894153827,0 days 16:32:00
1505,123,GRID_BUY,CLOSED,2025-11-16 17:44:00+00:00,94000.0,94000.0,99000.0,95000.0,2025-11-16 18:11:00+00:00,58.67832472189169,0.5056916751657639,0 days 00:27:00
1506,124,GRID_BUY,CLOSED,2025-11-16 18:47:00+00:00,94000.0,94000.0,94000.0,95000.0,2025-11-17 00:35:00+00:00,58.67832472189169,0.5056916751657639,0 days 05:48:00
1507,124,GRID_BUY,CLOSED,2025-11-17 13:09:00+00:00,95000.0,95000.0,94000.0,96000.0,2025-11-17 14:36:00+00:00,58.67832472189169,0.4991338894153827,0 days 01:27:00
1508,124,GRID_BUY,CLOSED,2025-11-17 13:42:00+00:00,94000.0,94000.0,94000.0,95000.0,2025-11-17 14:36:00+00:00,58.67832472189169,0.5056916751657639,0 days 00:54:00
1509,124,GRID_BUY,OPEN,2025-11-17 14:53:00+00:00,95000.0,95000.0,94000.0,96000.0,,58.67832472189169,-4.595086156193311,44 days 09:06:00
1510,124,GRID_BUY,OPEN,2025-11-17 15:19:00+00:00,94000.0,94000.0,94000.0,95000.0,,58.67832472189169,-4.019732554430561,44 days 08:40:00
1511,124,GRID_BUY,CLOSED,2025-11-17 17:44:00+00:00,93000.0,93000.0,94000.0,94000.0,2025-12-03 22:49:00+00:00,58.67832472189169,0.5123904885666661,16 days 05:05:00
1512,124,GRID_BUY,CLOSED,2025-11-17 19:33:00+00:00,92000.0,92000.0,94000.0,93000.0,2025-11-18 15:27:00+00:00,58.67832472189169,0.5192349283458597,0 days 19:54:00
1513,124,GRID_BUY,CLOSED,2025-11-18 02:16:00+00:00,91000.0,91000.0,94000.0,92000.0,2025-11-18 14:32:00+00:00,58.67832472189169,0.5262297953729416,0 days 12:16:00
1514,124,GRID_BUY,CLOSED,2025-11-18 03:30:00+00:00,90000.0,90000.0,94000.0,91000.0,2025-11-18 08:17:00+00:00,58.67832472189169,0.5333801038895345,0 days 04:47:00
1515,124,GRID_BUY,CLOSED,2025-11-19 00:19:00+00:00,92000.0,92000.0,94000.0,93000.0,2025-11-20 05:04:00+00:00,58.67832472189169,0.5192349283458597,1 days 04:45:00
1516,124,GRID_BUY,CLOSED,2025-11-19 05:08:00+00:00,91000.0,91000.0,94000.0,92000.0,2025-11-19 07:47:00+00:00,58.67832472189169,0.5262297953729416,0 days 02:39:00
1517,124,GRID_BUY,CLOSED,2025-11-19 15:30:00+00:00,91000.0,91000.0,94000.0,92000.0,2025-11-20 00:30:00+00:00,58.67832472189169,0.5262297953729416,0 days 09:00:00
1518,124,GRID_BUY,CLOSED,2025-11-19 15:53:00+00:00,90000.0,90000.0,94000.0,91000.0,2025-11-19 15:56:00+00:00,58.67832472189169,0.5333801038895345,0 days 00:03:00
1519,124,GRID_BUY,CLOSED,2025-11-19 16:05:00+00:00,90000.0,90000.0,94000.0,91000.0,2025-11-19 23:05:00+00:00,58.67832472189169,0.5333801038895345,0 days 07:00:00
1520,124,GRID_BUY,CLOSED,2025-11-19 17:36:00+00:00,89000.0,89000.0,94000.0,90000.0,2025-11-19 21:20:00+00:00,58.67832472189169,0.5406910934963634,0 days 03:44:00
1521,125,GRID_BUY,CLOSED,2025-11-20 06:42:00+00:00,92000.0,92000.0,89000.0,93000.0,2025-11-28 14:30:00+00:00,58.67832472189169,0.5192349283458597,8 days 07:48:00
1522,125,GRID_BUY,CLOSED,2025-11-20 14:05:00+00:00,91000.0,91000.0,89000.0,92000.0,2025-11-28 11:02:00+00:00,58.67832472189169,0.5262297953729416,7 days 20:57:00
1523,125,GRID_BUY,CLOSED,2025-11-20 15:58:00+00:00,90000.0,90000.0,89000.0,91000.0,2025-11-27 01:58:00+00:00,58.67832472189169,0.5333801038895345,6 days 10:00:00
1524,125,GRID_BUY,CLOSED,2025-11-20 16:07:00+00:00,89000.0,89000.0,89000.0,90000.0,2025-11-26 18:07:00+00:00,58.67832472189169,0.5406910934963634,6 days 02:00:00
1525,125,GRID_BUY,CLOSED,2025-11-20 16:47:00+00:00,88000.0,88000.0,89000.0,89000.0,2025-11-24 20:46:00+00:00,58.67832472189169,0.5481682419578959,4 days 03:59:00
1526,125,GRID_BUY,CLOSED,2025-11-20 17:11:00+00:00,87000.0,87000.0,89000.0,88000.0,2025-11-20 22:26:00+00:00,58.67832472189169,0.5558172788898261,0 days 05:15:00
1527,125,GRID_BUY,CLOSED,2025-11-20 23:36:00+00:00,87000.0,87000.0,89000.0,88000.0,2025-11-23 21:58:00+00:00,58.67832472189169,0.5558172788898261,2 days 22:22:00
1528,125,GRID_BUY,CLOSED,2025-11-21 02:44:00+00:00,86000.0,86000.0,89000.0,87000.0,2025-11-23 14:00:00+00:00,58.67832472189169,0.5636442004015549,2 days 11:16:00
1529,125,GRID_BUY,CLOSED,2025-11-21 07:32:00+00:00,85000.0,85000.0,89000.0,86000.0,2025-11-23 01:53:00+00:00,58.67832472189169,0.5716552847723761,1 days 18:21:00
1530,125,GRID_BUY,CLOSED,2025-11-21 07:33:00+00:00,84000.0,84000.0,89000.0,85000.0,2025-11-21 14:36:00+00:00,58.67832472189169,0.5798571092472784,0 days 07:03:00
1531,126,GRID_BUY,CLOSED,2025-11-21 07:34:00+00:00,83000.0,83000.0,83000.0,84000.0,2025-11-21 07:37:00+00:00,58.67832472189169,0.5882565680468801,0 days 00:03:00
1532,126,GRID_BUY,CLOSED,2025-11-21 07:34:00+00:00,82000.0,82000.0,83000.0,83000.0,2025-11-21 07:35:00+00:00,58.67832472189169,0.5968608916952434,0 days 00:01:00
1533,126,GRID_BUY,CLOSED,2025-11-21 09:31:00+00:00,83000.0,83000.0,83000.0,84000.0,2025-11-21 13:17:00+00:00,58.67832472189169,0.5882565680468801,0 days 03:46:00
1534,126,GRID_BUY,CLOSED,2025-11-21 10:03:00+00:00,82000.0,82000.0,83000.0,83000.0,2025-11-21 11:07:00+00:00,58.67832472189169,0.5968608916952434,0 days 01:04:00
1535,126,GRID_BUY,CLOSED,2025-11-21 12:08:00+00:00,82000.0,82000.0,83000.0,83000.0,2025-11-21 12:44:00+00:00,58.67832472189169,0.5968608916952434,0 days 00:36:00
1536,126,GRID_BUY,CLOSED,2025-11-21 12:23:00+00:00,81000.0,81000.0,83000.0,82000.0,2025-11-21 12:36:00+00:00,58.67832472189169,0.6056776677793607,0 days 00:13:00
1537,126,GRID_BUY,CLOSED,2025-11-21 15:17:00+00:00,84000.0,84000.0,83000.0,85000.0,2025-11-21 17:04:00+00:00,58.67832472189169,0.5798571092472784,0 days 01:47:00
1538,126,GRID_BUY,CLOSED,2025-11-21 15:39:00+00:00,83000.0,83000.0,83000.0,84000.0,2025-11-21 16:51:00+00:00,58.67832472189169,0.5882565680468801,0 days 01:12:00
1539,126,GRID_BUY,CLOSED,2025-11-21 18:06:00+00:00,84000.0,84000.0,83000.0,85000.0,2025-11-21 18:48:00+00:00,58.67832472189169,0.5798571092472784,0 days 00:42:00
1540,126,GRID_BUY,CLOSED,2025-11-21 20:07:00+00:00,84000.0,84000.0,83000.0,85000.0,2025-11-21 21:29:00+00:00,58.67832472189169,0.5798571092472784,0 days 01:22:00
1541,126,GRID_BUY,CLOSED,2025-11-22 04:17:00+00:00,84000.0,84000.0,83000.0,85000.0,2025-11-22 22:51:00+00:00,58.67832472189169,0.5798571092472784,0 days 18:34:00
1542,127,GRID_BUY,CLOSED,2025-11-23 23:18:00+00:00,87000.0,87000.0,88000.0,88000.0,2025-11-24 02:18:00+00:00,58.67832472189169,0.5558172788898261,0 days 03:00:00
1543,127,GRID_BUY,CLOSED,2025-11-24 00:21:00+00:00,86000.0,86000.0,88000.0,87000.0,2025-11-24 00:41:00+00:00,58.67832472189169,0.5636442004015549,0 days 00:20:00
1544,127,GRID_BUY,CLOSED,2025-11-24 04:16:00+00:00,87000.0,87000.0,88000.0,88000.0,2025-11-24 17:41:00+00:00,58.67832472189169,0.5558172788898261,0 days 13:25:00
1545,127,GRID_BUY,CLOSED,2025-11-24 09:21:00+00:00,86000.0,86000.0,88000.0,87000.0,2025-11-24 16:02:00+00:00,58.67832472189169,0.5636442004015549,0 days 06:41:00
1546,127,GRID_BUY,CLOSED,2025-11-25 00:14:00+00:00,88000.0,88000.0,88000.0,89000.0,2025-11-26 17:34:00+00:00,58.67832472189169,0.5481682419578959,1 days 17:20:00
1547,127,GRID_BUY,CLOSED,2025-11-25 08:59:00+00:00,87000.0,87000.0,88000.0,88000.0,2025-11-25 17:37:00+00:00,58.67832472189169,0.5558172788898261,0 days 08:38:00
1548,127,GRID_BUY,CLOSED,2025-11-25 19:04:00+00:00,87000.0,87000.0,88000.0,88000.0,2025-11-26 01:39:00+00:00,58.67832472189169,0.5558172788898261,0 days 06:35:00
1549,127,GRID_BUY,CLOSED,2025-11-26 04:08:00+00:00,87000.0,87000.0,88000.0,88000.0,2025-11-26 17:25:00+00:00,58.67832472189169,0.5558172788898261,0 days 13:17:00
1550,127,GRID_BUY,CLOSED,2025-11-28 14:41:00+00:00,92000.0,92000.0,88000.0,93000.0,2025-12-03 02:26:00+00:00,58.67832472189169,0.5192349283458597,4 days 11:45:00
1551,127,GRID_BUY,CLOSED,2025-11-28 16:30:00+00:00,91000.0,91000.0,88000.0,92000.0,2025-11-30 13:24:00+00:00,58.67832472189169,0.5262297953729416,1 days 20:54:00
1552,127,GRID_BUY,CLOSED,2025-11-30 21:12:00+00:00,91000.0,91000.0,88000.0,92000.0,2025-12-02 18:18:00+00:00,58.67832472189169,0.5262297953729416,1 days 21:06:00
1553,127,GRID_BUY,CLOSED,2025-12-01 00:04:00+00:00,90000.0,90000.0,88000.0,91000.0,2025-12-02 15:51:00+00:00,58.67832472189169,0.5333801038895345,1 days 15:47:00
1554,127,GRID_BUY,CLOSED,2025-12-01 00:08:00+00:00,89000.0,89000.0,88000.0,90000.0,2025-12-02 15:03:00+00:00,58.67832472189169,0.5406910934963634,1 days 14:55:00
1555,127,GRID_BUY,CLOSED,2025-12-01 00:33:00+00:00,88000.0,88000.0,88000.0,89000.0,2025-12-02 14:47:00+00:00,58.67832472189169,0.5481682419578959,1 days 14:14:00
1556,127,GRID_BUY,CLOSED,2025-12-01 00:56:00+00:00,87000.0,87000.0,88000.0,88000.0,2025-12-02 14:08:00+00:00,58.67832472189169,0.5558172788898261,1 days 13:12:00
1557,127,GRID_BUY,CLOSED,2025-12-01 04:13:00+00:00,86000.0,86000.0,88000.0,87000.0,2025-12-02 01:06:00+00:00,58.67832472189169,0.5636442004015549,0 days 20:53:00
1558,127,GRID_BUY,CLOSED,2025-12-01 12:48:00+00:00,85000.0,85000.0,88000.0,86000.0,2025-12-01 13:03:00+00:00,58.67832472189169,0.5716552847723761,0 days 00:15:00
1559,127,GRID_BUY,CLOSED,2025-12-01 15:25:00+00:00,85000.0,85000.0,88000.0,86000.0,2025-12-01 21:21:00+00:00,58.67832472189169,0.5716552847723761,0 days 05:56:00
1560,127,GRID_BUY,CLOSED,2025-12-01 15:42:00+00:00,84000.0,84000.0,88000.0,85000.0,2025-12-01 16:37:00+00:00,58.67832472189169,0.5798571092472784,0 days 00:55:00
1561,127,GRID_BUY,CLOSED,2025-12-02 20:29:00+00:00,91000.0,91000.0,88000.0,92000.0,2025-12-02 22:53:00+00:00,58.67832472189169,0.5262297953729416,0 days 02:24:00
1562,127,GRID_BUY,CLOSED,2025-12-03 00:35:00+00:00,91000.0,91000.0,88000.0,92000.0,2025-12-03 01:26:00+00:00,58.67832472189169,0.5262297953729416,0 days 00:51:00
1563,128,GRID_BUY,CLOSED,2025-12-03 14:03:00+00:00,92000.0,92000.0,93000.0,93000.0,2025-12-03 14:41:00+00:00,58.67832472189169,0.5192349283458597,0 days 00:38:00
1564,128,GRID_BUY,CLOSED,2025-12-03 15:21:00+00:00,92000.0,92000.0,93000.0,93000.0,2025-12-03 17:53:00+00:00,58.67832472189169,0.5192349283458597,0 days 02:32:00
1565,128,GRID_BUY,CLOSED,2025-12-04 00:12:00+00:00,93000.0,93000.0,93000.0,94000.0,2025-12-04 02:21:00+00:00,58.67832472189169,0.5123904885666661,0 days 02:09:00
1566,128,GRID_BUY,CLOSED,2025-12-04 05:21:00+00:00,93000.0,93000.0,93000.0,94000.0,2025-12-09 16:41:00+00:00,58.67832472189169,0.5123904885666661,5 days 11:20:00
1567,128,GRID_BUY,CLOSED,2025-12-04 14:54:00+00:00,92000.0,92000.0,93000.0,93000.0,2025-12-04 15:39:00+00:00,58.67832472189169,0.5192349283458597,0 days 00:45:00
1568,128,GRID_BUY,CLOSED,2025-12-04 17:31:00+00:00,92000.0,92000.0,93000.0,93000.0,2025-12-09 16:01:00+00:00,58.67832472189169,0.5192349283458597,4 days 22:30:00
1569,128,GRID_BUY,CLOSED,2025-12-04 19:21:00+00:00,91000.0,91000.0,93000.0,92000.0,2025-12-04 19:45:00+00:00,58.67832472189169,0.5262297953729416,0 days 00:24:00
1570,128,GRID_BUY,CLOSED,2025-12-05 09:44:00+00:00,91000.0,91000.0,93000.0,92000.0,2025-12-08 09:02:00+00:00,58.67832472189169,0.5262297953729416,2 days 23:18:00
1571,128,GRID_BUY,CLOSED,2025-12-05 14:41:00+00:00,90000.0,90000.0,93000.0,91000.0,2025-12-05 15:03:00+00:00,58.67832472189169,0.5333801038895345,0 days 00:22:00
1572,128,GRID_BUY,CLOSED,2025-12-05 16:05:00+00:00,90000.0,90000.0,93000.0,91000.0,2025-12-07 17:35:00+00:00,58.67832472189169,0.5333801038895345,2 days 01:30:00
1573,128,GRID_BUY,CLOSED,2025-12-05 16:17:00+00:00,89000.0,89000.0,93000.0,90000.0,2025-12-06 14:15:00+00:00,58.67832472189169,0.5406910934963634,0 days 21:58:00
1574,128,GRID_BUY,CLOSED,2025-12-06 23:21:00+00:00,89000.0,89000.0,93000.0,90000.0,2025-12-07 17:16:00+00:00,58.67832472189169,0.5406910934963634,0 days 17:55:00
1575,128,GRID_BUY,CLOSED,2025-12-07 14:25:00+00:00,88000.0,88000.0,93000.0,89000.0,2025-12-07 15:09:00+00:00,58.67832472189169,0.5481682419578959,0 days 00:44:00
1576,129,GRID_BUY,CLOSED,2025-12-07 21:54:00+00:00,90000.0,90000.0,88000.0,91000.0,2025-12-08 01:26:00+00:00,58.67832472189169,0.5333801038895345,0 days 03:32:00
1577,129,GRID_BUY,CLOSED,2025-12-07 22:07:00+00:00,89000.0,89000.0,88000.0,90000.0,2025-12-07 22:34:00+00:00,58.67832472189169,0.5406910934963634,0 days 00:27:00
1578,129,GRID_BUY,CLOSED,2025-12-08 14:36:00+00:00,91000.0,91000.0,88000.0,92000.0,2025-12-09 15:44:00+00:00,58.67832472189169,0.5262297953729416,1 days 01:08:00
1579,129,GRID_BUY,CLOSED,2025-12-08 15:23:00+00:00,90000.0,90000.0,88000.0,91000.0,2025-12-08 21:28:00+00:00,58.67832472189169,0.5333801038895345,0 days 06:05:00
1580,129,GRID_BUY,CLOSED,2025-12-09 01:49:00+00:00,90000.0,90000.0,88000.0,91000.0,2025-12-09 15:02:00+00:00,58.67832472189169,0.5333801038895345,0 days 13:13:00
1581,130,GRID_BUY,CLOSED,2025-12-09 20:23:00+00:00,93000.0,93000.0,93000.0,94000.0,2025-12-10 20:13:00+00:00,58.67832472189169,0.5123904885666661,0 days 23:50:00
1582,130,GRID_BUY,CLOSED,2025-12-10 01:32:00+00:00,92000.0,92000.0,93000.0,93000.0,2025-12-10 10:01:00+00:00,58.67832472189169,0.5192349283458597,0 days 08:29:00
1583,130,GRID_BUY,CLOSED,2025-12-10 11:42:00+00:00,92000.0,92000.0,93000.0,93000.0,2025-12-10 18:38:00+00:00,58.67832472189169,0.5192349283458597,0 days 06:56:00
1584,130,GRID_BUY,CLOSED,2025-12-10 19:03:00+00:00,92000.0,92000.0,93000.0,93000.0,2025-12-10 19:13:00+00:00,58.67832472189169,0.5192349283458597,0 days 00:10:00
1585,130,GRID_BUY,OPEN,2025-12-10 20:51:00+00:00,93000.0,93000.0,93000.0,94000.0,,58.67832472189169,-3.432005756930984,21 days 03:08:00
1586,130,GRID_BUY,CLOSED,2025-12-10 21:06:00+00:00,92000.0,92000.0,93000.0,93000.0,2025-12-11 21:17:00+00:00,58.67832472189169,0.5192349283458597,1 days 00:11:00
1587,130,GRID_BUY,CLOSED,2025-12-11 01:12:00+00:00,91000.0,91000.0,93000.0,92000.0,2025-12-11 21:07:00+00:00,58.67832472189169,0.5262297953729416,0 days 19:55:00
1588,130,GRID_BUY,CLOSED,2025-12-11 02:18:00+00:00,90000.0,90000.0,93000.0,91000.0,2025-12-11 18:44:00+00:00,58.67832472189169,0.5333801038895345,0 days 16:26:00
1589,130,GRID_BUY,OPEN,2025-12-12 00:54:00+00:00,92000.0,92000.0,93000.0,93000.0,,58.67832472189169,-2.831502289920529,19 days 23:05:00
1590,130,GRID_BUY,OPEN,2025-12-12 15:28:00+00:00,91000.0,91000.0,93000.0,92000.0,,58.67832472189169,-2.2178009445142663,19 days 08:31:00
1591,130,GRID_BUY,OPEN,2025-12-12 15:58:00+00:00,90000.0,90000.0,93000.0,91000.0,,58.67832472189169,-1.5904617914322827,19 days 08:01:00
1592,130,GRID_BUY,CLOSED,2025-12-14 11:44:00+00:00,89000.0,89000.0,93000.0,90000.0,2025-12-15 02:21:00+00:00,58.67832472189169,0.5406910934963634,0 days 14:37:00
1593,130,GRID_BUY,CLOSED,2025-12-14 23:11:00+00:00,88000.0,88000.0,93000.0,89000.0,2025-12-15 01:34:00+00:00,58.67832472189169,0.5481682419578959,0 days 02:23:00
1594,131,GRID_BUY,CLOSED,2025-12-15 14:46:00+00:00,89000.0,89000.0,88000.0,90000.0,2025-12-17 15:06:00+00:00,58.67832472189169,0.5406910934963634,2 days 00:20:00
1595,131,GRID_BUY,CLOSED,2025-12-15 14:56:00+00:00,88000.0,88000.0,88000.0,89000.0,2025-12-17 14:54:00+00:00,58.67832472189169,0.5481682419578959,1 days 23:58:00
1596,131,GRID_BUY,CLOSED,2025-12-15 15:21:00+00:00,87000.0,87000.0,88000.0,88000.0,2025-12-16 15:55:00+00:00,58.67832472189169,0.5558172788898261,1 days 00:34:00
1597,131,GRID_BUY,CLOSED,2025-12-15 17:32:00+00:00,86000.0,86000.0,88000.0,87000.0,2025-12-16 10:42:00+00:00,58.67832472189169,0.5636442004015549,0 days 17:10:00
1598,131,GRID_BUY,CLOSED,2025-12-17 04:21:00+00:00,87000.0,87000.0,88000.0,88000.0,2025-12-17 14:52:00+00:00,58.67832472189169,0.5558172788898261,0 days 10:31:00
1599,131,GRID_BUY,CLOSED,2025-12-17 15:42:00+00:00,89000.0,89000.0,88000.0,90000.0,2025-12-22 11:35:00+00:00,58.67832472189169,0.5406910934963634,4 days 19:53:00
1600,131,GRID_BUY,CLOSED,2025-12-17 15:50:00+00:00,88000.0,88000.0,88000.0,89000.0,2025-12-18 13:47:00+00:00,58.67832472189169,0.5481682419578959,0 days 21:57:00
1601,131,GRID_BUY,CLOSED,2025-12-17 16:14:00+00:00,87000.0,87000.0,88000.0,88000.0,2025-12-18 13:30:00+00:00,58.67832472189169,0.5558172788898261,0 days 21:16:00
1602,131,GRID_BUY,CLOSED,2025-12-17 18:43:00+00:00,86000.0,86000.0,88000.0,87000.0,2025-12-18 08:23:00+00:00,58.67832472189169,0.5636442004015549,0 days 13:40:00
1603,131,GRID_BUY,CLOSED,2025-12-18 14:36:00+00:00,88000.0,88000.0,88000.0,89000.0,2025-12-18 15:36:00+00:00,58.67832472189169,0.5481682419578959,0 days 01:00:00
1604,131,GRID_BUY,CLOSED,2025-12-18 16:27:00+00:00,88000.0,88000.0,88000.0,89000.0,2025-12-19 15:16:00+00:00,58.67832472189169,0.5481682419578959,0 days 22:49:00
1605,131,GRID_BUY,CLOSED,2025-12-18 17:08:00+00:00,87000.0,87000.0,88000.0,88000.0,2025-12-19 07:07:00+00:00,58.67832472189169,0.5558172788898261,0 days 13:59:00
1606,131,GRID_BUY,CLOSED,2025-12-18 17:17:00+00:00,86000.0,86000.0,88000.0,87000.0,2025-12-19 03:27:00+00:00,58.67832472189169,0.5636442004015549,0 days 10:10:00
1607,131,GRID_BUY,CLOSED,2025-12-18 19:40:00+00:00,85000.0,85000.0,88000.0,86000.0,2025-12-19 03:03:00+00:00,58.67832472189169,0.5716552847723761,0 days 07:23:00
1608,131,GRID_BUY,CLOSED,2025-12-19 15:30:00+00:00,88000.0,88000.0,88000.0,89000.0,2025-12-21 09:53:00+00:00,58.67832472189169,0.5481682419578959,1 days 18:23:00
1609,131,GRID_BUY,CLOSED,2025-12-19 17:33:00+00:00,87000.0,87000.0,88000.0,88000.0,2025-12-19 19:37:00+00:00,58.67832472189169,0.5558172788898261,0 days 02:04:00
1610,131,GRID_BUY,CLOSED,2025-12-21 13:30:00+00:00,88000.0,88000.0,88000.0,89000.0,2025-12-22 00:10:00+00:00,58.67832472189169,0.5481682419578959,0 days 10:40:00
1611,131,GRID_BUY,CLOSED,2025-12-22 02:05:00+00:00,88000.0,88000.0,88000.0,89000.0,2025-12-22 04:21:00+00:00,58.67832472189169,0.5481682419578959,0 days 02:16:00
1612,131,GRID_BUY,CLOSED,2025-12-22 19:01:00+00:00,89000.0,89000.0,88000.0,90000.0,2025-12-29 03:40:00+00:00,58.67832472189169,0.5406910934963634,6 days 08:39:00
1613,131,GRID_BUY,CLOSED,2025-12-22 19:57:00+00:00,88000.0,88000.0,88000.0,89000.0,2025-12-26 02:20:00+00:00,58.67832472189169,0.5481682419578959,3 days 06:23:00
1614,131,GRID_BUY,CLOSED,2025-12-23 14:54:00+00:00,87000.0,87000.0,88000.0,88000.0,2025-12-23 16:03:00+00:00,58.67832472189169,0.5558172788898261,0 days 01:09:00
1615,131,GRID_BUY,CLOSED,2025-12-24 02:44:00+00:00,87000.0,87000.0,88000.0,88000.0,2025-12-24 22:37:00+00:00,58.67832472189169,0.5558172788898261,0 days 19:53:00
1616,131,GRID_BUY,CLOSED,2025-12-25 23:45:00+00:00,87000.0,87000.0,88000.0,88000.0,2025-12-26 02:14:00+00:00,58.67832472189169,0.5558172788898261,0 days 02:29:00
1617,131,GRID_BUY,CLOSED,2025-12-26 14:49:00+00:00,88000.0,88000.0,88000.0,89000.0,2025-12-29 02:06:00+00:00,58.67832472189169,0.5481682419578959,2 days 11:17:00
1618,131,GRID_BUY,CLOSED,2025-12-26 15:01:00+00:00,87000.0,87000.0,88000.0,88000.0,2025-12-28 10:36:00+00:00,58.67832472189169,0.5558172788898261,1 days 19:35:00
1619,131,GRID_BUY,OPEN,2025-12-29 09:32:00+00:00,89000.0,89000.0,88000.0,90000.0,,58.67832472189169,-0.9490251292922949,2 days 14:27:00
1620,131,GRID_BUY,CLOSED,2025-12-29 09:45:00+00:00,88000.0,88000.0,88000.0,89000.0,2025-12-30 14:57:00+00:00,58.67832472189169,0.5481682419578959,1 days 05:12:00
1621,131,GRID_BUY,CLOSED,2025-12-29 12:11:00+00:00,87000.0,87000.0,88000.0,88000.0,2025-12-29 14:32:00+00:00,58.67832472189169,0.5558172788898261,0 days 02:21:00
1622,131,GRID_BUY,CLOSED,2025-12-30 02:33:00+00:00,87000.0,87000.0,88000.0,88000.0,2025-12-30 08:12:00+00:00,58.67832472189169,0.5558172788898261,0 days 05:39:00
1623,131,GRID_BUY,CLOSED,2025-12-30 19:06:00+00:00,88000.0,88000.0,88000.0,89000.0,2025-12-31 11:42:00+00:00,58.67832472189169,0.5481682419578959,0 days 16:36:00
1624,131,GRID_BUY,OPEN,2025-12-31 15:12:00+00:00,88000.0,88000.0,88000.0,89000.0,,58.67832472189169,-0.29301036119458246,0 days 08:47:00
