Trade ID,Status,Buy Time,Buy Price,Sell Target,Sell Time,Capital Base at Buy (USDT),Base Order Size (USDT),Order Size (USDT),Portfolio Value at Buy,Order % of Portfolio,Portfolio Value at Sell,Net P&L,Holding Time
1,CLOSED,2024-01-01 18:09:00+00:00,43000.0,44000.0,2024-01-01 23:28:00+00:00,3000.0,33.70786516853933,33.70786516853933,3000.0,1.1235955056179776,3000.7494120721194,0.7149547948785013,0 days 05:19:00
2,CLOSED,2024-01-01 23:33:00+00:00,44000.0,45000.0,2024-01-02 00:57:00+00:00,3000.0,33.70786516853933,33.70786516853933,3000.7149547948784,1.1233277960866335,3001.4465686866047,0.6971744126659871,0 days 01:24:00
3,CLOSED,2024-01-02 00:58:00+00:00,45000.0,46000.0,2024-01-08 18:04:00+00:00,3000.0,33.70786516853933,33.70786516853933,3001.4121292075447,1.1230668671096207,3006.474101241915,0.6801842696629166,6 days 17:06:00
4,CLOSED,2024-01-03 11:55:00+00:00,44000.0,45000.0,2024-01-08 12:03:00+00:00,3000.0,33.70786516853933,33.70786516853933,3000.630106735635,1.123359560142849,3005.7602261142333,0.6971744126659871,5 days 00:08:00
5,CLOSED,2024-01-03 12:01:00+00:00,43000.0,44000.0,2024-01-04 15:16:00+00:00,3000.0,33.70786516853933,33.70786516853933,2999.08276250683,1.1239391453260223,3003.5660922329594,0.7149547948785013,1 days 03:15:00
6,CLOSED,2024-01-03 12:08:00+00:00,42000.0,43000.0,2024-01-03 15:56:00+00:00,3000.0,33.70786516853933,33.70786516853933,2996.7522983407375,1.1248131915074506,3000.57022999303,0.7335818619582639,0 days 03:48:00
7,CLOSED,2024-01-03 12:09:00+00:00,41000.0,42000.0,2024-01-03 12:15:00+00:00,3000.0,33.70786516853933,33.70786516853933,2993.6200685245644,1.1259900854804394,2997.5062035202386,0.7531175664565666,0 days 00:06:00
8,CLOSED,2024-01-03 18:56:00+00:00,42000.0,43000.0,2024-01-03 19:35:00+00:00,3000.0,33.70786516853933,33.70786516853933,2998.238997769153,1.1242554443998543,3001.3038118549885,0.7335818619582639,0 days 00:39:00
9,CLOSED,2024-01-05 01:48:00+00:00,43000.0,44000.0,2024-01-05 09:01:00+00:00,3000.0,33.70786516853933,33.70786516853933,3002.017998592082,1.1228402089643699,3004.2810470278378,0.7149547948785013,0 days 07:13:00
10,CLOSED,2024-01-08 18:24:00+00:00,46000.0,47000.0,2024-01-08 19:11:00+00:00,3000.0,33.70786516853933,33.70786516853933,3006.439678770005,1.1211888070320406,3007.1380178027357,0.6639328285295605,0 days 00:47:00
11,CLOSED,2024-01-08 19:12:00+00:00,47000.0,48000.0,2024-01-11 14:36:00+00:00,3000.0,33.70786516853933,33.70786516853933,3007.1036115985344,1.1209412618350285,3012.498910729594,0.6483729380827157,2 days 19:24:00
12,CLOSED,2024-01-09 12:56:00+00:00,46000.0,47000.0,2024-01-09 13:53:00+00:00,3000.0,33.70786516853933,33.70786516853933,3006.353432301379,1.1212209717716317,3007.768242766097,0.6639328285295605,0 days 00:57:00
13,CLOSED,2024-01-09 21:17:00+00:00,46000.0,47000.0,2024-01-10 23:03:00+00:00,3000.0,33.70786516853933,33.70786516853933,3007.0173651299087,1.1209734123727977,3011.1529126732794,0.6639328285295605,1 days 01:46:00
14,CLOSED,2024-01-09 21:25:00+00:00,45000.0,46000.0,2024-01-09 21:29:00+00:00,3000.0,33.70786516853933,33.70786516853933,3005.5351389348543,1.1215262377695978,3007.6982640063134,0.6801842696629166,0 days 00:04:00
15,CLOSED,2024-01-10 11:53:00+00:00,45000.0,46000.0,2024-01-10 17:41:00+00:00,3000.0,33.70786516853933,33.70786516853933,3006.2153232045175,1.1212724819926723,3008.3784482759766,0.6801842696629166,0 days 05:48:00
16,CLOSED,2024-01-10 20:12:00+00:00,45000.0,46000.0,2024-01-10 20:15:00+00:00,3000.0,33.70786516853933,33.70786516853933,3006.8955074741807,1.1210188410189963,3009.0586325456397,0.6801842696629166,0 days 00:03:00
17,CLOSED,2024-01-10 20:44:00+00:00,45000.0,46000.0,2024-01-10 20:57:00+00:00,3000.0,33.70786516853933,33.70786516853933,3007.575691743844,1.1207653147706793,3009.738816815303,0.6801842696629166,0 days 00:13:00
18,CLOSED,2024-01-11 05:44:00+00:00,46000.0,47000.0,2024-01-11 11:17:00+00:00,3000.0,33.70786516853933,33.70786516853933,3010.402035037091,1.119713074075304,3011.816845501809,0.6639328285295605,0 days 05:33:00
19,CLOSED,2024-01-11 15:05:00+00:00,48000.0,49000.0,2024-02-12 15:10:00+00:00,3000.0,33.70786516853933,33.70786516853933,3012.464520100859,1.1189464620619256,3023.2029085760487,0.6334613764044974,32 days 00:05:00
20,CLOSED,2024-01-11 15:42:00+00:00,47000.0,48000.0,2024-02-09 18:24:00+00:00,3000.0,33.70786516853933,33.70786516853933,3011.72926729187,1.1192196302176007,3021.8835472072587,0.6483729380827157,29 days 02:42:00
21,CLOSED,2024-01-11 16:16:00+00:00,46000.0,47000.0,2024-02-09 11:44:00+00:00,3000.0,33.70786516853933,33.70786516853933,3010.277543050895,1.1197593805379369,3020.4999370356536,0.6639328285295605,28 days 19:28:00
22,CLOSED,2024-01-12 15:19:00+00:00,45000.0,46000.0,2024-02-09 02:45:00+00:00,3000.0,33.70786516853933,33.70786516853933,3008.09377191202,1.120572286784589,3018.384296233857,0.6801842696629166,27 days 11:26:00
23,CLOSED,2024-01-12 16:17:00+00:00,44000.0,45000.0,2024-02-08 13:58:00+00:00,3000.0,33.70786516853933,33.70786516853933,3005.1616861664043,1.1216656103299205,3015.5203578324695,0.6971744126659871,26 days 21:41:00
24,CLOSED,2024-01-12 22:03:00+00:00,43000.0,44000.0,2024-02-07 20:16:00+00:00,3000.0,33.70786516853933,33.70786516853933,3001.464278663893,1.1230473541915496,3011.891115472368,0.7149547948785013,25 days 22:13:00
25,CLOSED,2024-01-12 22:21:00+00:00,42000.0,43000.0,2024-01-13 05:42:00+00:00,3000.0,33.70786516853933,33.70786516853933,2996.9837512240942,1.1247263237503913,3002.1986285836365,0.7335818619582639,0 days 07:21:00
26,CLOSED,2024-01-14 21:38:00+00:00,42000.0,43000.0,2024-01-15 18:25:00+00:00,3000.0,33.70786516853933,33.70786516853933,2997.717333086053,1.1244510880496585,3002.932210445595,0.7335818619582639,0 days 20:47:00
27,CLOSED,2024-01-18 16:40:00+00:00,42000.0,43000.0,2024-01-29 16:21:00+00:00,3000.0,33.70786516853933,33.70786516853933,2998.4509149480114,1.1241759870237453,3006.7408519651,0.7335818619582639,10 days 23:41:00
28,CLOSED,2024-01-18 19:57:00+00:00,41000.0,42000.0,2024-01-19 20:09:00+00:00,3000.0,33.70786516853933,33.70786516853933,2993.1686218581326,1.126159913690856,2999.204820127513,0.7531175664565666,1 days 00:12:00
29,CLOSED,2024-01-22 04:18:00+00:00,41000.0,42000.0,2024-01-26 17:01:00+00:00,3000.0,33.70786516853933,33.70786516853933,2993.9217394245893,1.1258766294611877,3001.5267622186025,0.7531175664565666,4 days 12:43:00
30,CLOSED,2024-01-22 19:17:00+00:00,40000.0,41000.0,2024-01-26 11:29:00+00:00,3000.0,33.70786516853933,33.70786516853933,2987.818125424872,1.1281766075954178,2995.4913720952895,0.7736300561797762,3 days 16:12:00
31,CLOSED,2024-01-23 09:29:00+00:00,39000.0,40000.0,2024-01-24 00:44:00+00:00,3000.0,33.70786516853933,33.70786516853933,2980.8726574925704,1.1308052722015127,2988.614149625391,0.7951944684528911,0 days 15:15:00
32,CLOSED,2024-02-01 01:21:00+00:00,42000.0,43000.0,2024-02-01 17:19:00+00:00,3017.7403253442767,33.90719466678963,33.90719466678963,3002.259556467516,1.1293891826822968,3007.478975692054,0.7379198555908673,0 days 15:58:00
33,CLOSED,2024-02-10 10:48:00+00:00,47000.0,48000.0,2024-02-10 20:46:00+00:00,3017.7403253442767,33.90719466678963,33.90719466678963,3021.1476116347035,1.1223283012127596,3022.5359576279448,0.6522070537047213,0 days 09:58:00
34,CLOSED,2024-02-12 15:14:00+00:00,49000.0,50000.0,2024-02-12 17:19:00+00:00,3017.7403253442767,33.90719466678963,33.90719466678963,3023.1685328738017,1.121578049588843,3023.825917260199,0.6228198073437525,0 days 02:05:00
35,CLOSED,2024-02-12 17:20:00+00:00,50000.0,51000.0,2024-02-14 09:10:00+00:00,3017.7403253442767,33.90719466678963,33.90719466678963,3023.7913526811453,1.121347034633348,3025.0577310432645,0.6090078015540996,1 days 15:50:00
36,CLOSED,2024-02-13 14:21:00+00:00,49000.0,50000.0,2024-02-14 08:52:00+00:00,3017.7403253442767,33.90719466678963,33.90719466678963,3023.079979737036,1.1216109032530148,3024.4148298728755,0.6228198073437525,0 days 18:31:00
37,CLOSED,2024-02-14 09:11:00+00:00,51000.0,52000.0,2024-02-14 14:37:00+00:00,3017.7403253442767,33.90719466678963,33.90719466678963,3025.023180290043,1.1208904079716362,3025.653455202673,0.5957374430503108,0 days 05:26:00
38,CLOSED,2024-02-15 01:10:00+00:00,52000.0,53000.0,2024-02-26 16:07:00+00:00,3017.7403253442767,33.90719466678963,33.90719466678963,3025.6189177330934,1.1206697072146206,3029.215107128143,0.5829774829505183,11 days 14:57:00
39,CLOSED,2024-02-17 14:32:00+00:00,51000.0,52000.0,2024-02-17 21:34:00+00:00,3017.7403253442767,33.90719466678963,33.90719466678963,3024.933601163963,1.1209236015541792,3026.2152854510564,0.5957374430503108,0 days 07:02:00
40,CLOSED,2024-02-20 17:22:00+00:00,51000.0,52000.0,2024-02-20 19:50:00+00:00,3017.7403253442767,33.90719466678963,33.90719466678963,3025.5293386070134,1.1207028877267762,3026.811022894107,0.5957374430503108,0 days 02:28:00
41,CLOSED,2024-02-21 10:08:00+00:00,51000.0,52000.0,2024-02-22 09:49:00+00:00,3017.7403253442767,33.90719466678963,33.90719466678963,3026.125076050064,1.1204822608009304,3027.4067603371573,0.5957374430503108,0 days 23:41:00
42,CLOSED,2024-02-22 13:47:00+00:00,51000.0,52000.0,2024-02-22 20:31:00+00:00,3017.7403253442767,33.90719466678963,33.90719466678963,3026.7208134931143,1.1202617207253287,3028.0024977802077,0.5957374430503108,0 days 06:44:00
43,CLOSED,2024-02-23 03:06:00+00:00,51000.0,52000.0,2024-02-26 15:15:00+00:00,3017.7403253442767,33.90719466678963,33.90719466678963,3027.3165509361647,1.120041267448698,3028.598235223258,0.5957374430503108,3 days 12:09:00
44,CLOSED,2024-02-26 19:16:00+00:00,54000.0,55000.0,2024-02-27 01:43:00+00:00,3017.7403253442767,33.90719466678963,33.90719466678963,3029.180582431296,1.119352040728284,3029.773958337965,0.5588753360953618,0 days 06:27:00
45,CLOSED,2024-02-27 03:51:00+00:00,56000.0,57000.0,2024-02-27 12:26:00+00:00,3017.7403253442767,33.90719466678963,33.90719466678963,3029.7394577673913,1.1191455615056671,3030.3104307061553,0.5364947711584165,0 days 08:35:00
46,CLOSED,2024-02-27 12:33:00+00:00,57000.0,58000.0,2024-02-28 07:50:00+00:00,3017.7403253442767,33.90719466678963,33.90719466678963,3030.27595253855,1.1189474225403329,3030.8363135451486,0.5258934509251318,0 days 19:17:00
47,CLOSED,2024-02-28 08:47:00+00:00,59000.0,60000.0,2024-02-28 13:22:00+00:00,3017.7403253442767,33.90719466678963,33.90719466678963,3030.801845989475,1.1187532669500484,3031.342062311285,0.5057689108212671,0 days 04:35:00
48,CLOSED,2024-02-28 14:27:00+00:00,60000.0,61000.0,2024-02-28 14:57:00+00:00,3017.7403253442767,33.90719466678963,33.90719466678963,3031.3076149002964,1.1185666047259568,3031.8382624968317,0.4962097542719377,0 days 00:30:00
49,CLOSED,2024-02-28 14:59:00+00:00,61000.0,62000.0,2024-02-28 16:54:00+00:00,3017.7403253442767,33.90719466678963,33.90719466678963,3031.8038246545684,1.118383530987625,3032.3252172545267,0.48696401269143763,0 days 01:55:00
50,CLOSED,2024-02-28 17:13:00+00:00,63000.0,64000.0,2024-02-28 17:16:00+00:00,3017.7403253442767,33.90719466678963,33.90719466678963,3032.29078866726,1.1182039266653705,3032.79455270231,0.46935307634760903,0 days 00:03:00
51,CLOSED,2024-02-28 17:23:00+00:00,63000.0,64000.0,2024-03-04 00:39:00+00:00,3017.7403253442767,33.90719466678963,33.90719466678963,3032.7601417436076,1.1180308722764853,3038.65245898694,0.46935307634760903,4 days 07:16:00
52,CLOSED,2024-02-28 17:25:00+00:00,62000.0,63000.0,2024-02-29 06:08:00+00:00,3017.7403253442767,33.90719466678963,33.90719466678963,3032.1885633192246,1.1182416251076641,3036.2162426412,0.47801652083932566,0 days 12:43:00
53,CLOSED,2024-02-28 17:31:00+00:00,61000.0,62000.0,2024-02-28 23:13:00+00:00,3017.7403253442767,33.90719466678963,33.90719466678963,3031.070641548517,1.1186540558311462,3035.1666566524254,0.48696401269143763,0 days 05:42:00
54,CLOSED,2024-02-28 17:31:00+00:00,60000.0,61000.0,2024-02-28 17:34:00+00:00,3017.7403253442767,33.90719466678963,33.90719466678963,3029.3974199831846,1.1192719199905385,3032.073150861207,0.4962097542719377,0 days 00:03:00
55,CLOSED,2024-02-28 17:31:00+00:00,59000.0,60000.0,2024-02-28 17:32:00+00:00,3017.7403253442767,33.90719466678963,33.90719466678963,3027.15964362665,1.1200993227488838,3029.9037291103277,0.5057689108212671,0 days 00:01:00
56,CLOSED,2024-02-28 17:37:00+00:00,60000.0,61000.0,2024-02-28 17:43:00+00:00,3017.7403253442767,33.90719466678963,33.90719466678963,3030.399398648278,1.118901841186811,3032.569360615479,0.4962097542719377,0 days 00:06:00
57,CLOSED,2024-02-28 18:20:00+00:00,60000.0,61000.0,2024-02-28 18:55:00+00:00,3017.7403253442767,33.90719466678963,33.90719466678963,3030.89560840255,1.1187186577059511,3033.065570369751,0.4962097542719377,0 days 00:35:00
58,CLOSED,2024-02-28 20:27:00+00:00,60000.0,61000.0,2024-02-28 22:09:00+00:00,3017.7403253442767,33.90719466678963,33.90719466678963,3031.391818156822,1.1185355341958476,3033.5617801240232,0.4962097542719377,0 days 01:42:00
59,CLOSED,2024-02-29 16:40:00+00:00,62000.0,63000.0,2024-03-01 20:57:00+00:00,3017.7403253442767,33.90719466678963,33.90719466678963,3035.644151780665,1.1169686884050674,3037.668187187423,0.47801652083932566,1 days 04:17:00
60,CLOSED,2024-02-29 17:41:00+00:00,61000.0,62000.0,2024-02-29 20:18:00+00:00,3017.7403253442767,33.90719466678963,33.90719466678963,3034.5262300099575,1.1173801805192622,3036.1316371859566,0.48696401269143763,0 days 02:37:00
61,CLOSED,2024-02-29 21:10:00+00:00,61000.0,62000.0,2024-03-01 08:35:00+00:00,3017.7403253442767,33.90719466678963,33.90719466678963,3035.0131940226493,1.1172008982883055,3036.6186011986483,0.48696401269143763,0 days 11:25:00
62,CLOSED,2024-03-02 01:21:00+00:00,62000.0,63000.0,2024-03-03 22:15:00+00:00,3036.7026942177326,34.12025499121048,34.12025499121048,3037.096096326888,1.1234499636832715,3038.1494236683266,0.4810202006190707,1 days 20:54:00
63,CLOSED,2024-03-04 00:41:00+00:00,64000.0,65000.0,2024-03-04 08:27:00+00:00,3036.7026942177326,34.12025499121048,34.12025499121048,3038.618048028238,1.1228872616402428,3039.588825946733,0.46385686967074236,0 days 07:46:00
64,CLOSED,2024-03-04 00:49:00+00:00,63000.0,64000.0,2024-03-04 07:40:00+00:00,3036.7026942177326,34.12025499121048,34.12025499121048,3038.051331917993,1.12309672429628,3039.090857275973,0.4723023182326287,0 days 06:51:00
65,CLOSED,2024-03-04 08:36:00+00:00,65000.0,66000.0,2024-03-04 14:38:00+00:00,3036.7026942177326,34.12025499121048,34.12025499121048,3039.5542072161415,1.1225414210480702,3040.0444890340154,0.4556712810646175,0 days 06:02:00
66,CLOSED,2024-03-04 14:42:00+00:00,66000.0,67000.0,2024-03-04 17:25:00+00:00,3036.7026942177326,34.12025499121048,34.12025499121048,3040.009878497206,1.1223731617634558,3040.492214829127,0.4477337405980748,0 days 02:43:00
67,CLOSED,2024-03-04 17:40:00+00:00,67000.0,68000.0,2024-03-04 23:03:00+00:00,3036.7026942177326,34.12025499121048,34.12025499121048,3040.457612237804,1.1222078825857291,3040.932240262458,0.440033141637997,0 days 05:23:00
68,CLOSED,2024-03-04 23:04:00+00:00,68000.0,69000.0,2024-03-05 15:04:00+00:00,3036.7026942177326,34.12025499121048,34.12025499121048,3040.897645379442,1.1220454934764161,3042.700292434582,0.43255903088261505,0 days 16:00:00
69,CLOSED,2024-03-05 04:52:00+00:00,67000.0,68000.0,2024-03-05 13:18:00+00:00,3036.7026942177326,34.12025499121048,34.12025499121048,3040.3622584371537,1.1222430779926014,3042.2336206303007,0.440033141637997,0 days 08:26:00
70,CLOSED,2024-03-05 05:03:00+00:00,66000.0,67000.0,2024-03-05 05:27:00+00:00,3036.7026942177326,34.12025499121048,34.12025499121048,3039.31812321522,1.1226286162869814,3040.8104745140836,0.4477337405980748,0 days 00:24:00
71,CLOSED,2024-03-05 08:06:00+00:00,66000.0,67000.0,2024-03-05 10:32:00+00:00,3036.7026942177326,34.12025499121048,34.12025499121048,3039.765856955818,1.1224632618704489,3041.2582082546814,0.4477337405980748,0 days 02:26:00
72,CLOSED,2024-03-05 15:05:00+00:00,68000.0,69000.0,2024-03-08 15:27:00+00:00,3036.7026942177326,34.12025499121048,34.12025499121048,3042.6657050331587,1.1213934851524756,3050.554543858579,0.43255903088261505,3 days 00:22:00
73,CLOSED,2024-03-05 15:30:00+00:00,67000.0,68000.0,2024-03-08 14:11:00+00:00,3036.7026942177326,34.12025499121048,34.12025499121048,3042.1303180908703,1.121590840086795,3050.087872054298,0.440033141637997,2 days 22:41:00
74,CLOSED,2024-03-05 16:06:00+00:00,66000.0,67000.0,2024-03-06 08:10:00+00:00,3036.7026942177326,34.12025499121048,34.12025499121048,3041.0861828689367,1.121975930291515,3047.3135871758204,0.4477337405980748,0 days 16:04:00
75,CLOSED,2024-03-05 16:12:00+00:00,65000.0,66000.0,2024-03-05 16:31:00+00:00,3036.7026942177326,34.12025499121048,34.12025499121048,3039.5255910600904,1.1225519894145854,3041.542344431819,0.4556712810646175,0 days 00:19:00
76,CLOSED,2024-03-05 16:48:00+00:00,65000.0,66000.0,2024-03-06 05:31:00+00:00,3036.7026942177326,34.12025499121048,34.12025499121048,3039.981262341155,1.1223837269619794,3045.8217261587747,0.4556712810646175,0 days 12:43:00
77,CLOSED,2024-03-05 17:08:00+00:00,64000.0,65000.0,2024-03-05 17:46:00+00:00,3036.7026942177326,34.12025499121048,34.12025499121048,3037.896268459444,1.1231540505664894,3040.445617686426,0.46385686967074236,0 days 00:38:00
78,CLOSED,2024-03-05 18:51:00+00:00,64000.0,65000.0,2024-03-06 05:10:00+00:00,3036.7026942177326,34.12025499121048,34.12025499121048,3038.360125329115,1.1229825821754615,3043.8054712626463,0.46385686967074236,0 days 10:19:00
79,CLOSED,2024-03-05 19:17:00+00:00,63000.0,64000.0,2024-03-05 23:41:00+00:00,3036.7026942177326,34.12025499121048,34.12025499121048,3035.742535592151,1.1239508815774786,3040.7843266469345,0.4723023182326287,0 days 04:24:00
80,CLOSED,2024-03-05 19:36:00+00:00,62000.0,63000.0,2024-03-05 20:14:00+00:00,3036.7026942177326,34.12025499121048,34.12025499121048,3032.583896097469,1.1251215517934623,3037.213423117727,0.4810202006190707,0 days 00:38:00
81,CLOSED,2024-03-05 19:55:00+00:00,61000.0,62000.0,2024-03-05 20:01:00+00:00,3036.7026942177326,34.12025499121048,34.12025499121048,3028.875480236073,1.1264990988850792,3033.573772435153,0.4900239152149126,0 days 00:06:00
82,CLOSED,2024-03-05 19:56:00+00:00,60000.0,61000.0,2024-03-05 19:57:00+00:00,3036.7026942177326,34.12025499121048,34.12025499121048,3024.6082752806415,1.1280883964401835,3029.3753419716945,0.49932775363062376,0 days 00:01:00
83,CLOSED,2024-03-05 20:37:00+00:00,62000.0,63000.0,2024-03-05 21:11:00+00:00,3036.7026942177326,34.12025499121048,34.12025499121048,3034.0542679669334,1.124576292238631,3037.694443318346,0.4810202006190707,0 days 00:34:00
84,CLOSED,2024-03-06 02:01:00+00:00,63000.0,64000.0,2024-03-06 04:52:00+00:00,3036.7026942177326,34.12025499121048,34.12025499121048,3038.1662299804675,1.123054250768558,3041.2566289651672,0.4723023182326287,0 days 02:51:00
85,CLOSED,2024-03-06 12:44:00+00:00,66000.0,67000.0,2024-03-06 14:21:00+00:00,3036.7026942177326,34.12025499121048,34.12025499121048,3046.268969617555,1.1200670502675318,3048.216992197483,0.4477337405980748,0 days 01:37:00
86,CLOSED,2024-03-06 12:46:00+00:00,65000.0,66000.0,2024-03-06 12:51:00+00:00,3036.7026942177326,34.12025499121048,34.12025499121048,3044.7083778087085,1.1206411503937528,3046.725131180437,0.4556712810646175,0 days 00:05:00
87,CLOSED,2024-03-06 14:58:00+00:00,66000.0,67000.0,2024-03-06 16:56:00+00:00,3036.7026942177326,34.12025499121048,34.12025499121048,3047.172374639217,1.119734980376694,3048.6647259380807,0.4477337405980748,0 days 01:58:00
88,CLOSED,2024-03-06 22:46:00+00:00,66000.0,67000.0,2024-03-07 08:19:00+00:00,3036.7026942177326,34.12025499121048,34.12025499121048,3047.620108379815,1.1195704772190125,3049.1124596786785,0.4477337405980748,0 days 09:33:00
89,CLOSED,2024-03-08 15:32:00+00:00,69000.0,70000.0,2024-03-11 07:12:00+00:00,3036.7026942177326,34.12025499121048,34.12025499121048,3050.519956457156,1.1185062047860657,3052.7175483891497,0.4253015610187063,2 days 15:40:00
90,CLOSED,2024-03-08 15:32:00+00:00,68000.0,69000.0,2024-03-08 20:01:00+00:00,3036.7026942177326,34.12025499121048,34.12025499121048,3049.9918342494657,1.1186998800476036,3051.3930157761088,0.43255903088261505,0 days 04:29:00
91,CLOSED,2024-03-08 16:02:00+00:00,67000.0,68000.0,2024-03-08 17:02:00+00:00,3036.7026942177326,34.12025499121048,34.12025499121048,3048.9624453544784,1.1190775748385313,3050.4323420191286,0.440033141637997,0 days 01:00:00
92,CLOSED,2024-03-08 21:55:00+00:00,68000.0,69000.0,2024-03-10 01:18:00+00:00,3036.7026942177326,34.12025499121048,34.12025499121048,3050.8644264219865,1.1183799154007725,3051.8255748069914,0.43255903088261505,1 days 03:23:00
93,CLOSED,2024-03-11 00:50:00+00:00,68000.0,69000.0,2024-03-11 06:53:00+00:00,3036.7026942177326,34.12025499121048,34.12025499121048,3051.296985452869,1.118221371235891,3052.258133837874,0.43255903088261505,0 days 06:03:00
94,CLOSED,2024-03-11 07:13:00+00:00,70000.0,71000.0,2024-03-11 07:36:00+00:00,3036.7026942177326,34.12025499121048,34.12025499121048,3052.682968252461,1.117713675021516,3053.1357927794156,0.41825144743661014,0 days 00:23:00
95,CLOSED,2024-03-11 07:37:00+00:00,71000.0,72000.0,2024-03-11 11:44:00+00:00,3036.7026942177326,34.12025499121048,34.12025499121048,3053.1012196998972,1.117560556821772,3053.5471858496417,0.4113999286033163,0 days 04:07:00
96,CLOSED,2024-03-11 11:53:00+00:00,72000.0,73000.0,2024-03-12 14:07:00+00:00,3036.7026942177326,34.12025499121048,34.12025499121048,3053.5126196285005,1.1174099878245027,3053.9519179115123,0.40473872973761615,1 days 02:14:00
97,CLOSED,2024-03-12 14:09:00+00:00,72000.0,73000.0,2024-03-13 07:12:00+00:00,3036.7026942177326,34.12025499121048,34.12025499121048,3053.9173583582383,1.117261896358363,3056.023009506912,0.40473872973761615,0 days 17:03:00
98,CLOSED,2024-03-12 15:00:00+00:00,71000.0,72000.0,2024-03-12 15:23:00+00:00,3036.7026942177326,34.12025499121048,34.12025499121048,3053.409819565244,1.1174476080013607,3054.3292042529915,0.4113999286033163,0 days 00:23:00
99,CLOSED,2024-03-12 16:20:00+00:00,71000.0,72000.0,2024-03-13 01:30:00+00:00,3036.7026942177326,34.12025499121048,34.12025499121048,3053.8212194938474,1.1172970694357056,3055.58415719005,0.4113999286033163,0 days 09:10:00
100,CLOSED,2024-03-12 17:06:00+00:00,70000.0,71000.0,2024-03-12 17:59:00+00:00,3036.7026942177326,34.12025499121048,34.12025499121048,3052.8335942961176,1.117658527309199,3054.66522532683,0.41825144743661014,0 days 00:53:00
101,CLOSED,2024-03-12 17:22:00+00:00,69000.0,70000.0,2024-03-12 17:37:00+00:00,3036.7026942177326,34.12025499121048,34.12025499121048,3051.3590243164417,1.1181986360603378,3053.259355738834,0.4253015610187063,0 days 00:15:00
102,CLOSED,2024-03-13 07:15:00+00:00,73000.0,74000.0,2024-11-06 03:06:00+00:00,3036.7026942177326,34.12025499121048,34.12025499121048,3055.988449953638,1.1165047103410393,3229.3610102083176,0.3982600294709684,237 days 19:51:00
103,CLOSED,2024-03-13 13:54:00+00:00,72000.0,73000.0,2024-03-13 15:16:00+00:00,3036.7026942177326,34.12025499121048,34.12025499121048,3055.487396346096,1.1166878001857636,3056.3936279816585,0.40473872973761615,0 days 01:22:00
104,CLOSED,2024-03-14 13:36:00+00:00,72000.0,73000.0,2024-10-29 18:24:00+00:00,3036.7026942177326,34.12025499121048,34.12025499121048,3055.8921350758337,1.1165399000696,3224.439089009381,0.40473872973761615,229 days 04:48:00
105,CLOSED,2024-03-14 15:27:00+00:00,71000.0,72000.0,2024-03-15 00:28:00+00:00,3036.7026942177326,34.12025499121048,34.12025499121048,3054.9176629302883,1.1168960592699644,3057.565785426478,0.4113999286033163,0 days 09:01:00
106,CLOSED,2024-03-14 16:30:00+00:00,70000.0,71000.0,2024-03-14 16:46:00+00:00,3036.7026942177326,34.12025499121048,34.12025499121048,3053.4631043800077,1.1174281078512802,3055.336367202252,0.41825144743661014,0 days 00:16:00
107,CLOSED,2024-03-14 18:50:00+00:00,70000.0,71000.0,2024-03-14 20:39:00+00:00,3036.7026942177326,34.12025499121048,34.12025499121048,3053.881355827444,1.117275067877208,3056.179920210707,0.41825144743661014,0 days 01:49:00
108,CLOSED,2024-03-14 19:31:00+00:00,69000.0,70000.0,2024-03-14 20:05:00+00:00,3036.7026942177326,34.12025499121048,34.12025499121048,3051.9398524952176,1.1179858267296552,3054.3071172701607,0.4253015610187063,0 days 00:34:00
109,CLOSED,2024-03-15 02:23:00+00:00,71000.0,72000.0,2024-04-08 08:55:00+00:00,3036.7026942177326,34.12025499121048,34.12025499121048,3056.5908673147833,1.116284660667888,3087.1043134062597,0.4113999286033163,24 days 06:32:00
110,CLOSED,2024-03-15 02:39:00+00:00,70000.0,71000.0,2024-03-25 19:56:00+00:00,3036.7026942177326,34.12025499121048,34.12025499121048,3055.1363087645027,1.11681612677402,3076.9556707407114,0.41825144743661014,10 days 17:17:00
111,CLOSED,2024-03-15 02:47:00+00:00,69000.0,70000.0,2024-03-15 18:53:00+00:00,3036.7026942177326,34.12025499121048,34.12025499121048,3053.194805432276,1.1175263016465038,3058.6350545761356,0.4253015610187063,0 days 16:06:00
112,CLOSED,2024-03-15 02:53:00+00:00,68000.0,69000.0,2024-03-15 02:56:00+00:00,3036.7026942177326,34.12025499121048,34.12025499121048,3050.7593001473506,1.1184184537128998,3053.627831609591,0.43255903088261505,0 days 00:03:00
113,CLOSED,2024-03-15 03:22:00+00:00,68000.0,69000.0,2024-03-15 18:42:00+00:00,3036.7026942177326,34.12025499121048,34.12025499121048,3051.1918591782332,1.1182598986220411,3056.2682569476246,0.43255903088261505,0 days 15:20:00
114,CLOSED,2024-03-15 03:28:00+00:00,67000.0,68000.0,2024-03-15 03:32:00+00:00,3036.7026942177326,34.12025499121048,34.12025499121048,3048.2550872060106,1.1193372606649088,3051.6323669478957,0.440033141637997,0 days 00:04:00
115,CLOSED,2024-03-15 04:44:00+00:00,67000.0,68000.0,2024-03-15 05:02:00+00:00,3036.7026942177326,34.12025499121048,34.12025499121048,3048.6951203476488,1.119175701219992,3052.072400089534,0.440033141637997,0 days 00:18:00
116,CLOSED,2024-03-15 09:00:00+00:00,67000.0,68000.0,2024-03-15 09:55:00+00:00,3036.7026942177326,34.12025499121048,34.12025499121048,3049.135153489287,1.1190141884056817,3052.9601669717704,0.440033141637997,0 days 00:55:00
117,CLOSED,2024-03-15 09:10:00+00:00,66000.0,67000.0,2024-03-15 09:22:00+00:00,3036.7026942177326,34.12025499121048,34.12025499121048,3045.689633237419,1.1202801040151396,3049.583369566217,0.4477337405980748,0 days 00:12:00
118,CLOSED,2024-03-15 11:08:00+00:00,67000.0,68000.0,2024-03-15 12:35:00+00:00,3036.7026942177326,34.12025499121048,34.12025499121048,3050.0229203715235,1.118688478152626,3053.4002001134086,0.440033141637997,0 days 01:27:00
119,CLOSED,2024-03-15 19:48:00+00:00,69000.0,70000.0,2024-03-16 00:19:00+00:00,3036.7026942177326,34.12025499121048,34.12025499121048,3056.6930913622114,1.1162473291031265,3059.492915168037,0.4253015610187063,0 days 04:31:00
120,CLOSED,2024-03-15 20:09:00+00:00,68000.0,69000.0,2024-03-15 22:55:00+00:00,3036.7026942177326,34.12025499121048,34.12025499121048,3054.257586077286,1.1171374394467033,3057.126117539526,0.43255903088261505,0 days 02:46:00
121,CLOSED,2024-03-16 02:33:00+00:00,69000.0,70000.0,2024-03-25 15:55:00+00:00,3036.7026942177326,34.12025499121048,34.12025499121048,3057.550951954113,1.1159341423044435,3075.082867800165,0.4253015610187063,9 days 13:22:00
122,CLOSED,2024-03-16 11:25:00+00:00,68000.0,69000.0,2024-03-25 14:20:00+00:00,3036.7026942177326,34.12025499121048,34.12025499121048,3055.1154466691873,1.1168237530404876,3072.716070171654,0.43255903088261505,9 days 02:55:00
123,CLOSED,2024-03-16 18:07:00+00:00,67000.0,68000.0,2024-03-17 15:47:00+00:00,3036.7026942177326,34.12025499121048,34.12025499121048,3052.1786746969647,1.1178983482871658,3056.9150307415766,0.440033141637997,0 days 21:40:00
124,CLOSED,2024-03-16 22:03:00+00:00,66000.0,67000.0,2024-03-17 10:19:00+00:00,3036.7026942177326,34.12025499121048,34.12025499121048,3048.7331544450967,1.1191617390804656,3053.5382333360235,0.4477337405980748,0 days 12:16:00
125,CLOSED,2024-03-16 23:17:00+00:00,65000.0,66000.0,2024-03-17 00:04:00+00:00,3036.7026942177326,34.12025499121048,34.12025499121048,3044.771177606316,1.1206180366576688,3049.189316007979,0.4556712810646175,0 days 00:47:00
126,CLOSED,2024-03-17 06:59:00+00:00,65000.0,66000.0,2024-03-17 08:33:00+00:00,3036.7026942177326,34.12025499121048,34.12025499121048,3045.2268488873806,1.1204503534334995,3049.6449872890435,0.4556712810646175,0 days 01:34:00
127,CLOSED,2024-03-18 01:02:00+00:00,67000.0,68000.0,2024-03-18 02:49:00+00:00,3036.7026942177326,34.12025499121048,34.12025499121048,3053.9777841413293,1.1172397902954587,3057.355063883215,0.440033141637997,0 days 01:47:00
128,CLOSED,2024-03-18 14:32:00+00:00,67000.0,68000.0,2024-03-18 16:19:00+00:00,3036.7026942177326,34.12025499121048,34.12025499121048,3054.4178172829675,1.1170788357161259,3057.795097024853,0.440033141637997,0 days 01:47:00
129,CLOSED,2024-03-18 16:56:00+00:00,67000.0,68000.0,2024-03-19 00:16:00+00:00,3036.7026942177326,34.12025499121048,34.12025499121048,3054.8578504246057,1.1169179275057914,3058.235130166491,0.440033141637997,0 days 07:20:00
130,CLOSED,2024-03-19 00:54:00+00:00,67000.0,68000.0,2024-03-20 22:15:00+00:00,3036.7026942177326,34.12025499121048,34.12025499121048,3055.297883566244,1.116757065644421,3064.784247140202,0.440033141637997,1 days 21:21:00
131,CLOSED,2024-03-19 01:33:00+00:00,66000.0,67000.0,2024-03-20 20:30:00+00:00,3036.7026942177326,34.12025499121048,34.12025499121048,3051.8523633143764,1.118017876662787,3061.4074497346487,0.4477337405980748,1 days 18:57:00
132,CLOSED,2024-03-19 03:40:00+00:00,65000.0,66000.0,2024-03-19 03:53:00+00:00,3036.7026942177326,34.12025499121048,34.12025499121048,3047.8903864755957,1.1194711969502673,3052.3085248772586,0.4556712810646175,0 days 00:13:00
133,CLOSED,2024-03-19 05:24:00+00:00,65000.0,66000.0,2024-03-20 19:56:00+00:00,3036.7026942177326,34.12025499121048,34.12025499121048,3048.3460577566602,1.1193038567386364,3057.5142036876687,0.4556712810646175,1 days 14:32:00
134,CLOSED,2024-03-19 07:10:00+00:00,64000.0,65000.0,2024-03-19 16:52:00+00:00,3036.7026942177326,34.12025499121048,34.12025499121048,3043.859678845015,1.12095361124391,3049.755017738397,0.46385686967074236,0 days 09:42:00
135,CLOSED,2024-03-19 09:11:00+00:00,63000.0,64000.0,2024-03-19 09:17:00+00:00,3036.7026942177326,34.12025499121048,34.12025499121048,3038.8407040781167,1.1228049876198243,3044.3324880927503,0.4723023182326287,0 days 00:06:00
136,CLOSED,2024-03-19 10:47:00+00:00,63000.0,64000.0,2024-03-19 15:43:00+00:00,3036.7026942177326,34.12025499121048,34.12025499121048,3039.313006396349,1.1226305062822788,3044.8047904109835,0.4723023182326287,0 days 04:56:00
137,CLOSED,2024-03-19 20:04:00+00:00,64000.0,65000.0,2024-03-20 18:53:00+00:00,3036.7026942177326,34.12025499121048,34.12025499121048,3045.2681403511515,1.120435160999519,3053.096563761606,0.46385686967074236,0 days 22:49:00
138,CLOSED,2024-03-19 22:31:00+00:00,63000.0,64000.0,2024-03-20 12:19:00+00:00,3036.7026942177326,34.12025499121048,34.12025499121048,3040.249165584253,1.1222848238050085,3047.6740341159593,0.4723023182326287,0 days 13:48:00
139,CLOSED,2024-03-19 23:13:00+00:00,62000.0,63000.0,2024-03-20 00:25:00+00:00,3036.7026942177326,34.12025499121048,34.12025499121048,3034.6891410596368,1.1243410249030168,3040.730701440984,0.4810202006190707,0 days 01:12:00
140,CLOSED,2024-03-20 01:22:00+00:00,62000.0,63000.0,2024-03-20 02:29:00+00:00,3036.7026942177326,34.12025499121048,34.12025499121048,3035.170161260256,1.124162836954194,3041.211721641603,0.4810202006190707,0 days 01:07:00
141,CLOSED,2024-03-20 03:55:00+00:00,62000.0,63000.0,2024-03-20 07:44:00+00:00,3036.7026942177326,34.12025499121048,34.12025499121048,3035.6511814608753,1.1239847054756291,3042.182765757437,0.4810202006190707,0 days 03:49:00
142,CLOSED,2024-03-20 05:23:00+00:00,61000.0,62000.0,2024-03-20 06:30:00+00:00,3036.7026942177326,34.12025499121048,34.12025499121048,3029.5413805695453,1.126251491728955,3036.1417300449293,0.4900239152149126,0 days 01:07:00
143,CLOSED,2024-03-20 16:25:00+00:00,63000.0,64000.0,2024-03-20 17:15:00+00:00,3036.7026942177326,34.12025499121048,34.12025499121048,3042.654552419558,1.121397595533072,3048.1463364341926,0.4723023182326287,0 days 00:50:00
144,CLOSED,2024-03-21 03:44:00+00:00,67000.0,68000.0,2024-03-25 13:59:00+00:00,3036.7026942177326,34.12025499121048,34.12025499121048,3061.8470005399545,1.1143683856571998,3069.848013337438,0.440033141637997,4 days 10:15:00
145,CLOSED,2024-03-21 15:13:00+00:00,66000.0,67000.0,2024-03-21 17:07:00+00:00,3036.7026942177326,34.12025499121048,34.12025499121048,3058.401480288087,1.115623805805787,3062.2952166168848,0.4477337405980748,0 days 01:54:00
146,CLOSED,2024-03-21 17:45:00+00:00,66000.0,67000.0,2024-03-24 22:10:00+00:00,3036.7026942177326,34.12025499121048,34.12025499121048,3058.849214028685,1.1154605083090086,3066.4712159318847,0.4477337405980748,3 days 04:25:00
147,CLOSED,2024-03-21 18:43:00+00:00,65000.0,66000.0,2024-03-22 03:30:00+00:00,3036.7026942177326,34.12025499121048,34.12025499121048,3054.887237189904,1.1169071832123219,3059.305375591567,0.4556712810646175,0 days 08:47:00
148,CLOSED,2024-03-22 10:25:00+00:00,65000.0,66000.0,2024-03-24 18:34:00+00:00,3036.7026942177326,34.12025499121048,34.12025499121048,3055.3429084709687,1.1167406086109593,3062.5779698849046,0.4556712810646175,2 days 08:09:00
149,CLOSED,2024-03-22 12:03:00+00:00,64000.0,65000.0,2024-03-23 14:30:00+00:00,3036.7026942177326,34.12025499121048,34.12025499121048,3050.8565295593235,1.118382810224738,3057.696473089171,0.46385686967074236,1 days 02:27:00
150,CLOSED,2024-03-22 13:58:00+00:00,63000.0,64000.0,2024-03-22 15:29:00+00:00,3036.7026942177326,34.12025499121048,34.12025499121048,3045.837554792425,1.1202256974448457,3051.329338807059,0.4723023182326287,0 days 01:31:00
151,CLOSED,2024-03-22 16:36:00+00:00,63000.0,64000.0,2024-03-22 19:47:00+00:00,3036.7026942177326,34.12025499121048,34.12025499121048,3046.3098571106575,1.1200520167561883,3051.801641125292,0.4723023182326287,0 days 03:11:00
152,CLOSED,2024-03-22 21:16:00+00:00,63000.0,64000.0,2024-03-23 01:26:00+00:00,3036.7026942177326,34.12025499121048,34.12025499121048,3046.7821594288907,1.1198783899143683,3052.2739434435243,0.4723023182326287,0 days 04:10:00
153,CLOSED,2024-03-23 03:36:00+00:00,63000.0,64000.0,2024-03-23 04:18:00+00:00,3036.7026942177326,34.12025499121048,34.12025499121048,3047.254461747123,1.1197048168943482,3052.7462457617576,0.4723023182326287,0 days 00:42:00
154,CLOSED,2024-03-23 23:56:00+00:00,64000.0,65000.0,2024-03-24 08:12:00+00:00,3036.7026942177326,34.12025499121048,34.12025499121048,3053.2095957019255,1.117520888157903,3058.160329958842,0.46385686967074236,0 days 08:16:00
155,CLOSED,2024-03-25 21:18:00+00:00,70000.0,71000.0,2024-03-26 07:18:00+00:00,3036.7026942177326,34.12025499121048,34.12025499121048,3075.5006593659036,1.1094211567571337,3077.373922188148,0.41825144743661014,0 days 10:00:00
156,CLOSED,2024-03-26 14:23:00+00:00,70000.0,71000.0,2024-03-27 13:07:00+00:00,3036.7026942177326,34.12025499121048,34.12025499121048,3075.91891081334,1.109270301998577,3077.7921736355843,0.41825144743661014,0 days 22:44:00
157,CLOSED,2024-03-27 13:45:00+00:00,70000.0,71000.0,2024-03-28 13:27:00+00:00,3036.7026942177326,34.12025499121048,34.12025499121048,3076.3371622607765,1.1091194882597253,3079.0610282050584,0.41825144743661014,0 days 23:42:00
158,CLOSED,2024-03-27 14:03:00+00:00,69000.0,70000.0,2024-03-27 14:23:00+00:00,3036.7026942177326,34.12025499121048,34.12025499121048,3074.39565892855,1.1098199053241458,3076.762923703493,0.4253015610187063,0 days 00:20:00
159,CLOSED,2024-03-27 15:52:00+00:00,69000.0,70000.0,2024-03-28 06:15:00+00:00,3036.7026942177326,34.12025499121048,34.12025499121048,3074.8209604895687,1.1096663978047652,3077.188225264512,0.4253015610187063,0 days 14:23:00
160,CLOSED,2024-03-29 07:37:00+00:00,70000.0,71000.0,2024-03-31 18:40:00+00:00,3036.7026942177326,34.12025499121048,34.12025499121048,3077.6060168302506,1.108662213571843,3079.479279652495,0.41825144743661014,2 days 11:03:00
161,CLOSED,2024-04-01 05:46:00+00:00,70000.0,71000.0,2024-04-08 08:10:00+00:00,3080.954352581044,34.61746463574207,34.61746463574207,3078.024268277687,1.1246650974299277,3085.7189519988156,0.4243463213922283,7 days 02:24:00
162,CLOSED,2024-04-01 05:57:00+00:00,69000.0,70000.0,2024-04-01 13:28:00+00:00,3080.954352581044,34.61746463574207,34.61746463574207,3076.0751718438887,1.125377720044187,3078.4562340320545,0.4314991711487366,0 days 07:31:00
163,CLOSED,2024-04-01 14:52:00+00:00,69000.0,70000.0,2024-04-07 16:18:00+00:00,3080.954352581044,34.61746463574207,34.61746463574207,3076.506671015037,1.1252198788283683,3083.4080579063593,0.4314991711487366,6 days 01:26:00
164,CLOSED,2024-04-02 02:36:00+00:00,68000.0,69000.0,2024-04-04 18:00:00+00:00,3080.954352581044,34.61746463574207,34.61746463574207,3074.0563738975998,1.1261167794346771,3079.6879036102446,0.43886239883926237,2 days 15:24:00
165,CLOSED,2024-04-02 02:37:00+00:00,67000.0,68000.0,2024-04-04 16:22:00+00:00,3080.954352581044,34.61746463574207,34.61746463574207,3071.097505498234,1.1272017437989472,3076.7987516845837,0.44644542437128365,2 days 13:45:00
166,CLOSED,2024-04-02 02:39:00+00:00,66000.0,67000.0,2024-04-02 02:41:00+00:00,3080.954352581044,34.61746463574207,34.61746463574207,3067.6224752007925,1.1284786480603735,3071.552253101858,0.45425823855580916,0 days 00:02:00
167,CLOSED,2024-04-02 09:03:00+00:00,66000.0,67000.0,2024-04-04 13:14:00+00:00,3080.954352581044,34.61746463574207,34.61746463574207,3068.076733439348,1.1283115659540726,3073.393445681482,0.45425823855580916,2 days 04:11:00
168,CLOSED,2024-04-02 13:19:00+00:00,65000.0,66000.0,2024-04-02 14:30:00+00:00,3080.954352581044,34.61746463574207,34.61746463574207,3064.0777206090106,1.129784156678035,3068.539542312709,0.4623114470229268,0 days 01:11:00
169,CLOSED,2024-04-02 15:54:00+00:00,65000.0,66000.0,2024-04-02 18:49:00+00:00,3080.954352581044,34.61746463574207,34.61746463574207,3064.5400320560334,1.129613719306412,3069.0018537597316,0.4623114470229268,0 days 02:55:00
170,CLOSED,2024-04-03 00:33:00+00:00,65000.0,66000.0,2024-04-03 02:01:00+00:00,3080.954352581044,34.61746463574207,34.61746463574207,3065.002343503056,1.129443333350833,3069.4641652067544,0.4623114470229268,0 days 01:28:00
171,CLOSED,2024-04-04 20:07:00+00:00,68000.0,69000.0,2024-04-06 22:52:00+00:00,3080.954352581044,34.61746463574207,34.61746463574207,3077.23713253899,1.124952778896816,3081.0274696720107,0.43886239883926237,2 days 02:45:00
172,CLOSED,2024-04-05 05:18:00+00:00,67000.0,68000.0,2024-04-05 14:42:00+00:00,3080.954352581044,34.61746463574207,34.61746463574207,3074.2782641396243,1.1260355004146054,3078.13831774635,0.44644542437128365,0 days 09:24:00
173,CLOSED,2024-04-05 12:32:00+00:00,66000.0,67000.0,2024-04-05 13:31:00+00:00,3080.954352581044,34.61746463574207,34.61746463574207,3070.8032338421826,1.127309762287464,3074.733011743248,0.45425823855580916,0 days 00:59:00
174,CLOSED,2024-04-07 19:52:00+00:00,69000.0,70000.0,2024-04-08 07:22:00+00:00,3080.954352581044,34.61746463574207,34.61746463574207,3081.458494889342,1.1234116796690852,3083.839557077508,0.4314991711487366,0 days 11:30:00
175,CLOSED,2024-04-09 01:10:00+00:00,71000.0,72000.0,2024-10-29 15:22:00+00:00,3080.954352581044,34.61746463574207,34.61746463574207,3086.129395294565,1.121711380233229,3223.5338070483526,0.417394960361257,203 days 14:12:00
176,CLOSED,2024-04-09 08:07:00+00:00,70000.0,71000.0,2024-04-10 22:25:00+00:00,3080.954352581044,34.61746463574207,34.61746463574207,3084.6673435848525,1.122243042113945,3087.424562609154,0.4243463213922283,1 days 14:18:00
177,CLOSED,2024-04-09 14:42:00+00:00,69000.0,70000.0,2024-04-10 19:52:00+00:00,3080.954352581044,34.61746463574207,34.61746463574207,3082.711251201267,1.1229551461315872,3085.538171738059,0.4314991711487366,1 days 05:10:00
178,CLOSED,2024-04-10 12:37:00+00:00,68000.0,69000.0,2024-04-10 16:34:00+00:00,3080.954352581044,34.61746463574207,34.61746463574207,3080.253958134042,1.123850991062849,3083.1505875539233,0.43886239883926237,0 days 03:57:00
179,CLOSED,2024-04-11 11:57:00+00:00,70000.0,71000.0,2024-04-11 12:41:00+00:00,3080.954352581044,34.61746463574207,34.61746463574207,3085.9620514762323,1.1217722077684689,3087.848908930546,0.4243463213922283,0 days 00:44:00
180,CLOSED,2024-04-11 13:40:00+00:00,70000.0,71000.0,2024-04-12 04:45:00+00:00,3080.954352581044,34.61746463574207,34.61746463574207,3086.3863977976243,1.1216179756508877,3088.273255251938,0.4243463213922283,0 days 15:05:00
181,CLOSED,2024-04-12 13:40:00+00:00,70000.0,71000.0,2024-05-20 23:24:00+00:00,3080.954352581044,34.61746463574207,34.61746463574207,3086.8107441190164,1.1214637859381296,3122.5776402124625,0.4243463213922283,38 days 09:44:00
182,CLOSED,2024-04-12 16:18:00+00:00,69000.0,70000.0,2024-05-20 19:59:00+00:00,3080.954352581044,34.61746463574207,34.61746463574207,3084.8546517354307,1.1221749010530366,3120.2557620561583,0.4314991711487366,38 days 03:41:00
183,CLOSED,2024-04-12 17:28:00+00:00,68000.0,69000.0,2024-05-20 19:22:00+00:00,3080.954352581044,34.61746463574207,34.61746463574207,3082.397358668206,1.1230695010295182,3117.8681778720224,0.43886239883926237,38 days 01:54:00
184,CLOSED,2024-04-12 18:32:00+00:00,67000.0,68000.0,2024-05-20 16:39:00+00:00,3080.954352581044,34.61746463574207,34.61746463574207,3079.4314943190534,1.1241511525619095,3114.9720299965747,0.44644542437128365,37 days 22:07:00
185,CLOSED,2024-04-12 18:35:00+00:00,66000.0,67000.0,2024-04-12 18:37:00+00:00,3080.954352581044,34.61746463574207,34.61746463574207,3075.9494680718244,1.1254237104695421,3079.886241922677,0.45425823855580916,0 days 00:02:00
186,CLOSED,2024-04-12 18:38:00+00:00,66000.0,67000.0,2024-04-12 19:31:00+00:00,3080.954352581044,34.61746463574207,34.61746463574207,3076.40372631038,1.1252575316978892,3080.3405001612327,0.45425823855580916,0 days 00:53:00
187,CLOSED,2024-04-13 01:51:00+00:00,66000.0,67000.0,2024-04-13 03:35:00+00:00,3080.954352581044,34.61746463574207,34.61746463574207,3076.8579845489357,1.1250914019945237,3080.7947583997884,0.45425823855580916,0 days 01:44:00
188,CLOSED,2024-04-13 19:49:00+00:00,66000.0,67000.0,2024-04-22 22:53:00+00:00,3080.954352581044,34.61746463574207,34.61746463574207,3077.3122427874914,1.1249253213377162,3095.3022925476316,0.45425823855580916,9 days 03:04:00
189,CLOSED,2024-04-13 19:54:00+00:00,65000.0,66000.0,2024-04-15 06:18:00+00:00,3080.954352581044,34.61746463574207,34.61746463574207,3073.306234007367,1.1263916446947566,3082.106247835107,0.4623114470229268,1 days 10:24:00
190,CLOSED,2024-04-13 19:56:00+00:00,64000.0,65000.0,2024-04-13 23:05:00+00:00,3080.954352581044,34.61746463574207,34.61746463574207,3068.7681814246102,1.1280573373147935,3075.7297650943137,0.4706163182546419,0 days 03:09:00
191,CLOSED,2024-04-13 20:07:00+00:00,63000.0,64000.0,2024-04-13 22:41:00+00:00,3080.954352581044,34.61746463574207,34.61746463574207,3063.689771854805,1.129927218929354,3070.7211047703972,0.4791848361921254,0 days 02:34:00
192,CLOSED,2024-04-13 20:07:00+00:00,62000.0,63000.0,2024-04-13 20:11:00+00:00,3080.954352581044,34.61746463574207,34.61746463574207,3058.0624282029185,1.1320064730034025,3064.675489460242,0.4880297579340436,0 days 00:04:00
193,CLOSED,2024-04-13 20:09:00+00:00,61000.0,62000.0,2024-04-13 20:10:00+00:00,3080.954352581044,34.61746463574207,34.61746463574207,3051.8772966934334,1.1343006703856828,3058.5601251944845,0.4971646771101206,0 days 00:01:00
194,CLOSED,2024-04-13 20:13:00+00:00,62000.0,63000.0,2024-04-13 22:31:00+00:00,3080.954352581044,34.61746463574207,34.61746463574207,3059.0476226379624,1.131641899902486,3065.1635192181757,0.4880297579340436,0 days 02:18:00
195,CLOSED,2024-04-13 23:56:00+00:00,64000.0,65000.0,2024-04-14 22:05:00+00:00,3080.954352581044,34.61746463574207,34.61746463574207,3071.1912067720345,1.1271673531563227,3077.637935921144,0.4706163182546419,0 days 22:09:00
196,CLOSED,2024-04-14 00:25:00+00:00,63000.0,64000.0,2024-04-14 00:42:00+00:00,3080.954352581044,34.61746463574207,34.61746463574207,3066.112797202229,1.1290342829960418,3071.6709059248437,0.4791848361921254,0 days 00:17:00
197,CLOSED,2024-04-14 03:01:00+00:00,63000.0,64000.0,2024-04-14 04:22:00+00:00,3080.954352581044,34.61746463574207,34.61746463574207,3066.591982038421,1.1288578604034305,3072.1500907610357,0.4791848361921254,0 days 01:21:00
198,CLOSED,2024-04-14 17:22:00+00:00,63000.0,64000.0,2024-04-14 17:31:00+00:00,3080.954352581044,34.61746463574207,34.61746463574207,3067.071166874613,1.1286814929376983,3072.6292755972277,0.4791848361921254,0 days 00:09:00
199,CLOSED,2024-04-15 14:39:00+00:00,65000.0,66000.0,2024-04-22 03:50:00+00:00,3080.954352581044,34.61746463574207,34.61746463574207,3078.0997416286446,1.1246375212463295,3091.3660161231164,0.4623114470229268,6 days 13:11:00
200,CLOSED,2024-04-15 15:01:00+00:00,64000.0,65000.0,2024-04-19 07:05:00+00:00,3080.954352581044,34.61746463574207,34.61746463574207,3073.5616890458878,1.1262980261342408,3085.9479030547072,0.4706163182546419,3 days 16:04:00
201,CLOSED,2024-04-15 19:00:00+00:00,63000.0,64000.0,2024-04-16 21:46:00+00:00,3080.954352581044,34.61746463574207,34.61746463574207,3068.4832794760823,1.1281620749666497,3075.5054774724986,0.4791848361921254,1 days 02:46:00
202,CLOSED,2024-04-16 04:44:00+00:00,62000.0,63000.0,2024-04-16 06:22:00+00:00,3080.954352581044,34.61746463574207,34.61746463574207,3062.855935824196,1.1302348318392819,3068.9718324044093,0.4880297579340436,0 days 01:38:00
203,CLOSED,2024-04-16 10:25:00+00:00,62000.0,63000.0,2024-04-16 11:52:00+00:00,3080.954352581044,34.61746463574207,34.61746463574207,3063.34396558213,1.1300547710176478,3069.459862162343,0.4880297579340436,0 days 01:27:00
204,CLOSED,2024-04-16 15:01:00+00:00,62000.0,63000.0,2024-04-16 17:18:00+00:00,3080.954352581044,34.61746463574207,34.61746463574207,3063.8319953400637,1.129874767558845,3069.947891920277,0.4880297579340436,0 days 02:17:00
205,CLOSED,2024-04-17 10:10:00+00:00,63000.0,64000.0,2024-04-18 15:09:00+00:00,3080.954352581044,34.61746463574207,34.61746463574207,3070.426553586076,1.127448060768981,3078.9682593659627,0.4791848361921254,1 days 04:59:00
206,CLOSED,2024-04-17 14:06:00+00:00,62000.0,63000.0,2024-04-18 11:25:00+00:00,3080.954352581044,34.61746463574207,34.61746463574207,3064.7992099341895,1.1295181923674995,3072.9226440558073,0.4880297579340436,0 days 21:19:00
207,CLOSED,2024-04-17 14:34:00+00:00,61000.0,62000.0,2024-04-18 03:06:00+00:00,3080.954352581044,34.61746463574207,34.61746463574207,3058.6140784247045,1.1318023048390367,3066.31011511294,0.4971646771101206,0 days 12:32:00
208,CLOSED,2024-04-17 15:44:00+00:00,60000.0,61000.0,2024-04-17 16:13:00+00:00,3080.954352581044,34.61746463574207,34.61746463574207,3051.8620149943818,1.1343063502104564,3059.121224281618,0.5066040935920739,0 days 00:29:00
209,CLOSED,2024-04-17 16:46:00+00:00,60000.0,61000.0,2024-04-17 17:54:00+00:00,3080.954352581044,34.61746463574207,34.61746463574207,3052.368619087974,1.1341180884661801,3059.6278283752104,0.5066040935920739,0 days 01:08:00
210,CLOSED,2024-04-18 05:59:00+00:00,61000.0,62000.0,2024-04-18 11:01:00+00:00,3080.954352581044,34.61746463574207,34.61746463574207,3060.124451288999,1.1312436858952044,3066.80727979005,0.4971646771101206,0 days 05:02:00
211,CLOSED,2024-04-18 12:30:00+00:00,62000.0,63000.0,2024-04-18 14:09:00+00:00,3080.954352581044,34.61746463574207,34.61746463574207,3067.294777233528,1.128599210375354,3073.410673813741,0.4880297579340436,0 days 01:39:00
212,CLOSED,2024-04-18 17:52:00+00:00,63000.0,64000.0,2024-04-19 06:47:00+00:00,3080.954352581044,34.61746463574207,34.61746463574207,3073.88933547954,1.1261779738190085,3080.9392427307907,0.4791848361921254,0 days 12:55:00
213,CLOSED,2024-04-19 01:20:00+00:00,62000.0,63000.0,2024-04-19 06:40:00+00:00,3080.954352581044,34.61746463574207,34.61746463574207,3068.2619918276537,1.128243439704498,3075.381657178569,0.4880297579340436,0 days 05:20:00
214,CLOSED,2024-04-19 01:43:00+00:00,61000.0,62000.0,2024-04-19 03:24:00+00:00,3080.954352581044,34.61746463574207,34.61746463574207,3062.0768603181687,1.130522394272791,3069.266292912812,0.4971646771101206,0 days 01:41:00
215,CLOSED,2024-04-19 02:21:00+00:00,60000.0,61000.0,2024-04-19 02:55:00+00:00,3080.954352581044,34.61746463574207,34.61746463574207,3055.324796887846,1.1330207731434452,3062.5840061750823,0.5066040935920739,0 days 00:34:00
216,CLOSED,2024-04-19 14:27:00+00:00,64000.0,65000.0,2024-04-20 17:09:00+00:00,3080.954352581044,34.61746463574207,34.61746463574207,3081.409344732428,1.1234295986970875,3086.8977042091537,0.4706163182546419,1 days 02:42:00
217,CLOSED,2024-04-19 23:04:00+00:00,63000.0,64000.0,2024-04-19 23:45:00+00:00,3080.954352581044,34.61746463574207,34.61746463574207,3076.3309351626226,1.125284157177716,3081.8890438852372,0.4791848361921254,0 days 00:41:00
218,CLOSED,2024-04-23 08:11:00+00:00,66000.0,67000.0,2024-04-23 14:33:00+00:00,3080.954352581044,34.61746463574207,34.61746463574207,3091.819776935334,1.1196469113104484,3095.7565507861873,0.45425823855580916,0 days 06:22:00
219,CLOSED,2024-04-23 20:23:00+00:00,66000.0,67000.0,2024-04-24 04:48:00+00:00,3080.954352581044,34.61746463574207,34.61746463574207,3092.27403517389,1.1194824340267566,3096.210809024743,0.45425823855580916,0 days 08:25:00
220,CLOSED,2024-04-24 13:11:00+00:00,66000.0,67000.0,2024-05-17 15:19:00+00:00,3080.954352581044,34.61746463574207,34.61746463574207,3092.7282934124455,1.1193180050597316,3111.1012713412865,0.45425823855580916,23 days 02:08:00
221,CLOSED,2024-04-24 14:35:00+00:00,65000.0,66000.0,2024-05-15 19:39:00+00:00,3080.954352581044,34.61746463574207,34.61746463574207,3088.722284632321,1.1207697373110674,3106.698410574444,0.4623114470229268,21 days 05:04:00
222,CLOSED,2024-04-24 19:01:00+00:00,64000.0,65000.0,2024-04-25 21:15:00+00:00,3080.954352581044,34.61746463574207,34.61746463574207,3084.1842320495643,1.1224188320532775,3089.67259152629,0.4706163182546419,1 days 02:14:00
223,CLOSED,2024-04-25 13:10:00+00:00,63000.0,64000.0,2024-04-25 15:50:00+00:00,3080.954352581044,34.61746463574207,34.61746463574207,3079.105822479759,1.1242700521368532,3084.6639312023735,0.4791848361921254,0 days 02:40:00
224,CLOSED,2024-04-26 01:11:00+00:00,64000.0,65000.0,2024-05-06 08:21:00+00:00,3080.954352581044,34.61746463574207,34.61746463574207,3085.134033204011,1.1220732799019018,3098.3067648580422,0.4706163182546419,10 days 07:10:00
225,CLOSED,2024-04-27 00:44:00+00:00,63000.0,64000.0,2024-04-28 02:52:00+00:00,3080.954352581044,34.61746463574207,34.61746463574207,3080.0556236342054,1.1239233593741527,3085.61373235682,0.4791848361921254,1 days 02:08:00
226,CLOSED,2024-04-28 22:32:00+00:00,63000.0,64000.0,2024-04-29 23:03:00+00:00,3080.954352581044,34.61746463574207,34.61746463574207,3080.5348084703974,1.123748530305715,3086.580946950946,0.4791848361921254,1 days 00:31:00
227,CLOSED,2024-04-29 06:48:00+00:00,62000.0,63000.0,2024-04-29 14:35:00+00:00,3080.954352581044,34.61746463574207,34.61746463574207,3074.907464818511,1.125805086228352,3081.0233613987243,0.4880297579340436,0 days 07:47:00
228,CLOSED,2024-04-30 02:03:00+00:00,63000.0,64000.0,2024-05-04 10:51:00+00:00,3080.954352581044,34.61746463574207,34.61746463574207,3081.502023064523,1.123395810764886,3092.8144908509953,0.4791848361921254,4 days 08:48:00
229,CLOSED,2024-04-30 08:48:00+00:00,62000.0,63000.0,2024-05-03 20:46:00+00:00,3080.954352581044,34.61746463574207,34.61746463574207,3075.874679412637,1.1254510746956878,3087.2569052987737,0.4880297579340436,3 days 11:58:00
230,CLOSED,2024-04-30 11:42:00+00:00,61000.0,62000.0,2024-05-03 14:02:00+00:00,3080.954352581044,34.61746463574207,34.61746463574207,3069.689547903152,1.1277187512134124,3081.1415410330164,0.4971646771101206,3 days 02:20:00
231,CLOSED,2024-04-30 19:14:00+00:00,60000.0,61000.0,2024-04-30 22:35:00+00:00,3080.954352581044,34.61746463574207,34.61746463574207,3062.937484472829,1.1302047400977293,3070.1966937600655,0.5066040935920739,0 days 03:21:00
232,CLOSED,2024-05-01 01:09:00+00:00,60000.0,61000.0,2024-05-03 13:03:00+00:00,3109.42995160079,34.93741518652573,34.93741518652573,3063.444088566421,1.1404619825418505,3074.459579253064,0.5112863619349284,2 days 11:54:00
233,CLOSED,2024-05-01 07:08:00+00:00,59000.0,60000.0,2024-05-03 12:34:00+00:00,3109.42995160079,34.93741518652573,34.93741518652573,3056.109997222692,1.1431988776017843,3067.1959193697126,0.5211359594754867,2 days 05:26:00
234,CLOSED,2024-05-01 07:25:00+00:00,58000.0,59000.0,2024-05-01 18:51:00+00:00,3109.42995160079,34.93741518652573,34.93741518652573,3048.1843384591098,1.1461713370060478,3057.7256331590406,0.5313251983105474,0 days 11:26:00
235,CLOSED,2024-05-01 08:07:00+00:00,57000.0,58000.0,2024-05-01 12:10:00+00:00,3109.42995160079,34.93741518652573,34.93741518652573,3039.656912837401,1.1493867955615105,3048.7267878001635,0.5418719542977115,0 days 04:03:00
236,CLOSED,2024-05-01 15:09:00+00:00,57000.0,58000.0,2024-05-01 18:04:00+00:00,3109.42995160079,34.93741518652573,34.93741518652573,3040.1987847916985,1.1491819338030391,3049.268659754461,0.5418719542977115,0 days 02:55:00
237,CLOSED,2024-05-01 19:30:00+00:00,58000.0,59000.0,2024-05-02 12:16:00+00:00,3109.42995160079,34.93741518652573,34.93741518652573,3049.7994075660154,1.1455643639988964,3059.340702265946,0.5313251983105474,0 days 16:46:00
238,CLOSED,2024-05-01 19:57:00+00:00,57000.0,58000.0,2024-05-01 21:25:00+00:00,3109.42995160079,34.93741518652573,34.93741518652573,3041.2719819443064,1.1487764130911435,3050.341856907069,0.5418719542977115,0 days 01:28:00
239,CLOSED,2024-05-02 01:36:00+00:00,57000.0,58000.0,2024-05-02 11:02:00+00:00,3109.42995160079,34.93741518652573,34.93741518652573,3041.813853898604,1.1485717688394201,3050.8837288613668,0.5418719542977115,0 days 09:26:00
240,CLOSED,2024-05-05 01:35:00+00:00,63000.0,64000.0,2024-05-05 13:19:00+00:00,3109.42995160079,34.93741518652573,34.93741518652573,3087.7355669645726,1.1314898710990102,3093.2984292382275,0.483613683130514,0 days 11:44:00
241,CLOSED,2024-05-06 10:48:00+00:00,64000.0,65000.0,2024-05-15 15:21:00+00:00,3109.42995160079,34.93741518652573,34.93741518652573,3093.768206535763,1.1292835420804452,3102.2304232853094,0.4749659710041314,9 days 04:33:00
242,CLOSED,2024-05-06 15:02:00+00:00,63000.0,64000.0,2024-05-07 08:20:00+00:00,3109.42995160079,34.93741518652573,34.93741518652573,3088.6844827872783,1.1311422510530325,3094.2523392890616,0.483613683130514,0 days 17:18:00
243,CLOSED,2024-05-07 18:34:00+00:00,63000.0,64000.0,2024-05-15 12:31:00+00:00,3109.42995160079,34.93741518652573,34.93741518652573,3089.1680964704087,1.1309651691160538,3097.217093437366,0.483613683130514,7 days 17:57:00
244,CLOSED,2024-05-08 13:09:00+00:00,62000.0,63000.0,2024-05-09 22:43:00+00:00,3109.42995160079,34.93741518652573,34.93741518652573,3083.530365138252,1.1330329540944635,3090.1629245319145,0.49254035371257743,1 days 09:34:00
245,CLOSED,2024-05-08 23:07:00+00:00,61000.0,62000.0,2024-05-09 15:10:00+00:00,3109.42995160079,34.93741518652573,34.93741518652573,3077.3296906162345,1.1353159621817943,3084.032662074622,0.5017597020186599,0 days 16:03:00
246,CLOSED,2024-05-10 14:35:00+00:00,62000.0,63000.0,2024-05-13 08:44:00+00:00,3109.42995160079,34.93741518652573,34.93741518652573,3084.524665193983,1.1326677196250774,3091.1572245876455,0.49254035371257743,2 days 18:09:00
247,CLOSED,2024-05-10 14:52:00+00:00,61000.0,62000.0,2024-05-13 07:52:00+00:00,3109.42995160079,34.93741518652573,34.93741518652573,3078.3239906719655,1.1349492546071884,3085.026962130353,0.5017597020186599,2 days 17:00:00
248,CLOSED,2024-05-14 06:12:00+00:00,62000.0,63000.0,2024-05-15 12:30:00+00:00,3109.42995160079,34.93741518652573,34.93741518652573,3085.518965249714,1.1323027205473104,3091.6497649413577,0.49254035371257743,1 days 06:18:00
249,CLOSED,2024-05-16 17:22:00+00:00,65000.0,66000.0,2024-05-17 06:51:00+00:00,3109.42995160079,34.93741518652573,34.93741518652573,3102.691904367982,1.1260355930713166,3107.165319464766,0.4665843423277991,0 days 13:29:00
250,CLOSED,2024-05-19 19:49:00+00:00,66000.0,67000.0,2024-05-20 04:37:00+00:00,3109.42995160079,34.93741518652573,34.93741518652573,3107.6187557289895,1.1242503644347475,3111.560052517174,0.458456702399225,0 days 08:48:00
251,CLOSED,2024-05-20 21:17:00+00:00,69000.0,70000.0,2024-05-20 23:13:00+00:00,3109.42995160079,34.93741518652573,34.93741518652573,3118.299203089354,1.120399708658894,3120.6915736042956,0.4354872852097884,0 days 01:56:00
252,CLOSED,2024-05-21 15:50:00+00:00,70000.0,71000.0,2024-06-04 18:22:00+00:00,3109.42995160079,34.93741518652573,34.93741518652573,3121.115129079541,1.1193888639676437,3128.324688223557,0.42826832552167815,14 days 02:32:00
253,CLOSED,2024-05-22 21:09:00+00:00,69000.0,70000.0,2024-05-23 11:31:00+00:00,3109.42995160079,34.93741518652573,34.93741518652573,3119.1541505939726,1.1200926116419314,3121.5510872603463,0.4354872852097884,0 days 14:22:00
254,CLOSED,2024-05-23 12:56:00+00:00,69000.0,70000.0,2024-05-27 15:21:00+00:00,3109.42995160079,34.93741518652573,34.93741518652573,3119.589637879182,1.1199362493804648,3123.7812081485613,0.4354872852097884,4 days 02:25:00
255,CLOSED,2024-05-23 13:50:00+00:00,68000.0,69000.0,2024-05-24 18:04:00+00:00,3109.42995160079,34.93741518652573,34.93741518652573,3117.122826382435,1.1208225383621542,3121.384749816504,0.44291856724166223,1 days 04:14:00
256,CLOSED,2024-05-23 18:23:00+00:00,67000.0,68000.0,2024-05-23 21:02:00+00:00,3109.42995160079,34.93741518652573,34.93741518652573,3114.142743153757,1.1218951110488882,3117.5738840561116,0.45057167858792013,0 days 02:39:00
257,CLOSED,2024-05-23 21:16:00+00:00,67000.0,68000.0,2024-05-23 21:54:00+00:00,3109.42995160079,34.93741518652573,34.93741518652573,3114.5933148323447,1.1217328124396355,3118.0244557346996,0.45057167858792013,0 days 00:38:00
258,CLOSED,2024-05-24 06:27:00+00:00,67000.0,68000.0,2024-05-24 14:29:00+00:00,3109.42995160079,34.93741518652573,34.93741518652573,3115.0438865109327,1.1215705607813469,3118.4750274132875,0.45057167858792013,0 days 08:02:00
259,CLOSED,2024-05-28 01:46:00+00:00,69000.0,70000.0,2024-06-03 13:45:00+00:00,3109.42995160079,34.93741518652573,34.93741518652573,3121.819758767397,1.1191362053624851,3125.9960228140835,0.4354872852097884,6 days 11:59:00
260,CLOSED,2024-05-28 03:35:00+00:00,68000.0,69000.0,2024-05-30 17:23:00+00:00,3109.42995160079,34.93741518652573,34.93741518652573,3119.3529472706505,1.1200212280272748,3122.2631556689553,0.44291856724166223,2 days 13:48:00
261,CLOSED,2024-05-31 09:19:00+00:00,68000.0,69000.0,2024-05-31 12:37:00+00:00,3109.42995160079,34.93741518652573,34.93741518652573,3119.795865837892,1.119862218201334,3122.706074236197,0.44291856724166223,0 days 03:18:00
262,CLOSED,2024-05-31 14:00:00+00:00,68000.0,69000.0,2024-06-03 06:28:00+00:00,3109.42995160079,34.93741518652573,34.93741518652573,3120.2387844051336,1.119703253518351,3123.5995644820264,0.44291856724166223,2 days 16:28:00
263,CLOSED,2024-05-31 16:06:00+00:00,67000.0,68000.0,2024-06-02 11:48:00+00:00,3109.42995160079,34.93741518652573,34.93741518652573,3117.258701176455,1.120773684049397,3120.6898420788098,0.45057167858792013,1 days 19:42:00
264,CLOSED,2024-06-03 14:46:00+00:00,69000.0,70000.0,2024-06-04 14:17:00+00:00,3127.6041518502498,35.14161968371067,35.14161968371067,3124.0345734329194,1.124879346168518,3126.434262420777,0.43803264987491275,0 days 23:31:00
265,CLOSED,2024-06-07 17:58:00+00:00,70000.0,71000.0,2024-10-29 02:14:00+00:00,3127.6041518502498,35.14161968371067,35.14161968371067,3126.861852893884,1.1238622407058823,3222.1419808024552,0.4307714963374565,143 days 08:16:00
266,CLOSED,2024-06-07 18:05:00+00:00,69000.0,70000.0,2024-06-10 15:36:00+00:00,3127.6041518502498,35.14161968371067,35.14161968371067,3124.897755913923,1.124568623635911,3127.300359191676,0.43803264987491275,2 days 21:31:00
267,CLOSED,2024-06-11 01:53:00+00:00,69000.0,70000.0,2024-07-29 13:05:00+00:00,3127.6041518502498,35.14161968371067,35.14161968371067,3125.335788563798,1.1244110092842052,3156.2708947244955,0.43803264987491275,48 days 11:12:00
268,CLOSED,2024-06-11 02:18:00+00:00,68000.0,69000.0,2024-06-12 12:30:00+00:00,3127.6041518502498,35.14161968371067,35.14161968371067,3122.8629020466774,1.1253013912547805,3126.2349822701713,0.44550736675171976,1 days 10:12:00
269,CLOSED,2024-06-11 09:51:00+00:00,67000.0,68000.0,2024-06-12 10:04:00+00:00,3127.6041518502498,35.14161968371067,35.14161968371067,3119.873743793321,1.1263795451217036,3123.3165960918473,0.45320520950543397,1 days 00:13:00
270,CLOSED,2024-06-12 19:45:00+00:00,68000.0,69000.0,2024-07-27 13:35:00+00:00,3127.6041518502498,35.14161968371067,35.14161968371067,3123.761614622934,1.1249776397534927,3152.0667707490593,0.44550736675171976,44 days 17:50:00
271,CLOSED,2024-06-13 03:39:00+00:00,67000.0,68000.0,2024-06-13 12:30:00+00:00,3127.6041518502498,35.14161968371067,35.14161968371067,3120.7724563695774,1.1260551730385122,3124.2153086681037,0.45320520950543397,0 days 08:51:00
272,CLOSED,2024-06-13 15:22:00+00:00,67000.0,68000.0,2024-07-21 20:22:00+00:00,3127.6041518502498,35.14161968371067,35.14161968371067,3121.2256615790825,1.1258916686572389,3145.4489106097,0.45320520950543397,38 days 05:00:00
273,CLOSED,2024-06-14 16:08:00+00:00,66000.0,67000.0,2024-06-17 18:17:00+00:00,3127.6041518502498,35.14161968371067,35.14161968371067,3117.7125260411885,1.1271603584417973,3121.687294674018,0.4611363202213923,3 days 02:09:00
274,CLOSED,2024-06-18 00:45:00+00:00,66000.0,67000.0,2024-07-19 19:05:00+00:00,3127.6041518502498,35.14161968371067,35.14161968371067,3118.1736623614097,1.1269936664495375,3141.5442446020597,0.4611363202213923,31 days 18:20:00
275,CLOSED,2024-06-18 01:43:00+00:00,65000.0,66000.0,2024-06-20 10:56:00+00:00,3127.6041518502498,35.14161968371067,35.14161968371067,3114.128610489212,1.1284575584111833,3118.6434787845656,0.4693114651132291,2 days 09:13:00
276,CLOSED,2024-06-20 14:04:00+00:00,65000.0,66000.0,2024-07-17 01:17:00+00:00,3127.6041518502498,35.14161968371067,35.14161968371067,3114.597921954325,1.1282875210312948,3136.1415574243883,0.4693114651132291,26 days 11:13:00
277,CLOSED,2024-06-21 08:49:00+00:00,64000.0,65000.0,2024-07-16 16:03:00+00:00,3127.6041518502498,35.14161968371067,35.14161968371067,3110.0127704196043,1.1299509769848743,3131.627202526135,0.47774208328293355,25 days 07:14:00
278,CLOSED,2024-06-24 00:05:00+00:00,63000.0,64000.0,2024-07-15 22:11:00+00:00,3127.6041518502498,35.14161968371067,35.14161968371067,3104.8790801651326,1.1318192682029236,3126.076638681264,0.4864403401246875,21 days 22:06:00
279,CLOSED,2024-06-24 09:30:00+00:00,62000.0,63000.0,2024-06-30 23:01:00+00:00,3127.6041518502498,35.14161968371067,35.14161968371067,3099.188144227105,1.1338975902179216,3107.9275643942415,0.49541918589682155,6 days 13:31:00
280,CLOSED,2024-06-24 09:33:00+00:00,61000.0,62000.0,2024-06-25 14:29:00+00:00,3127.6041518502498,35.14161968371067,35.14161968371067,3092.930974771916,1.136191527400709,3100.731833712725,0.504692420054937,1 days 04:56:00
281,CLOSED,2024-06-24 16:56:00+00:00,60000.0,61000.0,2024-06-25 03:06:00+00:00,3127.6041518502498,35.14161968371067,35.14161968371067,3086.0982892828906,1.1387070789594471,3093.969981429415,0.5142747620183172,0 days 10:10:00
282,CLOSED,2024-06-24 20:29:00+00:00,59000.0,60000.0,2024-06-24 21:32:00+00:00,3127.6041518502498,35.14161968371067,35.14161968371067,3078.680495826131,1.1414506874407178,3086.623031095455,0.5241819291329861,0 days 01:03:00
283,CLOSED,2024-06-26 17:05:00+00:00,61000.0,62000.0,2024-06-27 14:00:00+00:00,3127.6041518502498,35.14161968371067,35.14161968371067,3094.4741238831216,1.135624932601245,3101.2365261327795,0.504692420054937,0 days 20:55:00
284,CLOSED,2024-06-28 14:36:00+00:00,61000.0,62000.0,2024-06-30 18:55:00+00:00,3127.6041518502498,35.14161968371067,35.14161968371067,3094.9788163031762,1.1354397483626681,3101.741218552834,0.504692420054937,2 days 04:19:00
285,CLOSED,2024-07-02 14:39:00+00:00,62000.0,63000.0,2024-07-15 07:43:00+00:00,3135.5677817148708,35.23109867095361,35.23109867095361,3102.2360973643163,1.13566787198712,3120.456607905776,0.4966806418972567,12 days 17:04:00
286,CLOSED,2024-07-03 03:12:00+00:00,61000.0,62000.0,2024-07-15 02:28:00+00:00,3135.5677817148708,35.23109867095361,35.23109867095361,3095.977396663878,1.1379636914958573,3114.2689111530162,0.5059774879323484,11 days 23:16:00
287,CLOSED,2024-07-03 10:33:00+00:00,60000.0,61000.0,2024-07-14 21:48:00+00:00,3135.5677817148708,35.23109867095361,35.23109867095361,3089.1417145278283,1.1404817883642686,3107.5042425810025,0.5155842288352659,11 days 11:15:00
288,CLOSED,2024-07-04 01:54:00+00:00,59000.0,60000.0,2024-07-14 04:22:00+00:00,3135.5677817148708,35.23109867095361,35.23109867095361,3081.7194345989074,1.1432286234564053,3100.152986158453,0.5255166219721943,10 days 02:28:00
289,CLOSED,2024-07-04 02:00:00+00:00,58000.0,59000.0,2024-07-04 02:35:00+00:00,3135.5677817148708,35.23109867095361,35.23109867095361,3073.7006145416426,1.146211134040696,3082.2557977045362,0.5357915114241862,0 days 00:35:00
290,CLOSED,2024-07-04 08:30:00+00:00,58000.0,59000.0,2024-07-10 04:07:00+00:00,3135.5677817148708,35.23109867095361,35.23109867095361,3074.236406053067,1.1460113672970877,3090.5871899465737,0.5357915114241862,5 days 19:37:00
291,CLOSED,2024-07-04 09:22:00+00:00,57000.0,58000.0,2024-07-04 11:07:00+00:00,3135.5677817148708,35.23109867095361,35.23109867095361,3065.6107606928317,1.1492358756919074,3074.7834152166424,0.5464269233130779,0 days 01:45:00
292,CLOSED,2024-07-04 13:20:00+00:00,57000.0,58000.0,2024-07-04 15:50:00+00:00,3135.5677817148708,35.23109867095361,35.23109867095361,3066.1571876161447,1.1490310677237277,3075.3298421399554,0.5464269233130779,0 days 02:30:00
293,CLOSED,2024-07-04 23:41:00+00:00,57000.0,58000.0,2024-07-06 16:43:00+00:00,3135.5677817148708,35.23109867095361,35.23109867095361,3066.7036145394577,1.148826332741139,3078.140707963637,0.5464269233130779,1 days 17:02:00
294,CLOSED,2024-07-05 02:58:00+00:00,56000.0,57000.0,2024-07-05 17:32:00+00:00,3135.5677817148708,35.23109867095361,35.23109867095361,3057.4604978183056,1.1522993901668805,3068.411204535022,0.557442171340881,0 days 14:34:00
295,CLOSED,2024-07-05 03:11:00+00:00,55000.0,56000.0,2024-07-05 15:04:00+00:00,3135.5677817148708,35.23109867095361,35.23109867095361,3047.5888834619336,1.1560318670979186,3058.6106570697584,0.5688579738424053,0 days 11:53:00
296,CLOSED,2024-07-05 04:19:00+00:00,54000.0,55000.0,2024-07-05 10:12:00+00:00,3135.5677817148708,35.23109867095361,35.23109867095361,3037.0773442406116,1.1600329750496612,3048.1701965900047,0.580696583843995,0 days 05:53:00
297,CLOSED,2024-07-05 18:15:00+00:00,56000.0,57000.0,2024-07-06 13:49:00+00:00,3135.5677817148708,35.23109867095361,35.23109867095361,3059.1674945473333,1.151656414163317,3068.968646706363,0.557442171340881,0 days 19:34:00
298,CLOSED,2024-07-07 13:18:00+00:00,57000.0,58000.0,2024-07-08 09:02:00+00:00,3135.5677817148708,35.23109867095361,35.23109867095361,3069.5144803631392,1.1477743107693563,3079.8134350321334,0.5464269233130779,0 days 19:44:00
299,CLOSED,2024-07-07 23:46:00+00:00,56000.0,57000.0,2024-07-08 08:39:00+00:00,3135.5677817148708,35.23109867095361,35.23109867095361,3060.271363641987,1.1512410007008513,3070.6413737748594,0.557442171340881,0 days 08:53:00
300,CLOSED,2024-07-08 01:01:00+00:00,55000.0,56000.0,2024-07-08 08:05:00+00:00,3135.5677817148708,35.23109867095361,35.23109867095361,3050.399749285615,1.1549666131202807,3060.8408263095957,0.5688579738424053,0 days 07:04:00
301,CLOSED,2024-07-08 10:54:00+00:00,57000.0,58000.0,2024-07-09 14:15:00+00:00,3135.5677817148708,35.23109867095361,35.23109867095361,3071.1872074316357,1.1471491736388344,3081.48616210063,0.5464269233130779,1 days 03:21:00
302,CLOSED,2024-07-08 14:28:00+00:00,56000.0,57000.0,2024-07-09 01:12:00+00:00,3135.5677817148708,35.23109867095361,35.23109867095361,3061.9440907104836,1.1506120826255417,3072.314100843356,0.557442171340881,0 days 10:44:00
303,CLOSED,2024-07-08 14:34:00+00:00,55000.0,56000.0,2024-07-08 14:41:00+00:00,3135.5677817148708,35.23109867095361,35.23109867095361,3052.072476354112,1.1543336190049889,3062.513553378092,0.5688579738424053,0 days 00:07:00
304,CLOSED,2024-07-09 15:00:00+00:00,57000.0,58000.0,2024-07-09 18:38:00+00:00,3135.5677817148708,35.23109867095361,35.23109867095361,3072.859934500132,1.1465247171015205,3082.032589023943,0.5464269233130779,0 days 03:38:00
305,CLOSED,2024-07-10 12:33:00+00:00,58000.0,59000.0,2024-07-11 12:30:00+00:00,3135.5677817148708,35.23109867095361,35.23109867095361,3082.5677982951047,1.1429139917194715,3091.122981457998,0.5357915114241862,0 days 23:57:00
306,CLOSED,2024-07-11 14:17:00+00:00,58000.0,59000.0,2024-07-13 22:41:00+00:00,3135.5677817148708,35.23109867095361,35.23109867095361,3083.1035898065284,1.1427153725043808,3092.205199892735,0.5357915114241862,2 days 08:24:00
307,CLOSED,2024-07-12 01:15:00+00:00,57000.0,58000.0,2024-07-12 13:57:00+00:00,3135.5677817148708,35.23109867095361,35.23109867095361,3074.4779444462933,1.1459213338835204,3083.650598970104,0.5464269233130779,0 days 12:42:00
308,CLOSED,2024-07-16 06:54:00+00:00,63000.0,64000.0,2024-07-16 12:26:00+00:00,3135.5677817148708,35.23109867095361,35.23109867095361,3120.9424263227284,1.1288608970741216,3126.5644084234846,0.48767893383153904,0 days 05:32:00
309,CLOSED,2024-07-17 08:18:00+00:00,65000.0,66000.0,2024-07-19 16:01:00+00:00,3135.5677817148708,35.23109867095361,35.23109867095361,3132.0960005941483,1.1248409583956043,3137.570071692004,0.47050644459845614,2 days 07:43:00
310,CLOSED,2024-07-17 16:41:00+00:00,64000.0,65000.0,2024-07-18 02:02:00+00:00,3135.5677817148708,35.23109867095361,35.23109867095361,3127.5093843572363,1.1264905821599727,3132.5754738276237,0.47895852914285797,0 days 09:21:00
311,CLOSED,2024-07-18 14:42:00+00:00,64000.0,65000.0,2024-07-19 13:55:00+00:00,3135.5677817148708,35.23109867095361,35.23109867095361,3127.988342886379,1.126318093578437,3133.0544323567665,0.47895852914285797,0 days 23:13:00
312,CLOSED,2024-07-21 18:10:00+00:00,66000.0,67000.0,2024-07-21 18:29:00+00:00,3135.5677817148708,35.23109867095361,35.23109867095361,3138.0306122894513,1.1227136705734564,3142.0066458297824,0.46231048382812645,0 days 00:19:00
313,CLOSED,2024-07-22 09:00:00+00:00,67000.0,68000.0,2024-07-22 19:45:00+00:00,3135.5677817148708,35.23109867095361,35.23109867095361,3142.4592635206786,1.1211314361314002,3145.903360511983,0.4543591786031911,0 days 10:45:00
314,CLOSED,2024-07-23 04:42:00+00:00,67000.0,68000.0,2024-07-26 14:03:00+00:00,3135.5677817148708,35.23109867095361,35.23109867095361,3142.913622699282,1.120969358384577,3148.6941161158124,0.4543591786031911,3 days 09:21:00
315,CLOSED,2024-07-23 13:54:00+00:00,66000.0,67000.0,2024-07-23 14:32:00+00:00,3135.5677817148708,35.23109867095361,35.23109867095361,3139.3990635106356,1.12222428427294,3143.376431222732,0.46231048382812645,0 days 00:38:00
316,CLOSED,2024-07-23 16:53:00+00:00,66000.0,67000.0,2024-07-24 14:31:00+00:00,3135.5677817148708,35.23109867095361,35.23109867095361,3139.861373994464,1.1220590489360798,3143.8387417065605,0.46231048382812645,0 days 21:38:00
317,CLOSED,2024-07-24 16:09:00+00:00,66000.0,67000.0,2024-07-26 02:42:00+00:00,3135.5677817148708,35.23109867095361,35.23109867095361,3140.3236844782923,1.1218938622502734,3145.25051716413,0.46231048382812645,1 days 10:33:00
318,CLOSED,2024-07-25 01:07:00+00:00,65000.0,66000.0,2024-07-25 21:53:00+00:00,3135.5677817148708,35.23109867095361,35.23109867095361,3136.275854568854,1.1233418329459048,3141.2736556958207,0.47050644459845614,0 days 20:46:00
319,CLOSED,2024-07-25 02:46:00+00:00,64000.0,65000.0,2024-07-25 15:18:00+00:00,3135.5677817148708,35.23109867095361,35.23109867095361,3131.6865497736885,1.124988025174473,3136.7553278023292,0.47895852914285797,0 days 12:32:00
320,CLOSED,2024-07-26 14:33:00+00:00,67000.0,68000.0,2024-07-26 19:46:00+00:00,3135.5677817148708,35.23109867095361,35.23109867095361,3145.7043783031113,1.1199748747515281,3149.1484752944157,0.4543591786031911,0 days 05:13:00
321,CLOSED,2024-07-27 19:41:00+00:00,68000.0,69000.0,2024-07-27 21:22:00+00:00,3135.5677817148708,35.23109867095361,35.23109867095361,3149.5934031018223,1.1185919628945395,3153.422221545622,0.4466417352966161,0 days 01:41:00
322,CLOSED,2024-07-27 20:22:00+00:00,67000.0,68000.0,2024-07-27 20:45:00+00:00,3135.5677817148708,35.23109867095361,35.23109867095361,3146.6028408178868,1.1196550836964252,3150.048252360783,0.4543591786031911,0 days 00:23:00
323,CLOSED,2024-07-27 20:49:00+00:00,67000.0,68000.0,2024-07-27 20:53:00+00:00,3135.5677817148708,35.23109867095361,35.23109867095361,3147.05719999649,1.11949343249919,3150.502611539386,0.4543591786031911,0 days 00:04:00
324,CLOSED,2024-07-27 23:55:00+00:00,68000.0,69000.0,2024-07-29 02:17:00+00:00,3135.5677817148708,35.23109867095361,35.23109867095361,3150.9487631943252,1.1181108078456188,3153.8688632809185,0.4466417352966161,1 days 02:22:00
325,CLOSED,2024-07-29 14:02:00+00:00,69000.0,70000.0,2024-10-28 22:07:00+00:00,3135.5677817148708,35.23109867095361,35.23109867095361,3154.3063240966176,1.11692064913967,3220.2487313947877,0.4391479859989502,91 days 08:05:00
326,CLOSED,2024-07-29 15:07:00+00:00,68000.0,69000.0,2024-10-18 18:46:00+00:00,3135.5677817148708,35.23109867095361,35.23109867095361,3151.8320526003904,1.1177974613808026,3215.511332956284,0.4466417352966161,81 days 03:39:00
327,CLOSED,2024-07-29 16:31:00+00:00,67000.0,68000.0,2024-10-16 11:26:00+00:00,3135.5677817148708,35.23109867095361,35.23109867095361,3148.840194816335,1.1188595321207961,3212.1252890214946,0.4543591786031911,78 days 18:55:00
328,CLOSED,2024-07-30 00:21:00+00:00,66000.0,67000.0,2024-07-30 07:47:00+00:00,3135.5677817148708,35.23109867095361,35.23109867095361,3145.323025575977,1.1201106654062034,3149.3030033397854,0.46231048382812645,0 days 07:26:00
329,CLOSED,2024-07-30 14:04:00+00:00,66000.0,67000.0,2024-10-15 13:51:00+00:00,3135.5677817148708,35.23109867095361,35.23109867095361,3145.7853360598056,1.119946051852402,3207.7241328737755,0.46231048382812645,76 days 23:47:00
330,CLOSED,2024-07-31 19:53:00+00:00,65000.0,66000.0,2024-09-27 14:10:00+00:00,3135.5677817148708,35.23109867095361,35.23109867095361,3141.734896098656,1.1213899274156736,3196.071750558735,0.47050644459845614,57 days 18:17:00
331,CLOSED,2024-08-01 02:03:00+00:00,64000.0,65000.0,2024-08-01 21:43:00+00:00,3159.6703090232118,35.50191358453047,35.50191358453047,3137.1429812517786,1.1316638673052941,3142.7097534,0.4826401944206964,0 days 19:40:00
332,CLOSED,2024-08-01 15:21:00+00:00,63000.0,64000.0,2024-08-01 20:36:00+00:00,3159.6703090232118,35.50191358453047,35.50191358453047,3131.9966329076287,1.1335233637071895,3137.6349363400213,0.4914276312409527,0 days 05:15:00
333,CLOSED,2024-08-02 02:26:00+00:00,64000.0,65000.0,2024-08-02 13:31:00+00:00,3159.6703090232118,35.50191358453047,35.50191358453047,3138.1170490774402,1.1313126001774696,3143.1923935944205,0.4826401944206964,0 days 11:05:00
334,CLOSED,2024-08-02 14:42:00+00:00,64000.0,65000.0,2024-08-25 23:28:00+00:00,3159.6703090232118,35.50191358453047,35.50191358453047,3138.599689271861,1.1311386318516694,3173.849355078526,0.4826401944206964,23 days 08:46:00
335,CLOSED,2024-08-02 15:06:00+00:00,63000.0,64000.0,2024-08-23 21:20:00+00:00,3159.6703090232118,35.50191358453047,35.50191358453047,3133.453340927711,1.132996401153353,3168.7745380185474,0.4914276312409527,21 days 06:14:00
336,CLOSED,2024-08-02 21:14:00+00:00,62000.0,63000.0,2024-08-23 17:57:00+00:00,3159.6703090232118,35.50191358453047,35.50191358453047,3127.7440336681498,1.1350645450003338,3163.1367711231396,0.5004985337650822,20 days 20:43:00
337,CLOSED,2024-08-03 00:55:00+00:00,61000.0,62000.0,2024-08-03 11:45:00+00:00,3159.6703090232118,35.50191358453047,35.50191358453047,3121.46268751067,1.137348645126456,3128.2544464257503,0.5098668429293554,0 days 10:50:00
338,CLOSED,2024-08-03 15:56:00+00:00,61000.0,62000.0,2024-08-08 22:54:00+00:00,3159.6703090232118,35.50191358453047,35.50191358453047,3121.972554353599,1.1371628983420419,3146.8919981818967,0.5098668429293554,5 days 06:58:00
339,CLOSED,2024-08-03 19:28:00+00:00,60000.0,61000.0,2024-08-04 02:29:00+00:00,3159.6703090232118,35.50191358453047,35.50191358453047,3115.1097916113495,1.1396681324084708,3122.4926573876123,0.5195474290657742,0 days 07:01:00
340,CLOSED,2024-08-04 14:37:00+00:00,60000.0,61000.0,2024-08-08 21:58:00+00:00,3159.6703090232118,35.50191358453047,35.50191358453047,3115.6293390404157,1.1394780868081287,3140.100794871764,0.5195474290657742,4 days 07:21:00
341,CLOSED,2024-08-04 15:58:00+00:00,59000.0,60000.0,2024-08-08 21:42:00+00:00,3159.6703090232118,35.50191358453047,35.50191358453047,3108.175469436984,1.1422107256692717,3132.718494719209,0.529556170664442,4 days 05:44:00
342,CLOSED,2024-08-04 17:40:00+00:00,58000.0,59000.0,2024-08-04 19:17:00+00:00,3159.6703090232118,35.50191358453047,35.50191358453047,3100.1204742120103,1.1451785141851416,3108.7159554662103,0.539910041283747,0 days 01:37:00
343,CLOSED,2024-08-05 00:08:00+00:00,58000.0,59000.0,2024-08-08 15:01:00+00:00,3159.6703090232118,35.50191358453047,35.50191358453047,3100.660384253294,1.1449791071871966,3124.735079309348,0.539910041283747,3 days 14:53:00
344,CLOSED,2024-08-05 00:37:00+00:00,57000.0,58000.0,2024-08-08 12:32:00+00:00,3159.6703090232118,35.50191358453047,35.50191358453047,3091.993899171925,1.148188345198169,3115.5895575653735,0.5506272056089969,3 days 11:55:00
345,CLOSED,2024-08-05 00:57:00+00:00,56000.0,57000.0,2024-08-06 18:16:00+00:00,3159.6703090232118,35.50191358453047,35.50191358453047,3082.705196341943,1.1516480274097702,3104.6757714583628,0.561727125803003,1 days 17:19:00
346,CLOSED,2024-08-05 01:08:00+00:00,55000.0,56000.0,2024-08-06 00:59:00+00:00,3159.6703090232118,35.50191358453047,35.50191358453047,3072.7831647321227,1.1553667044262603,3094.252122338188,0.5732306794586108,0 days 23:51:00
347,CLOSED,2024-08-05 01:10:00+00:00,54000.0,55000.0,2024-08-05 01:36:00+00:00,3159.6703090232118,35.50191358453047,35.50191358453047,3062.2162892737397,1.1593535606510144,3074.5640264579934,0.5851602906570221,0 days 00:26:00
348,CLOSED,2024-08-05 01:10:00+00:00,53000.0,54000.0,2024-08-05 01:11:00+00:00,3159.6703090232118,35.50191358453047,35.50191358453047,3050.992628414043,1.1636184648202497,3062.8144630252673,0.5975400758629164,0 days 00:01:00
349,CLOSED,2024-08-05 01:13:00+00:00,53000.0,54000.0,2024-08-05 01:15:00+00:00,3159.6703090232118,35.50191358453047,35.50191358453047,3051.5901684899054,1.1633906135599712,3063.4120031011307,0.5975400758629164,0 days 00:02:00
350,CLOSED,2024-08-05 02:04:00+00:00,54000.0,55000.0,2024-08-05 16:13:00+00:00,3159.6703090232118,35.50191358453047,35.50191358453047,3063.9965297161225,1.158679954112732,3081.4038510426285,0.5851602906570221,0 days 14:09:00
351,CLOSED,2024-08-05 05:04:00+00:00,53000.0,54000.0,2024-08-05 14:40:00+00:00,3159.6703090232118,35.50191358453047,35.50191358453047,3052.7728688564257,1.1629398946351863,3070.2518276857654,0.5975400758629164,0 days 09:36:00
352,CLOSED,2024-08-05 06:06:00+00:00,52000.0,53000.0,2024-08-05 07:41:00+00:00,3159.6703090232118,35.50191358453047,35.50191358453047,3040.8800304180313,1.1674881359804914,3055.2974302693065,0.6103960066536587,0 days 01:35:00
353,CLOSED,2024-08-05 06:19:00+00:00,51000.0,52000.0,2024-08-05 07:09:00+00:00,3159.6703090232118,35.50191358453047,35.50191358453047,3028.30514560135,1.1723360717494877,3042.7942091977175,0.6237560915930516,0 days 00:50:00
354,CLOSED,2024-08-05 06:24:00+00:00,50000.0,51000.0,2024-08-05 06:32:00+00:00,3159.6703090232118,35.50191358453047,35.50191358453047,3015.034840947984,1.1774959646359509,3029.59558219784,0.6376505799300247,0 days 00:08:00
355,CLOSED,2024-08-05 06:24:00+00:00,49000.0,50000.0,2024-08-05 06:25:00+00:00,3159.6703090232118,35.50191358453047,35.50191358453047,3001.0552080611983,1.1829810224473052,3015.6876414406297,0.6521121902399258,0 days 00:01:00
356,CLOSED,2024-08-05 09:47:00+00:00,52000.0,53000.0,2024-08-05 14:00:00+00:00,3159.6703090232118,35.50191358453047,35.50191358453047,3043.403945286448,1.1665199304060505,3058.430639619006,0.6103960066536587,0 days 04:13:00
357,CLOSED,2024-08-05 10:36:00+00:00,51000.0,52000.0,2024-08-05 13:37:00+00:00,3159.6703090232118,35.50191358453047,35.50191358453047,3030.829060469767,1.171359811992426,3045.3036624558235,0.6237560915930516,0 days 03:01:00
358,CLOSED,2024-08-05 12:32:00+00:00,50000.0,51000.0,2024-08-05 12:41:00+00:00,3159.6703090232118,35.50191358453047,35.50191358453047,3017.5587558163998,1.1765110958021905,3031.4673848760162,0.6376505799300247,0 days 00:09:00
359,CLOSED,2024-08-05 12:53:00+00:00,50000.0,51000.0,2024-08-05 13:33:00+00:00,3159.6703090232118,35.50191358453047,35.50191358453047,3018.1964063963296,1.1762625357744394,3032.105035455946,0.6376505799300247,0 days 00:40:00
360,CLOSED,2024-08-05 13:42:00+00:00,51000.0,52000.0,2024-08-05 13:46:00+00:00,3159.6703090232118,35.50191358453047,35.50191358453047,3032.728117721219,1.1706263208060497,3045.927418547417,0.6237560915930516,0 days 00:04:00
361,CLOSED,2024-08-05 17:06:00+00:00,54000.0,55000.0,2024-08-05 17:52:00+00:00,3159.6703090232118,35.50191358453047,35.50191358453047,3070.836354300757,1.156099169361775,3081.9890113332854,0.5851602906570221,0 days 00:46:00
362,CLOSED,2024-08-05 18:22:00+00:00,54000.0,55000.0,2024-08-05 21:16:00+00:00,3159.6703090232118,35.50191358453047,35.50191358453047,3071.421514591414,1.155878911958889,3083.171711699805,0.5851602906570221,0 days 02:54:00
363,CLOSED,2024-08-05 18:59:00+00:00,53000.0,54000.0,2024-08-05 20:06:00+00:00,3159.6703090232118,35.50191358453047,35.50191358453047,3060.1978537317173,1.1601182433756085,3072.0196883429426,0.5975400758629164,0 days 01:07:00
364,CLOSED,2024-08-05 23:49:00+00:00,54000.0,55000.0,2024-08-06 00:14:00+00:00,3159.6703090232118,35.50191358453047,35.50191358453047,3072.6042149579343,1.1554339934737252,3083.756871990462,0.5851602906570221,0 days 00:25:00
365,CLOSED,2024-08-06 08:34:00+00:00,55000.0,56000.0,2024-08-06 14:07:00+00:00,3159.6703090232118,35.50191358453047,35.50191358453047,3084.3294813864322,1.1510415407556283,3094.825353017646,0.5732306794586108,0 days 05:33:00
366,CLOSED,2024-08-06 22:27:00+00:00,56000.0,57000.0,2024-08-07 01:55:00+00:00,3159.6703090232118,35.50191358453047,35.50191358453047,3095.3864708015144,1.1469299203642789,3105.2374985841657,0.561727125803003,0 days 03:28:00
367,CLOSED,2024-08-07 14:33:00+00:00,56000.0,57000.0,2024-08-08 01:44:00+00:00,3159.6703090232118,35.50191358453047,35.50191358453047,3095.9481979273173,1.1467218220349544,3106.372456389427,0.561727125803003,0 days 11:11:00
368,CLOSED,2024-08-07 18:29:00+00:00,55000.0,56000.0,2024-08-08 01:43:00+00:00,3159.6703090232118,35.50191358453047,35.50191358453047,3086.026166317497,1.1504087026875183,3096.522037948711,0.5732306794586108,0 days 07:14:00
369,CLOSED,2024-08-08 13:48:00+00:00,57000.0,58000.0,2024-08-08 14:27:00+00:00,3159.6703090232118,35.50191358453047,35.50191358453047,3106.9224857681697,1.1426713652224514,3116.1401847709826,0.5506272056089969,0 days 00:39:00
370,CLOSED,2024-08-09 01:00:00+00:00,61000.0,62000.0,2024-08-23 14:13:00+00:00,3159.6703090232118,35.50191358453047,35.50191358453047,3140.6101061097456,1.1304145495636346,3156.4171078645704,0.5098668429293554,14 days 13:13:00
371,CLOSED,2024-08-09 13:35:00+00:00,60000.0,61000.0,2024-08-09 14:03:00+00:00,3159.6703090232118,35.50191358453047,35.50191358453047,3133.7473433674963,1.1328901055048184,3141.1302091437587,0.5195474290657742,0 days 00:28:00
372,CLOSED,2024-08-09 14:32:00+00:00,60000.0,61000.0,2024-08-10 00:16:00+00:00,3159.6703090232118,35.50191358453047,35.50191358453047,3134.266890796562,1.1327023135387106,3141.6497565728246,0.5195474290657742,0 days 09:44:00
373,CLOSED,2024-08-11 15:09:00+00:00,60000.0,61000.0,2024-08-13 16:49:00+00:00,3159.6703090232118,35.50191358453047,35.50191358453047,3134.786438225628,1.1325145838204371,3144.3082364257866,0.5195474290657742,2 days 01:40:00
374,CLOSED,2024-08-11 20:08:00+00:00,59000.0,60000.0,2024-08-12 14:36:00+00:00,3159.6703090232118,35.50191358453047,35.50191358453047,3127.332568622196,1.1352138861320877,3136.3963801025675,0.529556170664442,0 days 18:28:00
375,CLOSED,2024-08-12 07:16:00+00:00,58000.0,59000.0,2024-08-12 08:07:00+00:00,3159.6703090232118,35.50191358453047,35.50191358453047,3119.2775733972226,1.1381453797927044,3127.8730546514225,0.539910041283747,0 days 00:51:00
376,CLOSED,2024-08-12 13:58:00+00:00,58000.0,59000.0,2024-08-12 14:13:00+00:00,3159.6703090232118,35.50191358453047,35.50191358453047,3119.8174834385063,1.1379484143861534,3128.4129646927063,0.539910041283747,0 days 00:15:00
377,CLOSED,2024-08-12 18:36:00+00:00,59000.0,60000.0,2024-08-13 16:21:00+00:00,3159.6703090232118,35.50191358453047,35.50191358453047,3128.941944875428,1.1346299870688046,3136.925936273232,0.529556170664442,0 days 21:45:00
378,CLOSED,2024-08-14 13:49:00+00:00,60000.0,61000.0,2024-08-20 04:16:00+00:00,3159.6703090232118,35.50191358453047,35.50191358453047,3137.44491807859,1.1315549598962293,3148.0572535256415,0.5195474290657742,5 days 14:27:00
379,CLOSED,2024-08-14 14:11:00+00:00,59000.0,60000.0,2024-08-18 02:58:00+00:00,3159.6703090232118,35.50191358453047,35.50191358453047,3129.991048475158,1.1342496842547198,3139.6054871611386,0.529556170664442,3 days 12:47:00
380,CLOSED,2024-08-15 06:22:00+00:00,58000.0,59000.0,2024-08-15 12:36:00+00:00,3159.6703090232118,35.50191358453047,35.50191358453047,3121.9360532501846,1.1371761938419636,3130.5315345043846,0.539910041283747,0 days 06:14:00
381,CLOSED,2024-08-15 18:12:00+00:00,58000.0,59000.0,2024-08-16 17:33:00+00:00,3159.6703090232118,35.50191358453047,35.50191358453047,3122.4759632914684,1.1369795637147884,3131.6220717512774,0.539910041283747,0 days 23:21:00
382,CLOSED,2024-08-15 19:28:00+00:00,57000.0,58000.0,2024-08-16 02:31:00+00:00,3159.6703090232118,35.50191358453047,35.50191358453047,3113.8094782100993,1.1401440529026174,3123.027177212912,0.5506272056089969,0 days 07:03:00
383,CLOSED,2024-08-18 23:21:00+00:00,59000.0,60000.0,2024-08-20 00:26:00+00:00,3159.6703090232118,35.50191358453047,35.50191358453047,3132.151051933999,1.1334674795651767,3140.6749533730867,0.529556170664442,1 days 01:05:00
384,CLOSED,2024-08-19 09:55:00+00:00,58000.0,59000.0,2024-08-19 17:32:00+00:00,3159.6703090232118,35.50191358453047,35.50191358453047,3124.0960567090256,1.1363899489674711,3132.6915379632255,0.539910041283747,0 days 07:37:00
385,CLOSED,2024-08-20 14:20:00+00:00,60000.0,61000.0,2024-08-21 19:07:00+00:00,3159.6703090232118,35.50191358453047,35.50191358453047,3141.193935178445,1.1302044482813405,3149.1063571253717,0.5195474290657742,1 days 04:47:00
386,CLOSED,2024-08-20 15:04:00+00:00,59000.0,60000.0,2024-08-21 13:59:00+00:00,3159.6703090232118,35.50191358453047,35.50191358453047,3133.740065575013,1.1328927365268309,3141.724056972817,0.529556170664442,0 days 22:55:00
387,CLOSED,2024-08-22 02:51:00+00:00,60000.0,61000.0,2024-08-22 07:56:00+00:00,3159.6703090232118,35.50191358453047,35.50191358453047,3142.243038778175,1.1298271058732294,3149.6259045544375,0.5195474290657742,0 days 05:05:00
388,CLOSED,2024-08-23 14:48:00+00:00,61000.0,62000.0,2024-08-23 17:40:00+00:00,3159.6703090232118,35.50191358453047,35.50191358453047,3150.13521579242,1.1269964986439456,3156.9269747075,0.5098668429293554,0 days 02:52:00
389,CLOSED,2024-08-26 00:51:00+00:00,64000.0,65000.0,2024-09-26 14:20:00+00:00,3159.6703090232118,35.50191358453047,35.50191358453047,3169.2566507559663,1.1201968630739376,3191.5510873848816,0.4826401944206964,31 days 13:29:00
390,CLOSED,2024-08-26 21:22:00+00:00,63000.0,64000.0,2024-09-20 04:08:00+00:00,3159.6703090232118,35.50191358453047,35.50191358453047,3164.110302411817,1.1220188359890435,3184.4889271695442,0.4914276312409527,24 days 06:46:00
391,CLOSED,2024-08-27 14:07:00+00:00,62000.0,63000.0,2024-09-19 12:06:00+00:00,3159.6703090232118,35.50191358453047,35.50191358453047,3158.4009951522553,1.1240470617575602,3178.8511602741364,0.5004985337650822,22 days 21:59:00
392,CLOSED,2024-08-27 21:37:00+00:00,61000.0,62000.0,2024-09-19 00:02:00+00:00,3159.6703090232118,35.50191358453047,35.50191358453047,3152.1196489947756,1.126286992178491,3172.6413638584963,0.5098668429293554,22 days 02:25:00
393,CLOSED,2024-08-27 21:48:00+00:00,60000.0,61000.0,2024-08-29 15:11:00+00:00,3159.6703090232118,35.50191358453047,35.50191358453047,3145.2568862525263,1.1287444831518951,3154.238774411401,0.5195474290657742,1 days 17:23:00
394,CLOSED,2024-08-27 22:13:00+00:00,59000.0,60000.0,2024-08-28 09:56:00+00:00,3159.6703090232118,35.50191358453047,35.50191358453047,3137.8030166490944,1.131425822339972,3145.7870080468983,0.529556170664442,0 days 11:43:00
395,CLOSED,2024-08-28 14:49:00+00:00,59000.0,60000.0,2024-08-29 11:24:00+00:00,3159.6703090232118,35.50191358453047,35.50191358453047,3138.3325728197588,1.1312349077342168,3146.8564742588464,0.529556170664442,0 days 20:35:00
396,CLOSED,2024-08-28 16:22:00+00:00,58000.0,59000.0,2024-08-28 16:51:00+00:00,3159.6703090232118,35.50191358453047,35.50191358453047,3130.2775775947853,1.1341458610136776,3138.8730588489852,0.539910041283747,0 days 00:29:00
397,CLOSED,2024-08-29 18:10:00+00:00,60000.0,61000.0,2024-09-17 15:13:00+00:00,3159.6703090232118,35.50191358453047,35.50191358453047,3147.3754560642046,1.1279846996368728,3164.274365413843,0.5195474290657742,18 days 21:03:00
398,CLOSED,2024-08-29 18:51:00+00:00,59000.0,60000.0,2024-09-13 21:10:00+00:00,3159.6703090232118,35.50191358453047,35.50191358453047,3139.9215864607727,1.1306624260176887,3155.8108295812576,0.529556170664442,15 days 02:19:00
399,CLOSED,2024-08-30 15:30:00+00:00,58000.0,59000.0,2024-08-30 18:29:00+00:00,3159.6703090232118,35.50191358453047,35.50191358453047,3131.866591235799,1.1335704299754932,3140.462072489999,0.539910041283747,0 days 02:59:00
400,CLOSED,2024-09-01 05:25:00+00:00,58000.0,59000.0,2024-09-02 20:52:00+00:00,3194.4424583803648,35.892611891914214,35.892611891914214,3132.406501277083,1.1458478290503096,3141.008321274511,0.5458517474615476,1 days 15:27:00
401,CLOSED,2024-09-03 14:13:00+00:00,58000.0,59000.0,2024-09-13 15:28:00+00:00,3194.4424583803648,35.892611891914214,35.892611891914214,3132.952353024544,1.1456481889124033,3147.827811208447,0.5458517474615476,10 days 01:15:00
402,CLOSED,2024-09-04 01:00:00+00:00,57000.0,58000.0,2024-09-04 15:45:00+00:00,3194.4424583803648,35.892611891914214,35.892611891914214,3124.278747803332,1.1488287310199248,3134.0775419801275,0.5566868541042425,0 days 14:45:00
403,CLOSED,2024-09-04 01:04:00+00:00,56000.0,57000.0,2024-09-04 14:43:00+00:00,3194.4424583803648,35.892611891914214,35.892611891914214,3114.976077331593,1.1522596322043408,3124.8472611381194,0.5679089288413195,0 days 13:39:00
404,CLOSED,2024-09-05 03:36:00+00:00,57000.0,58000.0,2024-09-09 21:15:00+00:00,3194.4424583803648,35.892611891914214,35.892611891914214,3125.403343586277,1.1484153546315996,3137.545301746608,0.5566868541042425,4 days 17:39:00
405,CLOSED,2024-09-05 15:28:00+00:00,56000.0,57000.0,2024-09-06 13:22:00+00:00,3194.4424583803648,35.892611891914214,35.892611891914214,3116.100673114538,1.1518437835334634,3125.9718569210645,0.5679089288413195,0 days 21:54:00
406,CLOSED,2024-09-06 13:41:00+00:00,56000.0,57000.0,2024-09-09 19:42:00+00:00,3194.4424583803648,35.892611891914214,35.892611891914214,3116.668582043379,1.151633898410269,3128.3150209046,0.5679089288413195,3 days 06:01:00
407,CLOSED,2024-09-06 14:16:00+00:00,55000.0,56000.0,2024-09-09 16:13:00+00:00,3194.4424583803648,35.892611891914214,35.892611891914214,3106.725613013068,1.1553196632998963,3118.444453145812,0.5795390790233768,3 days 01:57:00
408,CLOSED,2024-09-06 15:19:00+00:00,54000.0,55000.0,2024-09-08 22:20:00+00:00,3194.4424583803648,35.892611891914214,35.892611891914214,3096.1307036322114,1.1592731485724088,3107.9219571094472,0.5915999755084727,2 days 07:01:00
409,CLOSED,2024-09-06 20:50:00+00:00,53000.0,54000.0,2024-09-07 00:02:00+00:00,3194.4424583803648,35.892611891914214,35.892611891914214,3084.8717809313544,1.1635041726459656,3096.7354602816354,0.6041160001628256,0 days 03:12:00
410,CLOSED,2024-09-09 23:54:00+00:00,57000.0,58000.0,2024-09-10 19:49:00+00:00,3194.4424583803648,35.892611891914214,35.892611891914214,3128.8711033527575,1.1471425541772335,3138.101988600712,0.5566868541042425,0 days 19:55:00
411,CLOSED,2024-09-11 01:32:00+00:00,57000.0,58000.0,2024-09-12 01:59:00+00:00,3194.4424583803648,35.892611891914214,35.892611891914214,3129.4277902068616,1.1469384915745775,3139.226584383657,0.5566868541042425,1 days 00:27:00
412,CLOSED,2024-09-11 13:50:00+00:00,56000.0,57000.0,2024-09-11 15:46:00+00:00,3194.4424583803648,35.892611891914214,35.892611891914214,3120.1251197351226,1.1503580950933547,3129.996303541649,0.5679089288413195,0 days 01:56:00
413,CLOSED,2024-09-15 23:09:00+00:00,59000.0,60000.0,2024-09-17 14:21:00+00:00,3194.4424583803648,35.892611891914214,35.892611891914214,3148.356394354118,1.1400428476356643,3156.8924621842807,0.5353839325694523,1 days 15:12:00
414,CLOSED,2024-09-16 14:29:00+00:00,58000.0,59000.0,2024-09-17 09:53:00+00:00,3194.4424583803648,35.892611891914214,35.892611891914214,3140.294393047632,1.1429696518701453,3148.902828428265,0.5458517474615476,0 days 19:24:00
415,CLOSED,2024-09-17 19:46:00+00:00,60000.0,61000.0,2024-09-18 18:01:00+00:00,3194.4424583803648,35.892611891914214,35.892611891914214,3157.4110470666465,1.1367734943874286,3164.8000272714194,0.525265044840431,0 days 22:15:00
416,CLOSED,2024-09-18 18:08:00+00:00,60000.0,61000.0,2024-09-18 18:33:00+00:00,3194.4424583803648,35.892611891914214,35.892611891914214,3157.9363121114866,1.1365844128729559,3165.3252923162595,0.525265044840431,0 days 00:25:00
417,CLOSED,2024-09-18 19:21:00+00:00,60000.0,61000.0,2024-09-18 23:21:00+00:00,3194.4424583803648,35.892611891914214,35.892611891914214,3158.4615771563267,1.1363953942485376,3165.8505573610996,0.525265044840431,0 days 04:00:00
418,CLOSED,2024-09-20 13:11:00+00:00,63000.0,64000.0,2024-09-22 22:58:00+00:00,3194.4424583803648,35.892611891914214,35.892611891914214,3179.342051368393,1.1289320655657666,3184.986159461352,0.4968357888398458,2 days 09:47:00
419,CLOSED,2024-09-23 00:15:00+00:00,63000.0,64000.0,2024-09-23 03:08:00+00:00,3194.4424583803648,35.892611891914214,35.892611891914214,3179.838887157233,1.1287556749141499,3185.482995250192,0.4968357888398458,0 days 02:53:00
420,CLOSED,2024-09-24 00:40:00+00:00,63000.0,64000.0,2024-09-24 17:56:00+00:00,3194.4424583803648,35.892611891914214,35.892611891914214,3180.3357229460726,1.1285793393744434,3185.9798310390315,0.4968357888398458,0 days 17:16:00
421,CLOSED,2024-09-25 17:36:00+00:00,63000.0,64000.0,2024-09-26 10:18:00+00:00,3194.4424583803648,35.892611891914214,35.892611891914214,3180.8325587349123,1.1284030589208225,3186.476666827871,0.4968357888398458,0 days 16:42:00
422,CLOSED,2024-09-30 01:47:00+00:00,65000.0,66000.0,2024-10-14 14:29:00+00:00,3194.4424583803648,35.892611891914214,35.892611891914214,3192.0208043537978,1.124447931008408,3203.745332372412,0.47934086207025217,14 days 12:42:00
423,CLOSED,2024-09-30 08:47:00+00:00,64000.0,65000.0,2024-10-14 11:30:00+00:00,3194.4424583803648,35.892611891914214,35.892611891914214,3187.418061044349,1.126071673201039,3199.214898655375,0.4879516463396598,14 days 02:43:00
424,CLOSED,2024-09-30 23:41:00+00:00,63000.0,64000.0,2024-10-01 06:26:00+00:00,3194.4424583803648,35.892611891914214,35.892611891914214,3182.2550564961507,1.1278986522040153,3187.915430094851,0.4968357888398458,0 days 06:45:00
425,CLOSED,2024-10-01 13:37:00+00:00,63000.0,64000.0,2024-10-07 14:17:00+00:00,3209.9562172783612,36.066923789644505,36.066923789644505,3182.7518922849904,1.1331993510732314,3191.532895564684,0.49924866393162404,6 days 00:40:00
426,CLOSED,2024-10-01 15:06:00+00:00,62000.0,63000.0,2024-10-07 00:38:00+00:00,3209.9562172783612,36.066923789644505,36.066923789644505,3177.016795061944,1.1352449834606961,3185.8704772651463,0.5084639291669077,5 days 09:32:00
427,CLOSED,2024-10-01 20:19:00+00:00,61000.0,62000.0,2024-10-02 16:03:00+00:00,3209.9562172783612,36.066923789644505,36.066923789644505,3170.7005549862224,1.137506464712535,3177.5353309990505,0.5179813342459525,0 days 19:44:00
428,CLOSED,2024-10-02 18:16:00+00:00,61000.0,62000.0,2024-10-04 13:00:00+00:00,3209.9562172783612,36.066923789644505,36.066923789644505,3171.2185363204685,1.1373206663799518,3179.1089443056185,0.5179813342459525,1 days 18:44:00
429,CLOSED,2024-10-02 19:46:00+00:00,60000.0,61000.0,2024-10-03 00:37:00+00:00,3209.9562172783612,36.066923789644505,36.066923789644505,3164.311626460061,1.1398031561762723,3171.7469167539866,0.5278159861609879,0 days 04:51:00
430,CLOSED,2024-10-03 13:17:00+00:00,60000.0,61000.0,2024-10-03 19:54:00+00:00,3209.9562172783612,36.066923789644505,36.066923789644505,3164.8394424462217,1.1396130655451844,3172.2747327401476,0.5278159861609879,0 days 06:37:00
431,CLOSED,2024-10-04 14:26:00+00:00,61000.0,62000.0,2024-10-04 16:29:00+00:00,3209.9562172783612,36.066923789644505,36.066923789644505,3172.7921496270365,1.1367565881642827,3179.6269256398646,0.5179813342459525,0 days 02:03:00
432,CLOSED,2024-10-07 18:47:00+00:00,63000.0,64000.0,2024-10-14 03:42:00+00:00,3209.9562172783612,36.066923789644505,36.066923789644505,3186.369180853149,1.1319128996843864,3194.124389494297,0.49924866393162404,6 days 08:55:00
433,CLOSED,2024-10-08 15:34:00+00:00,62000.0,63000.0,2024-10-11 19:05:00+00:00,3209.9562172783612,36.066923789644505,36.066923789644505,3180.6340836301024,1.1339538859648017,3188.461971194759,0.5084639291669077,3 days 03:31:00
434,CLOSED,2024-10-09 19:12:00+00:00,61000.0,62000.0,2024-10-11 15:09:00+00:00,3209.9562172783612,36.066923789644505,36.066923789644505,3174.317843554381,1.1362102211308263,3182.218419569477,0.5179813342459525,1 days 19:57:00
435,CLOSED,2024-10-10 17:10:00+00:00,60000.0,61000.0,2024-10-11 09:51:00+00:00,3209.9562172783612,36.066923789644505,36.066923789644505,3167.410933693973,1.138687860358608,3175.3842080040063,0.5278159861609879,0 days 16:41:00
436,CLOSED,2024-10-10 18:09:00+00:00,59000.0,60000.0,2024-10-10 20:15:00+00:00,3209.9562172783612,36.066923789644505,36.066923789644505,3159.903509552468,1.1413932001598557,3167.9494923356456,0.5379840161070248,0 days 02:06:00
437,CLOSED,2024-10-15 14:39:00+00:00,66000.0,67000.0,2024-10-15 16:39:00+00:00,3209.9562172783612,36.066923789644505,36.066923789644505,3204.2064655937957,1.1256117287361092,3208.679927658747,0.4732783709958497,0 days 02:00:00
438,CLOSED,2024-10-15 15:06:00+00:00,65000.0,66000.0,2024-10-15 15:31:00+00:00,3209.9562172783612,36.066923789644505,36.066923789644505,3200.142538454594,1.1270411663307307,3204.688652621076,0.4816687733289555,0 days 00:25:00
439,CLOSED,2024-10-17 10:32:00+00:00,67000.0,68000.0,2024-10-18 01:56:00+00:00,3209.9562172783612,36.066923789644505,36.066923789644505,3209.132941157082,1.123883754614424,3212.591274901749,0.46513842843388176,0 days 15:24:00
440,CLOSED,2024-10-21 13:17:00+00:00,68000.0,69000.0,2024-10-28 12:34:00+00:00,3209.9562172783612,36.066923789644505,36.066923789644505,3213.0365791048675,1.1225183063335225,3217.846251719639,0.45723789594728714,6 days 23:17:00
441,CLOSED,2024-10-21 15:02:00+00:00,67000.0,68000.0,2024-10-24 19:27:00+00:00,3209.9562172783612,36.066923789644505,36.066923789644505,3210.0316062413763,1.1235691174977323,3213.9754976113563,0.46513842843388176,3 days 04:25:00
442,CLOSED,2024-10-23 15:40:00+00:00,66000.0,67000.0,2024-10-24 00:47:00+00:00,3209.9562172783612,36.066923789644505,36.066923789644505,3206.488859394813,1.1248105130311201,3210.505394467522,0.4732783709958497,0 days 09:07:00
443,CLOSED,2024-10-25 17:56:00+00:00,67000.0,68000.0,2024-10-27 17:33:00+00:00,3209.9562172783612,36.066923789644505,36.066923789644505,3210.970023040806,1.1232407506404851,3214.9139144107867,0.46513842843388176,1 days 23:37:00
444,CLOSED,2024-10-25 23:13:00+00:00,66000.0,67000.0,2024-10-26 02:46:00+00:00,3209.9562172783612,36.066923789644505,36.066923789644505,3207.427276194243,1.1244814202752411,3211.443811266952,0.4732783709958497,0 days 03:33:00
445,CLOSED,2024-10-29 20:24:00+00:00,72000.0,73000.0,2024-11-06 02:53:00+00:00,3209.9562172783612,36.066923789644505,36.066923789644505,3223.9375961035557,1.1187227641513569,3228.9306081412,0.4278303583582357,7 days 06:29:00
446,CLOSED,2024-10-31 14:03:00+00:00,71000.0,72000.0,2024-11-06 02:17:00+00:00,3209.9562172783612,36.066923789644505,36.066923789644505,3222.934167259634,1.1190710674773463,3227.999784554791,0.4348715997527961,5 days 12:14:00
447,CLOSED,2024-10-31 20:48:00+00:00,70000.0,71000.0,2024-11-01 13:55:00+00:00,3209.9562172783612,36.066923789644505,36.066923789644505,3221.4232615584465,1.119595932022798,3223.8283546218977,0.4421140194729176,0 days 17:07:00
448,CLOSED,2024-11-01 02:09:00+00:00,69000.0,70000.0,2024-11-01 10:29:00+00:00,3224.4386497111104,36.229647749563036,36.229647749563036,3219.397629330604,1.1253548620241767,3221.875507278238,0.4515946831879276,0 days 08:20:00
449,CLOSED,2024-11-01 15:40:00+00:00,70000.0,71000.0,2024-11-06 00:42:00+00:00,3224.4386497111104,36.229647749563036,36.229647749563036,3222.316970261107,1.1243353178451378,3226.561656244325,0.44410871534451246,4 days 09:02:00
450,CLOSED,2024-11-01 19:02:00+00:00,69000.0,70000.0,2024-11-05 14:44:00+00:00,3224.4386497111104,36.229647749563036,36.229647749563036,3220.288853005934,1.125043417013507,3224.154891914107,0.4515946831879276,3 days 19:42:00
451,CLOSED,2024-11-03 02:42:00+00:00,68000.0,69000.0,2024-11-03 21:01:00+00:00,3224.4386497111104,36.229647749563036,36.229647749563036,3217.73619345943,1.125935924244059,3220.748649858991,0.4593008265561451,0 days 18:19:00
452,CLOSED,2024-11-04 16:42:00+00:00,68000.0,69000.0,2024-11-05 08:05:00+00:00,3224.4386497111104,36.229647749563036,36.229647749563036,3218.1954942859866,1.125775230680982,3221.6751876896024,0.4593008265561451,0 days 15:23:00
453,CLOSED,2024-11-04 21:37:00+00:00,67000.0,68000.0,2024-11-04 22:56:00+00:00,3224.4386497111104,36.229647749563036,36.229647749563036,3215.1105785909267,1.126855418000623,3218.663235260664,0.4672370040547733,0 days 01:19:00
454,CLOSED,2024-11-05 19:57:00+00:00,69000.0,70000.0,2024-11-06 00:23:00+00:00,3224.4386497111104,36.229647749563036,36.229647749563036,3222.12628634629,1.1244018554792716,3224.606486597295,0.4515946831879276,0 days 04:26:00
455,CLOSED,2024-11-06 03:10:00+00:00,74000.0,75000.0,2024-11-06 06:05:00+00:00,3224.4386497111104,36.229647749563036,36.229647749563036,3229.326457140229,1.121894866635647,3229.779327737099,0.41618807852311335,0 days 02:55:00
456,CLOSED,2024-11-06 06:28:00+00:00,75000.0,76000.0,2024-11-06 20:54:00+00:00,3224.4386497111104,36.229647749563036,36.229647749563036,3229.7426452187524,1.1217502980677638,3231.0280639394214,0.4096732632647786,0 days 14:26:00
457,CLOSED,2024-11-06 07:38:00+00:00,74000.0,75000.0,2024-11-06 18:31:00+00:00,3224.4386497111104,36.229647749563036,36.229647749563036,3229.223836662979,1.1219305189757949,3230.5821675497436,0.41618807852311335,0 days 10:53:00
458,CLOSED,2024-11-06 07:42:00+00:00,73000.0,74000.0,2024-11-06 09:38:00+00:00,3224.4386497111104,36.229647749563036,36.229647749563036,3228.215927862586,1.122280806462374,3229.64717761545,0.42288138187070246,0 days 01:56:00
459,CLOSED,2024-11-06 21:00:00+00:00,76000.0,77000.0,2024-11-08 19:15:00+00:00,3224.4386497111104,36.229647749563036,36.229647749563036,3230.991387942411,1.1213167538844826,3231.8410607434766,0.4033298905132554,1 days 22:15:00
460,CLOSED,2024-11-07 04:02:00+00:00,75000.0,76000.0,2024-11-07 15:59:00+00:00,3224.4386497111104,36.229647749563036,36.229647749563036,3230.4789291091115,1.1214946311243794,3231.4015075549364,0.4096732632647786,0 days 11:57:00
461,CLOSED,2024-11-08 19:43:00+00:00,77000.0,78000.0,2024-11-10 04:45:00+00:00,3224.4386497111104,36.229647749563036,36.229647749563036,3231.804391096189,1.1210346718191808,3232.6415357298856,0.39715128069033057,1 days 09:02:00
462,CLOSED,2024-11-09 17:07:00+00:00,76000.0,77000.0,2024-11-10 00:57:00+00:00,3224.4386497111104,36.229647749563036,36.229647749563036,3231.298117057507,1.1212103135366094,3232.2081609862407,0.4033298905132554,0 days 07:50:00
463,CLOSED,2024-11-10 04:46:00+00:00,78000.0,79000.0,2024-11-10 04:54:00+00:00,3224.4386497111104,36.229647749563036,36.229647749563036,3232.604872267393,1.1207570730458951,3233.032660800436,0.39113109676031144,0 days 00:08:00
464,CLOSED,2024-11-10 05:00:00+00:00,79000.0,80000.0,2024-11-10 11:56:00+00:00,3224.4386497111104,36.229647749563036,36.229647749563036,3232.9960033641537,1.1206214827319183,3233.4179182493385,0.38526332255003837,0 days 06:56:00
465,CLOSED,2024-11-10 12:02:00+00:00,80000.0,81000.0,2024-11-10 18:27:00+00:00,3224.4386497111104,36.229647749563036,36.229647749563036,3233.381266686704,1.1204879586219696,3233.797454765227,0.3795422426950168,0 days 06:25:00
466,CLOSED,2024-11-10 19:44:00+00:00,80000.0,81000.0,2024-11-10 22:21:00+00:00,3224.4386497111104,36.229647749563036,36.229647749563036,3233.760808929399,1.120356448427538,3234.5622603304723,0.3795422426950168,0 days 02:37:00
467,CLOSED,2024-11-10 20:55:00+00:00,79000.0,80000.0,2024-11-10 21:54:00+00:00,3224.4386497111104,36.229647749563036,36.229647749563036,3233.272161555377,1.1205257689205672,3234.1464941668346,0.38526332255003837,0 days 00:59:00
468,CLOSED,2024-11-10 22:24:00+00:00,81000.0,82000.0,2024-11-11 10:07:00+00:00,3224.4386497111104,36.229647749563036,36.229647749563036,3234.5256144946443,1.1200915394582054,3235.3157594118347,0.3739624240709958,0 days 11:43:00
469,CLOSED,2024-11-10 23:40:00+00:00,80000.0,81000.0,2024-11-11 01:38:00+00:00,3224.4386497111104,36.229647749563036,36.229647749563036,3234.04255252465,1.1202588451187947,3234.9055729254183,0.3795422426950168,0 days 01:58:00
470,CLOSED,2024-11-11 10:10:00+00:00,82000.0,83000.0,2024-11-11 15:15:00+00:00,3224.4386497111104,36.229647749563036,36.229647749563036,3235.2791191614106,1.1198306673136078,3235.684272661244,0.36851869858412556,0 days 05:05:00
471,CLOSED,2024-11-11 15:39:00+00:00,84000.0,85000.0,2024-11-11 18:39:00+00:00,3224.4386497111104,36.229647749563036,36.229647749563036,3235.647637859995,1.1197031260648869,3236.042282237267,0.3580200851451849,0 days 03:00:00
472,CLOSED,2024-11-11 18:42:00+00:00,85000.0,86000.0,2024-11-11 19:06:00+00:00,3224.4386497111104,36.229647749563036,36.229647749563036,3236.0056579451402,1.1195792461181546,3236.3952332162357,0.3529560480746454,0 days 00:24:00
473,CLOSED,2024-11-11 19:08:00+00:00,86000.0,87000.0,2024-11-11 20:11:00+00:00,3224.4386497111104,36.229647749563036,36.229647749563036,3236.358613993215,1.1194571452284365,3236.743238044324,0.34800977930806454,0 days 01:03:00
474,CLOSED,2024-11-11 20:12:00+00:00,87000.0,88000.0,2024-11-11 21:24:00+00:00,3224.4386497111104,36.229647749563036,36.229647749563036,3236.706623772523,1.1193367815132964,3237.0864104247944,0.3431772178694459,0 days 01:12:00
475,CLOSED,2024-11-11 21:31:00+00:00,88000.0,89000.0,2024-11-11 23:12:00+00:00,3224.4386497111104,36.229647749563036,36.229647749563036,3237.0498009903927,1.1192181145461024,3237.768037402579,0.33845448737262274,0 days 01:41:00
476,CLOSED,2024-11-11 22:17:00+00:00,87000.0,88000.0,2024-11-11 22:59:00+00:00,3224.4386497111104,36.229647749563036,36.229647749563036,3236.602282500577,1.1193728665844065,3237.393357994915,0.3431772178694459,0 days 00:42:00
477,CLOSED,2024-11-11 23:25:00+00:00,89000.0,90000.0,2024-11-13 14:31:00+00:00,3224.4386497111104,36.229647749563036,36.229647749563036,3237.7314326956352,1.1189824882849948,3242.2156040437717,0.3338378856510005,1 days 15:06:00
478,CLOSED,2024-11-12 00:12:00+00:00,88000.0,89000.0,2024-11-12 00:59:00+00:00,3224.4386497111104,36.229647749563036,36.229647749563036,3237.288535428764,1.1191355776004248,3238.413439460072,0.33845448737262274,0 days 00:47:00
479,CLOSED,2024-11-12 00:19:00+00:00,87000.0,88000.0,2024-11-12 00:29:00+00:00,3224.4386497111104,36.229647749563036,36.229647749563036,3236.434349319827,1.1194309489755943,3237.6320924332863,0.3431772178694459,0 days 00:10:00
480,CLOSED,2024-11-12 02:23:00+00:00,88000.0,89000.0,2024-11-12 06:41:00+00:00,3224.4386497111104,36.229647749563036,36.229647749563036,3237.9701671340067,1.1188999860869822,3239.0950711653145,0.33845448737262274,0 days 04:18:00
481,CLOSED,2024-11-12 02:53:00+00:00,87000.0,88000.0,2024-11-12 03:09:00+00:00,3224.4386497111104,36.229647749563036,36.229647749563036,3237.1159810250697,1.1191952331003756,3238.313724138529,0.3431772178694459,0 days 00:16:00
482,CLOSED,2024-11-12 09:46:00+00:00,88000.0,89000.0,2024-11-12 19:08:00+00:00,3224.4386497111104,36.229647749563036,36.229647749563036,3238.6517988392493,1.1186644937423633,3241.163909426351,0.33845448737262274,0 days 09:22:00
483,CLOSED,2024-11-12 10:07:00+00:00,87000.0,88000.0,2024-11-12 10:13:00+00:00,3224.4386497111104,36.229647749563036,36.229647749563036,3237.7976127303123,1.1189596164725053,3238.9953558437714,0.3431772178694459,0 days 00:06:00
484,CLOSED,2024-11-12 10:35:00+00:00,87000.0,88000.0,2024-11-12 18:24:00+00:00,3224.4386497111104,36.229647749563036,36.229647749563036,3238.140789948182,1.118841029458228,3240.3825623995654,0.3431772178694459,0 days 07:49:00
485,CLOSED,2024-11-12 10:47:00+00:00,86000.0,87000.0,2024-11-12 10:57:00+00:00,3224.4386497111104,36.229647749563036,36.229647749563036,3236.8705875392243,1.1192800814785124,3238.4891843515416,0.34800977930806454,0 days 00:10:00
486,CLOSED,2024-11-12 13:02:00+00:00,86000.0,87000.0,2024-11-12 14:53:00+00:00,3224.4386497111104,36.229647749563036,36.229647749563036,3237.2185973185324,1.1191597558340034,3238.8371941308496,0.34800977930806454,0 days 01:51:00
487,CLOSED,2024-11-12 16:11:00+00:00,86000.0,87000.0,2024-11-12 16:41:00+00:00,3224.4386497111104,36.229647749563036,36.229647749563036,3237.5666070978405,1.1190394560573798,3239.1852039101577,0.34800977930806454,0 days 00:30:00
488,CLOSED,2024-11-12 22:05:00+00:00,88000.0,89000.0,2024-11-13 13:43:00+00:00,3224.4386497111104,36.229647749563036,36.229647749563036,3240.720637100286,1.1179503513755633,3241.8455411315936,0.33845448737262274,0 days 15:38:00
489,CLOSED,2024-11-13 04:31:00+00:00,87000.0,88000.0,2024-11-13 11:18:00+00:00,3224.4386497111104,36.229647749563036,36.229647749563036,3239.8664509913488,1.1182450973705205,3241.064194104808,0.3431772178694459,0 days 06:47:00
490,CLOSED,2024-11-13 14:36:00+00:00,90000.0,91000.0,2024-11-13 14:50:00+00:00,3224.4386497111104,36.229647749563036,36.229647749563036,3242.1790039580505,1.1174474853280432,3242.5449234003213,0.3293238750787566,0 days 00:14:00
491,CLOSED,2024-11-13 15:03:00+00:00,91000.0,92000.0,2024-11-13 15:44:00+00:00,3224.4386497111104,36.229647749563036,36.229647749563036,3242.5083278331294,1.1173339922853556,3242.8698280546305,0.3249090735300655,0 days 00:41:00
492,CLOSED,2024-11-13 16:15:00+00:00,93000.0,94000.0,2024-11-20 13:15:00+00:00,3224.4386497111104,36.229647749563036,36.229647749563036,3242.8332369066597,1.117222043280971,3251.1145285401417,0.31636429633907426,6 days 21:00:00
493,CLOSED,2024-11-13 16:37:00+00:00,92000.0,93000.0,2024-11-13 18:49:00+00:00,3224.4386497111104,36.229647749563036,36.229647749563036,3242.407830720181,1.1173686235983447,3243.154184329659,0.32059024592810204,0 days 02:12:00
494,CLOSED,2024-11-13 19:05:00+00:00,92000.0,93000.0,2024-11-19 17:34:00+00:00,3224.4386497111104,36.229647749563036,36.229647749563036,3242.7284209661093,1.1172581556727808,3250.441348580305,0.32059024592810204,5 days 22:29:00
495,CLOSED,2024-11-13 19:13:00+00:00,91000.0,92000.0,2024-11-18 06:59:00+00:00,3224.4386497111104,36.229647749563036,36.229647749563036,3241.9096080611325,1.117540342873121,3247.7326576252212,0.3249090735300655,4 days 11:46:00
496,CLOSED,2024-11-13 19:36:00+00:00,90000.0,91000.0,2024-11-13 20:34:00+00:00,3224.4386497111104,36.229647749563036,36.229647749563036,3240.6930652869055,1.1179598628960423,3242.239297855654,0.3293238750787566,0 days 00:58:00
497,CLOSED,2024-11-13 20:55:00+00:00,90000.0,91000.0,2024-11-14 08:03:00+00:00,3224.4386497111104,36.229647749563036,36.229647749563036,3241.0223891619844,1.1178462657559969,3243.240914103757,0.3293238750787566,0 days 11:08:00
498,CLOSED,2024-11-13 21:04:00+00:00,89000.0,90000.0,2024-11-13 23:18:00+00:00,3224.4386497111104,36.229647749563036,36.229647749563036,3239.403697297737,1.1184048403656908,3241.69505197298,0.3338378856510005,0 days 02:14:00
499,CLOSED,2024-11-13 21:21:00+00:00,88000.0,89000.0,2024-11-13 21:30:00+00:00,3224.4386497111104,36.229647749563036,36.229647749563036,3237.378337814368,1.1191045336400978,3239.742526844304,0.33845448737262274,0 days 00:09:00
500,CLOSED,2024-11-14 14:41:00+00:00,90000.0,91000.0,2024-11-15 20:18:00+00:00,3224.4386497111104,36.229647749563036,36.229647749563036,3242.0240054100873,1.1175009095893573,3245.5964544301264,0.3293238750787566,1 days 05:37:00
501,CLOSED,2024-11-14 14:47:00+00:00,89000.0,90000.0,2024-11-15 12:10:00+00:00,3224.4386497111104,36.229647749563036,36.229647749563036,3240.40531354584,1.1180591390253725,3243.3782999263253,0.3338378856510005,0 days 21:23:00
502,CLOSED,2024-11-14 15:59:00+00:00,88000.0,89000.0,2024-11-14 16:54:00+00:00,3224.4386497111104,36.229647749563036,36.229647749563036,3238.379954062471,1.118758399678018,3240.744143092407,0.33845448737262274,0 days 00:55:00
503,CLOSED,2024-11-14 20:11:00+00:00,88000.0,89000.0,2024-11-15 09:23:00+00:00,3224.4386497111104,36.229647749563036,36.229647749563036,3238.718408549844,1.1186414865188938,3241.4257747976494,0.33845448737262274,0 days 13:12:00
504,CLOSED,2024-11-14 23:13:00+00:00,87000.0,88000.0,2024-11-15 00:08:00+00:00,3224.4386497111104,36.229647749563036,36.229647749563036,3236.2817602244086,1.1194837295950035,3239.0619655543655,0.3431772178694459,0 days 00:55:00
505,CLOSED,2024-11-15 14:34:00+00:00,89000.0,90000.0,2024-11-15 19:38:00+00:00,3224.4386497111104,36.229647749563036,36.229647749563036,3241.7592376241064,1.1175921804765439,3244.0505922993493,0.3338378856510005,0 days 05:04:00
506,CLOSED,2024-11-15 15:22:00+00:00,88000.0,89000.0,2024-11-15 16:11:00+00:00,3224.4386497111104,36.229647749563036,36.229647749563036,3239.7338781407375,1.1182908569748018,3242.0980671706734,0.33845448737262274,0 days 00:49:00
507,CLOSED,2024-11-17 02:03:00+00:00,90000.0,91000.0,2024-11-17 08:53:00+00:00,3224.4386497111104,36.229647749563036,36.229647749563036,3244.3795457364567,1.1166895623285993,3245.9257783052053,0.3293238750787566,0 days 06:50:00
508,CLOSED,2024-11-17 14:30:00+00:00,90000.0,91000.0,2024-11-18 06:21:00+00:00,3224.4386497111104,36.229647749563036,36.229647749563036,3244.7088696115356,1.1165762231820981,3246.5889400659353,0.3293238750787566,0 days 15:51:00
509,CLOSED,2024-11-17 22:02:00+00:00,89000.0,90000.0,2024-11-18 00:30:00+00:00,3224.4386497111104,36.229647749563036,36.229647749563036,3243.090177747288,1.1171335289458042,3245.043077935158,0.3338378856510005,0 days 02:28:00
510,CLOSED,2024-11-18 11:25:00+00:00,91000.0,92000.0,2024-11-18 15:42:00+00:00,3224.4386497111104,36.229647749563036,36.229647749563036,3246.913483220023,1.1158180819044625,3248.7162144489093,0.3249090735300655,0 days 04:17:00
511,CLOSED,2024-11-18 13:04:00+00:00,90000.0,91000.0,2024-11-18 14:37:00+00:00,3224.4386497111104,36.229647749563036,36.229647749563036,3245.696940445796,1.1162363096225152,3247.2431730145445,0.3293238750787566,0 days 01:33:00
512,CLOSED,2024-11-18 14:55:00+00:00,90000.0,91000.0,2024-11-18 15:34:00+00:00,3224.4386497111104,36.229647749563036,36.229647749563036,3246.026264320875,1.1161230624590437,3247.5724968896234,0.3293238750787566,0 days 00:39:00
513,CLOSED,2024-11-18 17:47:00+00:00,91000.0,92000.0,2024-11-19 07:06:00+00:00,3224.4386497111104,36.229647749563036,36.229647749563036,3247.897040043711,1.1154801800329068,3249.3704473975185,0.3249090735300655,0 days 13:19:00
514,CLOSED,2024-11-18 19:11:00+00:00,90000.0,91000.0,2024-11-18 20:19:00+00:00,3224.4386497111104,36.229647749563036,36.229647749563036,3246.680497269484,1.115898154439059,3248.2267298382326,0.3293238750787566,0 days 01:08:00
515,CLOSED,2024-11-19 14:05:00+00:00,91000.0,92000.0,2024-11-19 14:45:00+00:00,3224.4386497111104,36.229647749563036,36.229647749563036,3248.5512729923203,1.115255531004472,3249.695356471049,0.3249090735300655,0 days 00:40:00
516,CLOSED,2024-11-19 21:19:00+00:00,92000.0,93000.0,2024-11-20 08:15:00+00:00,3224.4386497111104,36.229647749563036,36.229647749563036,3250.0155852167554,1.1147530465502906,3250.7619388262333,0.32059024592810204,0 days 10:56:00
517,CLOSED,2024-11-20 13:22:00+00:00,94000.0,95000.0,2024-11-21 03:25:00+00:00,3224.4386497111104,36.229647749563036,36.229647749563036,3251.077945945501,1.114388776643941,3251.4267526605367,0.3122282605710893,0 days 14:03:00
518,CLOSED,2024-11-21 05:52:00+00:00,97000.0,98000.0,2024-11-21 11:02:00+00:00,3224.4386497111104,36.229647749563036,36.229647749563036,3251.3901742060725,1.1142817628280994,3251.7270725799913,0.3003318277951337,0 days 05:10:00
519,CLOSED,2024-11-21 11:28:00+00:00,98000.0,99000.0,2024-11-22 03:15:00+00:00,3224.4386497111104,36.229647749563036,36.229647749563036,3251.6905060338677,1.1141788458137378,3252.6281434980597,0.29652820643139677,0 days 15:47:00
520,CLOSED,2024-11-21 14:34:00+00:00,97000.0,98000.0,2024-11-21 17:59:00+00:00,3224.4386497111104,36.229647749563036,36.229647749563036,3251.2849557932427,1.114317823327294,3252.295389451308,0.3003318277951337,0 days 03:25:00
521,CLOSED,2024-11-21 15:38:00+00:00,96000.0,97000.0,2024-11-21 16:21:00+00:00,3224.4386497111104,36.229647749563036,36.229647749563036,3250.5062775309493,1.114584764841085,3251.5895112696376,0.30421469127061584,0 days 00:43:00
522,CLOSED,2024-11-22 03:23:00+00:00,99000.0,100000.0,2024-12-05 02:36:00+00:00,3224.4386497111104,36.229647749563036,36.229647749563036,3252.591580759365,1.113870181669249,3263.102247075316,0.29280142590329206,12 days 23:13:00
523,CLOSED,2024-11-22 13:19:00+00:00,98000.0,99000.0,2024-11-22 16:56:00+00:00,3224.4386497111104,36.229647749563036,36.229647749563036,3252.189761029779,1.1140078043321562,3252.888442056742,0.29652820643139677,0 days 03:37:00
524,CLOSED,2024-11-23 16:17:00+00:00,98000.0,99000.0,2024-12-04 20:51:00+00:00,3224.4386497111104,36.229647749563036,36.229647749563036,3252.4862892362107,1.1139062405723754,3262.1739025713364,0.29652820643139677,11 days 04:34:00
525,CLOSED,2024-11-24 12:31:00+00:00,97000.0,98000.0,2024-11-24 22:59:00+00:00,3224.4386497111104,36.229647749563036,36.229647749563036,3251.715148913749,1.1141704020927454,3253.0911726536506,0.3003318277951337,0 days 10:28:00
526,CLOSED,2024-11-24 15:55:00+00:00,96000.0,97000.0,2024-11-24 22:00:00+00:00,3224.4386497111104,36.229647749563036,36.229647749563036,3250.5708805696195,1.1145626131744055,3252.019704390144,0.30421469127061584,0 days 06:05:00
527,CLOSED,2024-11-25 01:24:00+00:00,97000.0,98000.0,2024-11-25 04:12:00+00:00,3224.4386497111104,36.229647749563036,36.229647749563036,3252.319695432815,1.113963298271071,3253.3915044814457,0.3003318277951337,0 days 02:48:00
528,CLOSED,2024-11-25 14:34:00+00:00,97000.0,98000.0,2024-11-29 14:59:00+00:00,3224.4386497111104,36.229647749563036,36.229647749563036,3252.62002726061,1.1138604400734755,3258.076757900059,0.3003318277951337,4 days 00:25:00
529,CLOSED,2024-11-25 14:51:00+00:00,96000.0,97000.0,2024-11-27 20:15:00+00:00,3224.4386497111104,36.229647749563036,36.229647749563036,3251.4757589164806,1.1142524329209877,3256.0847163468006,0.30421469127061584,2 days 05:24:00
530,CLOSED,2024-11-25 15:10:00+00:00,95000.0,96000.0,2024-11-25 15:29:00+00:00,3224.4386497111104,36.229647749563036,36.229647749563036,3249.9544758004567,1.1147740074309733,3251.784282969422,0.3081792992403294,0 days 00:19:00
531,CLOSED,2024-11-25 17:21:00+00:00,95000.0,96000.0,2024-11-27 16:32:00+00:00,3224.4386497111104,36.229647749563036,36.229647749563036,3250.2626550996974,1.1146683081971336,3254.6362372799767,0.3081792992403294,1 days 23:11:00
532,CLOSED,2024-11-25 21:44:00+00:00,94000.0,95000.0,2024-11-27 15:34:00+00:00,3224.4386497111104,36.229647749563036,36.229647749563036,3248.360388635234,1.1153210670933147,3252.8067789177267,0.3122282605710893,1 days 17:50:00
533,CLOSED,2024-11-25 22:38:00+00:00,93000.0,94000.0,2024-11-25 22:48:00+00:00,3224.4386497111104,36.229647749563036,36.229647749563036,3246.0730858079846,1.116106963455663,3248.677105878464,0.31636429633907426,0 days 00:10:00
534,CLOSED,2024-11-25 23:42:00+00:00,93000.0,94000.0,2024-11-26 00:27:00+00:00,3224.4386497111104,36.229647749563036,36.229647749563036,3246.3894501043237,1.1159981975791222,3248.993470174803,0.31636429633907426,0 days 00:45:00
535,CLOSED,2024-11-26 08:16:00+00:00,93000.0,94000.0,2024-11-26 16:25:00+00:00,3224.4386497111104,36.229647749563036,36.229647749563036,3246.705814400663,1.1158894528992298,3249.63042471707,0.31636429633907426,0 days 08:09:00
536,CLOSED,2024-11-26 11:24:00+00:00,92000.0,93000.0,2024-11-26 14:41:00+00:00,3224.4386497111104,36.229647749563036,36.229647749563036,3244.0293350346847,1.1168101150717762,3247.026761823662,0.32059024592810204,0 days 03:17:00
537,CLOSED,2024-11-26 18:12:00+00:00,93000.0,94000.0,2024-11-27 13:55:00+00:00,3224.4386497111104,36.229647749563036,36.229647749563036,3247.34276894293,1.1156705752179175,3250.5922883328676,0.31636429633907426,0 days 19:43:00
538,CLOSED,2024-11-26 18:34:00+00:00,92000.0,93000.0,2024-11-27 02:26:00+00:00,3224.4386497111104,36.229647749563036,36.229647749563036,3244.666289576952,1.1165908761078402,3247.9886254394596,0.32059024592810204,0 days 07:52:00
539,CLOSED,2024-11-26 20:36:00+00:00,91000.0,92000.0,2024-11-26 22:04:00+00:00,3224.4386497111104,36.229647749563036,36.229647749563036,3241.5964034924755,1.1176483201465006,3244.9915601507037,0.3249090735300655,0 days 01:28:00
540,CLOSED,2024-11-27 23:10:00+00:00,96000.0,97000.0,2024-11-29 11:30:00+00:00,3224.4386497111104,36.229647749563036,36.229647749563036,3254.940107217547,1.1130664945025237,3257.0052896365523,0.30421469127061584,1 days 12:20:00
541,CLOSED,2024-11-28 03:31:00+00:00,95000.0,96000.0,2024-11-28 14:08:00+00:00,3224.4386497111104,36.229647749563036,36.229647749563036,3253.418824101523,1.1135869590835221,3255.248631270488,0.3081792992403294,0 days 10:37:00
542,CLOSED,2024-11-28 15:48:00+00:00,95000.0,96000.0,2024-11-28 23:30:00+00:00,3224.4386497111104,36.229647749563036,36.229647749563036,3253.7270034007634,1.1134814848232861,3255.5568105697284,0.3081792992403294,0 days 07:42:00
543,CLOSED,2024-11-29 17:29:00+00:00,97000.0,98000.0,2024-12-02 01:26:00+00:00,3224.4386497111104,36.229647749563036,36.229647749563036,3257.3052806792234,1.1122582818521793,3258.684515937407,0.3003318277951337,2 days 07:57:00
544,CLOSED,2024-12-01 02:31:00+00:00,96000.0,97000.0,2024-12-01 08:26:00+00:00,3258.4782407312705,36.6121150643963,36.6121150643963,3256.161012335094,1.1243951059453483,3257.6134337387984,0.3074262095527587,0 days 05:55:00
545,CLOSED,2024-12-02 03:43:00+00:00,97000.0,98000.0,2024-12-04 20:13:00+00:00,3258.4782407312705,36.6121150643963,36.6121150643963,3257.9130387165715,1.1237904336089752,3261.4759444666142,0.3035023556603136,2 days 16:30:00
546,CLOSED,2024-12-02 07:23:00+00:00,96000.0,97000.0,2024-12-02 15:23:00+00:00,3258.4782407312705,36.6121150643963,36.6121150643963,3256.76444888608,1.1241867699986359,3258.532241979727,0.3074262095527587,0 days 08:00:00
547,CLOSED,2024-12-02 08:40:00+00:00,95000.0,96000.0,2024-12-02 14:30:00+00:00,3258.4782407312705,36.6121150643963,36.6121150643963,3255.2348642332,1.1247150080220285,3257.076229950155,0.31143267089555593,0 days 05:50:00
548,CLOSED,2024-12-02 16:41:00+00:00,96000.0,97000.0,2024-12-04 19:54:00+00:00,3258.4782407312705,36.6121150643963,36.6121150643963,3257.3833077665286,1.123973189679661,3260.400923248959,0.3074262095527587,2 days 03:13:00
549,CLOSED,2024-12-02 17:57:00+00:00,95000.0,96000.0,2024-12-02 20:04:00+00:00,3258.4782407312705,36.6121150643963,36.6121150643963,3255.8537231136484,1.1245012269587862,3257.6950888306037,0.31143267089555593,0 days 02:07:00
550,CLOSED,2024-12-03 10:53:00+00:00,95000.0,96000.0,2024-12-03 15:13:00+00:00,3258.4782407312705,36.6121150643963,36.6121150643963,3256.165155784544,1.1243936751597274,3258.322045877596,0.31143267089555593,0 days 04:20:00
551,CLOSED,2024-12-03 13:54:00+00:00,94000.0,95000.0,2024-12-03 14:49:00+00:00,3258.4782407312705,36.6121150643963,36.6121150643963,3254.2505658374603,1.1250551954647785,3256.4810326496213,0.31552437609673234,0 days 00:55:00
552,CLOSED,2024-12-03 16:48:00+00:00,95000.0,96000.0,2024-12-03 21:20:00+00:00,3258.4782407312705,36.6121150643963,36.6121150643963,3256.792112831536,1.1241772208962033,3258.6334785484914,0.31143267089555593,0 days 04:32:00
553,CLOSED,2024-12-04 16:20:00+00:00,95000.0,96000.0,2024-12-04 18:45:00+00:00,3258.4782407312705,36.6121150643963,36.6121150643963,3257.1035455024316,1.124069731063727,3258.944911219387,0.31143267089555593,0 days 02:25:00
554,CLOSED,2024-12-04 21:38:00+00:00,98000.0,99000.0,2024-12-04 23:32:00+00:00,3258.4782407312705,36.6121150643963,36.6121150643963,3261.771749750805,1.122460977448634,3262.4739471354274,0.29965858041874327,0 days 01:54:00
555,CLOSED,2024-12-05 01:09:00+00:00,98000.0,99000.0,2024-12-05 02:29:00+00:00,3258.4782407312705,36.6121150643963,36.6121150643963,3262.071408331224,1.1223578665657088,3262.7736057158463,0.29965858041874327,0 days 01:20:00
556,CLOSED,2024-12-05 02:39:00+00:00,100000.0,101000.0,2024-12-05 02:41:00+00:00,3258.4782407312705,36.6121150643963,36.6121150643963,3263.065688067132,1.1220158759992165,3263.3948309815614,0.29220165645009644,0 days 00:02:00
557,CLOSED,2024-12-05 02:43:00+00:00,101000.0,102000.0,2024-12-05 03:03:00+00:00,3258.4782407312705,36.6121150643963,36.6121150643963,3263.3578897235825,1.121915410494479,3263.683411301086,0.28858394086134354,0 days 00:20:00
558,CLOSED,2024-12-05 03:10:00+00:00,103000.0,104000.0,2024-12-15 23:19:00+00:00,3258.4782407312705,36.6121150643963,36.6121150643963,3263.646473664444,1.1218162064988606,3276.661653480032,0.28155925039775553,10 days 20:09:00
559,CLOSED,2024-12-05 05:46:00+00:00,102000.0,103000.0,2024-12-05 09:11:00+00:00,3258.4782407312705,36.6121150643963,36.6121150643963,3263.254759578998,1.1219508669044196,3263.9318327965634,0.2850371608723705,0 days 03:25:00
560,CLOSED,2024-12-05 15:27:00+00:00,102000.0,103000.0,2024-12-15 12:38:00+00:00,3258.4782407312705,36.6121150643963,36.6121150643963,3263.5397967398703,1.1218528758549278,3276.3434855959613,0.2850371608723705,9 days 21:11:00
561,CLOSED,2024-12-05 15:50:00+00:00,101000.0,102000.0,2024-12-12 16:01:00+00:00,3258.4782407312705,36.6121150643963,36.6121150643963,3262.7894992921756,1.1221108524573489,3274.50516670535,0.28858394086134354,7 days 00:11:00
562,CLOSED,2024-12-05 19:44:00+00:00,100000.0,101000.0,2024-12-06 17:50:00+00:00,3258.4782407312705,36.6121150643963,36.6121150643963,3261.6770681519133,1.1224935608092237,3267.1134281808054,0.29220165645009644,0 days 22:06:00
563,CLOSED,2024-12-05 19:55:00+00:00,99000.0,100000.0,2024-12-06 17:41:00+00:00,3258.4782407312705,36.6121150643963,36.6121150643963,3260.198881982158,1.123002503520172,3265.7087990785885,0.29589245720225676,0 days 21:46:00
564,CLOSED,2024-12-05 20:18:00+00:00,98000.0,99000.0,2024-12-05 20:43:00+00:00,3258.4782407312705,36.6121150643963,36.6121150643963,3258.3512462876615,1.1236392978230814,3260.4988771698795,0.29965858041874327,0 days 00:25:00
565,CLOSED,2024-12-05 22:22:00+00:00,98000.0,99000.0,2024-12-06 14:25:00+00:00,3258.4782407312705,36.6121150643963,36.6121150643963,3258.6509048680805,1.1235359703520762,3263.9347242215235,0.29965858041874327,0 days 16:03:00
566,CLOSED,2024-12-05 22:26:00+00:00,97000.0,98000.0,2024-12-06 01:32:00+00:00,3258.4782407312705,36.6121150643963,36.6121150643963,3256.430049755734,1.124302211470582,3261.787433794231,0.3035023556603136,0 days 03:06:00
567,CLOSED,2024-12-05 22:28:00+00:00,96000.0,97000.0,2024-12-05 22:48:00+00:00,3258.4782407312705,36.6121150643963,36.6121150643963,3253.8321276026727,1.125199875980419,3258.6482278349004,0.3074262095527587,0 days 00:20:00
568,CLOSED,2024-12-05 22:28:00+00:00,95000.0,96000.0,2024-12-05 22:31:00+00:00,3258.4782407312705,36.6121150643963,36.6121150643963,3250.853210627223,1.1262309520684977,3255.4314508118623,0.31143267089555593,0 days 00:03:00
569,CLOSED,2024-12-05 22:28:00+00:00,94000.0,95000.0,2024-12-05 22:30:00+00:00,3258.4782407312705,36.6121150643963,36.6121150643963,3247.489288357569,1.1273975620382424,3252.141105261318,0.31552437609673234,0 days 00:02:00
570,CLOSED,2024-12-05 22:28:00+00:00,93000.0,94000.0,2024-12-05 22:29:00+00:00,3258.4782407312705,36.6121150643963,36.6121150643963,3243.7362649927095,1.1287019681447064,3248.46166279945,0.3197040749581319,0 days 00:01:00
571,CLOSED,2024-12-05 22:28:00+00:00,92000.0,93000.0,2024-12-05 22:29:00+00:00,3258.4782407312705,36.6121150643963,36.6121150643963,3239.5899566499006,1.1301465788669542,3244.388939634469,0.32397463683825833,0 days 00:01:00
572,CLOSED,2024-12-05 22:28:00+00:00,91000.0,92000.0,2024-12-05 22:29:00+00:00,3258.4782407312705,36.6121150643963,36.6121150643963,3235.0460884924246,1.1317339556500117,3239.9186610236106,0.32833905722124257,0 days 00:01:00
573,CLOSED,2024-12-05 22:35:00+00:00,95000.0,96000.0,2024-12-05 22:36:00+00:00,3258.4782407312705,36.6121150643963,36.6121150643963,3252.4521854432332,1.125677272928362,3255.742883482758,0.31143267089555593,0 days 00:01:00
574,CLOSED,2024-12-05 23:02:00+00:00,96000.0,97000.0,2024-12-05 23:21:00+00:00,3258.4782407312705,36.6121150643963,36.6121150643963,3256.0499612991316,1.1244334546325092,3258.9556540444532,0.3074262095527587,0 days 00:19:00
575,CLOSED,2024-12-06 00:11:00+00:00,96000.0,97000.0,2024-12-06 00:18:00+00:00,3258.4782407312705,36.6121150643963,36.6121150643963,3256.3573875086845,1.1243272991115647,3259.263080254006,0.3074262095527587,0 days 00:07:00
576,CLOSED,2024-12-06 23:21:00+00:00,100000.0,101000.0,2024-12-08 23:49:00+00:00,3258.4782407312705,36.6121150643963,36.6121150643963,3266.000667897629,1.1210075804413122,3267.99741475166,0.29220165645009644,2 days 00:28:00
577,CLOSED,2024-12-07 05:45:00+00:00,99000.0,100000.0,2024-12-07 18:46:00+00:00,3258.4782407312705,36.6121150643963,36.6121150643963,3264.522481727873,1.1215151762415783,3266.296893192241,0.29589245720225676,0 days 13:01:00
578,CLOSED,2024-12-08 08:57:00+00:00,99000.0,100000.0,2024-12-08 12:50:00+00:00,3258.4782407312705,36.6121150643963,36.6121150643963,3264.8183741850753,1.1214135326451344,3266.592785649443,0.29589245720225676,0 days 03:53:00
579,CLOSED,2024-12-09 00:28:00+00:00,100000.0,101000.0,2024-12-11 16:23:00+00:00,3258.4782407312705,36.6121150643963,36.6121150643963,3266.8846544684834,1.120704246913579,3273.1740872816804,0.29220165645009644,2 days 15:55:00
580,CLOSED,2024-12-09 03:25:00+00:00,99000.0,100000.0,2024-12-09 14:48:00+00:00,3258.4782407312705,36.6121150643963,36.6121150643963,3265.4064682987278,1.1212115679880783,3267.4805383435146,0.29589245720225676,0 days 11:23:00
581,CLOSED,2024-12-09 12:01:00+00:00,98000.0,99000.0,2024-12-09 13:23:00+00:00,3258.4782407312705,36.6121150643963,36.6121150643963,3263.5588326042316,1.1218463322501473,3265.7064634864496,0.29965858041874327,0 days 01:22:00
582,CLOSED,2024-12-09 15:16:00+00:00,99000.0,100000.0,2024-12-11 15:19:00+00:00,3258.4782407312705,36.6121150643963,36.6121150643963,3266.002019336349,1.1210071165796731,3271.7694581794635,0.29589245720225676,2 days 00:03:00
583,CLOSED,2024-12-09 15:34:00+00:00,98000.0,99000.0,2024-12-11 14:45:00+00:00,3258.4782407312705,36.6121150643963,36.6121150643963,3264.1543836418527,1.1216416493005383,3269.9953833223985,0.29965858041874327,1 days 23:11:00
584,CLOSED,2024-12-09 19:55:00+00:00,97000.0,98000.0,2024-12-10 00:35:00+00:00,3258.4782407312705,36.6121150643963,36.6121150643963,3261.9335285295065,1.1224053079003482,3265.6959442133357,0.3035023556603136,0 days 04:40:00
585,CLOSED,2024-12-09 21:02:00+00:00,96000.0,97000.0,2024-12-09 21:17:00+00:00,3258.4782407312705,36.6121150643963,36.6121150643963,3259.335606376445,1.123299944711729,3262.552731792662,0.3074262095527587,0 days 00:15:00
586,CLOSED,2024-12-09 21:04:00+00:00,95000.0,96000.0,2024-12-09 21:07:00+00:00,3258.4782407312705,36.6121150643963,36.6121150643963,3256.3566894009946,1.124327540148284,3259.64738744052,0.31143267089555593,0 days 00:03:00
587,CLOSED,2024-12-09 22:22:00+00:00,96000.0,97000.0,2024-12-09 22:26:00+00:00,3258.4782407312705,36.6121150643963,36.6121150643963,3259.9544652568934,1.1230867011975632,3263.1715906731106,0.3074262095527587,0 days 00:04:00
588,CLOSED,2024-12-09 22:22:00+00:00,95000.0,96000.0,2024-12-09 22:23:00+00:00,3258.4782407312705,36.6121150643963,36.6121150643963,3256.9755482814435,1.1241139063421839,3260.266246320968,0.31143267089555593,0 days 00:01:00
589,CLOSED,2024-12-10 02:57:00+00:00,97000.0,98000.0,2024-12-10 14:07:00+00:00,3258.4782407312705,36.6121150643963,36.6121150643963,3263.4747486460637,1.1218752368035259,3266.306872778549,0.3035023556603136,0 days 11:10:00
590,CLOSED,2024-12-10 03:23:00+00:00,96000.0,97000.0,2024-12-10 04:42:00+00:00,3258.4782407312705,36.6121150643963,36.6121150643963,3260.876826493002,1.1227690284693086,3263.782519238324,0.3074262095527587,0 days 01:19:00
591,CLOSED,2024-12-10 15:26:00+00:00,97000.0,98000.0,2024-12-11 08:31:00+00:00,3258.4782407312705,36.6121150643963,36.6121150643963,3264.085677211277,1.1216652589731173,3267.848092895106,0.3035023556603136,0 days 17:05:00
592,CLOSED,2024-12-10 15:52:00+00:00,96000.0,97000.0,2024-12-10 21:30:00+00:00,3258.4782407312705,36.6121150643963,36.6121150643963,3261.4877550582155,1.1225587159606796,3265.0163131453282,0.3074262095527587,0 days 05:38:00
593,CLOSED,2024-12-10 16:35:00+00:00,95000.0,96000.0,2024-12-10 16:53:00+00:00,3258.4782407312705,36.6121150643963,36.6121150643963,3258.5088380827656,1.123584955072212,3261.79953612229,0.31143267089555593,0 days 00:18:00
594,CLOSED,2024-12-10 17:06:00+00:00,95000.0,96000.0,2024-12-10 19:42:00+00:00,3258.4782407312705,36.6121150643963,36.6121150643963,3258.820270753661,1.1234775784651998,3262.1109687931857,0.31143267089555593,0 days 02:36:00
595,CLOSED,2024-12-11 00:42:00+00:00,96000.0,97000.0,2024-12-11 02:37:00+00:00,3258.4782407312705,36.6121150643963,36.6121150643963,3262.4180466095595,1.1222386138540745,3265.323739354881,0.3074262095527587,0 days 01:55:00
596,CLOSED,2024-12-11 17:57:00+00:00,100000.0,101000.0,2024-12-11 19:42:00+00:00,3258.4782407312705,36.6121150643963,36.6121150643963,3272.061326998504,1.1189311998006155,3273.4662889381307,0.29220165645009644,0 days 01:45:00
597,CLOSED,2024-12-12 18:37:00+00:00,101000.0,102000.0,2024-12-14 01:02:00+00:00,3258.4782407312705,36.6121150643963,36.6121150643963,3273.7545437360777,1.1183524780270724,3275.378153959112,0.28858394086134354,1 days 06:25:00
598,CLOSED,2024-12-12 19:29:00+00:00,100000.0,101000.0,2024-12-13 14:57:00+00:00,3258.4782407312705,36.6121150643963,36.6121150643963,3272.6421125958154,1.1187326265674697,3274.0470745354423,0.29220165645009644,0 days 19:28:00
599,CLOSED,2024-12-13 15:52:00+00:00,100000.0,101000.0,2024-12-13 16:46:00+00:00,3258.4782407312705,36.6121150643963,36.6121150643963,3272.9343142522657,1.1186327481418061,3274.3392761918926,0.29220165645009644,0 days 00:54:00
600,CLOSED,2024-12-14 13:18:00+00:00,101000.0,102000.0,2024-12-15 01:48:00+00:00,3258.4782407312705,36.6121150643963,36.6121150643963,3274.6275309898397,1.1180543349713228,3275.666737899973,0.28858394086134354,0 days 12:30:00
601,CLOSED,2024-12-15 23:28:00+00:00,105000.0,106000.0,2024-12-16 00:33:00+00:00,3258.4782407312705,36.6121150643963,36.6121150643963,3276.624722875112,1.1173728504456433,3276.936448883375,0.2748021671899181,0 days 01:05:00
602,CLOSED,2024-12-16 00:44:00+00:00,106000.0,107000.0,2024-12-16 16:37:00+00:00,3258.4782407312705,36.6121150643963,36.6121150643963,3276.8995250423022,1.117279147090226,3277.7609152318614,0.27151924468799393,0 days 15:53:00
603,CLOSED,2024-12-16 01:27:00+00:00,105000.0,106000.0,2024-12-16 14:54:00+00:00,3258.4782407312705,36.6121150643963,36.6121150643963,3276.517861012622,1.1174092929583839,3277.4527871583177,0.2748021671899181,0 days 13:27:00
604,CLOSED,2024-12-16 11:50:00+00:00,104000.0,105000.0,2024-12-16 14:36:00+00:00,3258.4782407312705,36.6121150643963,36.6121150643963,3275.787858859614,1.1176583051730926,3276.796324310852,0.2781482228168741,0 days 02:46:00
605,CLOSED,2024-12-16 16:38:00+00:00,107000.0,108000.0,2024-12-17 14:50:00+00:00,3258.4782407312705,36.6121150643963,36.6121150643963,3277.7239946769973,1.1169981097814867,3278.300728936989,0.2682976852234873,0 days 22:12:00
606,CLOSED,2024-12-16 19:16:00+00:00,106000.0,107000.0,2024-12-17 03:43:00+00:00,3258.4782407312705,36.6121150643963,36.6121150643963,3277.3455554315656,1.117127090969056,3277.995822361485,0.27151924468799393,0 days 08:27:00
607,CLOSED,2024-12-17 14:52:00+00:00,108000.0,109000.0,2025-01-20 06:55:00+00:00,3258.4782407312705,36.6121150643963,36.6121150643963,3278.263811606909,1.1168141787359729,3312.7599804159436,0.2651357842675921,33 days 16:03:00
608,CLOSED,2024-12-17 15:13:00+00:00,107000.0,108000.0,2025-01-20 06:54:00+00:00,3258.4782407312705,36.6121150643963,36.6121150643963,3277.8885374274987,1.11694203894833,3312.4582356816777,0.2682976852234873,33 days 15:41:00
609,CLOSED,2024-12-17 15:27:00+00:00,106000.0,107000.0,2024-12-17 16:14:00+00:00,3258.4782407312705,36.6121150643963,36.6121150643963,3277.1714361177214,1.1171864450206668,3278.1603651119867,0.27151924468799393,0 days 00:47:00
610,CLOSED,2024-12-17 22:22:00+00:00,106000.0,107000.0,2025-01-20 06:51:00+00:00,3258.4782407312705,36.6121150643963,36.6121150643963,3277.4429553624095,1.117093891885842,3311.8146670418287,0.27151924468799393,33 days 08:29:00
611,CLOSED,2024-12-18 01:55:00+00:00,105000.0,106000.0,2025-01-19 19:58:00+00:00,3258.4782407312705,36.6121150643963,36.6121150643963,3276.3808021380155,1.1174560368716884,3307.943712042393,0.2748021671899181,32 days 18:03:00
612,CLOSED,2024-12-18 04:26:00+00:00,104000.0,105000.0,2024-12-18 11:58:00+00:00,3258.4782407312705,36.6121150643963,36.6121150643963,3274.9703107902947,1.1179373120961607,3276.6592654362457,0.2781482228168741,0 days 07:32:00
613,CLOSED,2024-12-18 14:33:00+00:00,104000.0,105000.0,2025-01-17 16:54:00+00:00,3258.4782407312705,36.6121150643963,36.6121150643963,3275.2484590131116,1.1178423720387967,3305.759793395841,0.2781482228168741,30 days 02:21:00
614,CLOSED,2024-12-18 19:57:00+00:00,103000.0,104000.0,2025-01-17 15:09:00+00:00,3258.4782407312705,36.6121150643963,36.6121150643963,3273.486280137032,1.1184441274903916,3304.071157239745,0.28155925039775553,29 days 19:12:00
615,CLOSED,2024-12-18 20:07:00+00:00,102000.0,103000.0,2025-01-17 14:36:00+00:00,3258.4782407312705,36.6121150643963,36.6121150643963,3271.36899929057,1.1191680019079477,3302.027422594659,0.2850371608723705,29 days 18:29:00
616,CLOSED,2024-12-18 20:08:00+00:00,101000.0,102000.0,2024-12-18 20:11:00+00:00,3258.4782407312705,36.6121150643963,36.6121150643963,3268.89313508186,1.1200156613097558,3271.657908753009,0.28858394086134354,0 days 00:03:00
617,CLOSED,2024-12-18 20:37:00+00:00,101000.0,102000.0,2024-12-19 10:19:00+00:00,3258.4782407312705,36.6121150643963,36.6121150643963,3269.181719022721,1.119916792980875,3272.534586807523,0.28858394086134354,0 days 13:42:00
618,CLOSED,2024-12-18 23:58:00+00:00,100000.0,101000.0,2024-12-19 03:11:00+00:00,3258.4782407312705,36.6121150643963,36.6121150643963,3266.3437211214437,1.1208898447413291,3269.770142279288,0.29220165645009644,0 days 03:13:00
619,CLOSED,2024-12-19 02:14:00+00:00,99000.0,100000.0,2024-12-19 02:52:00+00:00,3258.4782407312705,36.6121150643963,36.6121150643963,3263.1399681906723,1.1219903351156824,3266.639946416056,0.29589245720225676,0 days 00:38:00
620,CLOSED,2024-12-19 14:49:00+00:00,101000.0,102000.0,2025-01-06 15:45:00+00:00,3258.4782407312705,36.6121150643963,36.6121150643963,3270.058397077235,1.1196165517141854,3289.2044364147573,0.28858394086134354,18 days 00:56:00
621,CLOSED,2024-12-19 15:23:00+00:00,100000.0,101000.0,2024-12-19 16:37:00+00:00,3258.4782407312705,36.6121150643963,36.6121150643963,3267.2203991759575,1.120589081582327,3270.3509278765996,0.29220165645009644,0 days 01:14:00
622,CLOSED,2024-12-19 17:18:00+00:00,100000.0,101000.0,2025-01-06 14:54:00+00:00,3258.4782407312705,36.6121150643963,36.6121150643963,3267.5126008324078,1.1204888714145818,3286.439991886523,0.29220165645009644,17 days 21:36:00
623,CLOSED,2024-12-19 17:38:00+00:00,99000.0,100000.0,2025-01-06 14:48:00+00:00,3258.4782407312705,36.6121150643963,36.6121150643963,3264.308847901637,1.1215885741917864,3283.3097960232903,0.29589245720225676,17 days 21:10:00
624,CLOSED,2024-12-19 17:54:00+00:00,98000.0,99000.0,2024-12-19 17:59:00+00:00,3258.4782407312705,36.6121150643963,36.6121150643963,3260.735645446125,1.122817641335875,3264.6088430893583,0.29965858041874327,0 days 00:05:00
625,CLOSED,2024-12-19 18:10:00+00:00,98000.0,99000.0,2024-12-19 19:04:00+00:00,3258.4782407312705,36.6121150643963,36.6121150643963,3261.035304026544,1.1227144649182335,3265.2120040254376,0.29965858041874327,0 days 00:54:00
626,CLOSED,2024-12-19 18:23:00+00:00,97000.0,98000.0,2024-12-19 18:27:00+00:00,3258.4782407312705,36.6121150643963,36.6121150643963,3257.0888821531817,1.124074791603259,3261.33914683713,0.3035023556603136,0 days 00:04:00
627,CLOSED,2024-12-19 19:31:00+00:00,98000.0,99000.0,2024-12-21 07:32:00+00:00,3258.4782407312705,36.6121150643963,36.6121150643963,3261.6384649626234,1.1225068461049026,3269.528912428202,0.29965858041874327,1 days 12:01:00
628,CLOSED,2024-12-19 19:44:00+00:00,97000.0,98000.0,2024-12-19 21:25:00+00:00,3258.4782407312705,36.6121150643963,36.6121150643963,3257.6920430892615,1.123866669412899,3262.864586401868,0.3035023556603136,0 days 01:41:00
629,CLOSED,2024-12-19 20:10:00+00:00,96000.0,97000.0,2024-12-19 20:21:00+00:00,3258.4782407312705,36.6121150643963,36.6121150643963,3253.3685541751843,1.125360206036615,3257.9998136815216,0.3074262095527587,0 days 00:11:00
630,CLOSED,2024-12-19 20:35:00+00:00,96000.0,97000.0,2024-12-19 20:43:00+00:00,3258.4782407312705,36.6121150643963,36.6121150643963,3253.675980384737,1.1252538754663282,3258.3072398910745,0.3074262095527587,0 days 00:08:00
631,CLOSED,2024-12-19 21:03:00+00:00,96000.0,97000.0,2024-12-19 21:09:00+00:00,3258.4782407312705,36.6121150643963,36.6121150643963,3253.98340659429,1.1251475649876026,3258.6146661006273,0.3074262095527587,0 days 00:06:00
632,CLOSED,2024-12-20 00:29:00+00:00,97000.0,98000.0,2024-12-20 07:05:00+00:00,3258.4782407312705,36.6121150643963,36.6121150643963,3258.9178240735805,1.1234439479861418,3263.4755149670814,0.3035023556603136,0 days 06:36:00
633,CLOSED,2024-12-20 02:01:00+00:00,96000.0,97000.0,2024-12-20 02:17:00+00:00,3258.4782407312705,36.6121150643963,36.6121150643963,3254.5943351595033,1.1249363605434404,3259.2255946658406,0.3074262095527587,0 days 00:16:00
634,CLOSED,2024-12-20 08:16:00+00:00,97000.0,98000.0,2024-12-21 05:46:00+00:00,3258.4782407312705,36.6121150643963,36.6121150643963,3259.528752638794,1.1232333825788925,3265.6560552398946,0.3035023556603136,0 days 21:30:00
635,CLOSED,2024-12-20 08:41:00+00:00,96000.0,97000.0,2024-12-20 15:26:00+00:00,3258.4782407312705,36.6121150643963,36.6121150643963,3255.2052637247166,1.1247252353758936,3261.098708729101,0.3074262095527587,0 days 06:45:00
636,CLOSED,2024-12-20 09:47:00+00:00,95000.0,96000.0,2024-12-20 14:38:00+00:00,3258.4782407312705,36.6121150643963,36.6121150643963,3250.500779988251,1.1263530619589217,3256.4677976159433,0.31143267089555593,0 days 04:51:00
637,CLOSED,2024-12-20 10:14:00+00:00,94000.0,95000.0,2024-12-20 10:28:00+00:00,3258.4782407312705,36.6121150643963,36.6121150643963,3245.411290957582,1.1281194209931287,3250.816656853328,0.31552437609673234,0 days 00:14:00
638,CLOSED,2024-12-20 11:20:00+00:00,94000.0,95000.0,2024-12-20 13:33:00+00:00,3258.4782407312705,36.6121150643963,36.6121150643963,3245.7268153336786,1.1280097539765488,3251.451885304383,0.31552437609673234,0 days 02:13:00
639,CLOSED,2024-12-20 11:35:00+00:00,93000.0,94000.0,2024-12-20 12:46:00+00:00,3258.4782407312705,36.6121150643963,36.6121150643963,3240.2482252078034,1.1299169853583761,3246.0468760814997,0.3197040749581319,0 days 01:11:00
640,CLOSED,2024-12-20 21:10:00+00:00,96000.0,97000.0,2024-12-20 22:18:00+00:00,3258.4782407312705,36.6121150643963,36.6121150643963,3256.7748754323165,1.1241831709210872,3261.406134938654,0.3074262095527587,0 days 01:08:00
641,CLOSED,2024-12-21 11:23:00+00:00,98000.0,99000.0,2024-12-24 17:27:00+00:00,3258.4782407312705,36.6121150643963,36.6121150643963,3265.955373365388,1.1210231273512328,3273.8862318060374,0.29965858041874327,3 days 06:04:00
642,CLOSED,2024-12-21 13:22:00+00:00,97000.0,98000.0,2024-12-21 20:19:00+00:00,3258.4782407312705,36.6121150643963,36.6121150643963,3262.008951492026,1.1223793560606297,3266.259216175974,0.3035023556603136,0 days 06:57:00
643,CLOSED,2024-12-21 21:38:00+00:00,97000.0,98000.0,2024-12-24 15:36:00+00:00,3258.4782407312705,36.6121150643963,36.6121150643963,3262.3124538476864,1.1222749378654604,3270.01337461773,0.3035023556603136,2 days 17:58:00
644,CLOSED,2024-12-22 05:08:00+00:00,96000.0,97000.0,2024-12-22 09:38:00+00:00,3258.4782407312705,36.6121150643963,36.6121150643963,3257.988964933609,1.123764244092287,3262.6202244399465,0.3074262095527587,0 days 04:30:00
645,CLOSED,2024-12-22 14:23:00+00:00,96000.0,97000.0,2024-12-24 14:37:00+00:00,3258.4782407312705,36.6121150643963,36.6121150643963,3258.296391143162,1.1236582148854501,3265.763454316489,0.3074262095527587,2 days 00:14:00
646,CLOSED,2024-12-22 19:53:00+00:00,95000.0,96000.0,2024-12-23 03:58:00+00:00,3258.4782407312705,36.6121150643963,36.6121150643963,3253.5919074066965,1.1252829520828966,3259.2392209594304,0.31143267089555593,0 days 08:05:00
647,CLOSED,2024-12-23 01:17:00+00:00,94000.0,95000.0,2024-12-23 01:37:00+00:00,3258.4782407312705,36.6121150643963,36.6121150643963,3248.5024183760274,1.127045953769036,3253.9077842717734,0.31552437609673234,0 days 00:20:00
648,CLOSED,2024-12-23 02:15:00+00:00,94000.0,95000.0,2024-12-23 03:08:00+00:00,3258.4782407312705,36.6121150643963,36.6121150643963,3248.817942752124,1.1269364953513403,3254.22330864787,0.31552437609673234,0 days 00:53:00
649,CLOSED,2024-12-23 06:35:00+00:00,95000.0,96000.0,2024-12-23 09:05:00+00:00,3258.4782407312705,36.6121150643963,36.6121150643963,3254.5343888297853,1.1249570811129366,3259.550653630326,0.31143267089555593,0 days 02:30:00
650,CLOSED,2024-12-23 13:41:00+00:00,95000.0,96000.0,2024-12-24 13:54:00+00:00,3258.4782407312705,36.6121150643963,36.6121150643963,3254.845821500681,1.124849442100944,3261.1325432033314,0.31143267089555593,1 days 00:13:00
651,CLOSED,2024-12-23 14:48:00+00:00,94000.0,95000.0,2024-12-23 22:58:00+00:00,3258.4782407312705,36.6121150643963,36.6121150643963,3249.756332470012,1.126611084609192,3255.8011065156743,0.31552437609673234,0 days 08:10:00
652,CLOSED,2024-12-23 16:19:00+00:00,93000.0,94000.0,2024-12-23 16:48:00+00:00,3258.4782407312705,36.6121150643963,36.6121150643963,3244.2777423441366,1.1285135852130341,3250.076393217833,0.3197040749581319,0 days 00:29:00
653,CLOSED,2024-12-23 18:48:00+00:00,93000.0,94000.0,2024-12-23 21:12:00+00:00,3258.4782407312705,36.6121150643963,36.6121150643963,3244.597446419095,1.1284023879388587,3250.396097292791,0.3197040749581319,0 days 02:24:00
654,CLOSED,2024-12-24 02:11:00+00:00,94000.0,95000.0,2024-12-24 13:33:00+00:00,3258.4782407312705,36.6121150643963,36.6121150643963,3250.711264996025,1.1262801300945768,3256.116630891771,0.31552437609673234,0 days 11:22:00
655,CLOSED,2024-12-24 19:38:00+00:00,98000.0,99000.0,2024-12-24 22:18:00+00:00,3258.4782407312705,36.6121150643963,36.6121150643963,3270.312692743223,1.1195294916488585,3274.1858903864563,0.29965858041874327,0 days 02:40:00
656,CLOSED,2024-12-25 01:36:00+00:00,98000.0,99000.0,2024-12-25 10:19:00+00:00,3258.4782407312705,36.6121150643963,36.6121150643963,3270.612351323642,1.1194269186190497,3274.4855489668753,0.29965858041874327,0 days 08:43:00
657,CLOSED,2024-12-25 11:59:00+00:00,98000.0,99000.0,2024-12-25 19:14:00+00:00,3258.4782407312705,36.6121150643963,36.6121150643963,3270.912009904061,1.1193243643833197,3274.7852075472942,0.29965858041874327,0 days 07:15:00
658,CLOSED,2024-12-26 07:05:00+00:00,98000.0,99000.0,2025-01-06 02:05:00+00:00,3258.4782407312705,36.6121150643963,36.6121150643963,3271.21166848448,1.1192218289365032,3279.8101544052097,0.29965858041874327,10 days 19:00:00
659,CLOSED,2024-12-26 08:06:00+00:00,97000.0,98000.0,2025-01-03 16:22:00+00:00,3258.4782407312705,36.6121150643963,36.6121150643963,3267.265246611118,1.1205737000499492,3275.937297216902,0.3035023556603136,8 days 08:16:00
660,CLOSED,2024-12-26 08:32:00+00:00,96000.0,97000.0,2024-12-27 09:05:00+00:00,3258.4782407312705,36.6121150643963,36.6121150643963,3262.941757697041,1.1220584914833676,3267.8844498742737,0.3074262095527587,1 days 00:33:00
661,CLOSED,2024-12-27 07:39:00+00:00,95000.0,96000.0,2024-12-27 08:11:00+00:00,3258.4782407312705,36.6121150643963,36.6121150643963,3258.2372739605753,1.1236786024454308,3263.253538761116,0.31143267089555593,0 days 00:32:00
662,CLOSED,2024-12-27 14:33:00+00:00,96000.0,97000.0,2025-01-02 14:31:00+00:00,3258.4782407312705,36.6121150643963,36.6121150643963,3263.5606165774893,1.1218457190107773,3271.6873769156614,0.3074262095527587,5 days 23:58:00
663,CLOSED,2024-12-27 15:17:00+00:00,95000.0,96000.0,2024-12-31 13:28:00+00:00,3258.4782407312705,36.6121150643963,36.6121150643963,3258.8561328410237,1.123465215154447,3266.106328193448,0.31143267089555593,3 days 22:11:00
664,CLOSED,2024-12-27 17:04:00+00:00,94000.0,95000.0,2024-12-28 14:15:00+00:00,3258.4782407312705,36.6121150643963,36.6121150643963,3253.7666438103547,1.12522252122916,3259.1720097061007,0.31552437609673234,0 days 21:11:00
665,CLOSED,2024-12-29 16:20:00+00:00,94000.0,95000.0,2024-12-30 20:24:00+00:00,3258.4782407312705,36.6121150643963,36.6121150643963,3254.0821681864513,1.1251134166904204,3260.131212793994,0.31552437609673234,1 days 04:04:00
666,CLOSED,2024-12-30 13:49:00+00:00,93000.0,94000.0,2024-12-30 17:44:00+00:00,3258.4782407312705,36.6121150643963,36.6121150643963,3248.603578060576,1.1270108581932246,3254.726203571111,0.3197040749581319,0 days 03:55:00
667,CLOSED,2024-12-30 14:59:00+00:00,92000.0,93000.0,2024-12-30 17:36:00+00:00,3258.4782407312705,36.6121150643963,36.6121150643963,3242.7317029567516,1.1290516273983766,3248.927913645114,0.32397463683825833,0 days 02:37:00
668,CLOSED,2024-12-30 21:11:00+00:00,94000.0,95000.0,2024-12-31 13:12:00+00:00,3258.4782407312705,36.6121150643963,36.6121150643963,3255.041371274345,1.124781865677569,3261.0904158818876,0.31552437609673234,0 days 16:01:00
669,CLOSED,2024-12-30 21:40:00+00:00,93000.0,94000.0,2024-12-31 08:29:00+00:00,3258.4782407312705,36.6121150643963,36.6121150643963,3249.5627811484696,1.1266781881178716,3255.6854066590045,0.3197040749581319,0 days 10:49:00
670,CLOSED,2024-12-30 21:54:00+00:00,92000.0,93000.0,2024-12-30 22:42:00+00:00,3258.4782407312705,36.6121150643963,36.6121150643963,3243.690906044645,1.128717751625758,3249.887116733008,0.32397463683825833,0 days 00:48:00
671,CLOSED,2024-12-31 15:08:00+00:00,95000.0,96000.0,2025-01-02 04:47:00+00:00,3258.4782407312705,36.6121150643963,36.6121150643963,3261.401496063803,1.1225884058918718,3267.0564658025037,0.31143267089555593,1 days 13:39:00
672,CLOSED,2024-12-31 17:35:00+00:00,94000.0,95000.0,2025-01-01 21:21:00+00:00,3258.4782407312705,36.6121150643963,36.6121150643963,3256.312007033134,1.1243429679133865,3262.0405534909432,0.31552437609673234,1 days 03:46:00
673,CLOSED,2025-01-01 09:26:00+00:00,93000.0,94000.0,2025-01-01 13:58:00+00:00,3293.9111878678123,37.01023806593047,37.01023806593047,3250.8334169072587,1.1384846074684705,3256.6359462695505,0.323180562063591,0 days 04:32:00
674,CLOSED,2025-01-07 11:37:00+00:00,101000.0,102000.0,2025-01-17 02:15:00+00:00,3293.9111878678123,37.01023806593047,37.01023806593047,3286.72824668447,1.1260510540615896,3299.3337877752083,0.2917220251956749,9 days 14:38:00
675,CLOSED,2025-01-07 14:57:00+00:00,100000.0,101000.0,2025-01-17 01:38:00+00:00,3293.9111878678123,37.01023806593047,37.01023806593047,3283.885912790106,1.127025696044515,3296.5658070790164,0.29537908010657077,9 days 10:41:00
676,CLOSED,2025-01-07 15:07:00+00:00,99000.0,100000.0,2025-01-15 20:03:00+00:00,3293.9111878678123,37.01023806593047,37.01023806593047,3280.6738466174634,1.1281291526156998,3292.8260707330514,0.2991100149146533,8 days 04:56:00
677,CLOSED,2025-01-07 15:35:00+00:00,98000.0,99000.0,2025-01-15 13:48:00+00:00,3293.9111878678123,37.01023806593047,37.01023806593047,3277.088313497065,1.1293634630931229,3289.3148983563815,0.30291709124943367,7 days 22:13:00
678,CLOSED,2025-01-07 17:38:00+00:00,97000.0,98000.0,2025-01-15 13:30:00+00:00,3293.9111878678123,37.01023806593047,37.01023806593047,3273.125502541688,1.1307307965182156,3285.4264520341953,0.30680266400349154,7 days 19:52:00
679,CLOSED,2025-01-08 06:32:00+00:00,96000.0,97000.0,2025-01-14 09:47:00+00:00,3293.9111878678123,37.01023806593047,37.01023806593047,3268.7815242891165,1.1322334573577637,3280.5353040129276,0.31076918618991556,6 days 03:15:00
680,CLOSED,2025-01-08 11:34:00+00:00,95000.0,96000.0,2025-01-08 15:06:00+00:00,3293.9111878678123,37.01023806593047,37.01023806593047,3264.052408246672,1.1338738916208457,3269.096695684857,0.31481921410659197,0 days 03:32:00
681,CLOSED,2025-01-08 15:15:00+00:00,95000.0,96000.0,2025-01-14 09:24:00+00:00,3293.9111878678123,37.01023806593047,37.01023806593047,3264.3672274607784,1.1337645395588432,3275.880560628248,0.31481921410659197,5 days 18:09:00
682,CLOSED,2025-01-08 17:09:00+00:00,94000.0,95000.0,2025-01-08 18:28:00+00:00,3293.9111878678123,37.01023806593047,37.01023806593047,3259.248919546461,1.1355449976211272,3265.0097197576447,0.3189554128300003,0 days 01:19:00
683,CLOSED,2025-01-08 17:29:00+00:00,93000.0,94000.0,2025-01-08 17:57:00+00:00,3293.9111878678123,37.01023806593047,37.01023806593047,3253.737279421209,1.1374685442493389,3259.572460659876,0.323180562063591,0 days 00:28:00
684,CLOSED,2025-01-08 18:53:00+00:00,94000.0,95000.0,2025-01-08 22:38:00+00:00,3293.9111878678123,37.01023806593047,37.01023806593047,3259.8910555213542,1.135321317049702,3265.3286751704745,0.3189554128300003,0 days 03:45:00
685,CLOSED,2025-01-09 02:07:00+00:00,94000.0,95000.0,2025-01-10 07:47:00+00:00,3293.9111878678123,37.01023806593047,37.01023806593047,3260.210010934184,1.1352102454076423,3266.9489868321666,0.3189554128300003,1 days 05:40:00
686,CLOSED,2025-01-09 08:07:00+00:00,93000.0,94000.0,2025-01-09 15:48:00+00:00,3293.9111878678123,37.01023806593047,37.01023806593047,3254.6983708089324,1.1371326571417995,3260.861049609967,0.323180562063591,0 days 07:41:00
687,CLOSED,2025-01-09 13:53:00+00:00,92000.0,93000.0,2025-01-09 15:15:00+00:00,3293.9111878678123,37.01023806593047,37.01023806593047,3248.7891690941333,1.1392009804148082,3255.026233243973,0.3274975623674763,0 days 01:22:00
688,CLOSED,2025-01-09 17:48:00+00:00,93000.0,94000.0,2025-01-10 05:33:00+00:00,3293.9111878678123,37.01023806593047,37.01023806593047,3255.3490489333635,1.1369053674307865,3261.511727734398,0.323180562063591,0 days 11:45:00
689,CLOSED,2025-01-09 19:58:00+00:00,92000.0,93000.0,2025-01-10 01:41:00+00:00,3293.9111878678123,37.01023806593047,37.01023806593047,3249.439847218565,1.1389728632031846,3255.676911368404,0.3274975623674763,0 days 05:43:00
690,CLOSED,2025-01-10 13:30:00+00:00,94000.0,95000.0,2025-01-10 17:54:00+00:00,3293.9111878678123,37.01023806593047,37.01023806593047,3261.830322595876,1.134646330606077,3267.9143033691234,0.3189554128300003,0 days 04:24:00
691,CLOSED,2025-01-10 13:37:00+00:00,93000.0,94000.0,2025-01-10 14:08:00+00:00,3293.9111878678123,37.01023806593047,37.01023806593047,3256.3186824706245,1.1365668312860022,3262.1538637092913,0.323180562063591,0 days 00:31:00
692,CLOSED,2025-01-10 15:09:00+00:00,93000.0,94000.0,2025-01-10 15:39:00+00:00,3293.9111878678123,37.01023806593047,37.01023806593047,3256.641863032688,1.1364540413868343,3262.4770442713548,0.323180562063591,0 days 00:30:00
693,CLOSED,2025-01-11 04:32:00+00:00,94000.0,95000.0,2025-01-11 21:54:00+00:00,3293.9111878678123,37.01023806593047,37.01023806593047,3262.795639132833,1.1343106390741298,3268.2332587819533,0.3189554128300003,0 days 17:22:00
694,CLOSED,2025-01-12 09:25:00+00:00,94000.0,95000.0,2025-01-12 15:19:00+00:00,3293.9111878678123,37.01023806593047,37.01023806593047,3263.114594545663,1.1341997650892663,3268.552214194783,0.3189554128300003,0 days 05:54:00
695,CLOSED,2025-01-12 22:13:00+00:00,94000.0,95000.0,2025-01-13 00:27:00+00:00,3293.9111878678123,37.01023806593047,37.01023806593047,3263.4335499584927,1.1340889127771945,3268.871169607613,0.3189554128300003,0 days 02:14:00
696,CLOSED,2025-01-13 02:47:00+00:00,94000.0,95000.0,2025-01-14 01:11:00+00:00,3293.9111878678123,37.01023806593047,37.01023806593047,3263.7525053713225,1.1339780821315604,3270.836629512036,0.3189554128300003,0 days 22:24:00
697,CLOSED,2025-01-13 08:22:00+00:00,93000.0,94000.0,2025-01-13 21:31:00+00:00,3293.9111878678123,37.01023806593047,37.01023806593047,3258.240865246071,1.1358963194126952,3265.399370414267,0.323180562063591,0 days 13:09:00
698,CLOSED,2025-01-13 10:28:00+00:00,92000.0,93000.0,2025-01-13 15:21:00+00:00,3293.9111878678123,37.01023806593047,37.01023806593047,3252.331663531272,1.1379601435158062,3259.2370564859057,0.3274975623674763,0 days 04:53:00
699,CLOSED,2025-01-13 11:42:00+00:00,91000.0,92000.0,2025-01-13 14:52:00+00:00,3293.9111878678123,37.01023806593047,37.01023806593047,3246.0205789053007,1.1401726257204423,3253.000361625035,0.33190944179891346,0 days 03:10:00
700,CLOSED,2025-01-13 14:34:00+00:00,90000.0,91000.0,2025-01-13 14:43:00+00:00,3293.9111878678123,37.01023806593047,37.01023806593047,3239.30319507243,1.1425370160542485,3246.3573720717004,0.3364193629954997,0 days 00:09:00
701,CLOSED,2025-01-13 15:30:00+00:00,92000.0,93000.0,2025-01-13 20:45:00+00:00,3293.9111878678123,37.01023806593047,37.01023806593047,3253.3274898984337,1.1376118199242802,3259.5645540482733,0.3274975623674763,0 days 05:15:00
702,CLOSED,2025-01-14 12:24:00+00:00,96000.0,97000.0,2025-01-14 13:30:00+00:00,3293.9111878678123,37.01023806593047,37.01023806593047,3276.1909776328043,1.1296727913179236,3280.846073199117,0.31076918618991556,0 days 01:06:00
703,CLOSED,2025-01-14 16:02:00+00:00,96000.0,97000.0,2025-01-14 19:26:00+00:00,3293.9111878678123,37.01023806593047,37.01023806593047,3276.5017468189944,1.1295656442686783,3281.1568423853078,0.31076918618991556,0 days 03:24:00
704,CLOSED,2025-01-16 08:47:00+00:00,99000.0,100000.0,2025-01-16 17:33:00+00:00,3293.9111878678123,37.01023806593047,37.01023806593047,3289.613668103699,1.1250633600165292,3293.4280978392158,0.2991100149146533,0 days 08:46:00
705,CLOSED,2025-01-16 14:45:00+00:00,98000.0,99000.0,2025-01-16 15:57:00+00:00,3293.9111878678123,37.01023806593047,37.01023806593047,3286.028134983301,1.1262909672597359,3289.916925462546,0.30291709124943367,0 days 01:12:00
706,CLOSED,2025-01-17 02:49:00+00:00,101000.0,102000.0,2025-01-17 08:31:00+00:00,3293.9111878678123,37.01023806593047,37.01023806593047,3296.8571963821723,1.1225914821710778,3299.625509800404,0.2917220251956749,0 days 05:42:00
707,CLOSED,2025-01-18 03:37:00+00:00,104000.0,105000.0,2025-01-19 02:24:00+00:00,3293.9111878678123,37.01023806593047,37.01023806593047,3304.348986972707,1.120046284815623,3306.3259887210334,0.2811728283373256,0 days 22:47:00
708,CLOSED,2025-01-18 04:19:00+00:00,103000.0,104000.0,2025-01-18 12:21:00+00:00,3293.9111878678123,37.01023806593047,37.01023806593047,3302.5825856959473,1.1206453466516832,3304.6339298735443,0.284620947698798,0 days 08:02:00
709,CLOSED,2025-01-19 09:14:00+00:00,104000.0,105000.0,2025-01-19 09:51:00+00:00,3293.9111878678123,37.01023806593047,37.01023806593047,3304.914780748743,1.1198545354789948,3306.6071615493706,0.2811728283373256,0 days 00:37:00
710,CLOSED,2025-01-19 21:26:00+00:00,105000.0,106000.0,2025-01-20 06:48:00+00:00,3293.9111878678123,37.01023806593047,37.01023806593047,3306.881247091991,1.1191886040200743,3310.826451286306,0.27779038743989304,0 days 09:22:00
711,CLOSED,2025-01-19 21:47:00+00:00,104000.0,105000.0,2025-01-20 06:45:00+00:00,3293.9111878678123,37.01023806593047,37.01023806593047,3305.4665697652827,1.119667595626554,3309.4861129372975,0.2811728283373256,0 days 08:58:00
712,CLOSED,2025-01-19 22:08:00+00:00,103000.0,104000.0,2025-01-19 22:14:00+00:00,3293.9111878678123,37.01023806593047,37.01023806593047,3303.696380632537,1.1202675367778308,3305.75151266612,0.284620947698798,0 days 00:06:00
713,CLOSED,2025-01-19 22:43:00+00:00,103000.0,104000.0,2025-01-20 06:43:00+00:00,3293.9111878678123,37.01023806593047,37.01023806593047,3303.981001580236,1.1201710314989441,3307.7902662338224,0.284620947698798,0 days 08:00:00
714,CLOSED,2025-01-19 22:48:00+00:00,102000.0,103000.0,2025-01-19 22:54:00+00:00,3293.9111878678123,37.01023806593047,37.01023806593047,3301.8518490705205,1.1208933579605924,3304.2694637298673,0.28813667724381986,0 days 00:06:00
715,CLOSED,2025-01-19 23:01:00+00:00,102000.0,103000.0,2025-01-20 06:37:00+00:00,3293.9111878678123,37.01023806593047,37.01023806593047,3302.1399857477645,1.1207955515413912,3305.735459672627,0.28813667724381986,0 days 07:36:00
716,CLOSED,2025-01-19 23:12:00+00:00,101000.0,102000.0,2025-01-20 02:34:00+00:00,3293.9111878678123,37.01023806593047,37.01023806593047,3299.648350612286,1.1216418882655426,3303.3181740746045,0.2917220251956749,0 days 03:22:00
717,CLOSED,2025-01-19 23:32:00+00:00,100000.0,101000.0,2025-01-19 23:34:00+00:00,3293.9111878678123,37.01023806593047,37.01023806593047,3296.790643914155,1.1226141439782058,3299.9440624144327,0.29537908010657077,0 days 00:02:00
718,CLOSED,2025-01-19 23:39:00+00:00,100000.0,101000.0,2025-01-19 23:43:00+00:00,3293.9111878678123,37.01023806593047,37.01023806593047,3297.086022994262,1.12251357131166,3300.2394414945393,0.29537908010657077,0 days 00:04:00
719,CLOSED,2025-01-20 00:39:00+00:00,100000.0,101000.0,2025-01-20 02:02:00+00:00,3293.9111878678123,37.01023806593047,37.01023806593047,3297.3814020743685,1.1224130166636923,3300.534820574646,0.29537908010657077,0 days 01:23:00
720,CLOSED,2025-01-20 06:56:00+00:00,109000.0,110000.0,2025-05-21 23:25:00+00:00,3293.9111878678123,37.01023806593047,37.01023806593047,3312.72306625093,1.117214971664252,3435.1582542893693,0.264881255207456,121 days 16:29:00
721,CLOSED,2025-01-20 06:56:00+00:00,108000.0,109000.0,2025-01-20 07:04:00+00:00,3293.9111878678123,37.01023806593047,37.01023806593047,3312.3468520878378,1.1173418642012742,3313.2626056521362,0.26801889151394676,0 days 00:08:00
722,CLOSED,2025-01-20 06:58:00+00:00,107000.0,108000.0,2025-01-20 07:00:00+00:00,3293.9111878678123,37.01023806593047,37.01023806593047,3311.628293222636,1.1175843056321637,3312.618375797013,0.2712151752280363,0 days 00:02:00
723,CLOSED,2025-01-20 07:22:00+00:00,108000.0,109000.0,2025-01-20 09:06:00+00:00,3293.9111878678123,37.01023806593047,37.01023806593047,3312.8860861545795,1.1171599959505392,3313.801839718878,0.26801889151394676,0 days 01:44:00
724,CLOSED,2025-01-20 07:59:00+00:00,107000.0,108000.0,2025-01-20 08:14:00+00:00,3293.9111878678123,37.01023806593047,37.01023806593047,3312.1675272893776,1.1174023584555528,3313.1576098637547,0.2712151752280363,0 days 00:15:00
725,CLOSED,2025-01-20 09:27:00+00:00,108000.0,109000.0,2025-05-21 14:59:00+00:00,3293.9111878678123,37.01023806593047,37.01023806593047,3313.4253202213213,1.1169781868950757,3434.296153374854,0.26801889151394676,121 days 05:32:00
726,CLOSED,2025-01-20 12:16:00+00:00,107000.0,108000.0,2025-01-20 13:36:00+00:00,3293.9111878678123,37.01023806593047,37.01023806593047,3312.7067613561194,1.1172204705127486,3313.9713156966786,0.2712151752280363,0 days 01:20:00
727,CLOSED,2025-01-20 12:18:00+00:00,106000.0,107000.0,2025-01-20 12:30:00+00:00,3293.9111878678123,37.01023806593047,37.01023806593047,3311.64265830561,1.1175794578291436,3312.981544916099,0.2744717661820246,0 days 00:12:00
728,CLOSED,2025-01-20 15:17:00+00:00,107000.0,108000.0,2025-05-21 14:49:00+00:00,3293.9111878678123,37.01023806593047,37.01023806593047,3313.2524482975296,1.117036466235698,3433.651923519731,0.2712151752280363,120 days 23:32:00
729,CLOSED,2025-01-20 15:45:00+00:00,106000.0,107000.0,2025-01-20 16:43:00+00:00,3293.9111878678123,37.01023806593047,37.01023806593047,3312.18834524702,1.11739533529366,3314.0861950732865,0.2744717661820246,0 days 00:58:00
730,CLOSED,2025-01-20 15:56:00+00:00,105000.0,106000.0,2025-01-20 16:38:00+00:00,3293.9111878678123,37.01023806593047,37.01023806593047,3310.775438160399,1.1178721951161648,3312.7476235785384,0.27779038743989304,0 days 00:42:00
731,CLOSED,2025-01-20 16:13:00+00:00,104000.0,105000.0,2025-01-20 16:15:00+00:00,3293.9111878678123,37.01023806593047,37.01023806593047,3309.010405094465,1.118468470481401,3311.0569294903044,0.2811728283373256,0 days 00:02:00
732,CLOSED,2025-01-20 17:04:00+00:00,106000.0,107000.0,2025-01-21 18:36:00+00:00,3293.9111878678123,37.01023806593047,37.01023806593047,3313.0217802289794,1.1171142395379154,3320.0645140756974,0.2744717661820246,1 days 01:32:00
733,CLOSED,2025-01-20 17:04:00+00:00,105000.0,106000.0,2025-01-21 16:11:00+00:00,3293.9111878678123,37.01023806593047,37.01023806593047,3311.6088731423583,1.1175908594184845,3318.4481521935095,0.27779038743989304,0 days 23:07:00
734,CLOSED,2025-01-20 17:05:00+00:00,104000.0,105000.0,2025-01-20 17:09:00+00:00,3293.9111878678123,37.01023806593047,37.01023806593047,3309.8438400764244,1.1181868346113848,3312.4631220972065,0.2811728283373256,0 days 00:04:00
735,CLOSED,2025-01-20 17:06:00+00:00,103000.0,104000.0,2025-01-20 17:08:00+00:00,3293.9111878678123,37.01023806593047,37.01023806593047,3307.723295204453,1.1189036918410928,3310.416919654506,0.284620947698798,0 days 00:02:00
736,CLOSED,2025-01-20 17:06:00+00:00,102000.0,103000.0,2025-01-20 17:07:00+00:00,3293.9111878678123,37.01023806593047,37.01023806593047,3305.243786955512,1.1197430643995225,3308.0117573540842,0.28813667724381986,0 days 00:01:00
737,CLOSED,2025-01-20 17:14:00+00:00,104000.0,105000.0,2025-01-20 17:21:00+00:00,3293.9111878678123,37.01023806593047,37.01023806593047,3310.6977705297045,1.117898419945742,3312.7442949255437,0.2811728283373256,0 days 00:07:00
738,CLOSED,2025-01-20 17:33:00+00:00,104000.0,105000.0,2025-01-21 14:22:00+00:00,3293.9111878678123,37.01023806593047,37.01023806593047,3310.9789433580418,1.1178034864937607,3316.1916643292393,0.2811728283373256,0 days 20:49:00
739,CLOSED,2025-01-20 17:37:00+00:00,103000.0,104000.0,2025-01-20 17:52:00+00:00,3293.9111878678123,37.01023806593047,37.01023806593047,3308.85839848607,1.118519852129788,3312.1354669865145,0.284620947698798,0 days 00:15:00
740,CLOSED,2025-01-20 17:39:00+00:00,102000.0,103000.0,2025-01-20 17:50:00+00:00,3293.9111878678123,37.01023806593047,37.01023806593047,3306.3788902371293,1.1193586486779241,3309.730304686093,0.28813667724381986,0 days 00:11:00
741,CLOSED,2025-01-20 17:42:00+00:00,101000.0,102000.0,2025-01-20 17:43:00+00:00,3293.9111878678123,37.01023806593047,37.01023806593047,3303.536899362425,1.1203216187194205,3306.6709413236495,0.2917220251956749,0 days 00:01:00
742,CLOSED,2025-01-20 17:44:00+00:00,101000.0,102000.0,2025-01-20 17:46:00+00:00,3293.9111878678123,37.01023806593047,37.01023806593047,3303.828621387621,1.1202226963693422,3306.962663348845,0.2917220251956749,0 days 00:02:00
743,CLOSED,2025-01-20 17:57:00+00:00,103000.0,104000.0,2025-01-20 18:10:00+00:00,3293.9111878678123,37.01023806593047,37.01023806593047,3310.0146001614044,1.1181291485580083,3312.4200879342134,0.284620947698798,0 days 00:13:00
744,CLOSED,2025-01-20 19:32:00+00:00,103000.0,104000.0,2025-01-20 20:23:00+00:00,3293.9111878678123,37.01023806593047,37.01023806593047,3310.299221109103,1.1180330113339523,3312.704708881912,0.284620947698798,0 days 00:51:00
745,CLOSED,2025-01-20 21:48:00+00:00,103000.0,104000.0,2025-01-21 12:15:00+00:00,3293.9111878678123,37.01023806593047,37.01023806593047,3310.583842056802,1.1179368906403147,3314.1454618865387,0.284620947698798,0 days 14:27:00
746,CLOSED,2025-01-20 22:03:00+00:00,102000.0,103000.0,2025-01-20 22:16:00+00:00,3293.9111878678123,37.01023806593047,37.01023806593047,3308.104333807861,1.1187748127438617,3310.8723042064335,0.28813667724381986,0 days 00:13:00
747,CLOSED,2025-01-20 23:52:00+00:00,102000.0,103000.0,2025-01-21 03:21:00+00:00,3293.9111878678123,37.01023806593047,37.01023806593047,3308.392470485105,1.1186773756773696,3311.452162908873,0.28813667724381986,0 days 03:29:00
748,CLOSED,2025-01-21 01:26:00+00:00,101000.0,102000.0,2025-01-21 02:10:00+00:00,3293.9111878678123,37.01023806593047,37.01023806593047,3305.550479610401,1.1196391733909499,3308.6845215716253,0.2917220251956749,0 days 00:44:00
749,CLOSED,2025-01-21 04:35:00+00:00,102000.0,103000.0,2025-01-21 10:27:00+00:00,3293.9111878678123,37.01023806593047,37.01023806593047,3308.972329187545,1.118481340550153,3311.740299586117,0.28813667724381986,0 days 05:52:00
750,CLOSED,2025-01-21 14:35:00+00:00,104000.0,105000.0,2025-01-21 16:09:00+00:00,3293.9111878678123,37.01023806593047,37.01023806593047,3314.4263127617373,1.11664084741989,3316.7574581052754,0.2811728283373256,0 days 01:34:00
751,CLOSED,2025-01-21 15:02:00+00:00,103000.0,104000.0,2025-01-21 15:41:00+00:00,3293.9111878678123,37.01023806593047,37.01023806593047,3312.305767889766,1.1173557231556341,3314.711255662575,0.284620947698798,0 days 00:39:00
752,CLOSED,2025-01-21 16:37:00+00:00,105000.0,106000.0,2025-01-21 17:46:00+00:00,3293.9111878678123,37.01023806593047,37.01023806593047,3317.0349299911472,1.1157626870703243,3318.7259425809493,0.27779038743989304,0 days 01:09:00
753,CLOSED,2025-01-21 20:43:00+00:00,106000.0,107000.0,2025-01-24 18:27:00+00:00,3293.9111878678123,37.01023806593047,37.01023806593047,3319.0000992313903,1.1151020475865987,3324.8415952171417,0.2744717661820246,2 days 21:44:00
754,CLOSED,2025-01-22 08:02:00+00:00,105000.0,106000.0,2025-01-23 14:50:00+00:00,3293.9111878678123,37.01023806593047,37.01023806593047,3317.5871921447692,1.1155769516340555,3320.4133080161887,0.27779038743989304,1 days 06:48:00
755,CLOSED,2025-01-22 13:53:00+00:00,104000.0,105000.0,2025-01-22 15:15:00+00:00,3293.9111878678123,37.01023806593047,37.01023806593047,3315.8221590788353,1.1161707802873313,3317.8686834746745,0.2811728283373256,0 days 01:22:00
756,CLOSED,2025-01-22 15:36:00+00:00,104000.0,105000.0,2025-01-23 14:40:00+00:00,3293.9111878678123,37.01023806593047,37.01023806593047,3316.1033319071726,1.1160761400232053,3318.7226139279546,0.2811728283373256,0 days 23:04:00
757,CLOSED,2025-01-23 01:49:00+00:00,103000.0,104000.0,2025-01-23 14:34:00+00:00,3293.9111878678123,37.01023806593047,37.01023806593047,3313.982787035201,1.1167902926569229,3316.676411485254,0.284620947698798,0 days 12:45:00
758,CLOSED,2025-01-23 04:18:00+00:00,102000.0,103000.0,2025-01-23 14:31:00+00:00,3293.9111878678123,37.01023806593047,37.01023806593047,3311.50327878626,1.1176264961904416,3314.2712491848324,0.28813667724381986,0 days 10:13:00
759,CLOSED,2025-01-23 14:54:00+00:00,105000.0,106000.0,2025-01-23 16:10:00+00:00,3293.9111878678123,37.01023806593047,37.01023806593047,3319.0000858138264,1.1151020520945687,3321.2568921796646,0.27779038743989304,0 days 01:16:00
760,CLOSED,2025-01-23 15:07:00+00:00,104000.0,105000.0,2025-01-23 15:36:00+00:00,3293.9111878678123,37.01023806593047,37.01023806593047,3317.2350527478925,1.1156953751369643,3319.5661980914306,0.2811728283373256,0 days 00:29:00
761,CLOSED,2025-01-23 15:08:00+00:00,103000.0,104000.0,2025-01-23 15:21:00+00:00,3293.9111878678123,37.01023806593047,37.01023806593047,3315.114507875921,1.1164090404118163,3317.51999564873,0.284620947698798,0 days 00:13:00
762,CLOSED,2025-01-23 17:00:00+00:00,105000.0,106000.0,2025-01-23 17:51:00+00:00,3293.9111878678123,37.01023806593047,37.01023806593047,3319.8436699773024,1.1148187006704298,3321.5346825671045,0.27779038743989304,0 days 00:51:00
763,CLOSED,2025-01-23 19:05:00+00:00,105000.0,106000.0,2025-01-23 20:20:00+00:00,3293.9111878678123,37.01023806593047,37.01023806593047,3320.1214603647422,1.1147254251916614,3322.374818611219,0.27779038743989304,0 days 01:15:00
764,CLOSED,2025-01-23 19:49:00+00:00,104000.0,105000.0,2025-01-23 20:12:00+00:00,3293.9111878678123,37.01023806593047,37.01023806593047,3318.3564272988083,1.1153183474042105,3320.4029516946475,0.2811728283373256,0 days 00:23:00
765,CLOSED,2025-01-23 20:17:00+00:00,104000.0,105000.0,2025-01-23 20:20:00+00:00,3293.9111878678123,37.01023806593047,37.01023806593047,3318.6376001271456,1.1152238516345538,3320.684124522985,0.2811728283373256,0 days 00:03:00
766,CLOSED,2025-01-23 20:30:00+00:00,105000.0,106000.0,2025-01-24 14:44:00+00:00,3293.9111878678123,37.01023806593047,37.01023806593047,3320.9615964088566,1.1144434222290234,3323.5030237223937,0.27779038743989304,0 days 18:14:00
767,CLOSED,2025-01-23 20:49:00+00:00,104000.0,105000.0,2025-01-24 05:11:00+00:00,3293.9111878678123,37.01023806593047,37.01023806593047,3319.1965633429227,1.1150360444051461,3321.8123296341596,0.2811728283373256,0 days 08:22:00
768,CLOSED,2025-01-23 20:54:00+00:00,103000.0,104000.0,2025-01-23 22:21:00+00:00,3293.9111878678123,37.01023806593047,37.01023806593047,3317.076018470951,1.1157488661652928,3319.48150624376,0.284620947698798,0 days 01:27:00
769,CLOSED,2025-01-24 02:47:00+00:00,103000.0,104000.0,2025-01-24 03:36:00+00:00,3293.9111878678123,37.01023806593047,37.01023806593047,3317.36063941865,1.1156531378034413,3319.766127191459,0.284620947698798,0 days 00:49:00
770,CLOSED,2025-01-24 19:09:00+00:00,106000.0,107000.0,2025-05-19 00:08:00+00:00,3293.9111878678123,37.01023806593047,37.01023806593047,3323.7771803728347,1.1134993730770772,3430.6275057710554,0.2744717661820246,114 days 04:59:00
771,CLOSED,2025-01-24 20:35:00+00:00,105000.0,106000.0,2025-01-30 14:52:00+00:00,3293.9111878678123,37.01023806593047,37.01023806593047,3322.3642732862136,1.1139729127090252,3329.3040621776972,0.27779038743989304,5 days 18:17:00
772,CLOSED,2025-01-26 23:01:00+00:00,104000.0,105000.0,2025-01-30 03:47:00+00:00,3293.9111878678123,37.01023806593047,37.01023806593047,3320.5992402202796,1.114565034456712,3327.613368089463,0.2811728283373256,3 days 04:46:00
773,CLOSED,2025-01-26 23:17:00+00:00,103000.0,104000.0,2025-01-29 20:24:00+00:00,3293.9111878678123,37.01023806593047,37.01023806593047,3318.478695348308,1.1152772539359597,3325.5671656467625,0.284620947698798,2 days 21:07:00
774,CLOSED,2025-01-27 00:47:00+00:00,102000.0,103000.0,2025-01-28 04:28:00+00:00,3293.9111878678123,37.01023806593047,37.01023806593047,3315.999187099367,1.1161111923644578,3321.4295979349254,0.28813667724381986,1 days 03:41:00
775,CLOSED,2025-01-27 02:02:00+00:00,101000.0,102000.0,2025-01-27 14:51:00+00:00,3293.9111878678123,37.01023806593047,37.01023806593047,3313.157196224663,1.117068580630692,3317.484023452265,0.2917220251956749,0 days 12:49:00
776,CLOSED,2025-01-27 05:50:00+00:00,100000.0,101000.0,2025-01-27 13:08:00+00:00,3293.9111878678123,37.01023806593047,37.01023806593047,3309.949133787307,1.118151263659531,3314.054935132974,0.29537908010657077,0 days 07:18:00
777,CLOSED,2025-01-27 06:45:00+00:00,99000.0,100000.0,2025-01-27 12:54:00+00:00,3293.9111878678123,37.01023806593047,37.01023806593047,3306.3713390716716,1.1193612050944592,3310.5514973501804,0.2991100149146533,0 days 06:09:00
778,CLOSED,2025-01-27 07:29:00+00:00,98000.0,99000.0,2025-01-27 07:42:00+00:00,3293.9111878678123,37.01023806593047,37.01023806593047,3302.4200774082806,1.120700492318224,3306.674596430518,0.30291709124943367,0 days 00:13:00
779,CLOSED,2025-01-27 13:53:00+00:00,100000.0,101000.0,2025-01-27 14:31:00+00:00,3293.9111878678123,37.01023806593047,37.01023806593047,3310.8465399735774,1.117848188343572,3314.3503142130808,0.29537908010657077,0 days 00:38:00
780,CLOSED,2025-01-27 15:19:00+00:00,101000.0,102000.0,2025-01-27 21:08:00+00:00,3293.9111878678123,37.01023806593047,37.01023806593047,3314.6417035162362,1.1165682862998223,3318.370234572482,0.2917220251956749,0 days 05:49:00
781,CLOSED,2025-01-27 16:38:00+00:00,100000.0,101000.0,2025-01-27 20:45:00+00:00,3293.9111878678123,37.01023806593047,37.01023806593047,3311.4336410788796,1.1176499992876914,3315.236525333298,0.29537908010657077,0 days 04:07:00
782,CLOSED,2025-01-27 18:50:00+00:00,99000.0,100000.0,2025-01-27 20:20:00+00:00,3293.9111878678123,37.01023806593047,37.01023806593047,3307.855846363245,1.1188588555520227,3311.733087550504,0.2991100149146533,0 days 01:30:00
783,CLOSED,2025-01-27 21:43:00+00:00,101000.0,102000.0,2025-01-27 23:08:00+00:00,3293.9111878678123,37.01023806593047,37.01023806593047,3315.5279146364533,1.1162698375286833,3318.6619565976775,0.2917220251956749,0 days 01:25:00
784,CLOSED,2025-01-28 14:13:00+00:00,102000.0,103000.0,2025-01-28 15:01:00+00:00,3293.9111878678123,37.01023806593047,37.01023806593047,3318.949764213597,1.1151189591656805,3321.7177346121694,0.28813667724381986,0 days 00:48:00
785,CLOSED,2025-01-28 16:25:00+00:00,102000.0,103000.0,2025-01-28 17:10:00+00:00,3293.9111878678123,37.01023806593047,37.01023806593047,3319.237900890841,1.1150221578271746,3322.0058712894133,0.28813667724381986,0 days 00:45:00
786,CLOSED,2025-01-28 19:05:00+00:00,102000.0,103000.0,2025-01-29 08:05:00+00:00,3293.9111878678123,37.01023806593047,37.01023806593047,3319.526037568085,1.114925373293487,3322.585729991853,0.28813667724381986,0 days 13:00:00
787,CLOSED,2025-01-28 21:37:00+00:00,101000.0,102000.0,2025-01-29 02:04:00+00:00,3293.9111878678123,37.01023806593047,37.01023806593047,3316.684046693381,1.115880727403878,3319.818088654605,0.2917220251956749,0 days 04:27:00
788,CLOSED,2025-01-29 13:05:00+00:00,102000.0,103000.0,2025-01-29 18:55:00+00:00,3293.9111878678123,37.01023806593047,37.01023806593047,3320.1058962705247,1.114730650835688,3322.873866669097,0.28813667724381986,0 days 05:50:00
789,CLOSED,2025-01-29 19:03:00+00:00,102000.0,103000.0,2025-01-29 19:40:00+00:00,3293.9111878678123,37.01023806593047,37.01023806593047,3320.3940329477687,1.114633916899123,3323.162003346341,0.28813667724381986,0 days 00:37:00
790,CLOSED,2025-01-30 17:38:00+00:00,105000.0,106000.0,2025-01-31 15:55:00+00:00,3293.9111878678123,37.01023806593047,37.01023806593047,3327.890839975335,1.1121229585224248,3329.8630253934743,0.27779038743989304,0 days 22:17:00
791,CLOSED,2025-01-31 03:05:00+00:00,104000.0,105000.0,2025-01-31 13:06:00+00:00,3293.9111878678123,37.01023806593047,37.01023806593047,3326.1258069094006,1.1127131147309182,3328.1723313052403,0.2811728283373256,0 days 10:01:00
792,CLOSED,2025-01-31 16:26:00+00:00,105000.0,106000.0,2025-05-18 23:50:00+00:00,3293.9111878678123,37.01023806593047,37.01023806593047,3328.449803191112,1.1119361941540276,3429.2889342763074,0.27779038743989304,107 days 07:24:00
793,CLOSED,2025-01-31 18:29:00+00:00,104000.0,105000.0,2025-05-12 01:07:00+00:00,3293.9111878678123,37.01023806593047,37.01023806593047,3326.6847701251777,1.1125261521108245,3424.0423251910843,0.2811728283373256,100 days 06:38:00
794,CLOSED,2025-01-31 18:45:00+00:00,103000.0,104000.0,2025-05-08 21:21:00+00:00,3293.9111878678123,37.01023806593047,37.01023806593047,3324.5642252532066,1.1132357674068303,3421.4047349257335,0.284620947698798,97 days 02:36:00
795,CLOSED,2025-01-31 20:16:00+00:00,102000.0,103000.0,2025-05-08 21:18:00+00:00,3293.9111878678123,37.01023806593047,37.01023806593047,3322.0847170042657,1.1140666544863116,3418.999572625312,0.28813667724381986,97 days 01:02:00
796,CLOSED,2025-02-01 20:47:00+00:00,101000.0,102000.0,2025-02-03 22:06:00+00:00,3332.0215863565245,37.438444790522745,37.438444790522745,3319.2427261295616,1.1279212723975218,3326.4913065390274,0.29509723539232624,2 days 01:19:00
797,CLOSED,2025-02-02 03:10:00+00:00,100000.0,101000.0,2025-02-03 19:35:00+00:00,3332.0215863565245,37.438444790522745,37.438444790522745,3316.030000054611,1.129014055660117,3323.353793925276,0.2987966022576103,1 days 16:25:00
798,CLOSED,2025-02-02 11:28:00+00:00,99000.0,100000.0,2025-02-03 19:00:00+00:00,3332.0215863565245,37.438444790522745,37.438444790522745,3312.4432639162023,1.1302365597731143,3319.842275025947,0.3025707038070422,1 days 07:32:00
799,CLOSED,2025-02-02 17:17:00+00:00,98000.0,99000.0,2025-02-03 15:43:00+00:00,3332.0215863565245,37.438444790522745,37.438444790522745,3308.478739834908,1.1315909133631281,3315.9529720387104,0.3064218278370774,0 days 22:26:00
800,CLOSED,2025-02-02 18:44:00+00:00,97000.0,98000.0,2025-02-02 19:39:00+00:00,3332.0215863565245,37.438444790522745,37.438444790522745,3304.1325728317183,1.1330793775758559,3308.789440330335,0.310352356486284,0 days 00:55:00
801,CLOSED,2025-02-02 21:29:00+00:00,97000.0,98000.0,2025-02-02 22:59:00+00:00,3332.0215863565245,37.438444790522745,37.438444790522745,3304.4429251882048,1.1329729590772228,3309.0997926868213,0.310352356486284,0 days 01:30:00
802,CLOSED,2025-02-02 23:24:00+00:00,97000.0,98000.0,2025-02-03 15:25:00+00:00,3332.0215863565245,37.438444790522745,37.438444790522745,3304.753277544691,1.132866560566304,3311.682030064042,0.310352356486284,0 days 16:01:00
803,CLOSED,2025-02-03 00:43:00+00:00,96000.0,97000.0,2025-02-03 15:17:00+00:00,3332.0215863565245,37.438444790522745,37.438444790522745,3300.021533156494,1.1344909242065644,3307.025514720797,0.31436477114901606,0 days 14:34:00
804,CLOSED,2025-02-03 01:35:00+00:00,95000.0,96000.0,2025-02-03 14:33:00+00:00,3332.0215863565245,37.438444790522745,37.438444790522745,3294.9001949521958,1.1362542892157594,3301.9794096624382,0.3184616576993946,0 days 12:58:00
805,CLOSED,2025-02-03 01:44:00+00:00,94000.0,95000.0,2025-02-03 07:48:00+00:00,3332.0215863565245,37.438444790522745,37.438444790522745,3289.3851619442576,1.1381593503751928,3296.539613988683,0.32264571204870407,0 days 06:04:00
806,CLOSED,2025-02-03 01:49:00+00:00,93000.0,94000.0,2025-02-03 02:12:00+00:00,3332.0215863565245,37.438444790522745,37.438444790522745,3283.4722458900887,1.140208961333062,3290.3750198009475,0.32691974606144925,0 days 00:23:00
807,CLOSED,2025-02-03 01:55:00+00:00,92000.0,93000.0,2025-02-03 01:56:00+00:00,3332.0215863565245,37.438444790522745,37.438444790522745,3277.1571684773635,1.1424061424529552,3283.803901678179,0.33128669385708065,0 days 00:01:00
808,CLOSED,2025-02-03 02:07:00+00:00,92000.0,93000.0,2025-02-03 02:08:00+00:00,3332.0215863565245,37.438444790522745,37.438444790522745,3277.4884551712207,1.1422906686811474,3284.1351883720363,0.33128669385708065,0 days 00:01:00
809,CLOSED,2025-02-03 04:34:00+00:00,93000.0,94000.0,2025-02-03 05:56:00+00:00,3332.0215863565245,37.438444790522745,37.438444790522745,3284.4617390238645,1.139865456360876,3290.701939547009,0.32691974606144925,0 days 01:22:00
810,CLOSED,2025-02-04 00:55:00+00:00,101000.0,102000.0,2025-05-08 20:39:00+00:00,3332.0215863565245,37.438444790522745,37.438444790522745,3323.64855458905,1.126426099980712,3416.232363302013,0.29509723539232624,93 days 19:44:00
811,CLOSED,2025-02-04 05:01:00+00:00,100000.0,101000.0,2025-05-08 15:40:00+00:00,3332.0215863565245,37.438444790522745,37.438444790522745,3320.4358285140993,1.127515986576874,3413.0948506882614,0.2987966022576103,93 days 10:39:00
812,CLOSED,2025-02-04 05:16:00+00:00,99000.0,100000.0,2025-02-04 14:33:00+00:00,3332.0215863565245,37.438444790522745,37.438444790522745,3316.849092375691,1.1287352468516283,3321.045161395242,0.3025707038070422,0 days 09:17:00
813,CLOSED,2025-02-04 08:43:00+00:00,98000.0,99000.0,2025-02-04 11:04:00+00:00,3332.0215863565245,37.438444790522745,37.438444790522745,3312.8845682943966,1.130086002658328,3317.1558584080053,0.3064218278370774,0 days 02:21:00
814,CLOSED,2025-02-04 15:16:00+00:00,99000.0,100000.0,2025-02-04 19:15:00+00:00,3332.0215863565245,37.438444790522745,37.438444790522745,3317.4580849073354,1.1285280426253974,3321.347732099049,0.3025707038070422,0 days 03:59:00
815,CLOSED,2025-02-04 19:52:00+00:00,99000.0,100000.0,2025-02-07 14:45:00+00:00,3332.0215863565245,37.438444790522745,37.438444790522745,3317.7606556111427,1.1284251239523624,3324.121411954814,0.3025707038070422,2 days 18:53:00
816,CLOSED,2025-02-04 20:25:00+00:00,98000.0,99000.0,2025-02-04 20:54:00+00:00,3332.0215863565245,37.438444790522745,37.438444790522745,3313.7961315298485,1.1297751371699167,3318.0674216434572,0.3064218278370774,0 days 00:29:00
817,CLOSED,2025-02-04 21:01:00+00:00,98000.0,99000.0,2025-02-05 14:41:00+00:00,3332.0215863565245,37.438444790522745,37.438444790522745,3314.102553357686,1.1296706781928627,3318.684195827781,0.3064218278370774,0 days 17:40:00
818,CLOSED,2025-02-04 21:32:00+00:00,97000.0,98000.0,2025-02-04 23:52:00+00:00,3332.0215863565245,37.438444790522745,37.438444790522745,3309.756386354496,1.1311540917293619,3314.4132538531126,0.310352356486284,0 days 02:20:00
819,CLOSED,2025-02-05 15:04:00+00:00,98000.0,99000.0,2025-02-06 10:50:00+00:00,3332.0215863565245,37.438444790522745,37.438444790522745,3314.7193275420095,1.1294604788841889,3319.3009700121047,0.3064218278370774,0 days 19:46:00
820,CLOSED,2025-02-05 18:13:00+00:00,97000.0,98000.0,2025-02-06 06:16:00+00:00,3332.0215863565245,37.438444790522745,37.438444790522745,3310.37316053882,1.1309433400683142,3315.0300280374363,0.310352356486284,0 days 12:03:00
821,CLOSED,2025-02-06 14:31:00+00:00,98000.0,99000.0,2025-02-07 14:06:00+00:00,3332.0215863565245,37.438444790522745,37.438444790522745,3315.3361017263333,1.129250357785086,3320.2321089675775,0.3064218278370774,0 days 23:35:00
822,CLOSED,2025-02-06 15:45:00+00:00,97000.0,98000.0,2025-02-07 12:47:00+00:00,3332.0215863565245,37.438444790522745,37.438444790522745,3310.9899347231435,1.1307326669252846,3315.961166992909,0.310352356486284,0 days 21:02:00
823,CLOSED,2025-02-06 18:31:00+00:00,96000.0,97000.0,2025-02-06 20:47:00+00:00,3332.0215863565245,37.438444790522745,37.438444790522745,3306.2581903349464,1.132350912580423,3311.3046516496643,0.31436477114901606,0 days 02:16:00
824,CLOSED,2025-02-07 15:02:00+00:00,99000.0,100000.0,2025-05-08 15:21:00+00:00,3332.0215863565245,37.438444790522745,37.438444790522745,3320.5343354669076,1.1274825376939956,3409.5833317889324,0.3025707038070422,90 days 00:19:00
825,CLOSED,2025-02-07 15:19:00+00:00,98000.0,99000.0,2025-02-07 15:51:00+00:00,3332.0215863565245,37.438444790522745,37.438444790522745,3316.5698113856133,1.1288302951440519,3320.841101499222,0.3064218278370774,0 days 00:32:00
826,CLOSED,2025-02-07 15:57:00+00:00,98000.0,99000.0,2025-02-21 13:01:00+00:00,3332.0215863565245,37.438444790522745,37.438444790522745,3316.8762332134506,1.1287260108060073,3326.806683206868,0.3064218278370774,13 days 21:04:00
827,CLOSED,2025-02-07 19:40:00+00:00,97000.0,98000.0,2025-02-10 13:55:00+00:00,3332.0215863565245,37.438444790522745,37.438444790522745,3312.530066210261,1.130206942796285,3318.448489680024,0.310352356486284,2 days 18:15:00
828,CLOSED,2025-02-07 20:37:00+00:00,96000.0,97000.0,2025-02-09 02:00:00+00:00,3332.0215863565245,37.438444790522745,37.438444790522745,3307.798321822064,1.1318236829475201,3312.8447831367816,0.31436477114901606,1 days 05:23:00
829,CLOSED,2025-02-09 13:48:00+00:00,96000.0,97000.0,2025-02-10 00:06:00+00:00,3332.0215863565245,37.438444790522745,37.438444790522745,3308.112686593213,1.131716127514323,3313.4776095656302,0.31436477114901606,0 days 10:18:00
830,CLOSED,2025-02-09 21:44:00+00:00,95000.0,96000.0,2025-02-09 22:41:00+00:00,3332.0215863565245,37.438444790522745,37.438444790522745,3302.9913483889145,1.1334708705423624,3308.4315045072713,0.3184616576993946,0 days 00:57:00
831,CLOSED,2025-02-10 01:41:00+00:00,96000.0,97000.0,2025-02-10 03:36:00+00:00,3332.0215863565245,37.438444790522745,37.438444790522745,3308.7455130220615,1.1314996769373216,3313.7919743367793,0.31436477114901606,0 days 01:55:00
832,CLOSED,2025-02-10 15:26:00+00:00,97000.0,98000.0,2025-02-11 00:42:00+00:00,3332.0215863565245,37.438444790522745,37.438444790522745,3314.101974537894,1.1296708754938967,3318.7588420365105,0.310352356486284,0 days 09:16:00
833,CLOSED,2025-02-11 13:50:00+00:00,97000.0,98000.0,2025-02-12 22:32:00+00:00,3332.0215863565245,37.438444790522745,37.438444790522745,3314.4123268943804,1.129565096253511,3320.020482479545,0.310352356486284,1 days 08:42:00
834,CLOSED,2025-02-11 17:53:00+00:00,96000.0,97000.0,2025-02-12 16:57:00+00:00,3332.0215863565245,37.438444790522745,37.438444790522745,3309.6805825061833,1.1311799993150184,3315.3639671363003,0.31436477114901606,0 days 23:04:00
835,CLOSED,2025-02-11 19:27:00+00:00,95000.0,96000.0,2025-02-11 21:35:00+00:00,3332.0215863565245,37.438444790522745,37.438444790522745,3304.559244301885,1.1329330788993592,3309.9994004202417,0.3184616576993946,0 days 02:08:00
836,CLOSED,2025-02-12 13:32:00+00:00,95000.0,96000.0,2025-02-12 16:50:00+00:00,3332.0215863565245,37.438444790522745,37.438444790522745,3304.8777059595845,1.1328239082193916,3310.3178620779413,0.3184616576993946,0 days 03:18:00
837,CLOSED,2025-02-13 04:52:00+00:00,97000.0,98000.0,2025-02-14 17:43:00+00:00,3332.0215863565245,37.438444790522745,37.438444790522745,3315.673967337415,1.1291352877070397,3320.6451996071805,0.310352356486284,1 days 12:51:00
838,CLOSED,2025-02-13 06:46:00+00:00,96000.0,97000.0,2025-02-14 03:49:00+00:00,3332.0215863565245,37.438444790522745,37.438444790522745,3310.942222949218,1.1307489611574826,3315.9886842639357,0.31436477114901606,0 days 21:03:00
839,CLOSED,2025-02-14 21:08:00+00:00,97000.0,98000.0,2025-02-20 14:33:00+00:00,3332.0215863565245,37.438444790522745,37.438444790522745,3316.2986844650504,1.1289225836593157,3322.225388875713,0.310352356486284,5 days 17:25:00
840,CLOSED,2025-02-17 05:00:00+00:00,96000.0,97000.0,2025-02-17 14:17:00+00:00,3332.0215863565245,37.438444790522745,37.438444790522745,3311.5669400768534,1.1305356487721758,3316.613401391571,0.31436477114901606,0 days 09:17:00
841,CLOSED,2025-02-17 15:47:00+00:00,96000.0,97000.0,2025-02-20 01:03:00+00:00,3332.0215863565245,37.438444790522745,37.438444790522745,3311.8813048480024,1.1304283379878244,3317.5688735324684,0.31436477114901606,2 days 09:16:00
842,CLOSED,2025-02-18 16:36:00+00:00,95000.0,96000.0,2025-02-19 09:56:00+00:00,3332.0215863565245,37.438444790522745,37.438444790522745,3306.759966643704,1.1321790867246413,3312.5227684741094,0.3184616576993946,0 days 17:20:00
843,CLOSED,2025-02-18 18:00:00+00:00,94000.0,95000.0,2025-02-18 21:07:00+00:00,3332.0215863565245,37.438444790522745,37.438444790522745,3301.244933635766,1.134070495923203,3307.082972800354,0.32264571204870407,0 days 03:07:00
844,CLOSED,2025-02-20 14:57:00+00:00,97000.0,98000.0,2025-02-20 18:00:00+00:00,3332.0215863565245,37.438444790522745,37.438444790522745,3317.878873733583,1.1283849174515994,3322.5357412321996,0.310352356486284,0 days 03:03:00
845,CLOSED,2025-02-21 15:25:00+00:00,98000.0,99000.0,2025-05-08 03:44:00+00:00,3332.0215863565245,37.438444790522745,37.438444790522745,3322.8418149210966,1.1266995805339517,3405.694028801696,0.3064218278370774,75 days 12:19:00
846,CLOSED,2025-02-21 17:45:00+00:00,97000.0,98000.0,2025-05-08 01:00:00+00:00,3332.0215863565245,37.438444790522745,37.438444790522745,3318.495647917907,1.1281751963125943,3401.4230868270274,0.310352356486284,75 days 07:15:00
847,CLOSED,2025-02-21 19:26:00+00:00,96000.0,97000.0,2025-05-01 15:09:00+00:00,3332.0215863565245,37.438444790522745,37.438444790522745,3313.7639035297098,1.1297861247943637,3395.1310573446217,0.31436477114901606,68 days 19:43:00
848,CLOSED,2025-02-21 20:56:00+00:00,95000.0,96000.0,2025-02-21 23:25:00+00:00,3332.0215863565245,37.438444790522745,37.438444790522745,3308.6425653254114,1.1315348833046461,3314.082721443768,0.3184616576993946,0 days 02:29:00
849,CLOSED,2025-02-24 14:50:00+00:00,95000.0,96000.0,2025-05-01 10:17:00+00:00,3332.0215863565245,37.438444790522745,37.438444790522745,3308.961026983111,1.131425981908787,3390.0849522862627,0.3184616576993946,65 days 19:27:00
850,CLOSED,2025-02-24 15:46:00+00:00,94000.0,95000.0,2025-02-24 17:20:00+00:00,3332.0215863565245,37.438444790522745,37.438444790522745,3303.445993975173,1.1333148735836156,3309.284033139761,0.32264571204870407,0 days 01:34:00
851,CLOSED,2025-02-24 19:42:00+00:00,94000.0,95000.0,2025-03-02 17:47:00+00:00,3332.0215863565245,37.438444790522745,37.438444790522745,3303.7686396872214,1.133204194167397,3323.3473781772227,0.32264571204870407,5 days 22:05:00
852,CLOSED,2025-02-24 22:17:00+00:00,93000.0,94000.0,2025-03-02 17:40:00+00:00,3332.0215863565245,37.438444790522745,37.438444790522745,3297.8557236330525,1.1352359814358108,3317.509703735549,0.32691974606144925,5 days 19:23:00
853,CLOSED,2025-02-24 23:33:00+00:00,92000.0,93000.0,2025-03-02 17:31:00+00:00,3332.0215863565245,37.438444790522745,37.438444790522745,3291.5406462203273,1.1374140201948675,3311.2698723066374,0.33128669385708065,5 days 17:58:00
854,CLOSED,2025-02-25 00:14:00+00:00,91000.0,92000.0,2025-02-25 00:20:00+00:00,3332.0215863565245,37.438444790522745,37.438444790522745,3284.819036129931,1.1397414706483047,3291.87676940048,0.33574961852733765,0 days 00:06:00
855,CLOSED,2025-02-25 07:06:00+00:00,91000.0,92000.0,2025-03-02 17:17:00+00:00,3332.0215863565245,37.438444790522745,37.438444790522745,3285.1547857484584,1.1396249867110333,3304.6235126674474,0.33574961852733765,5 days 10:11:00
856,CLOSED,2025-02-25 07:24:00+00:00,90000.0,91000.0,2025-03-02 16:39:00+00:00,3332.0215863565245,37.438444790522745,37.438444790522745,3278.0221755883285,1.1421046834072566,3297.5661575251906,0.3403117193013685,5 days 09:15:00
857,CLOSED,2025-02-25 07:25:00+00:00,89000.0,90000.0,2025-02-25 08:16:00+00:00,3332.0215863565245,37.438444790522745,37.438444790522745,3270.4739986910245,1.1447406340948474,3278.367534725104,0.3449763391939271,0 days 00:51:00
858,CLOSED,2025-02-25 09:21:00+00:00,89000.0,90000.0,2025-03-02 16:35:00+00:00,3332.0215863565245,37.438444790522745,37.438444790522745,3270.8189750302186,1.1446198972285482,3290.0932403150487,0.3449763391939271,5 days 07:14:00
859,CLOSED,2025-02-25 10:01:00+00:00,88000.0,89000.0,2025-02-25 11:47:00+00:00,3332.0215863565245,37.438444790522745,37.438444790522745,3262.8505621065574,1.147415245592853,3271.523736853287,0.34974697317495895,0 days 01:46:00
860,CLOSED,2025-02-25 10:23:00+00:00,87000.0,88000.0,2025-02-25 10:30:00+00:00,3332.0215863565245,37.438444790522745,37.438444790522745,3254.4571377471498,1.1503744927622233,3263.20558184164,0.3546272769026686,0 days 00:07:00
861,CLOSED,2025-02-25 14:41:00+00:00,88000.0,89000.0,2025-02-25 20:35:00+00:00,3332.0215863565245,37.438444790522745,37.438444790522745,3263.554936356635,1.1471675985426568,3272.228111103365,0.34974697317495895,0 days 05:54:00
862,CLOSED,2025-02-25 15:00:00+00:00,87000.0,88000.0,2025-02-25 19:56:00+00:00,3332.0215863565245,37.438444790522745,37.438444790522745,3255.1615119972275,1.1501255668125703,3263.909956091718,0.3546272769026686,0 days 04:56:00
863,CLOSED,2025-02-25 20:59:00+00:00,88000.0,89000.0,2025-02-25 22:03:00+00:00,3332.0215863565245,37.438444790522745,37.438444790522745,3264.259310606713,1.1469200583688994,3272.57785807654,0.34974697317495895,0 days 01:04:00
864,CLOSED,2025-02-26 12:50:00+00:00,88000.0,89000.0,2025-03-02 16:17:00+00:00,3332.0215863565245,37.438444790522745,37.438444790522745,3264.609057579888,1.146797185518946,3282.2000918539597,0.34974697317495895,4 days 03:27:00
865,CLOSED,2025-02-26 14:00:00+00:00,87000.0,88000.0,2025-02-26 15:01:00+00:00,3332.0215863565245,37.438444790522745,37.438444790522745,3256.2156332204804,1.149753241418326,3265.323698391037,0.3546272769026686,0 days 01:01:00
866,CLOSED,2025-02-26 14:21:00+00:00,86000.0,87000.0,2025-02-26 14:47:00+00:00,3332.0215863565245,37.438444790522745,37.438444790522745,3247.3923122364085,1.1528771762331267,3256.575651753524,0.3596210760659204,0 days 00:26:00
867,CLOSED,2025-02-26 16:10:00+00:00,87000.0,88000.0,2025-03-02 15:37:00+00:00,3332.0215863565245,37.438444790522745,37.438444790522745,3256.929881573449,1.1495010992510508,3273.524697528249,0.3546272769026686,3 days 23:27:00
868,CLOSED,2025-02-26 17:52:00+00:00,86000.0,87000.0,2025-02-27 10:56:00+00:00,3332.0215863565245,37.438444790522745,37.438444790522745,3248.1065605893773,1.152623662190733,3259.879783823159,0.3596210760659204,0 days 17:04:00
869,CLOSED,2025-02-26 18:36:00+00:00,85000.0,86000.0,2025-02-27 06:20:00+00:00,3332.0215863565245,37.438444790522745,37.438444790522745,3238.848344182681,1.1559184256887547,3250.696846879438,0.3647323763859447,0 days 11:44:00
870,CLOSED,2025-02-26 18:38:00+00:00,84000.0,85000.0,2025-02-26 18:45:00+00:00,3332.0215863565245,37.438444790522745,37.438444790522745,3229.1501159366235,1.15939003906183,3239.218717368645,0.36996537433263654,0 days 00:07:00
871,CLOSED,2025-02-26 18:52:00+00:00,84000.0,85000.0,2025-02-26 19:17:00+00:00,3332.0215863565245,37.438444790522745,37.438444790522745,3229.5200813109564,1.1592572223711142,3239.5886827429777,0.36996537433263654,0 days 00:25:00
872,CLOSED,2025-02-26 19:44:00+00:00,84000.0,85000.0,2025-02-26 21:21:00+00:00,3332.0215863565245,37.438444790522745,37.438444790522745,3229.8900466852892,1.1591244361071786,3240.333972585926,0.36996537433263654,0 days 01:37:00
873,CLOSED,2025-02-26 20:16:00+00:00,83000.0,84000.0,2025-02-26 20:41:00+00:00,3332.0215863565245,37.438444790522745,37.438444790522745,3219.746568363687,1.1627761376743824,3230.265784329994,0.37532446861538915,0 days 00:25:00
874,CLOSED,2025-02-26 21:34:00+00:00,84000.0,85000.0,2025-02-26 22:03:00+00:00,3332.0215863565245,37.438444790522745,37.438444790522745,3230.6353365282375,1.1588570324608505,3240.703937960259,0.36996537433263654,0 days 00:29:00
875,CLOSED,2025-02-26 23:22:00+00:00,84000.0,85000.0,2025-02-27 01:24:00+00:00,3332.0215863565245,37.438444790522745,37.438444790522745,3231.0053019025704,1.1587243378547598,3241.0739033345917,0.36996537433263654,0 days 02:02:00
876,CLOSED,2025-02-27 13:50:00+00:00,86000.0,87000.0,2025-03-02 15:28:00+00:00,3332.0215863565245,37.438444790522745,37.438444790522745,3251.0560653821094,1.1515779499829222,3264.776650890736,0.3596210760659204,3 days 01:38:00
877,CLOSED,2025-02-27 14:58:00+00:00,85000.0,86000.0,2025-02-27 15:39:00+00:00,3332.0215863565245,37.438444790522745,37.438444790522745,3241.797848975413,1.1548667293475858,3251.4212003318903,0.3647323763859447,0 days 00:41:00
878,CLOSED,2025-02-27 16:26:00+00:00,85000.0,86000.0,2025-03-01 04:32:00+00:00,3332.0215863565245,37.438444790522745,37.438444790522745,3242.1625813517994,1.154736810728135,3255.226295103504,0.3647323763859447,1 days 12:06:00
879,CLOSED,2025-02-27 19:30:00+00:00,84000.0,85000.0,2025-02-28 18:52:00+00:00,3332.0215863565245,37.438444790522745,37.438444790522745,3232.464353105742,1.1582013195150012,3245.233386184325,0.36996537433263654,0 days 23:22:00
880,CLOSED,2025-02-27 20:16:00+00:00,83000.0,84000.0,2025-02-27 21:16:00+00:00,3332.0215863565245,37.438444790522745,37.438444790522745,3222.3208747841395,1.1618471978843732,3232.8400907504465,0.37532446861538915,0 days 01:00:00
881,CLOSED,2025-02-28 01:30:00+00:00,83000.0,84000.0,2025-02-28 15:24:00+00:00,3332.0215863565245,37.438444790522745,37.438444790522745,3222.696199252755,1.1617118858179551,3235.1651979283934,0.37532446861538915,0 days 13:54:00
882,CLOSED,2025-02-28 01:32:00+00:00,82000.0,83000.0,2025-02-28 15:10:00+00:00,3332.0215863565245,37.438444790522745,37.438444790522745,3212.1021063968665,1.1655434214237612,3224.6464006334745,0.3808142725147974,0 days 13:38:00
883,CLOSED,2025-02-28 02:32:00+00:00,81000.0,82000.0,2025-02-28 14:06:00+00:00,3332.0215863565245,37.438444790522745,37.438444790522745,3201.051903707494,1.1695669397663038,3213.6714991360573,0.38643962712777835,0 days 11:34:00
884,CLOSED,2025-02-28 02:44:00+00:00,80000.0,81000.0,2025-02-28 03:00:00+00:00,3332.0215863565245,37.438444790522745,37.438444790522745,3189.5399601990384,1.1737882345950121,3201.4445393972346,0.39220561560608047,0 days 00:16:00
885,CLOSED,2025-02-28 04:02:00+00:00,80000.0,81000.0,2025-02-28 13:05:00+00:00,3332.0215863565245,37.438444790522745,37.438444790522745,3189.9321658146446,1.173643916059943,3202.234862591317,0.39220561560608047,0 days 09:03:00
886,CLOSED,2025-02-28 07:36:00+00:00,79000.0,80000.0,2025-02-28 09:27:00+00:00,3332.0215863565245,37.438444790522745,37.438444790522745,3177.952709726867,1.1780680271274533,3190.330719385136,0.3981175784762314,0 days 01:51:00
887,CLOSED,2025-02-28 20:19:00+00:00,84000.0,85000.0,2025-03-01 02:27:00+00:00,3332.0215863565245,37.438444790522745,37.438444790522745,3235.5347501266365,1.157102231371721,3245.603351558658,0.36996537433263654,0 days 06:08:00
888,CLOSED,2025-03-01 06:32:00+00:00,85000.0,86000.0,2025-03-01 21:57:00+00:00,3356.5638727864866,37.71420081782569,37.71420081782569,3245.967676123413,1.1618785083795695,3255.593992668231,0.3674188435109471,0 days 15:25:00
889,CLOSED,2025-03-02 15:49:00+00:00,87000.0,88000.0,2025-03-02 16:03:00+00:00,3356.5638727864866,37.71420081782569,37.71420081782569,3265.130880710661,1.1550593895218417,3273.882215489024,0.35723931406391074,0 days 00:14:00
890,CLOSED,2025-03-02 17:48:00+00:00,94000.0,95000.0,2025-04-25 14:12:00+00:00,3356.5638727864866,37.71420081782569,37.71420081782569,3317.831984724683,1.1367121961407955,3382.3367382225147,0.3250221862927276,53 days 20:24:00
891,CLOSED,2025-03-02 18:34:00+00:00,93000.0,94000.0,2025-03-02 20:22:00+00:00,3356.5638727864866,37.71420081782569,37.71420081782569,3311.915862273303,1.1387427213183676,3318.1616798350583,0.32932770106399545,0 days 01:48:00
892,CLOSED,2025-03-03 01:13:00+00:00,93000.0,94000.0,2025-04-23 07:58:00+00:00,3356.5638727864866,37.71420081782569,37.71420081782569,3312.245189974367,1.1386294991681325,3374.822903470018,0.32932770106399545,51 days 06:45:00
893,CLOSED,2025-03-03 06:44:00+00:00,92000.0,93000.0,2025-03-03 12:02:00+00:00,3356.5638727864866,37.71420081782569,37.71420081782569,3305.923944010976,1.1408066687725493,3312.579288601177,0.33372681398245874,0 days 05:18:00
894,CLOSED,2025-03-03 14:38:00+00:00,92000.0,93000.0,2025-04-22 21:49:00+00:00,3356.5638727864866,37.71420081782569,37.71420081782569,3306.2576708249585,1.140691518105891,3368.5774577210905,0.33372681398245874,50 days 07:11:00
895,CLOSED,2025-03-03 14:43:00+00:00,91000.0,92000.0,2025-03-06 02:56:00+00:00,3356.5638727864866,37.71420081782569,37.71420081782569,3299.526897833122,1.1430184382674227,3314.1213170841324,0.3382226107013224,2 days 12:13:00
896,CLOSED,2025-03-03 14:56:00+00:00,90000.0,91000.0,2025-03-03 15:23:00+00:00,3356.5638727864866,37.71420081782569,37.71420081782569,3292.3820975158233,1.1454989032494711,3299.870097060564,0.3428183140139609,0 days 00:27:00
897,CLOSED,2025-03-03 15:59:00+00:00,90000.0,91000.0,2025-03-03 17:43:00+00:00,3356.5638727864866,37.71420081782569,37.71420081782569,3292.7249158298373,1.1453796409324677,3300.212915374578,0.3428183140139609,0 days 01:44:00
898,CLOSED,2025-03-03 18:05:00+00:00,90000.0,91000.0,2025-03-05 23:45:00+00:00,3356.5638727864866,37.71420081782569,37.71420081782569,3293.0677341438513,1.1452604034466003,3306.709507767884,0.3428183140139609,2 days 05:40:00
899,CLOSED,2025-03-03 18:18:00+00:00,89000.0,90000.0,2025-03-05 10:33:00+00:00,3356.5638727864866,37.71420081782569,37.71420081782569,3285.504306197475,1.1478968615772338,3297.822213129043,0.3475172915583187,1 days 16:15:00
900,CLOSED,2025-03-03 18:27:00+00:00,88000.0,89000.0,2025-03-05 10:25:00+00:00,3356.5638727864866,37.71420081782569,37.71420081782569,3277.5175469407955,1.150694093248342,3289.911272701692,0.3523230640468853,1 days 15:58:00
901,CLOSED,2025-03-03 18:39:00+00:00,87000.0,88000.0,2025-03-04 19:14:00+00:00,3356.5638727864866,37.71420081782569,37.71420081782569,3269.102645790741,1.153656061133047,3280.8577166740088,0.35723931406391074,1 days 00:35:00
902,CLOSED,2025-03-03 19:54:00+00:00,86000.0,87000.0,2025-03-03 22:54:00+00:00,3356.5638727864866,37.71420081782569,37.71420081782569,3260.2546815761225,1.1567869538214517,3269.4653160706985,0.3622698954766861,0 days 03:00:00
903,CLOSED,2025-03-03 23:05:00+00:00,86000.0,87000.0,2025-03-04 19:02:00+00:00,3356.5638727864866,37.71420081782569,37.71420081782569,3260.6169514715994,1.156658429344309,3272.0855812455065,0.3622698954766861,0 days 19:57:00
904,CLOSED,2025-03-04 01:38:00+00:00,85000.0,86000.0,2025-03-04 18:13:00+00:00,3356.5638727864866,37.71420081782569,37.71420081782569,3251.330888575388,1.1599619389815674,3262.875352289514,0.3674188435109471,0 days 16:35:00
905,CLOSED,2025-03-04 01:41:00+00:00,84000.0,85000.0,2025-03-04 17:36:00+00:00,3356.5638727864866,37.71420081782569,37.71420081782569,3241.6015728954476,1.1634434389831196,3253.221875826611,0.3726903855460151,0 days 15:55:00
906,CLOSED,2025-03-04 01:45:00+00:00,83000.0,84000.0,2025-03-04 02:53:00+00:00,3356.5638727864866,37.71420081782569,37.71420081782569,3231.4237276129234,1.1671078755643554,3241.980078067511,0.37808895269036213,0 days 01:08:00
907,CLOSED,2025-03-04 13:20:00+00:00,83000.0,84000.0,2025-03-04 14:36:00+00:00,3356.5638727864866,37.71420081782569,37.71420081782569,3231.8018165656135,1.166971335448533,3242.358167020201,0.37808895269036213,0 days 01:16:00
908,CLOSED,2025-03-04 15:00:00+00:00,83000.0,84000.0,2025-03-04 17:15:00+00:00,3356.5638727864866,37.71420081782569,37.71420081782569,3232.1799055183037,1.1668348272766687,3243.1198751650954,0.37808895269036213,0 days 02:15:00
909,CLOSED,2025-03-04 15:20:00+00:00,82000.0,83000.0,2025-03-04 15:41:00+00:00,3356.5638727864866,37.71420081782569,37.71420081782569,3221.548126662081,1.1706856248924715,3232.563946465656,0.3836191922040797,0 days 00:21:00
910,CLOSED,2025-03-04 20:58:00+00:00,87000.0,88000.0,2025-03-04 21:24:00+00:00,3356.5638727864866,37.71420081782569,37.71420081782569,3272.44242017509,1.1524786680832666,3281.2149559880727,0.35723931406391074,0 days 00:26:00
911,CLOSED,2025-03-05 00:17:00+00:00,87000.0,88000.0,2025-03-05 09:07:00+00:00,3356.5638727864866,37.71420081782569,37.71420081782569,3272.799659489154,1.15235287037742,3281.5721953021366,0.35723931406391074,0 days 08:50:00
912,CLOSED,2025-03-05 14:36:00+00:00,89000.0,90000.0,2025-03-05 17:29:00+00:00,3356.5638727864866,37.71420081782569,37.71420081782569,3290.2583995655573,1.1462382657485333,3298.8743765486947,0.3475172915583187,0 days 02:53:00
913,CLOSED,2025-03-05 15:28:00+00:00,88000.0,89000.0,2025-03-05 16:19:00+00:00,3356.5638727864866,37.71420081782569,37.71420081782569,3282.2716403088775,1.1490274100006117,3290.6111130572967,0.3523230640468853,0 days 00:51:00
914,CLOSED,2025-03-05 16:20:00+00:00,88000.0,89000.0,2025-03-05 16:58:00+00:00,3356.5638727864866,37.71420081782569,37.71420081782569,3282.623963372924,1.1489040852268084,3290.9634361213434,0.3523230640468853,0 days 00:38:00
915,CLOSED,2025-03-05 18:08:00+00:00,89000.0,90000.0,2025-03-05 19:04:00+00:00,3356.5638727864866,37.71420081782569,37.71420081782569,3291.310562985209,1.1458718372543677,3299.221893840253,0.3475172915583187,0 days 00:56:00
916,CLOSED,2025-03-06 00:57:00+00:00,90000.0,91000.0,2025-03-06 01:46:00+00:00,3356.5638727864866,37.71420081782569,37.71420081782569,3299.5643265371573,1.1430054724044787,3307.052326081898,0.3428183140139609,0 days 00:49:00
917,CLOSED,2025-03-06 09:05:00+00:00,91000.0,92000.0,2025-04-22 21:49:00+00:00,3356.5638727864866,37.71420081782569,37.71420081782569,3307.3901677791714,1.1403009292716686,3361.9224894440135,0.3382226107013224,47 days 12:44:00
918,CLOSED,2025-03-06 12:49:00+00:00,90000.0,91000.0,2025-03-06 15:08:00+00:00,3356.5638727864866,37.71420081782569,37.71420081782569,3300.245367461873,1.1427696010018382,3307.7333670066137,0.3428183140139609,0 days 02:19:00
919,CLOSED,2025-03-06 16:28:00+00:00,90000.0,91000.0,2025-03-07 00:13:00+00:00,3356.5638727864866,37.71420081782569,37.71420081782569,3300.588185775887,1.142650906294752,3308.776025676232,0.3428183140139609,0 days 07:45:00
920,CLOSED,2025-03-06 17:01:00+00:00,89000.0,90000.0,2025-03-06 22:00:00+00:00,3356.5638727864866,37.71420081782569,37.71420081782569,3293.0247578295107,1.1452753499091144,3301.2884117486014,0.3475172915583187,0 days 04:59:00
921,CLOSED,2025-03-06 19:30:00+00:00,88000.0,89000.0,2025-03-06 19:48:00+00:00,3356.5638727864866,37.71420081782569,37.71420081782569,3285.037998572831,1.1480598043069956,3293.37747132125,0.3523230640468853,0 days 00:18:00
922,CLOSED,2025-03-07 00:15:00+00:00,90000.0,91000.0,2025-03-07 14:48:00+00:00,3356.5638727864866,37.71420081782569,37.71420081782569,3301.630844445506,1.1422900558756932,3311.6103690045256,0.3428183140139609,0 days 14:33:00
923,CLOSED,2025-03-07 00:15:00+00:00,89000.0,90000.0,2025-03-07 13:30:00+00:00,3356.5638727864866,37.71420081782569,37.71420081782569,3294.0674164991296,1.1449128402450124,3303.7752377853362,0.3475172915583187,0 days 13:15:00
924,CLOSED,2025-03-07 00:20:00+00:00,88000.0,89000.0,2025-03-07 09:28:00+00:00,3356.5638727864866,37.71420081782569,37.71420081782569,3286.08065724245,1.147695530074845,3295.864297357985,0.3523230640468853,0 days 09:08:00
925,CLOSED,2025-03-07 00:23:00+00:00,87000.0,88000.0,2025-03-07 01:41:00+00:00,3356.5638727864866,37.71420081782569,37.71420081782569,3277.665756092395,1.150642061281692,3287.1679806443653,0.35723931406391074,0 days 01:18:00
926,CLOSED,2025-03-07 00:36:00+00:00,86000.0,87000.0,2025-03-07 01:18:00+00:00,3356.5638727864866,37.71420081782569,37.71420081782569,3268.817791877777,1.1537565939446481,3278.395845215864,0.3622698954766861,0 days 00:42:00
927,CLOSED,2025-03-07 00:54:00+00:00,85000.0,86000.0,2025-03-07 01:05:00+00:00,3356.5638727864866,37.71420081782569,37.71420081782569,3259.5317289815657,1.1570435250712967,3269.185616259871,0.3674188435109471,0 days 00:11:00
928,CLOSED,2025-03-07 03:36:00+00:00,87000.0,88000.0,2025-03-07 05:08:00+00:00,3356.5638727864866,37.71420081782569,37.71420081782569,3278.7526841454473,1.1502606158797632,3287.5252199584293,0.35723931406391074,0 days 01:32:00
929,CLOSED,2025-03-07 14:27:00+00:00,89000.0,90000.0,2025-03-07 14:43:00+00:00,3356.5638727864866,37.71420081782569,37.71420081782569,3296.2114242218504,1.1441681362028844,3304.1227550768945,0.3475172915583187,0 days 00:16:00
930,CLOSED,2025-03-07 15:13:00+00:00,90000.0,91000.0,2025-04-22 15:02:00+00:00,3356.5638727864866,37.71420081782569,37.71420081782569,3304.465187773799,1.1413102779041093,3354.8534984417793,0.3428183140139609,45 days 23:49:00
931,CLOSED,2025-03-07 15:30:00+00:00,89000.0,90000.0,2025-04-22 13:41:00+00:00,3356.5638727864866,37.71420081782569,37.71420081782569,3296.9017598274227,1.1439285597578694,3347.365884514148,0.3475172915583187,45 days 22:11:00
932,CLOSED,2025-03-07 16:21:00+00:00,88000.0,89000.0,2025-03-07 18:53:00+00:00,3356.5638727864866,37.71420081782569,37.71420081782569,3288.915000570743,1.146706461288326,3297.611712633226,0.3523230640468853,0 days 02:32:00
933,CLOSED,2025-03-07 16:42:00+00:00,87000.0,88000.0,2025-03-07 17:45:00+00:00,3356.5638727864866,37.71420081782569,37.71420081782569,3280.5000994206885,1.1496479096124927,3289.2726352336704,0.35723931406391074,0 days 01:03:00
934,CLOSED,2025-03-07 19:36:00+00:00,88000.0,89000.0,2025-04-22 12:56:00+00:00,3356.5638727864866,37.71420081782569,37.71420081782569,3289.6245629488535,1.146459120065005,3339.454944086797,0.3523230640468853,45 days 17:20:00
935,CLOSED,2025-03-07 20:39:00+00:00,87000.0,88000.0,2025-03-07 20:52:00+00:00,3356.5638727864866,37.71420081782569,37.71420081782569,3281.209661798799,1.1493992979756835,3289.982197611781,0.35723931406391074,0 days 00:13:00
936,CLOSED,2025-03-07 20:56:00+00:00,87000.0,88000.0,2025-03-24 14:04:00+00:00,3356.5638727864866,37.71420081782569,37.71420081782569,3281.566901112863,1.1492741715866235,3306.052909221624,0.35723931406391074,16 days 17:08:00
937,CLOSED,2025-03-07 21:06:00+00:00,86000.0,87000.0,2025-03-07 21:24:00+00:00,3356.5638727864866,37.71420081782569,37.71420081782569,3272.7189368982445,1.1523812935054465,3281.9295713928204,0.3622698954766861,0 days 00:18:00
938,CLOSED,2025-03-07 21:55:00+00:00,86000.0,87000.0,2025-03-19 23:43:00+00:00,3356.5638727864866,37.71420081782569,37.71420081782569,3273.0812067937213,1.1522537460893052,3295.8109758250775,0.3622698954766861,12 days 01:48:00
939,CLOSED,2025-03-09 10:48:00+00:00,85000.0,86000.0,2025-03-19 22:41:00+00:00,3356.5638727864866,37.71420081782569,37.71420081782569,3263.79514389751,1.1555321077164393,3286.6007468690846,0.3674188435109471,10 days 11:53:00
940,CLOSED,2025-03-09 13:50:00+00:00,84000.0,85000.0,2025-03-14 15:32:00+00:00,3356.5638727864866,37.71420081782569,37.71420081782569,3254.0658282175696,1.1589870275760166,3273.9222954399206,0.3726903855460151,5 days 01:42:00
941,CLOSED,2025-03-09 14:17:00+00:00,83000.0,84000.0,2025-03-10 09:24:00+00:00,3356.5638727864866,37.71420081782569,37.71420081782569,3243.8879829350453,1.162623401801383,3255.6123330018736,0.37808895269036213,0 days 19:07:00
942,CLOSED,2025-03-09 21:24:00+00:00,82000.0,83000.0,2025-03-10 09:17:00+00:00,3356.5638727864866,37.71420081782569,37.71420081782569,3233.2562040788225,1.1664464068838223,3245.056404302434,0.3836191922040797,0 days 11:53:00
943,CLOSED,2025-03-09 22:32:00+00:00,81000.0,82000.0,2025-03-10 02:14:00+00:00,3356.5638727864866,37.71420081782569,37.71420081782569,3222.1649558736117,1.170461516846843,3234.0410119264684,0.38928598084159916,0 days 03:42:00
944,CLOSED,2025-03-09 23:07:00+00:00,80000.0,81000.0,2025-03-09 23:17:00+00:00,3356.5638727864866,37.71420081782569,37.71420081782569,3210.6085658583143,1.1746745217987449,3222.5604835546887,0.3950944391950557,0 days 00:10:00
945,CLOSED,2025-03-10 09:30:00+00:00,83000.0,84000.0,2025-03-12 12:30:00+00:00,3356.5638727864866,37.71420081782569,37.71420081782569,3245.434071499976,1.162069540990396,3261.1232120877385,0.37808895269036213,2 days 03:00:00
946,CLOSED,2025-03-10 10:25:00+00:00,82000.0,83000.0,2025-03-10 11:54:00+00:00,3356.5638727864866,37.71420081782569,37.71420081782569,3234.8022926437534,1.1658888984835751,3245.8181124473285,0.3836191922040797,0 days 01:29:00
947,CLOSED,2025-03-10 13:51:00+00:00,82000.0,83000.0,2025-03-11 18:46:00+00:00,3356.5638727864866,37.71420081782569,37.71420081782569,3235.1859118359575,1.16575065067661,3250.183664196095,0.3836191922040797,1 days 04:55:00
948,CLOSED,2025-03-10 14:02:00+00:00,81000.0,82000.0,2025-03-11 11:33:00+00:00,3356.5638727864866,37.71420081782569,37.71420081782569,3224.0946636307467,1.1697609640082538,3237.994605419251,0.38928598084159916,0 days 21:31:00
949,CLOSED,2025-03-10 14:16:00+00:00,80000.0,81000.0,2025-03-10 15:37:00+00:00,3356.5638727864866,37.71420081782569,37.71420081782569,3212.5382736154493,1.1739689182093833,3224.4901913118238,0.3950944391950557,0 days 01:21:00
950,CLOSED,2025-03-10 16:00:00+00:00,80000.0,81000.0,2025-03-11 08:28:00+00:00,3356.5638727864866,37.71420081782569,37.71420081782569,3212.9333680546442,1.1738245552431346,3226.5140770474713,0.3950944391950557,0 days 16:28:00
951,CLOSED,2025-03-10 16:52:00+00:00,79000.0,80000.0,2025-03-11 04:19:00+00:00,3356.5638727864866,37.71420081782569,37.71420081782569,3200.906021956634,1.1782351796374184,3214.5625985544484,0.40104994712707054,0 days 11:27:00
952,CLOSED,2025-03-10 18:53:00+00:00,78000.0,79000.0,2025-03-10 19:31:00+00:00,3356.5638727864866,37.71420081782569,37.71420081782569,3188.40175830651,1.182855978534438,3201.3136254347037,0.4071581603906935,0 days 00:38:00
953,CLOSED,2025-03-11 00:21:00+00:00,78000.0,79000.0,2025-03-11 01:51:00+00:00,3356.5638727864866,37.71420081782569,37.71420081782569,3188.808916466901,1.1827049473886893,3202.1342086236386,0.4071581603906935,0 days 01:30:00
954,CLOSED,2025-03-11 00:34:00+00:00,77000.0,78000.0,2025-03-11 01:30:00+00:00,3356.5638727864866,37.71420081782569,37.71420081782569,3175.8216209370717,1.1875415347382634,3189.2227930862655,0.41342502854426755,0 days 00:56:00
955,CLOSED,2025-03-11 13:07:00+00:00,81000.0,82000.0,2025-03-11 13:27:00+00:00,3356.5638727864866,37.71420081782569,37.71420081782569,3226.902929786431,1.1687429599973052,3238.3838914000926,0.38928598084159916,0 days 00:20:00
956,CLOSED,2025-03-11 13:34:00+00:00,81000.0,82000.0,2025-03-11 18:03:00+00:00,3356.5638727864866,37.71420081782569,37.71420081782569,3227.2922157672724,1.168601982602289,3239.168271820129,0.38928598084159916,0 days 04:29:00
957,CLOSED,2025-03-11 14:28:00+00:00,80000.0,81000.0,2025-03-11 15:09:00+00:00,3356.5638727864866,37.71420081782569,37.71420081782569,3215.735825751975,1.1728015876119586,3227.6877434483495,0.3950944391950557,0 days 00:41:00
958,CLOSED,2025-03-12 04:02:00+00:00,82000.0,83000.0,2025-03-12 11:56:00+00:00,3356.5638727864866,37.71420081782569,37.71420081782569,3239.551463584724,1.1641797094988287,3250.567283388299,0.3836191922040797,0 days 07:54:00
959,CLOSED,2025-03-12 13:49:00+00:00,83000.0,84000.0,2025-03-13 00:26:00+00:00,3356.5638727864866,37.71420081782569,37.71420081782569,3250.944950585841,1.1600996445980838,3262.2742062134744,0.37808895269036213,0 days 10:37:00
960,CLOSED,2025-03-12 14:32:00+00:00,82000.0,83000.0,2025-03-12 19:20:00+00:00,3356.5638727864866,37.71420081782569,37.71420081782569,3240.3131717296183,1.1639060429981392,3251.718277514035,0.3836191922040797,0 days 04:48:00
961,CLOSED,2025-03-12 15:05:00+00:00,81000.0,82000.0,2025-03-12 15:50:00+00:00,3356.5638727864866,37.71420081782569,37.71420081782569,3229.2219235244074,1.1679036532944136,3240.702885138069,0.38928598084159916,0 days 00:45:00
962,CLOSED,2025-03-13 06:07:00+00:00,83000.0,84000.0,2025-03-14 15:03:00+00:00,3356.5638727864866,37.71420081782569,37.71420081782569,3252.095944711577,1.159689057733827,3263.8202947784052,0.37808895269036213,1 days 08:56:00
963,CLOSED,2025-03-13 13:53:00+00:00,82000.0,83000.0,2025-03-14 10:27:00+00:00,3356.5638727864866,37.71420081782569,37.71420081782569,3241.464165855354,1.1634927578436984,3253.264366078966,0.3836191922040797,0 days 20:34:00
964,CLOSED,2025-03-13 15:40:00+00:00,81000.0,82000.0,2025-03-14 02:48:00+00:00,3356.5638727864866,37.71420081782569,37.71420081782569,3230.3729176501433,1.1674875247920284,3242.248973703,0.38928598084159916,0 days 11:08:00
965,CLOSED,2025-03-13 17:46:00+00:00,80000.0,81000.0,2025-03-13 19:03:00+00:00,3356.5638727864866,37.71420081782569,37.71420081782569,3218.816527634846,1.1716791092015955,3230.7684453312204,0.3950944391950557,0 days 01:17:00
966,CLOSED,2025-03-14 16:34:00+00:00,84000.0,85000.0,2025-03-16 16:09:00+00:00,3356.5638727864866,37.71420081782569,37.71420081782569,3264.192568944578,1.1553914182832647,3274.6730747781567,0.3726903855460151,1 days 23:35:00
967,CLOSED,2025-03-16 11:16:00+00:00,83000.0,84000.0,2025-03-16 16:08:00+00:00,3356.5638727864866,37.71420081782569,37.71420081782569,3254.0147236620537,1.159005229557852,3264.5710741166413,0.37808895269036213,0 days 04:52:00
968,CLOSED,2025-03-16 16:11:00+00:00,84000.0,85000.0,2025-03-19 18:53:00+00:00,3356.5638727864866,37.71420081782569,37.71420081782569,3264.943348282814,1.1551257340395003,3276.9472704061814,0.3726903855460151,3 days 02:42:00
969,CLOSED,2025-03-16 19:14:00+00:00,83000.0,84000.0,2025-03-17 12:00:00+00:00,3356.5638727864866,37.71420081782569,37.71420081782569,3254.7655030002898,1.1587378809029467,3265.7054726470815,0.37808895269036213,0 days 16:46:00
970,CLOSED,2025-03-16 23:06:00+00:00,82000.0,83000.0,2025-03-17 00:33:00+00:00,3356.5638727864866,37.71420081782569,37.71420081782569,3244.133724144067,1.1625353337669893,3255.149543947642,0.3836191922040797,0 days 01:27:00
971,CLOSED,2025-03-17 13:02:00+00:00,83000.0,84000.0,2025-03-17 17:33:00+00:00,3356.5638727864866,37.71420081782569,37.71420081782569,3255.527211145184,1.1584667665720143,3266.0835615997717,0.37808895269036213,0 days 04:31:00
972,CLOSED,2025-03-18 03:31:00+00:00,83000.0,84000.0,2025-03-19 11:38:00+00:00,3356.5638727864866,37.71420081782569,37.71420081782569,3255.9053000978743,1.158332240704052,3266.845269744666,0.37808895269036213,1 days 08:07:00
973,CLOSED,2025-03-18 13:35:00+00:00,82000.0,83000.0,2025-03-19 00:28:00+00:00,3356.5638727864866,37.71420081782569,37.71420081782569,3245.2735212416515,1.162127030925767,3256.2893410452266,0.3836191922040797,0 days 10:53:00
974,CLOSED,2025-03-20 00:51:00+00:00,86000.0,87000.0,2025-03-24 05:19:00+00:00,3356.5638727864866,37.71420081782569,37.71420081782569,3286.9626112259784,1.1473875817455363,3297.2807737931225,0.3622698954766861,4 days 04:28:00
975,CLOSED,2025-03-20 10:20:00+00:00,85000.0,86000.0,2025-03-20 14:06:00+00:00,3356.5638727864866,37.71420081782569,37.71420081782569,3277.6765483297672,1.1506382726216238,3287.3304356080725,0.3674188435109471,0 days 03:46:00
976,CLOSED,2025-03-20 15:36:00+00:00,85000.0,86000.0,2025-03-23 23:58:00+00:00,3356.5638727864866,37.71420081782569,37.71420081782569,3278.0439671732784,1.1505093035816534,3288.0705448371295,0.3674188435109471,3 days 08:22:00
977,CLOSED,2025-03-20 16:30:00+00:00,84000.0,85000.0,2025-03-23 11:26:00+00:00,3356.5638727864866,37.71420081782569,37.71420081782569,3268.314651493338,1.1539342088924502,3278.4170683742263,0.3726903855460151,2 days 18:56:00
978,CLOSED,2025-03-25 01:30:00+00:00,87000.0,88000.0,2025-03-25 14:41:00+00:00,3356.5638727864866,37.71420081782569,37.71420081782569,3297.637612722706,1.143673297281651,3306.4101485356878,0.35723931406391074,0 days 13:11:00
979,CLOSED,2025-03-26 13:57:00+00:00,87000.0,88000.0,2025-04-02 20:14:00+00:00,3356.5638727864866,37.71420081782569,37.71420081782569,3297.9948520367698,1.143549414412646,3310.8822284273638,0.35723931406391074,7 days 06:17:00
980,CLOSED,2025-03-26 19:07:00+00:00,86000.0,87000.0,2025-03-26 20:11:00+00:00,3356.5638727864866,37.71420081782569,37.71420081782569,3289.1468878221513,1.1466256176475433,3298.357522316727,0.3622698954766861,0 days 01:04:00
981,CLOSED,2025-03-27 13:35:00+00:00,86000.0,87000.0,2025-03-27 14:39:00+00:00,3356.5638727864866,37.71420081782569,37.71420081782569,3289.509157717628,1.1464993410747355,3298.719792212204,0.3622698954766861,0 days 01:04:00
982,CLOSED,2025-03-28 04:55:00+00:00,86000.0,87000.0,2025-04-02 15:33:00+00:00,3356.5638727864866,37.71420081782569,37.71420081782569,3289.871427613105,1.1463730923122553,3302.1100929988615,0.3622698954766861,5 days 10:38:00
983,CLOSED,2025-03-28 10:55:00+00:00,85000.0,86000.0,2025-04-02 13:49:00+00:00,3356.5638727864866,37.71420081782569,37.71420081782569,3280.5853647168938,1.1496180292531524,3292.899864042869,0.3674188435109471,5 days 02:54:00
984,CLOSED,2025-03-28 15:02:00+00:00,84000.0,85000.0,2025-04-01 15:16:00+00:00,3356.5638727864866,37.71420081782569,37.71420081782569,3270.856049036953,1.15303762233529,3282.86962876354,0.3726903855460151,4 days 00:14:00
985,CLOSED,2025-03-29 10:53:00+00:00,83000.0,84000.0,2025-04-01 08:29:00+00:00,3356.5638727864866,37.71420081782569,37.71420081782569,3260.678203754429,1.1566367013586496,3272.385411785629,0.37808895269036213,2 days 21:36:00
986,CLOSED,2025-03-29 17:12:00+00:00,82000.0,83000.0,2025-03-30 01:06:00+00:00,3356.5638727864866,37.71420081782569,37.71420081782569,3250.046424898206,1.160420372118436,3261.0622447017813,0.3836191922040797,0 days 07:54:00
987,CLOSED,2025-03-30 22:02:00+00:00,82000.0,83000.0,2025-03-31 12:51:00+00:00,3356.5638727864866,37.71420081782569,37.71420081782569,3250.4300440904103,1.160283418078592,3261.4458638939855,0.3836191922040797,0 days 14:49:00
988,CLOSED,2025-03-31 13:32:00+00:00,82000.0,83000.0,2025-03-31 14:07:00+00:00,3356.5638727864866,37.71420081782569,37.71420081782569,3250.8136632826145,1.1601464963618542,3261.8294830861896,0.3836191922040797,0 days 00:35:00
989,CLOSED,2025-04-01 14:10:00+00:00,83000.0,84000.0,2025-04-01 14:51:00+00:00,3393.205408606585,38.12590346748972,38.12590346748972,3262.2071502837316,1.168714974589327,3272.768044348284,0.38221631639569154,0 days 00:41:00
990,CLOSED,2025-04-02 06:10:00+00:00,84000.0,85000.0,2025-04-02 09:06:00+00:00,3393.205408606585,38.12590346748972,38.12590346748972,3273.139902268197,1.1648113006434435,3283.2468037672334,0.37675881642632447,0 days 02:56:00
991,CLOSED,2025-04-02 20:26:00+00:00,87000.0,88000.0,2025-04-21 14:21:00+00:00,3393.205408606585,38.12590346748972,38.12590346748972,3302.466931928445,1.1544673800935368,3330.755143630536,0.36113907513467325,18 days 17:55:00
992,CLOSED,2025-04-02 20:27:00+00:00,86000.0,87000.0,2025-04-21 00:46:00+00:00,3393.205408606585,38.12590346748972,38.12590346748972,3293.6138285290276,1.1575705426436487,3321.978696793285,0.3662245722993944,18 days 04:19:00
993,CLOSED,2025-04-02 21:06:00+00:00,85000.0,86000.0,2025-04-13 01:31:00+00:00,3393.205408606585,38.12590346748972,38.12590346748972,3284.317843995145,1.1608469483913348,3309.7559616769367,0.37142972822093867,10 days 04:25:00
994,CLOSED,2025-04-02 22:09:00+00:00,84000.0,85000.0,2025-04-12 14:25:00+00:00,3393.205408606585,38.12590346748972,38.12590346748972,3274.5737679605086,1.164301254732018,3300.088552749256,0.37675881642632447,9 days 16:16:00
995,CLOSED,2025-04-02 22:39:00+00:00,83000.0,84000.0,2025-04-04 07:51:00+00:00,3393.205408606585,38.12590346748972,38.12590346748972,3264.3762660024913,1.1679383857969952,3275.3442119660067,0.38221631639569154,1 days 09:12:00
996,CLOSED,2025-04-03 12:47:00+00:00,82000.0,83000.0,2025-04-03 23:46:00+00:00,3393.205408606585,38.12590346748972,38.12590346748972,3253.7198751581604,1.1717635485026643,3264.7644992878,0.3878069261204189,0 days 10:59:00
997,CLOSED,2025-04-04 10:22:00+00:00,83000.0,84000.0,2025-04-04 17:37:00+00:00,3393.205408606585,38.12590346748972,38.12590346748972,3265.1462892450068,1.1676629495306778,3276.502042134642,0.38221631639569154,0 days 07:15:00
998,CLOSED,2025-04-04 11:22:00+00:00,82000.0,83000.0,2025-04-04 12:30:00+00:00,3393.205408606585,38.12590346748972,38.12590346748972,3254.489898400676,1.1714863053108748,3265.5345225303154,0.3878069261204189,0 days 01:08:00
999,CLOSED,2025-04-04 14:49:00+00:00,82000.0,83000.0,2025-04-04 15:01:00+00:00,3393.205408606585,38.12590346748972,38.12590346748972,3254.877705326796,1.1713467269475124,3265.9223294564354,0.3878069261204189,0 days 00:12:00
1000,CLOSED,2025-04-05 13:19:00+00:00,83000.0,84000.0,2025-04-11 17:44:00+00:00,3393.205408606585,38.12590346748972,38.12590346748972,3266.304119413642,1.167249039698544,3289.5855070447615,0.38221631639569154,6 days 04:25:00
1001,CLOSED,2025-04-06 16:57:00+00:00,82000.0,83000.0,2025-04-09 20:55:00+00:00,3393.205408606585,38.12590346748972,38.12590346748972,3255.6477285693113,1.1710696809400838,3276.6263815737548,0.3878069261204189,3 days 03:58:00
1002,CLOSED,2025-04-06 17:45:00+00:00,81000.0,82000.0,2025-04-09 17:58:00+00:00,3393.205408606585,38.12590346748972,38.12590346748972,3244.5268526327363,1.1750836161689604,3265.5821895376876,0.3935355755914287,3 days 00:13:00
1003,CLOSED,2025-04-06 18:20:00+00:00,80000.0,81000.0,2025-04-07 14:17:00+00:00,3393.205408606585,38.12590346748972,38.12590346748972,3232.935757220062,1.1792966619377998,3247.8532656309644,0.3994074412992177,0 days 19:57:00
1004,CLOSED,2025-04-06 18:47:00+00:00,79000.0,80000.0,2025-04-07 14:13:00+00:00,3393.205408606585,38.12590346748972,38.12590346748972,3220.8685645878377,1.183714973242584,3235.8627688035385,0.40542796183505203,0 days 19:26:00
1005,CLOSED,2025-04-06 22:51:00+00:00,78000.0,79000.0,2025-04-07 01:18:00+00:00,3393.205408606585,38.12590346748972,38.12590346748972,3208.31924818898,1.188345065379977,3221.2806176214663,0.41160285469231184,0 days 02:27:00
1006,CLOSED,2025-04-07 03:33:00+00:00,78000.0,79000.0,2025-04-07 14:10:00+00:00,3393.205408606585,38.12590346748972,38.12590346748972,3208.7308510436724,1.1881926293409397,3223.390154390553,0.41160285469231184,0 days 10:37:00
1007,CLOSED,2025-04-07 04:17:00+00:00,77000.0,78000.0,2025-04-07 13:56:00+00:00,3393.205408606585,38.12590346748972,38.12590346748972,3195.69322980425,1.193040155166117,3210.429241478624,0.41793813437703164,0 days 09:39:00
1008,CLOSED,2025-04-07 06:25:00+00:00,76000.0,77000.0,2025-04-07 10:12:00+00:00,3393.205408606585,38.12590346748972,38.12590346748972,3182.160962102958,1.1981136064938054,3196.549248481384,0.4244401319482023,0 days 03:47:00
1009,CLOSED,2025-04-07 06:44:00+00:00,75000.0,76000.0,2025-04-07 08:20:00+00:00,3393.205408606585,38.12590346748972,38.12590346748972,3168.127539433718,1.2034207270047113,3182.5925473302095,0.43111551612126675,0 days 01:36:00
1010,CLOSED,2025-04-07 13:42:00+00:00,76000.0,77000.0,2025-04-07 13:51:00+00:00,3393.205408606585,38.12590346748972,38.12590346748972,3183.016517751027,1.1977915683085343,3196.973688613332,0.4244401319482023,0 days 00:09:00
1011,CLOSED,2025-04-07 14:20:00+00:00,80000.0,81000.0,2025-04-09 17:25:00+00:00,3393.205408606585,38.12590346748972,38.12590346748972,3236.2617322469746,1.1780846736712627,3254.0677839032646,0.3994074412992177,2 days 03:05:00
1012,CLOSED,2025-04-07 14:23:00+00:00,79000.0,80000.0,2025-04-07 22:50:00+00:00,3393.205408606585,38.12590346748972,38.12590346748972,3224.1945396147503,1.1824938910803215,3237.902412770749,0.40542796183505203,0 days 08:27:00
1013,CLOSED,2025-04-07 14:29:00+00:00,78000.0,79000.0,2025-04-07 14:33:00+00:00,3393.205408606585,38.12590346748972,38.12590346748972,3211.6452232158927,1.187114416993836,3224.606592648379,0.41160285469231184,0 days 00:04:00
1014,CLOSED,2025-04-07 15:14:00+00:00,78000.0,79000.0,2025-04-07 15:44:00+00:00,3393.205408606585,38.12590346748972,38.12590346748972,3212.056826070585,1.1869622964961797,3225.018195503071,0.41160285469231184,0 days 00:30:00
1015,CLOSED,2025-04-07 16:18:00+00:00,78000.0,79000.0,2025-04-07 17:45:00+00:00,3393.205408606585,38.12590346748972,38.12590346748972,3212.4684289252773,1.186810214979907,3225.4297983577635,0.41160285469231184,0 days 01:27:00
1016,CLOSED,2025-04-08 00:58:00+00:00,79000.0,80000.0,2025-04-08 01:36:00+00:00,3393.205408606585,38.12590346748972,38.12590346748972,3225.834776140662,1.1818926297614953,3238.307840732584,0.40542796183505203,0 days 00:38:00
1017,CLOSED,2025-04-08 08:24:00+00:00,79000.0,80000.0,2025-04-08 11:58:00+00:00,3393.205408606585,38.12590346748972,38.12590346748972,3226.240204102497,1.1817441063132468,3238.7132686944187,0.40542796183505203,0 days 03:34:00
1018,CLOSED,2025-04-08 14:50:00+00:00,79000.0,80000.0,2025-04-09 17:21:00+00:00,3393.205408606585,38.12590346748972,38.12590346748972,3226.645632064332,1.1815956201889348,3242.0772870758383,0.40542796183505203,1 days 02:31:00
1019,CLOSED,2025-04-08 16:18:00+00:00,78000.0,79000.0,2025-04-09 17:19:00+00:00,3393.205408606585,38.12590346748972,38.12590346748972,3214.0963156654743,1.186209115192486,3229.604672662853,0.41160285469231184,1 days 01:01:00
1020,CLOSED,2025-04-08 17:12:00+00:00,77000.0,78000.0,2025-04-09 14:00:00+00:00,3393.205408606585,38.12590346748972,38.12590346748972,3201.058694426052,1.19104043714905,3216.2258216165474,0.41793813437703164,0 days 20:48:00
1021,CLOSED,2025-04-09 00:05:00+00:00,76000.0,77000.0,2025-04-09 06:01:00+00:00,3393.205408606585,38.12590346748972,38.12590346748972,3187.52642672476,1.1960968589259593,3202.345828619307,0.4244401319482023,0 days 05:56:00
1022,CLOSED,2025-04-09 01:25:00+00:00,75000.0,76000.0,2025-04-09 01:49:00+00:00,3393.205408606585,38.12590346748972,38.12590346748972,3173.49300405552,1.2013860884132175,3187.9580119520115,0.43111551612126675,0 days 00:24:00
1023,CLOSED,2025-04-09 04:00:00+00:00,75000.0,76000.0,2025-04-09 04:15:00+00:00,3393.205408606585,38.12590346748972,38.12590346748972,3173.9241195716413,1.2012229036097835,3188.3891274681328,0.43111551612126675,0 days 00:15:00
1024,CLOSED,2025-04-09 11:06:00+00:00,76000.0,77000.0,2025-04-09 12:55:00+00:00,3393.205408606585,38.12590346748972,38.12590346748972,3188.8130978889503,1.1956142394400515,3202.770268751255,0.4244401319482023,0 days 01:49:00
1025,CLOSED,2025-04-09 14:52:00+00:00,77000.0,78000.0,2025-04-09 16:50:00+00:00,3393.205408606585,38.12590346748972,38.12590346748972,3203.1877438565675,1.19024879327201,3216.643759750925,0.41793813437703164,0 days 01:58:00
1026,CLOSED,2025-04-10 03:06:00+00:00,82000.0,83000.0,2025-04-11 13:39:00+00:00,3393.205408606585,38.12590346748972,38.12590346748972,3265.9695643702353,1.1673686088021276,3278.6179874404347,0.3878069261204189,1 days 10:33:00
1027,CLOSED,2025-04-10 13:37:00+00:00,81000.0,82000.0,2025-04-11 09:27:00+00:00,3393.205408606585,38.12590346748972,38.12590346748972,3254.84868843366,1.1713571694737417,3267.5737954043675,0.3935355755914287,0 days 19:50:00
1028,CLOSED,2025-04-10 15:33:00+00:00,80000.0,81000.0,2025-04-11 04:15:00+00:00,3393.205408606585,38.12590346748972,38.12590346748972,3243.257593020986,1.1755434890380299,3256.0593897699446,0.3994074412992177,0 days 12:42:00
1029,CLOSED,2025-04-10 15:48:00+00:00,79000.0,80000.0,2025-04-10 19:56:00+00:00,3393.205408606585,38.12590346748972,38.12590346748972,3231.1904003887616,1.1799336697367815,3243.663464980684,0.40542796183505203,0 days 04:08:00
1030,CLOSED,2025-04-11 00:59:00+00:00,79000.0,80000.0,2025-04-11 01:47:00+00:00,3393.205408606585,38.12590346748972,38.12590346748972,3231.5958283505965,1.1797856381981142,3244.0688929425187,0.40542796183505203,0 days 00:48:00
1031,CLOSED,2025-04-11 14:21:00+00:00,82000.0,83000.0,2025-04-11 16:47:00+00:00,3393.205408606585,38.12590346748972,38.12590346748972,3267.961170236915,1.1666571749604275,3279.0057943665547,0.3878069261204189,0 days 02:26:00
1032,CLOSED,2025-04-12 02:49:00+00:00,83000.0,84000.0,2025-04-12 08:11:00+00:00,3393.205408606585,38.12590346748972,38.12590346748972,3279.3875843237615,1.1625921757385569,3289.967723361157,0.38221631639569154,0 days 05:22:00
1033,CLOSED,2025-04-13 02:17:00+00:00,85000.0,86000.0,2025-04-15 10:01:00+00:00,3393.205408606585,38.12590346748972,38.12590346748972,3300.4595671774573,1.1551695359835865,3310.88090903801,0.37142972822093867,2 days 07:44:00
1034,CLOSED,2025-04-13 13:40:00+00:00,84000.0,85000.0,2025-04-14 00:22:00+00:00,3393.205408606585,38.12590346748972,38.12590346748972,3290.715491142821,1.1585900868704122,3300.836741293903,0.37675881642632447,0 days 10:42:00
1035,CLOSED,2025-04-14 15:40:00+00:00,84000.0,85000.0,2025-04-14 18:04:00+00:00,3393.205408606585,38.12590346748972,38.12590346748972,3291.092249959247,1.1584574533868452,3301.213500110329,0.37675881642632447,0 days 02:24:00
1036,CLOSED,2025-04-15 14:19:00+00:00,85000.0,86000.0,2025-04-21 00:26:00+00:00,3393.205408606585,38.12590346748972,38.12590346748972,3301.58451453853,1.1547759356031104,3312.7593740319344,0.37142972822093867,5 days 10:07:00
1037,CLOSED,2025-04-15 19:45:00+00:00,84000.0,85000.0,2025-04-16 15:24:00+00:00,3393.205408606585,38.12590346748972,38.12590346748972,3291.840438503894,1.1581941524728805,3301.9616886549757,0.37675881642632447,0 days 19:39:00
1038,CLOSED,2025-04-16 17:46:00+00:00,84000.0,85000.0,2025-04-17 07:33:00+00:00,3393.205408606585,38.12590346748972,38.12590346748972,3292.21719732032,1.158061609620473,3302.3384474714017,0.37675881642632447,0 days 13:47:00
1039,CLOSED,2025-04-17 14:29:00+00:00,84000.0,85000.0,2025-04-17 16:34:00+00:00,3393.205408606585,38.12590346748972,38.12590346748972,3292.593956136746,1.1579290971007996,3302.7152062878276,0.37675881642632447,0 days 02:05:00
1040,CLOSED,2025-04-20 10:54:00+00:00,84000.0,85000.0,2025-04-20 20:19:00+00:00,3393.205408606585,38.12590346748972,38.12590346748972,3292.970714953172,1.1577966149034489,3303.0919651042536,0.37675881642632447,0 days 09:25:00
1041,CLOSED,2025-04-21 17:00:00+00:00,87000.0,88000.0,2025-04-22 01:15:00+00:00,3393.205408606585,38.12590346748972,38.12590346748972,3322.3394311131888,1.1475619592160453,3331.1162827056705,0.36113907513467325,0 days 08:15:00
1042,CLOSED,2025-04-23 13:58:00+00:00,93000.0,94000.0,2025-04-23 18:09:00+00:00,3393.205408606585,38.12590346748972,38.12590346748972,3368.9064136093266,1.1316996908395263,3375.493611855337,0.33292276828524336,0 days 04:11:00
1043,CLOSED,2025-04-23 15:27:00+00:00,92000.0,93000.0,2025-04-23 15:56:00+00:00,3393.205408606585,38.12590346748972,38.12590346748972,3362.5803334599846,1.1338287769101243,3369.244159384609,0.33736990360390706,0 days 00:29:00
1044,CLOSED,2025-04-23 19:26:00+00:00,93000.0,94000.0,2025-04-24 23:35:00+00:00,3393.205408606585,38.12590346748972,38.12590346748972,3369.5767062812156,1.1314745676042741,3376.163904527226,0.33292276828524336,1 days 04:09:00
1045,CLOSED,2025-04-24 08:28:00+00:00,92000.0,93000.0,2025-04-24 14:01:00+00:00,3393.205408606585,38.12590346748972,38.12590346748972,3363.2506261318736,1.1336028059062286,3369.914452056498,0.33736990360390706,0 days 05:33:00
1046,CLOSED,2025-04-25 02:56:00+00:00,93000.0,94000.0,2025-04-25 11:14:00+00:00,3393.205408606585,38.12590346748972,38.12590346748972,3370.2469989531046,1.1312495339164377,3376.496827295511,0.33292276828524336,0 days 08:18:00
1047,CLOSED,2025-04-26 11:52:00+00:00,94000.0,95000.0,2025-04-27 00:20:00+00:00,3393.205408606585,38.12590346748972,38.12590346748972,3376.8210663590626,1.1290471931519197,3382.6657241417643,0.3285702528669816,0 days 12:28:00
1048,CLOSED,2025-04-27 05:13:00+00:00,94000.0,95000.0,2025-04-28 10:37:00+00:00,3393.205408606585,38.12590346748972,38.12590346748972,3377.14963661193,1.1289373456883276,3383.327217162916,0.3285702528669816,1 days 05:24:00
1049,CLOSED,2025-04-28 01:31:00+00:00,93000.0,94000.0,2025-04-28 04:11:00+00:00,3393.205408606585,38.12590346748972,38.12590346748972,3371.2287270222932,1.1309201052390534,3377.4829308003063,0.33292276828524336,0 days 02:40:00
1050,CLOSED,2025-04-28 13:58:00+00:00,94000.0,95000.0,2025-04-28 23:10:00+00:00,3393.205408606585,38.12590346748972,38.12590346748972,3377.8111296330817,1.1287162604509264,3383.6557874157834,0.3285702528669816,0 days 09:12:00
1051,CLOSED,2025-04-29 23:05:00+00:00,94000.0,95000.0,2025-04-30 03:54:00+00:00,3393.205408606585,38.12590346748972,38.12590346748972,3378.139699885949,1.128606477369095,3383.98435766865,0.3285702528669816,0 days 04:49:00
1052,CLOSED,2025-04-30 13:41:00+00:00,94000.0,95000.0,2025-05-01 03:11:00+00:00,3393.205408606585,38.12590346748972,38.12590346748972,3378.4682701388156,1.1284967156409964,3384.6458506898025,0.3285702528669816,0 days 13:30:00
1053,CLOSED,2025-04-30 14:00:00+00:00,93000.0,94000.0,2025-04-30 14:28:00+00:00,3393.205408606585,38.12590346748972,38.12590346748972,3372.5473605491793,1.1304779263731783,3378.8015643271924,0.33292276828524336,0 days 00:28:00
1054,CLOSED,2025-05-03 10:42:00+00:00,96000.0,97000.0,2025-05-07 00:07:00+00:00,3422.0583220323456,38.450093505981414,38.450093505981414,3390.398960801053,1.1340875793831877,3396.4447332209756,0.32285942734261397,3 days 13:25:00
1055,CLOSED,2025-05-04 22:32:00+00:00,95000.0,96000.0,2025-05-06 22:42:00+00:00,3422.0583220323456,38.450093505981414,38.450093505981414,3385.266083478594,1.1358071288290372,3391.389121968524,0.3270670185453639,2 days 00:10:00
1056,CLOSED,2025-05-05 01:31:00+00:00,94000.0,95000.0,2025-05-05 22:36:00+00:00,3422.0583220323456,38.450093505981414,38.450093505981414,3379.728873067582,1.1376679890621675,3385.5978177959696,0.3313641329651915,0 days 21:05:00
1057,CLOSED,2025-05-06 10:45:00+00:00,94000.0,95000.0,2025-05-06 18:56:00+00:00,3422.0583220323456,38.450093505981414,38.450093505981414,3380.060237200547,1.1375564578052246,3385.9291819289347,0.3313641329651915,0 days 08:11:00
1058,CLOSED,2025-05-07 18:09:00+00:00,96000.0,97000.0,2025-05-07 21:28:00+00:00,3422.0583220323456,38.450093505981414,38.450093505981414,3391.711615512871,1.1336486666531422,3396.7675926483184,0.32285942734261397,0 days 03:19:00
1059,CLOSED,2025-05-08 21:42:00+00:00,103000.0,104000.0,2025-05-09 07:43:00+00:00,3422.0583220323456,38.450093505981414,38.450093505981414,3419.2838681006233,1.1245072064560713,3421.701881217843,0.295693911324868,0 days 10:01:00
1060,CLOSED,2025-05-09 08:40:00+00:00,103000.0,104000.0,2025-05-10 07:06:00+00:00,3422.0583220323456,38.450093505981414,38.450093505981414,3419.5795620119484,1.1244099693752663,3421.997575129168,0.295693911324868,0 days 22:26:00
1061,CLOSED,2025-05-12 01:35:00+00:00,104000.0,105000.0,2025-05-12 07:00:00+00:00,3422.0583220323456,38.450093505981414,38.450093505981414,3422.2769736235823,1.1235237183409386,3424.335889083064,0.2921116454763819,0 days 05:25:00
1062,CLOSED,2025-05-12 11:48:00+00:00,104000.0,105000.0,2025-05-18 14:38:00+00:00,3422.0583220323456,38.450093505981414,38.450093505981414,3422.5690852690586,1.1234278271101352,3427.3075807891005,0.2921116454763819,6 days 02:50:00
1063,CLOSED,2025-05-12 14:29:00+00:00,103000.0,104000.0,2025-05-13 16:12:00+00:00,3422.0583220323456,38.450093505981414,38.450093505981414,3420.4332696225642,1.1241293273417459,3423.766877745121,0.295693911324868,1 days 01:43:00
1064,CLOSED,2025-05-12 18:07:00+00:00,102000.0,103000.0,2025-05-12 23:20:00+00:00,3422.0583220323456,38.450093505981414,38.450093505981414,3417.92452539925,1.1249544341968767,3421.0360254257844,0.2993464176801979,0 days 05:13:00
1065,CLOSED,2025-05-12 18:47:00+00:00,101000.0,102000.0,2025-05-12 19:05:00+00:00,3422.0583220323456,38.450093505981414,38.450093505981414,3415.0391964365976,1.125904895794518,3418.2279385133515,0.3030712508940425,0 days 00:18:00
1066,CLOSED,2025-05-13 02:16:00+00:00,102000.0,103000.0,2025-05-13 09:16:00+00:00,3422.0583220323456,38.450093505981414,38.450093505981414,3418.526943067824,1.1247561931302454,3421.3353718434646,0.2993464176801979,0 days 07:00:00
1067,CLOSED,2025-05-14 09:04:00+00:00,103000.0,104000.0,2025-05-14 11:38:00+00:00,3422.0583220323456,38.450093505981414,38.450093505981414,3421.6307276201437,1.1237359191219538,3424.062571656446,0.295693911324868,0 days 02:34:00
1068,CLOSED,2025-05-14 14:31:00+00:00,103000.0,104000.0,2025-05-15 17:20:00+00:00,3422.0583220323456,38.450093505981414,38.450093505981414,3421.926421531469,1.1236388153773698,3424.6576119854512,0.295693911324868,1 days 02:49:00
1069,CLOSED,2025-05-15 07:23:00+00:00,102000.0,103000.0,2025-05-15 15:44:00+00:00,3422.0583220323456,38.450093505981414,38.450093505981414,3419.4176773081545,1.124463202057557,3422.226106083795,0.2993464176801979,0 days 08:21:00
1070,CLOSED,2025-05-15 18:48:00+00:00,103000.0,104000.0,2025-05-16 00:35:00+00:00,3422.0583220323456,38.450093505981414,38.450093505981414,3422.521461860474,1.1234434592874705,3424.9533058967763,0.295693911324868,0 days 05:47:00
1071,CLOSED,2025-05-17 01:05:00+00:00,103000.0,104000.0,2025-05-18 08:00:00+00:00,3422.0583220323456,38.450093505981414,38.450093505981414,3422.817155771799,1.1233464060779323,3425.2489998081014,0.295693911324868,1 days 06:55:00
1072,CLOSED,2025-05-18 18:10:00+00:00,104000.0,105000.0,2025-05-18 22:28:00+00:00,3422.0583220323456,38.450093505981414,38.450093505981414,3425.5407769750946,1.1224532419647495,3427.599692434577,0.2921116454763819,0 days 04:18:00
1073,CLOSED,2025-05-19 00:30:00+00:00,106000.0,107000.0,2025-05-20 19:56:00+00:00,3422.0583220323456,38.450093505981414,38.450093505981414,3429.5630909267484,1.1211367887561239,3432.3784548411504,0.2851498835444062,1 days 19:26:00
1074,CLOSED,2025-05-19 01:06:00+00:00,105000.0,106000.0,2025-05-20 00:13:00+00:00,3422.0583220323456,38.450093505981414,38.450093505981414,3428.1351740263417,1.1216037744749083,3430.739167889575,0.28859761326309297,0 days 23:07:00
1075,CLOSED,2025-05-19 03:40:00+00:00,104000.0,105000.0,2025-05-19 16:24:00+00:00,3422.0583220323456,38.450093505981414,38.450093505981414,3426.341431950578,1.1221909511829415,3429.0226568934554,0.2921116454763819,0 days 12:44:00
1076,CLOSED,2025-05-19 04:06:00+00:00,103000.0,104000.0,2025-05-19 14:48:00+00:00,3422.0583220323456,38.450093505981414,38.450093505981414,3424.178347149695,1.122899849477393,3426.9368067580667,0.295693911324868,0 days 10:42:00
1077,CLOSED,2025-05-19 06:38:00+00:00,102000.0,103000.0,2025-05-19 07:43:00+00:00,3422.0583220323456,38.450093505981414,38.450093505981414,3421.6423337719916,1.1237321074290758,3424.4780317020213,0.2993464176801979,0 days 01:05:00
1078,CLOSED,2025-05-20 07:48:00+00:00,105000.0,106000.0,2025-05-20 17:12:00+00:00,3422.0583220323456,38.450093505981414,38.450093505981414,3429.3109236140863,1.1212192292397793,3431.027765502838,0.28859761326309297,0 days 09:24:00
1079,CLOSED,2025-05-20 22:22:00+00:00,106000.0,107000.0,2025-05-20 23:18:00+00:00,3422.0583220323456,38.450093505981414,38.450093505981414,3431.3125880113002,1.1205651633232894,3432.663604724695,0.2851498835444062,0 days 00:56:00
1080,CLOSED,2025-05-21 17:24:00+00:00,108000.0,109000.0,2025-05-21 22:45:00+00:00,3422.0583220323456,38.450093505981414,38.450093505981414,3433.9196338772977,1.1197144256566876,3434.8578176711203,0.2784459646469344,0 days 05:21:00
1081,CLOSED,2025-05-21 17:29:00+00:00,107000.0,108000.0,2025-05-21 19:37:00+00:00,3422.0583220323456,38.450093505981414,38.450093505981414,3433.186316493835,1.1199535930007094,3434.201721011898,0.28176659737185616,0 days 02:08:00
1082,CLOSED,2025-05-21 23:28:00+00:00,110000.0,111000.0,2025-05-22 03:42:00+00:00,3422.0583220323456,38.450093505981414,38.450093505981414,3435.1209418576163,1.1193228464669045,3435.4316885224057,0.27198582461847565,0 days 04:14:00
1083,CLOSED,2025-05-22 05:55:00+00:00,111000.0,112000.0,2025-07-10 16:24:00+00:00,3422.0583220323456,38.450093505981414,38.450093505981414,3435.392927682235,1.1192342277982925,3455.631013254633,0.2688430537938231,49 days 10:29:00
1084,CLOSED,2025-05-23 11:47:00+00:00,110000.0,111000.0,2025-07-09 19:40:00+00:00,3422.0583220323456,38.450093505981414,38.450093505981414,3435.0084267471752,1.1193595103460114,3455.32372325325,0.27198582461847565,47 days 07:53:00
1085,CLOSED,2025-05-23 11:59:00+00:00,109000.0,110000.0,2025-05-26 07:04:00+00:00,3422.0583220323456,38.450093505981414,38.450093505981414,3434.27472905382,1.1195986500641675,3436.6827980471276,0.2751862609628475,2 days 19:05:00
1086,CLOSED,2025-05-23 12:13:00+00:00,108000.0,109000.0,2025-05-23 13:32:00+00:00,3422.0583220323456,38.450093505981414,38.450093505981414,3433.1886309621855,1.1199528379891375,3434.553492231739,0.2784459646469344,0 days 01:19:00
1087,CLOSED,2025-05-23 22:46:00+00:00,108000.0,109000.0,2025-05-24 10:40:00+00:00,3422.0583220323456,38.450093505981414,38.450093505981414,3433.4670769268323,1.1198620124936993,3435.1137047937577,0.2784459646469344,0 days 11:54:00
1088,CLOSED,2025-05-23 23:42:00+00:00,107000.0,108000.0,2025-05-24 03:04:00+00:00,3422.0583220323456,38.450093505981414,38.450093505981414,3432.0253154702677,1.1203324559601289,3433.7491640614326,0.28176659737185616,0 days 03:22:00
1089,CLOSED,2025-05-24 22:59:00+00:00,108000.0,109000.0,2025-05-25 22:52:00+00:00,3422.0583220323456,38.450093505981414,38.450093505981414,3434.0272894888512,1.119679322982452,3435.6739173557767,0.2784459646469344,0 days 23:53:00
1090,CLOSED,2025-05-25 08:49:00+00:00,107000.0,108000.0,2025-05-25 22:09:00+00:00,3422.0583220323456,38.450093505981414,38.450093505981414,3432.5855280322867,1.1201496129368915,3434.3093766234515,0.28176659737185616,0 days 13:20:00
1091,CLOSED,2025-05-26 17:46:00+00:00,109000.0,110000.0,2025-05-27 13:08:00+00:00,3422.0583220323456,38.450093505981414,38.450093505981414,3435.948786403468,1.1190531610405205,3437.2364302727374,0.2751862609628475,0 days 19:22:00
1092,CLOSED,2025-05-27 01:20:00+00:00,108000.0,109000.0,2025-05-27 03:12:00+00:00,3422.0583220323456,38.450093505981414,38.450093505981414,3434.862688311833,1.1194070038613064,3436.2275495813865,0.2784459646469344,0 days 01:52:00
1093,CLOSED,2025-05-27 14:32:00+00:00,109000.0,110000.0,2025-05-27 15:40:00+00:00,3422.0583220323456,38.450093505981414,38.450093505981414,3436.502418629078,1.1188728777708903,3437.5116165337004,0.2751862609628475,0 days 01:08:00
1094,CLOSED,2025-05-27 21:38:00+00:00,109000.0,110000.0,2025-06-09 21:28:00+00:00,3422.0583220323456,38.450093505981414,38.450093505981414,3436.777604890041,1.1187832884872286,3442.716912105131,0.2751862609628475,12 days 23:50:00
1095,CLOSED,2025-05-28 14:01:00+00:00,108000.0,109000.0,2025-06-09 21:10:00+00:00,3422.0583220323456,38.450093505981414,38.450093505981414,3435.691506798406,1.1191369606350845,3441.70803141378,0.2784459646469344,12 days 07:09:00
1096,CLOSED,2025-05-28 19:50:00+00:00,107000.0,108000.0,2025-05-28 23:21:00+00:00,3422.0583220323456,38.450093505981414,38.450093505981414,3434.2497453418414,1.1196067949960389,3435.973593933006,0.28176659737185616,0 days 03:31:00
1097,CLOSED,2025-05-29 04:45:00+00:00,107000.0,108000.0,2025-05-29 07:15:00+00:00,3422.0583220323456,38.450093505981414,38.450093505981414,3434.5315119392135,1.1195149432264673,3436.2553605303783,0.28176659737185616,0 days 02:30:00
1098,CLOSED,2025-05-29 14:24:00+00:00,107000.0,108000.0,2025-06-09 14:48:00+00:00,3422.0583220323456,38.450093505981414,38.450093505981414,3434.8132785365856,1.1194231065265712,3440.343490681455,0.28176659737185616,11 days 00:24:00
1099,CLOSED,2025-05-29 18:58:00+00:00,106000.0,107000.0,2025-06-09 10:13:00+00:00,3422.0583220323456,38.450093505981414,38.450093505981414,3433.0125297584086,1.1200102875443703,3438.619966014191,0.2851498835444062,10 days 15:15:00
1100,CLOSED,2025-05-30 00:57:00+00:00,105000.0,106000.0,2025-05-30 02:10:00+00:00,3422.0583220323456,38.450093505981414,38.450093505981414,3430.8494069857743,1.1207164449623086,3433.3014547467537,0.28859761326309297,0 days 01:13:00
1101,CLOSED,2025-05-30 07:45:00+00:00,105000.0,106000.0,2025-05-30 12:49:00+00:00,3422.0583220323456,38.450093505981414,38.450093505981414,3431.1380045990372,1.1206221800010252,3433.5900523600167,0.28859761326309297,0 days 05:04:00
1102,CLOSED,2025-05-30 16:27:00+00:00,105000.0,106000.0,2025-06-03 00:11:00+00:00,3422.0583220323456,38.450093505981414,38.450093505981414,3431.4266022123,1.1205279308959128,3434.464322547782,0.28859761326309297,3 days 07:44:00
1103,CLOSED,2025-05-30 16:50:00+00:00,104000.0,105000.0,2025-06-01 16:08:00+00:00,3422.0583220323456,38.450093505981414,38.450093505981414,3428.897654264309,1.1213543646647897,3431.719044750408,0.2921116454763819,1 days 23:18:00
1104,CLOSED,2025-06-02 11:43:00+00:00,104000.0,105000.0,2025-06-02 21:05:00+00:00,3439.0365319397156,38.64085990943501,38.64085990943501,3429.1897659097854,1.1268218601831546,3432.0127980875295,0.2935609290263841,0 days 09:22:00
1105,CLOSED,2025-06-03 08:17:00+00:00,105000.0,106000.0,2025-06-03 14:41:00+00:00,3439.0365319397156,38.64085990943501,38.64085990943501,3432.3008724000656,1.1258004862031532,3434.7545444007083,0.29002946228366966,0 days 06:24:00
1106,CLOSED,2025-06-04 12:01:00+00:00,105000.0,106000.0,2025-06-08 13:48:00+00:00,3439.0365319397156,38.64085990943501,38.64085990943501,3432.5909018623493,1.1257053640872392,3436.5342631942935,0.29002946228366966,4 days 01:47:00
1107,CLOSED,2025-06-05 14:18:00+00:00,104000.0,105000.0,2025-06-06 15:14:00+00:00,3439.0365319397156,38.64085990943501,38.64085990943501,3430.0599481418876,1.1265359933539154,3433.787362798948,0.2935609290263841,1 days 00:56:00
1108,CLOSED,2025-06-05 18:13:00+00:00,103000.0,104000.0,2025-06-06 12:00:00+00:00,3439.0365319397156,38.64085990943501,38.64085990943501,3427.157819238257,1.1274899478665847,3430.9628517531023,0.29716096793886493,0 days 17:47:00
1109,CLOSED,2025-06-05 19:18:00+00:00,102000.0,103000.0,2025-06-06 06:10:00+00:00,3439.0365319397156,38.64085990943501,38.64085990943501,3423.880911508903,1.1285690392895704,3427.7635655558356,0.3008315958496368,0 days 10:52:00
1110,CLOSED,2025-06-05 20:21:00+00:00,101000.0,102000.0,2025-06-06 02:55:00+00:00,3439.0365319397156,38.64085990943501,38.64085990943501,3420.2255506516126,1.1297751957344817,3424.1858299776927,0.30457490946159993,0 days 06:34:00
1111,CLOSED,2025-06-07 00:16:00+00:00,104000.0,105000.0,2025-06-07 05:47:00+00:00,3439.0365319397156,38.64085990943501,38.64085990943501,3431.256076544163,1.1261432853578415,3434.080923727974,0.2935609290263841,0 days 05:31:00
1112,CLOSED,2025-06-10 13:44:00+00:00,109000.0,110000.0,2025-06-10 19:26:00+00:00,3439.0365319397156,38.64085990943501,38.64085990943501,3441.9829004614717,1.1226336976936862,3442.9936560000306,0.27655157086192617,0 days 05:42:00
1113,CLOSED,2025-06-11 17:59:00+00:00,109000.0,110000.0,2025-07-03 09:41:00+00:00,3439.0365319397156,38.64085990943501,38.64085990943501,3442.2594520323332,1.1225435051567998,3453.550218332582,0.27655157086192617,21 days 15:42:00
1114,CLOSED,2025-06-12 03:20:00+00:00,108000.0,109000.0,2025-07-02 16:05:00+00:00,3439.0365319397156,38.64085990943501,38.64085990943501,3441.171414773955,1.1228984334676995,3452.5397815811175,0.2798274472491542,20 days 12:45:00
1115,CLOSED,2025-06-12 11:38:00+00:00,107000.0,108000.0,2025-06-12 17:17:00+00:00,3439.0365319397156,38.64085990943501,38.64085990943501,3439.7259495614144,1.123370305543148,3441.4549014564677,0.2831645549707176,0 days 05:39:00
1116,CLOSED,2025-06-12 19:52:00+00:00,107000.0,108000.0,2025-06-16 17:38:00+00:00,3439.0365319397156,38.64085990943501,38.64085990943501,3440.009114116385,1.1232778352495867,3443.4854409222426,0.2831645549707176,3 days 21:46:00
1117,CLOSED,2025-06-12 20:44:00+00:00,106000.0,107000.0,2025-06-16 07:30:00+00:00,3439.0365319397156,38.64085990943501,38.64085990943501,3438.2028805015125,1.1238679406783194,3441.7568145582068,0.2865646269889268,3 days 10:46:00
1118,CLOSED,2025-06-13 00:02:00+00:00,105000.0,106000.0,2025-06-13 23:43:00+00:00,3439.0365319397156,38.64085990943501,38.64085990943501,3436.032475008814,1.1245778435006173,3439.083960860082,0.29002946228366966,0 days 23:41:00
1119,CLOSED,2025-06-13 00:24:00+00:00,104000.0,105000.0,2025-06-13 08:01:00+00:00,3439.0365319397156,38.64085990943501,38.64085990943501,3433.4944293346916,1.1254091336016074,3436.6235294401017,0.2935609290263841,0 days 07:37:00
1120,CLOSED,2025-06-13 01:04:00+00:00,103000.0,104000.0,2025-06-13 03:12:00+00:00,3439.0365319397156,38.64085990943501,38.64085990943501,3430.585208477401,1.1263635083002357,3433.791926440596,0.29716096793886493,0 days 02:08:00
1121,CLOSED,2025-06-14 07:06:00+00:00,105000.0,106000.0,2025-06-15 05:58:00+00:00,3439.0365319397156,38.64085990943501,38.64085990943501,3436.913226368062,1.1242896565726948,3439.3739903223654,0.29002946228366966,0 days 22:52:00
1122,CLOSED,2025-06-15 09:06:00+00:00,105000.0,106000.0,2025-06-16 04:14:00+00:00,3439.0365319397156,38.64085990943501,38.64085990943501,3437.203255830346,1.124194789583379,3439.664019784649,0.29002946228366966,0 days 19:08:00
1123,CLOSED,2025-06-16 23:47:00+00:00,107000.0,108000.0,2025-06-25 13:44:00+00:00,3439.0365319397156,38.64085990943501,38.64085990943501,3442.0396535821596,1.1226151874578534,3449.75154992071,0.2831645549707176,8 days 13:57:00
1124,CLOSED,2025-06-17 10:33:00+00:00,106000.0,107000.0,2025-06-25 10:21:00+00:00,3439.0365319397156,38.64085990943501,38.64085990943501,3440.233419967287,1.1232045966753745,3448.022923556675,0.2865646269889268,7 days 23:48:00
1125,CLOSED,2025-06-17 14:06:00+00:00,105000.0,106000.0,2025-06-20 08:05:00+00:00,3439.0365319397156,38.64085990943501,38.64085990943501,3438.0630144745887,1.1239136614644096,3441.6980221449967,0.29002946228366966,2 days 17:59:00
1126,CLOSED,2025-06-17 16:49:00+00:00,104000.0,105000.0,2025-06-17 19:17:00+00:00,3439.0365319397156,38.64085990943501,38.64085990943501,3435.5249688004665,1.1247439695636003,3438.356907937938,0.2935609290263841,0 days 02:28:00
1127,CLOSED,2025-06-18 13:17:00+00:00,104000.0,105000.0,2025-06-18 14:13:00+00:00,3439.0365319397156,38.64085990943501,38.64085990943501,3435.8185297294926,1.1246478699350069,3438.6504688669643,0.2935609290263841,0 days 00:56:00
1128,CLOSED,2025-06-18 17:31:00+00:00,104000.0,105000.0,2025-06-18 21:52:00+00:00,3439.0365319397156,38.64085990943501,38.64085990943501,3436.112090658519,1.1245517867267718,3438.9440297959904,0.2935609290263841,0 days 04:21:00
1129,CLOSED,2025-06-19 16:57:00+00:00,104000.0,105000.0,2025-06-20 07:19:00+00:00,3439.0365319397156,38.64085990943501,38.64085990943501,3436.405651587545,1.1244557199346872,3439.2375907250166,0.2935609290263841,0 days 14:22:00
1130,CLOSED,2025-06-20 14:42:00+00:00,105000.0,106000.0,2025-06-23 22:26:00+00:00,3439.0365319397156,38.64085990943501,38.64085990943501,3439.527287652977,1.123435189717663,3445.6400993208335,0.29002946228366966,3 days 07:44:00
1131,CLOSED,2025-06-20 14:59:00+00:00,104000.0,105000.0,2025-06-23 22:09:00+00:00,3439.0365319397156,38.64085990943501,38.64085990943501,3436.989241978855,1.1242647907500414,3443.1796679008535,0.2935609290263841,3 days 07:10:00
1132,CLOSED,2025-06-20 17:20:00+00:00,103000.0,104000.0,2025-06-23 21:15:00+00:00,3439.0365319397156,38.64085990943501,38.64085990943501,3434.080021121564,1.1252172247522345,3440.3480649013477,0.29716096793886493,3 days 03:55:00
1133,CLOSED,2025-06-21 21:24:00+00:00,102000.0,103000.0,2025-06-22 00:33:00+00:00,3439.0365319397156,38.64085990943501,38.64085990943501,3430.79602143855,1.1262942963666112,3434.6857674391426,0.3008315958496368,0 days 03:09:00
1134,CLOSED,2025-06-21 23:34:00+00:00,101000.0,102000.0,2025-06-21 23:57:00+00:00,3439.0365319397156,38.64085990943501,38.64085990943501,3427.133568627599,1.1274979260557039,3431.1009399073396,0.30457490946159993,0 days 00:23:00
1135,CLOSED,2025-06-22 02:10:00+00:00,102000.0,103000.0,2025-06-23 18:12:00+00:00,3439.0365319397156,38.64085990943501,38.64085990943501,3431.4014279438607,1.1260955828356434,3437.1416867504204,0.3008315958496368,1 days 16:02:00
1136,CLOSED,2025-06-22 13:30:00+00:00,101000.0,102000.0,2025-06-23 06:16:00+00:00,3439.0365319397156,38.64085990943501,38.64085990943501,3427.7389751329097,1.1272987876195188,3432.6393163103494,0.30457490946159993,0 days 16:46:00
1137,CLOSED,2025-06-22 14:21:00+00:00,100000.0,101000.0,2025-06-22 23:01:00+00:00,3439.0365319397156,38.64085990943501,38.64085990943501,3423.69432213335,1.1286305456544778,3428.6722924119395,0.3083930893457989,0 days 08:40:00
1138,CLOSED,2025-06-22 15:59:00+00:00,99000.0,100000.0,2025-06-22 17:10:00+00:00,3439.0365319397156,38.64085990943501,38.64085990943501,3419.2636469432946,1.1300930229225998,3424.006961818071,0.31228840417716697,0 days 01:11:00
1139,CLOSED,2025-06-22 19:43:00+00:00,99000.0,100000.0,2025-06-22 22:05:00+00:00,3439.0365319397156,38.64085990943501,38.64085990943501,3419.5759353474714,1.1299898186208464,3424.319250222248,0.31228840417716697,0 days 02:22:00
1140,CLOSED,2025-06-23 13:31:00+00:00,101000.0,102000.0,2025-06-23 13:44:00+00:00,3439.0365319397156,38.64085990943501,38.64085990943501,3428.97651994007,1.1268919365510954,3432.9438912198107,0.30457490946159993,0 days 00:13:00
1141,CLOSED,2025-06-23 16:15:00+00:00,101000.0,102000.0,2025-06-23 17:28:00+00:00,3439.0365319397156,38.64085990943501,38.64085990943501,3429.281094849531,1.1267918505563765,3433.5568592186173,0.30457490946159993,0 days 01:13:00
1142,CLOSED,2025-06-23 16:32:00+00:00,100000.0,101000.0,2025-06-23 17:05:00+00:00,3439.0365319397156,38.64085990943501,38.64085990943501,3425.236441849971,1.1281224103923486,3429.5898353202074,0.3083930893457989,0 days 00:33:00
1143,CLOSED,2025-06-23 22:43:00+00:00,105000.0,106000.0,2025-06-24 16:54:00+00:00,3439.0365319397156,38.64085990943501,38.64085990943501,3443.469364828814,1.122149083250403,3445.9301287831167,0.29002946228366966,0 days 18:11:00
1144,CLOSED,2025-06-25 15:19:00+00:00,107000.0,108000.0,2025-06-25 21:03:00+00:00,3439.0365319397156,38.64085990943501,38.64085990943501,3448.3057625806277,1.1205752206996034,3450.0347144756806,0.2831645549707176,0 days 05:44:00
1145,CLOSED,2025-06-26 13:48:00+00:00,107000.0,108000.0,2025-06-26 20:45:00+00:00,3439.0365319397156,38.64085990943501,38.64085990943501,3448.588927135598,1.1204832099698863,3450.317879030651,0.2831645549707176,0 days 06:57:00
1146,CLOSED,2025-06-26 21:34:00+00:00,107000.0,108000.0,2025-06-29 10:04:00+00:00,3439.0365319397156,38.64085990943501,38.64085990943501,3448.8720916905686,1.1203912143489794,3450.6010435856215,0.2831645549707176,2 days 12:30:00
1147,CLOSED,2025-06-30 14:53:00+00:00,107000.0,108000.0,2025-07-02 14:14:00+00:00,3439.0365319397156,38.64085990943501,38.64085990943501,3449.155256245539,1.1202992338331619,3451.1719202159384,0.2831645549707176,1 days 23:21:00
1148,CLOSED,2025-07-01 14:42:00+00:00,106000.0,107000.0,2025-07-02 06:50:00+00:00,3452.8069573448715,38.79558379039182,38.79558379039182,3447.3490226306662,1.1253744119238316,3449.44344987926,0.2877120753463558,0 days 16:08:00
1149,CLOSED,2025-07-03 12:39:00+00:00,109000.0,110000.0,2025-07-03 13:38:00+00:00,3452.8069573448715,38.79558379039182,38.79558379039182,3452.8160143648847,1.1235925583346764,3453.828033245224,0.27765892541947323,0 days 00:59:00
1150,CLOSED,2025-07-04 04:48:00+00:00,109000.0,110000.0,2025-07-09 19:21:00+00:00,3452.8069573448715,38.79558379039182,38.79558379039182,3453.093673290304,1.1235022116682163,3454.6675880084717,0.27765892541947323,5 days 14:33:00
1151,CLOSED,2025-07-04 13:58:00+00:00,108000.0,109000.0,2025-07-06 13:51:00+00:00,3452.8069573448715,38.79558379039182,38.79558379039182,3452.0040632423843,1.123856840248098,3453.374941272785,0.2809479189140731,1 days 23:53:00
1152,CLOSED,2025-07-07 14:37:00+00:00,108000.0,109000.0,2025-07-08 11:06:00+00:00,3452.8069573448715,38.79558379039182,38.79558379039182,3452.2850111612984,1.1237653804643883,3453.655889191699,0.2809479189140731,0 days 20:29:00
1153,CLOSED,2025-07-10 17:08:00+00:00,113000.0,114000.0,2025-07-10 21:17:00+00:00,3452.8069573448715,38.79558379039182,38.79558379039182,3455.5922555603793,1.1226898580978704,3455.896440403196,0.2650850741834958,0 days 04:09:00
1154,CLOSED,2025-07-10 21:20:00+00:00,116000.0,117000.0,2025-07-11 05:05:00+00:00,3452.8069573448715,38.79558379039182,38.79558379039182,3455.8573406345627,1.1226037410232967,3456.1526552939326,0.25622376092019294,0 days 07:45:00
1155,CLOSED,2025-07-11 05:06:00+00:00,117000.0,118000.0,2025-07-11 05:44:00+00:00,3452.8069573448715,38.79558379039182,38.79558379039182,3456.1135643954826,1.1225205152417392,3456.4060234117487,0.25337097345936854,0 days 00:38:00
1156,CLOSED,2025-07-11 05:46:00+00:00,118000.0,119000.0,2025-07-13 14:18:00+00:00,3452.8069573448715,38.79558379039182,38.79558379039182,3456.366935368942,1.1224382282273704,3457.1633290897535,0.2505665383283855,2 days 08:32:00
1157,CLOSED,2025-07-11 15:53:00+00:00,117000.0,118000.0,2025-07-11 19:21:00+00:00,3452.8069573448715,38.79558379039182,38.79558379039182,3455.9996924274683,1.1225575012462483,3456.6205988014176,0.25337097345936854,0 days 03:28:00
1158,CLOSED,2025-07-12 15:42:00+00:00,117000.0,118000.0,2025-07-13 07:37:00+00:00,3452.8069573448715,38.79558379039182,38.79558379039182,3456.2530634009277,1.122475208809428,3456.873969774877,0.25337097345936854,0 days 15:55:00
1159,CLOSED,2025-07-13 14:22:00+00:00,119000.0,120000.0,2025-07-14 03:42:00+00:00,3452.8069573448715,38.79558379039182,38.79558379039182,3457.124243854189,1.122192349880385,3457.411135566252,0.2478092365609541,0 days 13:20:00
1160,CLOSED,2025-07-14 03:44:00+00:00,121000.0,122000.0,2025-07-14 05:22:00+00:00,3452.8069573448715,38.79558379039182,38.79558379039182,3457.37205309075,1.1221119160638249,3457.6535615417247,0.2424313587335476,0 days 01:38:00
1161,CLOSED,2025-07-14 05:24:00+00:00,122000.0,123000.0,2025-07-14 07:38:00+00:00,3452.8069573448715,38.79558379039182,38.79558379039182,3457.6144844494834,1.1220332389534398,3457.89336745755,0.23980854126853757,0 days 02:14:00
1162,CLOSED,2025-07-14 07:39:00+00:00,123000.0,124000.0,2025-08-14 00:22:00+00:00,3452.8069573448715,38.79558379039182,38.79558379039182,3457.8542929907517,1.1219554238890996,3471.065366052191,0.23722837124198293,30 days 16:43:00
1163,CLOSED,2025-07-14 09:28:00+00:00,122000.0,123000.0,2025-08-13 21:08:00+00:00,3452.8069573448715,38.79558379039182,38.79558379039182,3457.5004015678833,1.1220702613020395,3470.7893446799117,0.23980854126853757,30 days 11:40:00
1164,CLOSED,2025-07-14 14:32:00+00:00,121000.0,122000.0,2025-08-11 03:16:00+00:00,3452.8069573448715,38.79558379039182,38.79558379039182,3456.828831553157,1.122288249747122,3468.9658582210445,0.2424313587335476,27 days 12:44:00
1165,CLOSED,2025-07-14 15:45:00+00:00,120000.0,121000.0,2025-08-11 02:13:00+00:00,3452.8069573448715,38.79558379039182,38.79558379039182,3455.836957503666,1.1226103623365358,3468.0518595167855,0.245097889822965,27 days 10:28:00
1166,CLOSED,2025-07-15 01:20:00+00:00,119000.0,120000.0,2025-07-16 21:00:00+00:00,3452.8069573448715,38.79558379039182,38.79558379039182,3454.52211021912,1.1230376460937175,3457.098585878106,0.2478092365609541,1 days 19:40:00
1167,CLOSED,2025-07-15 02:17:00+00:00,118000.0,119000.0,2025-07-16 09:12:00+00:00,3452.8069573448715,38.79558379039182,38.79558379039182,3452.88157563872,1.1235712242235052,3455.5359321170604,0.2505665383283855,1 days 06:55:00
1168,CLOSED,2025-07-15 03:37:00+00:00,117000.0,118000.0,2025-07-15 13:12:00+00:00,3452.8069573448715,38.79558379039182,38.79558379039182,3450.9125937006365,1.12421229854416,3453.135239071195,0.25337097345936854,0 days 09:35:00
1169,CLOSED,2025-07-15 14:42:00+00:00,117000.0,118000.0,2025-07-16 00:47:00+00:00,3452.8069573448715,38.79558379039182,38.79558379039182,3451.165964674096,1.1241297633176965,3453.6448338055743,0.25337097345936854,0 days 10:05:00
1170,CLOSED,2025-07-15 14:54:00+00:00,116000.0,117000.0,2025-07-15 16:09:00+00:00,3452.8069573448715,38.79558379039182,38.79558379039182,3448.8657281359565,1.1248795067287256,3451.4224837496754,0.25622376092019294,0 days 01:15:00
1171,CLOSED,2025-07-16 22:38:00+00:00,119000.0,120000.0,2025-07-17 21:07:00+00:00,3452.8069573448715,38.79558379039182,38.79558379039182,3455.7834517018478,1.1226277436824463,3457.8475281913234,0.2478092365609541,0 days 22:29:00
1172,CLOSED,2025-07-17 01:47:00+00:00,118000.0,119000.0,2025-07-17 09:25:00+00:00,3452.8069573448715,38.79558379039182,38.79558379039182,3454.1429171214477,1.1231609322848342,3456.0343078919495,0.2505665383283855,0 days 07:38:00
1173,CLOSED,2025-07-17 11:57:00+00:00,118000.0,119000.0,2025-07-17 15:41:00+00:00,3452.8069573448715,38.79558379039182,38.79558379039182,3454.393483659776,1.1230794631215442,3456.284874430278,0.2505665383283855,0 days 03:44:00
1174,CLOSED,2025-07-18 08:31:00+00:00,119000.0,120000.0,2025-07-22 18:55:00+00:00,3452.8069573448715,38.79558379039182,38.79558379039182,3456.532394015065,1.1223844989147447,3459.8577165015754,0.2478092365609541,4 days 10:24:00
1175,CLOSED,2025-07-18 14:22:00+00:00,118000.0,119000.0,2025-07-21 06:30:00+00:00,3452.8069573448715,38.79558379039182,38.79558379039182,3454.891859434665,1.1229174564306061,3457.2899921520857,0.2505665383283855,2 days 16:08:00
1176,CLOSED,2025-07-18 20:27:00+00:00,117000.0,118000.0,2025-07-18 23:48:00+00:00,3452.8069573448715,38.79558379039182,38.79558379039182,3452.922877496582,1.123557784717137,3455.1455228671402,0.25337097345936854,0 days 03:21:00
1177,CLOSED,2025-07-20 22:13:00+00:00,117000.0,118000.0,2025-07-21 02:28:00+00:00,3452.8069573448715,38.79558379039182,38.79558379039182,3453.176248470041,1.1234753455628141,3455.3988938405996,0.25337097345936854,0 days 04:15:00
1178,CLOSED,2025-07-21 12:00:00+00:00,118000.0,119000.0,2025-07-21 13:52:00+00:00,3452.8069573448715,38.79558379039182,38.79558379039182,3455.649167919912,1.1226713681048928,3457.540558690414,0.2505665383283855,0 days 01:52:00
1179,CLOSED,2025-07-21 16:07:00+00:00,118000.0,119000.0,2025-07-22 11:05:00+00:00,3452.8069573448715,38.79558379039182,38.79558379039182,3455.8997344582403,1.1225899699452235,3458.0444962022016,0.2505665383283855,0 days 18:58:00
1180,CLOSED,2025-07-21 19:00:00+00:00,117000.0,118000.0,2025-07-22 07:05:00+00:00,3452.8069573448715,38.79558379039182,38.79558379039182,3453.930752520157,1.1232299246904316,3456.1533978907155,0.25337097345936854,0 days 12:05:00
1181,CLOSED,2025-07-22 14:00:00+00:00,118000.0,119000.0,2025-07-22 14:58:00+00:00,3452.8069573448715,38.79558379039182,38.79558379039182,3456.403671970028,1.1224262983229534,3458.29506274053,0.2505665383283855,0 days 00:58:00
1182,CLOSED,2025-07-23 02:45:00+00:00,119000.0,120000.0,2025-08-11 02:00:00+00:00,3452.8069573448715,38.79558379039182,38.79558379039182,3458.542582325317,1.1217321419910922,3466.8148902915323,0.2478092365609541,18 days 23:15:00
1183,CLOSED,2025-07-23 09:29:00+00:00,118000.0,119000.0,2025-07-24 00:29:00+00:00,3452.8069573448715,38.79558379039182,38.79558379039182,3456.902047744917,1.1222644800045696,3458.793438515419,0.2505665383283855,0 days 15:00:00
1184,CLOSED,2025-07-24 04:41:00+00:00,118000.0,119000.0,2025-07-24 14:58:00+00:00,3452.8069573448715,38.79558379039182,38.79558379039182,3457.1526142832454,1.122183140834097,3459.0440050537472,0.2505665383283855,0 days 10:17:00
1185,CLOSED,2025-07-25 00:22:00+00:00,118000.0,119000.0,2025-07-27 16:12:00+00:00,3452.8069573448715,38.79558379039182,38.79558379039182,3457.4031808215736,1.122101813453325,3460.322418650607,0.2505665383283855,2 days 15:50:00
1186,CLOSED,2025-07-25 02:35:00+00:00,117000.0,118000.0,2025-07-26 10:40:00+00:00,3452.8069573448715,38.79558379039182,38.79558379039182,3455.4341988834904,1.122741211594402,3458.4313203391207,0.25337097345936854,1 days 08:05:00
1187,CLOSED,2025-07-25 03:06:00+00:00,116000.0,117000.0,2025-07-25 20:33:00+00:00,3452.8069573448715,38.79558379039182,38.79558379039182,3453.133962345351,1.1234891033315735,3456.208970283222,0.25622376092019294,0 days 17:27:00
1188,CLOSED,2025-07-25 07:12:00+00:00,115000.0,116000.0,2025-07-25 09:59:00+00:00,3452.8069573448715,38.79558379039182,38.79558379039182,3450.499615564051,1.1243468515515231,3453.3933867273927,0.2591261620760079,0 days 02:47:00
1189,CLOSED,2025-07-25 14:57:00+00:00,115000.0,116000.0,2025-07-25 16:48:00+00:00,3452.8069573448715,38.79558379039182,38.79558379039182,3450.758741726127,1.124262421515612,3453.6525128894687,0.2591261620760079,0 days 01:51:00
1190,CLOSED,2025-07-28 14:34:00+00:00,118000.0,119000.0,2025-07-29 06:20:00+00:00,3452.8069573448715,38.79558379039182,38.79558379039182,3458.681594418433,1.1216870570855533,3460.572985188935,0.2505665383283855,0 days 15:46:00
1191,CLOSED,2025-07-29 14:08:00+00:00,118000.0,119000.0,2025-08-10 15:08:00+00:00,3452.8069573448715,38.79558379039182,38.79558379039182,3458.9321609567614,1.1216058015911108,3465.2522365304867,0.2505665383283855,12 days 01:00:00
1192,CLOSED,2025-07-29 16:38:00+00:00,117000.0,118000.0,2025-07-29 17:30:00+00:00,3452.8069573448715,38.79558379039182,38.79558379039182,3456.963179018678,1.122244634419411,3459.1858243892366,0.25337097345936854,0 days 00:52:00
1193,CLOSED,2025-07-30 18:49:00+00:00,117000.0,118000.0,2025-07-31 00:27:00+00:00,3452.8069573448715,38.79558379039182,38.79558379039182,3457.2165499921375,1.1221623878457958,3459.695419123616,0.25337097345936854,0 days 05:38:00
1194,CLOSED,2025-07-30 19:04:00+00:00,116000.0,117000.0,2025-07-30 19:49:00+00:00,3452.8069573448715,38.79558379039182,38.79558379039182,3454.916313453998,1.1229095083813054,3457.473069067717,0.25622376092019294,0 days 00:45:00
1195,CLOSED,2025-07-31 19:35:00+00:00,117000.0,118000.0,2025-08-10 03:20:00+00:00,3452.8069573448715,38.79558379039182,38.79558379039182,3457.726144726517,1.121997005157859,3463.3611382190006,0.25337097345936854,9 days 07:45:00
1196,CLOSED,2025-07-31 23:00:00+00:00,116000.0,117000.0,2025-08-07 19:42:00+00:00,3452.8069573448715,38.79558379039182,38.79558379039182,3455.4259081883774,1.1227439054171964,3460.881684236847,0.25622376092019294,6 days 20:42:00
1197,CLOSED,2025-08-01 00:50:00+00:00,115000.0,116000.0,2025-08-01 02:40:00+00:00,3464.6678440166347,38.928852179962185,38.928852179962185,3452.7915614070776,1.1274602444897643,3455.6863569987354,0.26001629757446665,0 days 01:50:00
1198,CLOSED,2025-08-01 07:11:00+00:00,115000.0,116000.0,2025-08-01 13:12:00+00:00,3464.6678440166347,38.928852179962185,38.928852179962185,3453.051577704652,1.12737534623909,3455.94637329631,0.26001629757446665,0 days 06:01:00
1199,CLOSED,2025-08-01 13:44:00+00:00,115000.0,116000.0,2025-08-07 10:33:00+00:00,3464.6678440166347,38.928852179962185,38.928852179962185,3453.3115940022267,1.1272904607732042,3458.3253611359114,0.26001629757446665,5 days 20:49:00
1200,CLOSED,2025-08-01 14:03:00+00:00,114000.0,115000.0,2025-08-01 14:10:00+00:00,3464.6678440166347,38.928852179962185,38.928852179962185,3450.3389407062086,1.1282616823724079,3453.5748759761805,0.26297976312780946,0 days 00:07:00
1201,CLOSED,2025-08-01 18:16:00+00:00,114000.0,115000.0,2025-08-04 01:03:00+00:00,3464.6678440166347,38.928852179962185,38.928852179962185,3450.6019204693366,1.1281756944790444,3454.6389125494243,0.26297976312780946,2 days 06:47:00
1202,CLOSED,2025-08-01 22:43:00+00:00,113000.0,114000.0,2025-08-02 04:30:00+00:00,3464.6678440166347,38.928852179962185,38.928852179962185,3447.288127495005,1.1292601819230612,3450.868221378497,0.26599567939893376,0 days 05:47:00
1203,CLOSED,2025-08-02 14:41:00+00:00,113000.0,114000.0,2025-08-03 11:07:00+00:00,3464.6678440166347,38.928852179962185,38.928852179962185,3447.554123174404,1.1291730539713085,3451.4032825092136,0.26599567939893376,0 days 20:26:00
1204,CLOSED,2025-08-03 00:37:00+00:00,112000.0,113000.0,2025-08-03 01:01:00+00:00,3464.6678440166347,38.928852179962185,38.928852179962185,3443.896171586552,1.1303724107927515,3447.823496928328,0.2690654513177364,0 days 00:24:00
1205,CLOSED,2025-08-05 07:36:00+00:00,114000.0,115000.0,2025-08-05 10:26:00+00:00,3464.6678440166347,38.928852179962185,38.928852179962185,3451.6659570425804,1.1278279145330967,3454.9018923125523,0.26297976312780946,0 days 02:50:00
1206,CLOSED,2025-08-05 12:39:00+00:00,114000.0,115000.0,2025-08-06 14:57:00+00:00,3464.6678440166347,38.928852179962185,38.928852179962185,3451.9289368057084,1.1277419927417611,3455.4308677550794,0.26297976312780946,1 days 02:18:00
1207,CLOSED,2025-08-05 14:32:00+00:00,113000.0,114000.0,2025-08-05 23:03:00+00:00,3464.6678440166347,38.928852179962185,38.928852179962185,3448.615143831377,1.1288256461320476,3452.1952377148687,0.26599567939893376,0 days 08:31:00
1208,CLOSED,2025-08-08 15:40:00+00:00,116000.0,117000.0,2025-08-09 08:43:00+00:00,3464.6678440166347,38.928852179962185,38.928852179962185,3458.581152384048,1.125572900122005,3461.1389224459394,0.2571039262547927,0 days 17:03:00
1209,CLOSED,2025-08-11 10:57:00+00:00,121000.0,122000.0,2025-08-13 13:57:00+00:00,3464.6678440166347,38.928852179962185,38.928852179962185,3468.2940066978676,1.12242076665888,3469.9525174314394,0.2432641451902242,2 days 03:00:00
1210,CLOSED,2025-08-11 12:31:00+00:00,120000.0,121000.0,2025-08-13 13:49:00+00:00,3464.6678440166347,38.928852179962185,38.928852179962185,3467.3008990897292,1.1227422514781507,3469.037552681503,0.24593983619604387,2 days 01:18:00
1211,CLOSED,2025-08-11 19:51:00+00:00,119000.0,120000.0,2025-08-12 16:03:00+00:00,3464.6678440166347,38.928852179962185,38.928852179962185,3465.9837087871924,1.1231689312695605,3467.549847463754,0.2486604967985997,0 days 20:12:00
1212,CLOSED,2025-08-13 05:51:00+00:00,119000.0,120000.0,2025-08-13 08:59:00+00:00,3464.6678440166347,38.928852179962185,38.928852179962185,3466.232369283991,1.1230883574029862,3467.7985079605523,0.2486604967985997,0 days 03:08:00
1213,CLOSED,2025-08-13 14:52:00+00:00,121000.0,122000.0,2025-08-13 19:10:00+00:00,3464.6678440166347,38.928852179962185,38.928852179962185,3469.280531672851,1.122101594972232,3470.195781576629,0.2432641451902242,0 days 04:18:00
1214,CLOSED,2025-08-14 00:35:00+00:00,124000.0,125000.0,2025-10-05 04:46:00+00:00,3464.6678440166347,38.928852179962185,38.928852179962185,3471.026294168146,1.1215372308002565,3490.628438701433,0.23549601001204934,52 days 04:11:00
1215,CLOSED,2025-08-14 05:00:00+00:00,123000.0,124000.0,2025-10-05 02:34:00+00:00,3464.6678440166347,38.928852179962185,38.928852179962185,3470.673736902032,1.1216511585646936,3490.3540163890652,0.2380432846910736,51 days 21:34:00
1216,CLOSED,2025-08-14 06:00:00+00:00,122000.0,123000.0,2025-10-03 16:11:00+00:00,3464.6678440166347,38.928852179962185,38.928852179962185,3470.005001397481,1.1218673219284785,3489.279071054533,0.2406323179713823,50 days 10:11:00
1217,CLOSED,2025-08-14 10:52:00+00:00,121000.0,122000.0,2025-10-03 15:53:00+00:00,3464.6678440166347,38.928852179962185,38.928852179962185,3469.0174960295876,1.1221866774819562,3488.3697058664725,0.2432641451902242,50 days 05:01:00
1218,CLOSED,2025-08-14 12:33:00+00:00,120000.0,121000.0,2025-10-02 19:12:00+00:00,3464.6678440166347,38.928852179962185,38.928852179962185,3467.7085863366715,1.122610254314567,3486.8914238285624,0.24593983619604387,49 days 06:39:00
1219,CLOSED,2025-08-14 12:34:00+00:00,119000.0,120000.0,2025-10-02 16:11:00+00:00,3464.6678440166347,38.928852179962185,38.928852179962185,3466.0755939493565,1.123139156223809,3485.336577022834,0.2486604967985997,49 days 03:37:00
1220,CLOSED,2025-08-14 12:35:00+00:00,118000.0,119000.0,2025-08-14 12:36:00+00:00,3464.6678440166347,38.928852179962185,38.928852179962185,3464.1157954836576,1.1237745640811343,3466.3273118664188,0.25142727029272294,0 days 00:01:00
1221,CLOSED,2025-08-14 13:40:00+00:00,118000.0,119000.0,2025-08-14 14:31:00+00:00,3464.6678440166347,38.928852179962185,38.928852179962185,3464.3672227539505,1.1236930058764452,3466.5787391367116,0.25142727029272294,0 days 00:51:00
1222,CLOSED,2025-08-14 15:37:00+00:00,118000.0,119000.0,2025-08-15 03:29:00+00:00,3464.6678440166347,38.928852179962185,38.928852179962185,3464.6186500242434,1.1236114595091087,3466.8301664070045,0.25142727029272294,0 days 11:52:00
1223,CLOSED,2025-08-15 13:42:00+00:00,118000.0,119000.0,2025-10-02 00:02:00+00:00,3464.6678440166347,38.928852179962185,38.928852179962185,3464.8700772945363,1.1235299249765487,3483.4549269082636,0.25142727029272294,47 days 10:20:00
1224,CLOSED,2025-08-15 15:09:00+00:00,117000.0,118000.0,2025-08-17 04:50:00+00:00,3464.6678440166347,38.928852179962185,38.928852179962185,3462.580703207415,1.1242727756179687,3465.124612097251,0.2542413390602434,1 days 13:41:00
1225,CLOSED,2025-08-18 01:29:00+00:00,117000.0,118000.0,2025-10-01 16:37:00+00:00,3464.6678440166347,38.928852179962185,38.928852179962185,3462.834944546475,1.1241902315116168,3480.987834107842,0.2542413390602434,44 days 15:08:00
1226,CLOSED,2025-08-18 02:07:00+00:00,116000.0,117000.0,2025-08-22 15:45:00+00:00,3464.6678440166347,38.928852179962185,38.928852179962185,3460.213177952279,1.1250420184515888,3464.9424096496296,0.2571039262547927,4 days 13:38:00
1227,CLOSED,2025-08-18 03:48:00+00:00,115000.0,116000.0,2025-08-18 15:50:00+00:00,3464.6678440166347,38.928852179962185,38.928852179962185,3457.2561533983603,1.1260042777477308,3460.4734934942476,0.26001629757446665,0 days 12:02:00
1228,CLOSED,2025-08-19 03:43:00+00:00,115000.0,116000.0,2025-08-22 14:40:00+00:00,3464.6678440166347,38.928852179962185,38.928852179962185,3457.516169695935,1.125919598617111,3462.063542044465,0.26001629757446665,3 days 10:57:00
1229,CLOSED,2025-08-19 14:42:00+00:00,114000.0,115000.0,2025-08-22 14:08:00+00:00,3464.6678440166347,38.928852179962185,38.928852179962185,3454.220971895688,1.1269936838637715,3458.8465041594036,0.26297976312780946,2 days 23:26:00
1230,CLOSED,2025-08-19 18:43:00+00:00,113000.0,114000.0,2025-08-20 08:56:00+00:00,3464.6678440166347,38.928852179962185,38.928852179962185,3450.584634417127,1.1281813461891232,3454.487272804848,0.26599567939893376,0 days 14:13:00
1231,CLOSED,2025-08-20 13:45:00+00:00,113000.0,114000.0,2025-08-20 15:07:00+00:00,3464.6678440166347,38.928852179962185,38.928852179962185,3450.850630096526,1.1280943846263574,3454.753268484247,0.26599567939893376,0 days 01:22:00
1232,CLOSED,2025-08-21 11:55:00+00:00,113000.0,114000.0,2025-08-22 14:03:00+00:00,3464.6678440166347,38.928852179962185,38.928852179962185,3451.116625775925,1.12800743646876,3455.288329614964,0.26599567939893376,1 days 02:08:00
1233,CLOSED,2025-08-22 12:31:00+00:00,112000.0,113000.0,2025-08-22 14:00:00+00:00,3464.6678440166347,38.928852179962185,38.928852179962185,3447.136129683844,1.1293099754529439,3451.385999529849,0.2690654513177364,0 days 01:29:00
1234,CLOSED,2025-08-23 02:26:00+00:00,116000.0,117000.0,2025-09-17 02:52:00+00:00,3464.6678440166347,38.928852179962185,38.928852179962185,3462.3203467263256,1.124357317680612,3474.437549129199,0.2571039262547927,25 days 00:26:00
1235,CLOSED,2025-08-23 13:29:00+00:00,115000.0,116000.0,2025-09-12 00:44:00+00:00,3464.6678440166347,38.928852179962185,38.928852179962185,3459.363322172407,1.125318405570528,3470.5147061085418,0.26001629757446665,19 days 11:15:00
1236,CLOSED,2025-08-24 19:34:00+00:00,114000.0,115000.0,2025-09-11 22:24:00+00:00,3464.6678440166347,38.928852179962185,38.928852179962185,3456.06812437216,1.1263913435454667,3467.2976682234807,0.26297976312780946,18 days 02:50:00
1237,CLOSED,2025-08-24 19:36:00+00:00,113000.0,114000.0,2025-09-10 13:44:00+00:00,3464.6678440166347,38.928852179962185,38.928852179962185,3452.431786893599,1.1275777360105144,3463.739493679041,0.26599567939893376,16 days 18:08:00
1238,CLOSED,2025-08-24 19:37:00+00:00,112000.0,113000.0,2025-08-24 19:44:00+00:00,3464.6678440166347,38.928852179962185,38.928852179962185,3448.451290801518,1.1288792822390137,3452.9733511819654,0.2690654513177364,0 days 00:07:00
1239,CLOSED,2025-08-24 19:37:00+00:00,111000.0,112000.0,2025-08-24 19:38:00+00:00,3464.6678440166347,38.928852179962185,38.928852179962185,3444.123563251153,1.1302977801183902,3448.7237927667775,0.2721905344422879,0 days 00:01:00
1240,CLOSED,2025-08-24 19:56:00+00:00,112000.0,113000.0,2025-08-24 21:32:00+00:00,3464.6678440166347,38.928852179962185,38.928852179962185,3448.992546787278,1.1287021253851142,3453.242416633283,0.2690654513177364,0 days 01:36:00
1241,CLOSED,2025-08-25 06:45:00+00:00,112000.0,113000.0,2025-08-28 04:50:00+00:00,3464.6678440166347,38.928852179962185,38.928852179962185,3449.2616122385957,1.1286140790781327,3455.4264199176887,0.2690654513177364,2 days 22:05:00
1242,CLOSED,2025-08-25 08:07:00+00:00,111000.0,112000.0,2025-08-25 14:17:00+00:00,3464.6678440166347,38.928852179962185,38.928852179962185,3444.9338846882306,1.1300319101330236,3449.534114203855,0.2721905344422879,0 days 06:10:00
1243,CLOSED,2025-08-25 19:56:00+00:00,111000.0,112000.0,2025-08-26 23:03:00+00:00,3464.6678440166347,38.928852179962185,38.928852179962185,3445.206075222673,1.129942631296623,3450.360289899174,0.2721905344422879,1 days 03:07:00
1244,CLOSED,2025-08-25 20:11:00+00:00,110000.0,111000.0,2025-08-26 19:21:00+00:00,3464.6678440166347,38.928852179962185,38.928852179962185,3440.5279880026883,1.1314790147241718,3445.760374999454,0.2753724372600246,0 days 23:10:00
1245,CLOSED,2025-08-26 00:45:00+00:00,109000.0,110000.0,2025-08-26 02:09:00+00:00,3464.6678440166347,38.928852179962185,38.928852179962185,3435.4963560251786,1.1331361802113022,3440.8069185857394,0.27861272361569434,0 days 01:24:00
1246,CLOSED,2025-08-27 03:11:00+00:00,111000.0,112000.0,2025-08-27 14:26:00+00:00,3464.6678440166347,38.928852179962185,38.928852179962185,3446.0322509179914,1.1296717310057647,3450.6324804336164,0.2721905344422879,0 days 11:15:00
1247,CLOSED,2025-08-27 20:21:00+00:00,111000.0,112000.0,2025-08-27 20:26:00+00:00,3464.6678440166347,38.928852179962185,38.928852179962185,3446.304441452434,1.1295825090703753,3450.904670968059,0.2721905344422879,0 days 00:05:00
1248,CLOSED,2025-08-28 00:24:00+00:00,111000.0,112000.0,2025-08-28 03:32:00+00:00,3464.6678440166347,38.928852179962185,38.928852179962185,3446.5766319868762,1.129493301227443,3451.176861502501,0.2721905344422879,0 days 03:08:00
1249,CLOSED,2025-08-28 19:55:00+00:00,112000.0,113000.0,2025-09-05 12:30:00+00:00,3464.6678440166347,38.928852179962185,38.928852179962185,3451.4456155230014,1.1278999154695721,3458.4741740880086,0.2690654513177364,7 days 16:35:00
1250,CLOSED,2025-08-29 06:29:00+00:00,111000.0,112000.0,2025-09-03 14:39:00+00:00,3464.6678440166347,38.928852179962185,38.928852179962185,3447.1178879726363,1.1293159516182816,3453.6749940854206,0.2721905344422879,5 days 08:10:00
1251,CLOSED,2025-08-29 07:56:00+00:00,110000.0,111000.0,2025-08-29 12:30:00+00:00,3464.6678440166347,38.928852179962185,38.928852179962185,3442.4398007526515,1.1308506301679064,3447.3935750258015,0.2753724372600246,0 days 04:34:00
1252,CLOSED,2025-08-29 13:35:00+00:00,110000.0,111000.0,2025-09-02 13:50:00+00:00,3464.6678440166347,38.928852179962185,38.928852179962185,3442.715173189912,1.130760176825547,3449.0750791857017,0.2753724372600246,4 days 00:15:00
1253,CLOSED,2025-08-29 13:56:00+00:00,109000.0,110000.0,2025-09-02 02:58:00+00:00,3464.6678440166347,38.928852179962185,38.928852179962185,3437.683541212402,1.1324152358198964,3443.8419625770184,0.27861272361569434,3 days 13:02:00
1254,CLOSED,2025-08-29 19:02:00+00:00,108000.0,109000.0,2025-08-31 00:38:00+00:00,3464.6678440166347,38.928852179962185,38.928852179962185,3432.2951209474813,1.134193034345366,3437.9657753907068,0.2819130152742346,1 days 05:36:00
1255,CLOSED,2025-09-01 00:09:00+00:00,108000.0,109000.0,2025-09-01 07:50:00+00:00,3477.6935962661496,39.07520894681067,39.07520894681067,3432.5770339627556,1.1383636422486956,3438.2488958493077,0.28297289439056783,0 days 07:41:00
1256,CLOSED,2025-09-01 21:32:00+00:00,108000.0,109000.0,2025-09-01 23:40:00+00:00,3477.6935962661496,39.07520894681067,39.07520894681067,3432.8600068571463,1.1382698061895284,3438.5318687436984,0.28297289439056783,0 days 02:08:00
1257,CLOSED,2025-09-02 12:43:00+00:00,109000.0,110000.0,2025-09-02 13:36:00+00:00,3477.6935962661496,39.07520894681067,39.07520894681067,3438.8100127400735,1.1363003132492104,3444.1217703237767,0.2796601949678532,0 days 00:53:00
1258,CLOSED,2025-09-04 04:58:00+00:00,111000.0,112000.0,2025-09-05 07:01:00+00:00,3477.6935962661496,39.07520894681067,39.07520894681067,3449.3469551042385,1.132829183477422,3454.224763200442,0.2732138609560977,1 days 02:03:00
1259,CLOSED,2025-09-04 14:05:00+00:00,110000.0,111000.0,2025-09-04 22:56:00+00:00,3477.6935962661496,39.07520894681067,39.07520894681067,3444.667404316586,1.1343681220963364,3449.6236786294166,0.27640772644374323,0 days 08:51:00
1260,CLOSED,2025-09-05 14:15:00+00:00,112000.0,113000.0,2025-09-09 06:47:00+00:00,3477.6935962661496,39.07520894681067,39.07520894681067,3454.4933696933213,1.1311415239531821,3459.2940202200493,0.27007702878074014,3 days 16:32:00
1261,CLOSED,2025-09-05 14:26:00+00:00,111000.0,112000.0,2025-09-08 09:14:00+00:00,3477.6935962661496,39.07520894681067,39.07520894681067,3450.164190336099,1.1325608519229382,3455.0433038823926,0.2732138609560977,2 days 18:48:00
1262,CLOSED,2025-09-06 16:21:00+00:00,110000.0,111000.0,2025-09-07 08:21:00+00:00,3477.6935962661496,39.07520894681067,39.07520894681067,3445.4833340983564,1.1340994907768494,3450.4409138612773,0.27640772644374323,0 days 16:00:00
1263,CLOSED,2025-09-09 14:33:00+00:00,112000.0,113000.0,2025-09-10 12:30:00+00:00,3477.6935962661496,39.07520894681067,39.07520894681067,3455.313068309502,1.1308731849854652,3459.8373111097862,0.27007702878074014,0 days 21:57:00
1264,CLOSED,2025-09-09 15:37:00+00:00,111000.0,112000.0,2025-09-10 07:23:00+00:00,3477.6935962661496,39.07520894681067,39.07520894681067,3450.98388895228,1.132291839202817,3455.5865947721295,0.2732138609560977,0 days 15:46:00
1265,CLOSED,2025-09-12 08:06:00+00:00,115000.0,116000.0,2025-09-12 18:09:00+00:00,3477.6935962661496,39.07520894681067,39.07520894681067,3467.5573823102295,1.1268799514653498,3470.77584744422,0.2609938538729466,0 days 10:03:00
1266,CLOSED,2025-09-15 00:10:00+00:00,115000.0,116000.0,2025-09-15 04:22:00+00:00,3477.6935962661496,39.07520894681067,39.07520894681067,3467.8183761641026,1.1267951405815368,3471.0368412980933,0.2609938538729466,0 days 04:12:00
1267,CLOSED,2025-09-15 08:50:00+00:00,115000.0,116000.0,2025-09-16 06:11:00+00:00,3477.6935962661496,39.07520894681067,39.07520894681067,3468.0793700179756,1.1267103424627831,3471.297835151966,0.2609938538729466,0 days 21:21:00
1268,CLOSED,2025-09-16 13:45:00+00:00,115000.0,116000.0,2025-09-16 16:00:00+00:00,3477.6935962661496,39.07520894681067,39.07520894681067,3468.3403638718487,1.1266255571062072,3471.5588290058395,0.2609938538729466,0 days 02:15:00
1269,CLOSED,2025-09-17 13:36:00+00:00,116000.0,117000.0,2025-09-18 03:01:00+00:00,3477.6935962661496,39.07520894681067,39.07520894681067,3471.815486205895,1.1254978584565634,3475.2177548410027,0.25807053321296536,0 days 13:25:00
1270,CLOSED,2025-09-17 18:15:00+00:00,115000.0,116000.0,2025-09-17 18:28:00+00:00,3477.6935962661496,39.07520894681067,39.07520894681067,3468.85705486064,1.1264577446931003,3472.0767804292004,0.2609938538729466,0 days 00:13:00
1271,CLOSED,2025-09-17 18:43:00+00:00,115000.0,116000.0,2025-09-17 20:08:00+00:00,3477.6935962661496,39.07520894681067,39.07520894681067,3469.118048714513,1.1263729973469785,3472.3377742830735,0.2609938538729466,0 days 01:25:00
1272,CLOSED,2025-09-19 14:47:00+00:00,116000.0,117000.0,2025-10-01 14:02:00+00:00,3477.6935962661496,39.07520894681067,39.07520894681067,3472.595544446854,1.1252450349219958,3478.444369017958,0.25807053321296536,11 days 23:15:00
1273,CLOSED,2025-09-22 00:32:00+00:00,115000.0,116000.0,2025-10-01 08:48:00+00:00,3477.6935962661496,39.07520894681067,39.07520894681067,3469.637113101599,1.1262044897796337,3475.5643884600286,0.2609938538729466,9 days 08:16:00
1274,CLOSED,2025-09-22 05:59:00+00:00,114000.0,115000.0,2025-10-01 08:27:00+00:00,3477.6935962661496,39.07520894681067,39.07520894681067,3466.3392371151454,1.1272759610029093,3472.344966238485,0.2639684608602906,9 days 02:28:00
1275,CLOSED,2025-09-22 06:02:00+00:00,113000.0,114000.0,2025-09-29 14:41:00+00:00,3477.6935962661496,39.07520894681067,39.07520894681067,3462.698938902921,1.128461054116093,3468.516129105697,0.2669957157589238,7 days 08:39:00
1276,CLOSED,2025-09-22 06:02:00+00:00,112000.0,113000.0,2025-09-22 06:12:00+00:00,3477.6935962661496,39.07520894681067,39.07520894681067,3458.713188179742,1.1297614696804406,3462.969325393401,0.27007702878074014,0 days 00:10:00
1277,CLOSED,2025-09-22 19:44:00+00:00,112000.0,113000.0,2025-09-23 06:35:00+00:00,3477.6935962661496,39.07520894681067,39.07520894681067,3458.9832652085224,1.1296732580304938,3463.2394024221817,0.27007702878074014,0 days 10:51:00
1278,CLOSED,2025-09-23 17:46:00+00:00,112000.0,113000.0,2025-09-24 11:05:00+00:00,3477.6935962661496,39.07520894681067,39.07520894681067,3459.253342237303,1.1295850601545832,3463.5094794509623,0.27007702878074014,0 days 17:19:00
1279,CLOSED,2025-09-25 04:19:00+00:00,112000.0,113000.0,2025-09-29 13:43:00+00:00,3477.6935962661496,39.07520894681067,39.07520894681067,3459.5234192660837,1.129496876049483,3464.608838262111,0.27007702878074014,4 days 09:24:00
1280,CLOSED,2025-09-25 13:04:00+00:00,111000.0,112000.0,2025-09-28 22:46:00+00:00,3477.6935962661496,39.07520894681067,39.07520894681067,3455.189131634531,1.1309137490926737,3460.3530136501236,0.2732138609560977,3 days 09:42:00
1281,CLOSED,2025-09-25 17:21:00+00:00,110000.0,111000.0,2025-09-28 22:05:00+00:00,3477.6935962661496,39.07520894681067,39.07520894681067,3450.503167122457,1.1324495893564819,3455.745515354677,0.27640772644374323,3 days 04:44:00
1282,CLOSED,2025-09-25 17:56:00+00:00,109000.0,110000.0,2025-09-26 17:27:00+00:00,3477.6935962661496,39.07520894681067,39.07520894681067,3445.4623286673113,1.1341064048703378,3450.783146371883,0.2796601949678532,0 days 23:31:00
1283,CLOSED,2025-09-30 09:38:00+00:00,113000.0,114000.0,2025-09-30 19:30:00+00:00,3477.6935962661496,39.07520894681067,39.07520894681067,3464.8755245161706,1.1277521709027936,3468.783124821456,0.2669957157589238,0 days 09:52:00
1284,CLOSED,2025-10-01 17:49:00+00:00,117000.0,118000.0,2025-10-01 22:08:00+00:00,3486.860765141667,39.178210844288394,39.178210844288394,3478.6981665570656,1.1262319686408384,3481.2439552276023,0.2558698813155189,0 days 04:19:00
1285,CLOSED,2025-10-03 01:50:00+00:00,120000.0,121000.0,2025-10-03 15:18:00+00:00,3486.860765141667,39.178210844288394,39.178210844288394,3485.582228981804,1.124007648378819,3487.1391902169744,0.24751520319568243,0 days 13:28:00
1286,CLOSED,2025-10-03 17:00:00+00:00,122000.0,123000.0,2025-10-03 17:11:00+00:00,3486.860765141667,39.178210844288394,39.178210844288394,3488.6100557089703,1.1230321021455185,3489.5214958933943,0.24217368767645553,0 days 00:11:00
1287,CLOSED,2025-10-03 17:51:00+00:00,122000.0,123000.0,2025-10-05 02:30:00+00:00,3486.860765141667,39.178210844288394,39.178210844288394,3488.8522293966466,1.1229541484783314,3489.7636695810706,0.24217368767645553,1 days 08:39:00
1288,CLOSED,2025-10-05 05:06:00+00:00,125000.0,126000.0,2025-10-06 18:56:00+00:00,3486.860765141667,39.178210844288394,39.178210844288394,3490.589235149691,1.12239533800683,3491.339741749373,0.23448190532875657,1 days 13:50:00
1289,CLOSED,2025-10-05 09:29:00+00:00,124000.0,125000.0,2025-10-06 13:57:00+00:00,3486.860765141667,39.178210844288394,39.178210844288394,3490.236944677779,1.122508628075546,3491.066084158299,0.23700447910945144,1 days 04:28:00
1290,CLOSED,2025-10-05 09:41:00+00:00,123000.0,124000.0,2025-10-06 00:16:00+00:00,3486.860765141667,39.178210844288394,39.178210844288394,3489.56901684592,1.122723484050761,3490.4767917734353,0.23956807034999628,0 days 14:35:00
1291,OPEN,2025-10-06 18:57:00+00:00,126000.0,127000.0,,3486.860765141667,39.178210844288394,39.178210844288394,3491.3002896044786,1.122166745752105,,-11.952285901087691,86 days 05:02:00
1292,OPEN,2025-10-06 21:16:00+00:00,125000.0,126000.0,,3486.860765141667,39.178210844288394,39.178210844288394,3490.950484150512,1.1222791907866898,,-11.734478501542085,86 days 02:43:00
1293,CLOSED,2025-10-07 06:25:00+00:00,124000.0,125000.0,2025-10-07 12:56:00+00:00,3486.860765141667,39.178210844288394,39.178210844288394,3490.287566435477,1.1224923476520272,3491.18776508877,0.23700447910945144,0 days 06:31:00
1294,OPEN,2025-10-07 13:42:00+00:00,124000.0,125000.0,,3486.860765141667,39.178210844288394,39.178210844288394,3490.524570914586,1.1224161311095695,,-11.513158079423164,85 days 10:17:00
1295,CLOSED,2025-10-07 14:08:00+00:00,123000.0,124000.0,2025-10-08 17:31:00+00:00,3486.860765141667,39.178210844288394,39.178210844288394,3489.5460158396045,1.122730884374422,3491.9805838193865,0.23956807034999628,1 days 03:23:00
1296,CLOSED,2025-10-07 15:07:00+00:00,122000.0,123000.0,2025-10-08 10:38:00+00:00,3486.860765141667,39.178210844288394,39.178210844288394,3488.249257247278,1.1231482602021836,3490.278115906928,0.24217368767645553,0 days 19:31:00
1297,CLOSED,2025-10-07 16:24:00+00:00,121000.0,122000.0,2025-10-07 16:46:00+00:00,3486.860765141667,39.178210844288394,39.178210844288394,3486.631686912054,1.123669327946328,3488.4943639052044,0.24482237305789312,0 days 00:22:00
1298,CLOSED,2025-10-07 18:02:00+00:00,121000.0,122000.0,2025-10-07 19:52:00+00:00,3486.860765141667,39.178210844288394,39.178210844288394,3486.8765092851118,1.1235904322955448,3488.739186278262,0.24482237305789312,0 days 01:50:00
1299,CLOSED,2025-10-08 13:43:00+00:00,122000.0,123000.0,2025-10-08 14:01:00+00:00,3486.860765141667,39.178210844288394,39.178210844288394,3488.9810756810693,1.1229126783566914,3490.5202895946045,0.24217368767645553,0 days 00:18:00
1300,CLOSED,2025-10-08 15:48:00+00:00,122000.0,123000.0,2025-10-08 16:51:00+00:00,3486.860765141667,39.178210844288394,39.178210844288394,3489.2232493687457,1.1228347412673103,3490.762463282281,0.24217368767645553,0 days 01:03:00
1301,OPEN,2025-10-08 20:58:00+00:00,123000.0,124000.0,,3486.860765141667,39.178210844288394,39.178210844288394,3491.0017497190984,1.1222627100499405,,-11.288238951253529,84 days 03:01:00
1302,CLOSED,2025-10-09 02:19:00+00:00,122000.0,123000.0,2025-10-09 12:05:00+00:00,3486.860765141667,39.178210844288394,39.178210844288394,3489.704991126772,1.1226797377975024,3491.244205040307,0.24217368767645553,0 days 09:46:00
1303,OPEN,2025-10-09 14:08:00+00:00,122000.0,123000.0,,3486.860765141667,39.178210844288394,39.178210844288394,3489.947164814448,1.1226018330386789,,-11.05963262426144,83 days 09:51:00
1304,CLOSED,2025-10-09 14:46:00+00:00,121000.0,122000.0,2025-10-10 13:26:00+00:00,3486.860765141667,39.178210844288394,39.178210844288394,3488.3295944792244,1.123122393775332,3490.4397866755703,0.24482237305789312,0 days 22:40:00
1305,CLOSED,2025-10-09 16:58:00+00:00,120000.0,121000.0,2025-10-09 17:59:00+00:00,3486.860765141667,39.178210844288394,39.178210844288394,3486.388561064385,1.1237476878459982,3488.577396662814,0.24751520319568243,0 days 01:01:00
1306,OPEN,2025-10-10 14:57:00+00:00,121000.0,122000.0,,3486.860765141667,39.178210844288394,39.178210844288394,3488.8219320554776,1.1229639003446106,,-10.827247680294278,82 days 09:02:00
1307,OPEN,2025-10-10 15:04:00+00:00,120000.0,121000.0,,3486.860765141667,39.178210844288394,39.178210844288394,3486.8808986406384,1.1235890178974002,,-10.590989653927657,82 days 08:55:00
1308,OPEN,2025-10-10 15:30:00+00:00,119000.0,120000.0,,3486.860765141667,39.178210844288394,39.178210844288394,3484.6137066205206,1.124320057912088,,-10.350760904428824,82 days 08:29:00
1309,OPEN,2025-10-10 17:05:00+00:00,118000.0,119000.0,,3486.860765141667,39.178210844288394,39.178210844288394,3482.017615166508,1.1251583183738407,,-10.106460481209677,82 days 06:54:00
1310,OPEN,2025-10-10 19:10:00+00:00,117000.0,118000.0,,3486.860765141667,39.178210844288394,39.178210844288394,3479.089836995264,1.1261051792248309,,-9.857983982379945,82 days 04:49:00
1311,CLOSED,2025-10-10 19:21:00+00:00,116000.0,117000.0,2025-10-10 19:45:00+00:00,3486.860765141667,39.178210844288394,39.178210844288394,3475.827537177579,1.1271621052896559,3479.3488860273114,0.2587508048051248,0 days 00:24:00
1312,OPEN,2025-10-10 20:52:00+00:00,116000.0,117000.0,,3486.860765141667,39.178210844288394,39.178210844288394,3476.086287982384,1.127078202279855,,-9.605223405984184,82 days 03:07:00
1313,CLOSED,2025-10-10 20:55:00+00:00,115000.0,116000.0,2025-10-27 06:50:00+00:00,3486.860765141667,39.178210844288394,39.178210844288394,3472.486582710963,1.1282465723367041,3502.9791093394574,0.26168183131192535,16 days 09:55:00
1314,CLOSED,2025-10-10 20:56:00+00:00,114000.0,115000.0,2025-10-10 21:04:00+00:00,3486.860765141667,39.178210844288394,39.178210844288394,3468.546538025338,1.1295281875212422,3472.751551136936,0.2646642793364009,0 days 00:08:00
1315,CLOSED,2025-10-10 21:11:00+00:00,114000.0,115000.0,2025-10-12 20:28:00+00:00,3486.860765141667,39.178210844288394,39.178210844288394,3468.811202304674,1.1294420064792927,3485.7148800262125,0.2646642793364009,1 days 23:17:00
1316,CLOSED,2025-10-10 21:13:00+00:00,113000.0,114000.0,2025-10-10 22:48:00+00:00,3486.860765141667,39.178210844288394,39.178210844288394,3464.5278327713872,1.1308383922824046,3479.0602674533934,0.26769951405156434,0 days 01:35:00
1317,CLOSED,2025-10-10 21:13:00+00:00,112000.0,113000.0,2025-10-10 21:46:00+00:00,3486.860765141667,39.178210844288394,39.178210844288394,3459.8981001174507,1.13235158119132,3473.4197554993643,0.270788949386656,0 days 00:33:00
1318,CLOSED,2025-10-10 21:13:00+00:00,111000.0,112000.0,2025-10-10 21:14:00+00:00,3486.860765141667,39.178210844288394,39.178210844288394,3454.918911815001,1.13398351290701,3460.449483928072,0.2739340502232679,0 days 00:01:00
1319,CLOSED,2025-10-10 21:13:00+00:00,110000.0,111000.0,2025-10-10 21:14:00+00:00,3486.860765141667,39.178210844288394,39.178210844288394,3449.587119614953,1.1357362340992714,3455.196364780889,0.27713633471145727,0 days 00:01:00
1320,CLOSED,2025-10-10 21:16:00+00:00,111000.0,112000.0,2025-10-10 21:18:00+00:00,3486.860765141667,39.178210844288394,39.178210844288394,3455.4699821999357,1.1338026678311777,3461.851772820986,0.2739340502232679,0 days 00:02:00
1321,CLOSED,2025-10-10 21:16:00+00:00,110000.0,111000.0,2025-10-10 21:18:00+00:00,3486.860765141667,39.178210844288394,39.178210844288394,3450.1381899998873,1.1355548295962508,3456.598653673803,0.27713633471145727,0 days 00:02:00
1322,CLOSED,2025-10-10 21:16:00+00:00,109000.0,110000.0,2025-10-10 21:17:00+00:00,3486.860765141667,39.178210844288394,39.178210844288394,3444.4505884122623,1.137429898866623,3450.4189072720833,0.2803973767131893,0 days 00:01:00
1323,CLOSED,2025-10-10 21:17:00+00:00,108000.0,109000.0,2025-10-10 21:18:00+00:00,3486.860765141667,39.178210844288394,39.178210844288394,3439.082562412195,1.1392053006371716,3445.3413083513256,0.28371880838162156,0 days 00:01:00
1324,CLOSED,2025-10-10 21:17:00+00:00,107000.0,108000.0,2025-10-10 21:18:00+00:00,3486.860765141667,39.178210844288394,39.178210844288394,3433.03256237426,1.1412129111060056,3439.3699913422206,0.2871023228849836,0 days 00:01:00
1325,CLOSED,2025-10-10 21:19:00+00:00,108000.0,109000.0,2025-10-10 21:29:00+00:00,3486.860765141667,39.178210844288394,39.178210844288394,3442.052240818034,1.138222435432222,3452.0361618935526,0.28371880838162156,0 days 00:10:00
1326,CLOSED,2025-10-10 21:19:00+00:00,107000.0,108000.0,2025-10-10 21:22:00+00:00,3486.860765141667,39.178210844288394,39.178210844288394,3436.710654065275,1.1399915438893466,3444.1258770854824,0.2871023228849836,0 days 00:03:00
1327,CLOSED,2025-10-10 21:19:00+00:00,106000.0,107000.0,2025-10-10 21:21:00+00:00,3486.860765141667,39.178210844288394,39.178210844288394,3431.003281960801,1.141887885980052,3438.199548188729,0.29054967728463765,0 days 00:02:00
1328,CLOSED,2025-10-10 21:19:00+00:00,105000.0,106000.0,2025-10-10 21:20:00+00:00,3486.860765141667,39.178210844288394,39.178210844288394,3424.9266736994077,1.1439138579270767,3431.595321502774,0.2940626955776082,0 days 00:01:00
1329,CLOSED,2025-10-10 21:19:00+00:00,104000.0,105000.0,2025-10-10 21:20:00+00:00,3486.860765141667,39.178210844288394,39.178210844288394,3418.4773127462677,1.1460719864428233,3425.2246541299637,0.2976432719146729,0 days 00:01:00
1330,CLOSED,2025-10-10 21:20:00+00:00,103000.0,104000.0,2025-10-10 21:21:00+00:00,3486.860765141667,39.178210844288394,39.178210844288394,3413.443519565803,1.1477620947796419,3420.126777060325,0.30129337400585854,0 days 00:01:00
1331,CLOSED,2025-10-10 21:20:00+00:00,102000.0,103000.0,2025-10-10 21:21:00+00:00,3486.860765141667,39.178210844288394,39.178210844288394,3406.986920696318,1.1499372247745867,3413.7488791503242,0.30501504672629665,0 days 00:01:00
1332,CLOSED,2025-10-10 21:21:00+00:00,104000.0,105000.0,2025-10-10 21:22:00+00:00,3486.860765141667,39.178210844288394,39.178210844288394,3421.155458239051,1.1451748195170979,3427.1608107740803,0.2976432719146729,0 days 00:01:00
1333,CLOSED,2025-10-10 21:23:00+00:00,107000.0,108000.0,2025-10-10 21:24:00+00:00,3486.860765141667,39.178210844288394,39.178210844288394,3438.783963725583,1.139304220839819,3444.4129794083674,0.2871023228849836,0 days 00:01:00
1334,CLOSED,2025-10-10 21:24:00+00:00,106000.0,107000.0,2025-10-10 21:25:00+00:00,3486.860765141667,39.178210844288394,39.178210844288394,3433.7686575065527,1.1409682699107002,3440.5991383827663,0.29054967728463765,0 days 00:01:00
1335,CLOSED,2025-10-10 21:24:00+00:00,105000.0,106000.0,2025-10-10 21:25:00+00:00,3486.860765141667,39.178210844288394,39.178210844288394,3428.0578345968743,1.142869016061848,3434.9670054692574,0.2940626955776082,0 days 00:01:00
1336,CLOSED,2025-10-10 21:24:00+00:00,104000.0,105000.0,2025-10-10 21:25:00+00:00,3486.860765141667,39.178210844288394,39.178210844288394,3421.9742589954485,1.144900805179917,3428.962123448162,0.2976432719146729,0 days 00:01:00
1337,CLOSED,2025-10-10 21:24:00+00:00,103000.0,104000.0,2025-10-10 21:25:00+00:00,3486.860765141667,39.178210844288394,39.178210844288394,3415.514346541778,1.1470662064106534,3422.5809082285778,0.30129337400585854,0 days 00:01:00
1338,CLOSED,2025-10-10 21:24:00+00:00,102000.0,103000.0,2025-10-10 21:25:00+00:00,3486.860765141667,39.178210844288394,39.178210844288394,3408.674443480016,1.1493679286159755,3415.8197061263,0.30501504672629665,0 days 00:01:00
1339,CLOSED,2025-10-10 21:25:00+00:00,107000.0,108000.0,2025-10-10 21:27:00+00:00,3486.860765141667,39.178210844288394,39.178210844288394,3440.559630113976,1.1387162280628904,3446.7732581696227,0.2871023228849836,0 days 00:02:00
1340,CLOSED,2025-10-10 21:26:00+00:00,106000.0,107000.0,2025-10-10 21:27:00+00:00,3486.860765141667,39.178210844288394,39.178210844288394,3434.8522580095023,1.1406083261057691,3441.144572544784,0.29054967728463765,0 days 00:01:00
1341,CLOSED,2025-10-10 21:26:00+00:00,105000.0,106000.0,2025-10-10 21:27:00+00:00,3486.860765141667,39.178210844288394,39.178210844288394,3428.7756497481096,1.1426297561103647,3435.1466542795606,0.2940626955776082,0 days 00:01:00
1342,CLOSED,2025-10-10 21:30:00+00:00,108000.0,109000.0,2025-10-10 21:31:00+00:00,3486.860765141667,39.178210844288394,39.178210844288394,3447.0566503708633,1.1365699731123733,3452.319880701934,0.28371880838162156,0 days 00:01:00
1343,CLOSED,2025-10-10 21:32:00+00:00,109000.0,110000.0,2025-10-10 21:33:00+00:00,3486.860765141667,39.178210844288394,39.178210844288394,3452.28037927085,1.13485020160973,3457.5402848454955,0.2803973767131893,0 days 00:01:00
1344,CLOSED,2025-10-10 21:33:00+00:00,110000.0,111000.0,2025-10-10 21:34:00+00:00,3486.860765141667,39.178210844288394,39.178210844288394,3457.5007867391682,1.133136715241013,3462.757428007506,0.27713633471145727,0 days 00:01:00
1345,CLOSED,2025-10-10 21:35:00+00:00,111000.0,112000.0,2025-10-10 21:38:00+00:00,3486.860765141667,39.178210844288394,39.178210844288394,3462.717933165485,1.1314294609169382,3467.9713689438445,0.2739340502232679,0 days 00:03:00
1346,CLOSED,2025-10-10 21:39:00+00:00,111000.0,112000.0,2025-10-10 21:40:00+00:00,3486.860765141667,39.178210844288394,39.178210844288394,3462.991867215708,1.1313399611240842,3468.2453029940675,0.2739340502232679,0 days 00:01:00
1347,CLOSED,2025-10-10 21:44:00+00:00,111000.0,112000.0,2025-10-10 21:45:00+00:00,3486.860765141667,39.178210844288394,39.178210844288394,3463.2658012659313,1.1312504754895667,3468.5192370442905,0.2739340502232679,0 days 00:01:00
1348,CLOSED,2025-10-10 21:46:00+00:00,111000.0,112000.0,2025-10-10 21:47:00+00:00,3486.860765141667,39.178210844288394,39.178210844288394,3464.1991581248976,1.1309456834316298,3469.1031382547444,0.2739340502232679,0 days 00:01:00
1349,CLOSED,2025-10-10 22:05:00+00:00,112000.0,113000.0,2025-10-10 22:10:00+00:00,3486.860765141667,39.178210844288394,39.178210844288394,3469.063646618213,1.129359816804772,3474.238412549197,0.270788949386656,0 days 00:05:00
1350,CLOSED,2025-10-10 22:05:00+00:00,111000.0,112000.0,2025-10-10 22:06:00+00:00,3486.860765141667,39.178210844288394,39.178210844288394,3464.0844583157636,1.1309831303402118,3469.337894094123,0.2739340502232679,0 days 00:01:00
1351,CLOSED,2025-10-10 22:27:00+00:00,112000.0,113000.0,2025-10-10 22:34:00+00:00,3486.860765141667,39.178210844288394,39.178210844288394,3469.6083696178225,1.1291825091084813,3474.509201498583,0.270788949386656,0 days 00:07:00
1352,CLOSED,2025-10-10 23:06:00+00:00,113000.0,114000.0,2025-10-10 23:34:00+00:00,3486.860765141667,39.178210844288394,39.178210844288394,3474.776590735197,1.1275030155535561,3479.327966967445,0.26769951405156434,0 days 00:28:00
1353,CLOSED,2025-10-10 23:54:00+00:00,113000.0,114000.0,2025-10-12 16:05:00+00:00,3486.860765141667,39.178210844288394,39.178210844288394,3475.044290249248,1.1274161585283948,3481.510174099524,0.26769951405156434,1 days 16:11:00
1354,CLOSED,2025-10-11 00:16:00+00:00,112000.0,113000.0,2025-10-11 00:48:00+00:00,3486.860765141667,39.178210844288394,39.178210844288394,3470.4145575953116,1.1289201965380011,3475.3153894760726,0.270788949386656,0 days 00:32:00
1355,CLOSED,2025-10-11 01:12:00+00:00,112000.0,113000.0,2025-10-11 02:43:00+00:00,3486.860765141667,39.178210844288394,39.178210844288394,3470.685346544698,1.128832116207047,3475.5861784254585,0.270788949386656,0 days 01:31:00
1356,CLOSED,2025-10-11 03:24:00+00:00,112000.0,113000.0,2025-10-12 15:05:00+00:00,3486.860765141667,39.178210844288394,39.178210844288394,3470.9561354940843,1.128744049619384,3476.9591081447143,0.270788949386656,1 days 11:41:00
1357,CLOSED,2025-10-11 07:09:00+00:00,111000.0,112000.0,2025-10-11 10:21:00+00:00,3486.860765141667,39.178210844288394,39.178210844288394,3465.9769471916347,1.1303655921899074,3471.230382969994,0.2739340502232679,0 days 03:12:00
1358,CLOSED,2025-10-11 19:20:00+00:00,111000.0,112000.0,2025-10-12 06:27:00+00:00,3486.860765141667,39.178210844288394,39.178210844288394,3466.2508812418578,1.1302762606223116,3472.05858968964,0.2739340502232679,0 days 11:07:00
1359,CLOSED,2025-10-11 20:56:00+00:00,110000.0,111000.0,2025-10-11 21:46:00+00:00,3486.860765141667,39.178210844288394,39.178210844288394,3460.9190890418095,1.1320175316532834,3466.5283342077455,0.27713633471145727,0 days 00:50:00
1360,CLOSED,2025-10-12 00:28:00+00:00,110000.0,111000.0,2025-10-12 03:09:00+00:00,3486.860765141667,39.178210844288394,39.178210844288394,3461.196225376521,1.131926891548209,3466.805470542457,0.27713633471145727,0 days 02:41:00
1361,CLOSED,2025-10-13 11:27:00+00:00,114000.0,115000.0,2025-10-13 13:31:00+00:00,3486.860765141667,39.178210844288394,39.178210844288394,3481.7745311939507,1.1252368725568689,3485.9795443055486,0.2646642793364009,0 days 02:04:00
1362,CLOSED,2025-10-13 14:30:00+00:00,114000.0,115000.0,2025-10-13 16:09:00+00:00,3486.860765141667,39.178210844288394,39.178210844288394,3482.039195473287,1.1251513450859705,3486.2442085848847,0.2646642793364009,0 days 01:39:00
1363,CLOSED,2025-10-14 02:18:00+00:00,114000.0,115000.0,2025-10-26 22:03:00+00:00,3486.860765141667,39.178210844288394,39.178210844288394,3482.303859752623,1.125065830615699,3499.1177252221582,0.2646642793364009,12 days 19:45:00
1364,CLOSED,2025-10-14 04:47:00+00:00,113000.0,114000.0,2025-10-21 16:36:00+00:00,3486.860765141667,39.178210844288394,39.178210844288394,3478.020490219336,1.126451409773543,3490.74139838906,0.26769951405156434,7 days 11:49:00
1365,CLOSED,2025-10-14 06:43:00+00:00,112000.0,113000.0,2025-10-14 16:20:00+00:00,3486.860765141667,39.178210844288394,39.178210844288394,3473.3907575653993,1.1279528731097777,3478.8426598310944,0.270788949386656,0 days 09:37:00
1366,CLOSED,2025-10-14 10:13:00+00:00,111000.0,112000.0,2025-10-14 14:17:00+00:00,3486.860765141667,39.178210844288394,39.178210844288394,3468.41156926295,1.1295721416537055,3473.9421413760206,0.2739340502232679,0 days 04:04:00
1367,CLOSED,2025-10-14 13:37:00+00:00,110000.0,111000.0,2025-10-14 13:45:00+00:00,3486.860765141667,39.178210844288394,39.178210844288394,3463.0797770629015,1.131311242200609,3468.6890222288375,0.27713633471145727,0 days 00:08:00
1368,CLOSED,2025-10-14 17:01:00+00:00,112000.0,113000.0,2025-10-14 18:06:00+00:00,3486.860765141667,39.178210844288394,39.178210844288394,3474.21261689972,1.1276860447087378,3479.113448780481,0.270788949386656,0 days 01:05:00
1369,CLOSED,2025-10-15 03:22:00+00:00,112000.0,113000.0,2025-10-15 08:16:00+00:00,3486.860765141667,39.178210844288394,39.178210844288394,3474.4834058491065,1.1275981568463955,3479.384237729867,0.270788949386656,0 days 04:54:00
1370,CLOSED,2025-10-15 11:17:00+00:00,112000.0,113000.0,2025-10-21 15:24:00+00:00,3486.860765141667,39.178210844288394,39.178210844288394,3474.754194798493,1.1275102826823238,3486.19033243425,0.270788949386656,6 days 04:07:00
1371,CLOSED,2025-10-15 13:46:00+00:00,111000.0,112000.0,2025-10-15 14:08:00+00:00,3486.860765141667,39.178210844288394,39.178210844288394,3469.7750064960433,1.1291282798146778,3475.0284422744026,0.2739340502232679,0 days 00:22:00
1372,CLOSED,2025-10-15 14:48:00+00:00,111000.0,112000.0,2025-10-21 14:57:00+00:00,3486.860765141667,39.178210844288394,39.178210844288394,3470.0489405462663,1.1290391436992482,3481.289813979176,0.2739340502232679,6 days 00:09:00
1373,CLOSED,2025-10-16 09:34:00+00:00,110000.0,111000.0,2025-10-16 09:44:00+00:00,3486.860765141667,39.178210844288394,39.178210844288394,3464.717148346218,1.1307766021531938,3470.326393512154,0.27713633471145727,0 days 00:10:00
1374,CLOSED,2025-10-16 14:17:00+00:00,110000.0,111000.0,2025-10-16 14:40:00+00:00,3486.860765141667,39.178210844288394,39.178210844288394,3464.9942846809295,1.1306861606525298,3470.6035298468655,0.27713633471145727,0 days 00:23:00
1375,CLOSED,2025-10-16 15:27:00+00:00,110000.0,111000.0,2025-10-20 05:54:00+00:00,3486.860765141667,39.178210844288394,39.178210844288394,3465.271421015641,1.1305957336180494,3474.634587169094,0.27713633471145727,3 days 14:27:00
1376,CLOSED,2025-10-16 15:43:00+00:00,109000.0,110000.0,2025-10-20 03:51:00+00:00,3486.860765141667,39.178210844288394,39.178210844288394,3459.583819428016,1.1324544479678442,3469.025661898641,0.2803973767131893,3 days 12:08:00
1377,CLOSED,2025-10-16 16:23:00+00:00,108000.0,109000.0,2025-10-16 16:58:00+00:00,3486.860765141667,39.178210844288394,39.178210844288394,3453.5371441465063,1.1344372221591017,3459.867861456637,0.28371880838162156,0 days 00:35:00
1378,CLOSED,2025-10-16 18:03:00+00:00,108000.0,109000.0,2025-10-17 01:06:00+00:00,3486.860765141667,39.178210844288394,39.178210844288394,3453.8208629548876,1.1343440322718361,3460.1515802650183,0.28371880838162156,0 days 07:03:00
1379,CLOSED,2025-10-17 06:19:00+00:00,108000.0,109000.0,2025-10-19 17:07:00+00:00,3486.860765141667,39.178210844288394,39.178210844288394,3454.104581763269,1.1342508576937325,3462.7739474506784,0.28371880838162156,2 days 10:48:00
1380,CLOSED,2025-10-17 06:42:00+00:00,107000.0,108000.0,2025-10-19 09:49:00+00:00,3486.860765141667,39.178210844288394,39.178210844288394,3447.695508031449,1.1363593668008753,3456.156454424803,0.2871023228849836,2 days 03:07:00
1381,CLOSED,2025-10-17 07:31:00+00:00,106000.0,107000.0,2025-10-17 16:00:00+00:00,3486.860765141667,39.178210844288394,39.178210844288394,3440.9206489479157,1.1385967548036133,3449.460281820904,0.29054967728463765,0 days 08:29:00
1382,CLOSED,2025-10-17 08:15:00+00:00,105000.0,106000.0,2025-10-17 11:15:00+00:00,3486.860765141667,39.178210844288394,39.178210844288394,3433.7765537074624,1.1409656461771667,3441.512688489888,0.2940626955776082,0 days 03:00:00
1383,CLOSED,2025-10-17 10:21:00+00:00,104000.0,105000.0,2025-10-17 11:04:00+00:00,3486.860765141667,39.178210844288394,39.178210844288394,3426.259705775262,1.1434688029704834,3434.074534138018,0.2976432719146729,0 days 00:43:00
1384,CLOSED,2025-10-17 13:13:00+00:00,105000.0,106000.0,2025-10-17 13:37:00+00:00,3486.860765141667,39.178210844288394,39.178210844288394,3434.3682596749545,1.1407690696511505,3441.806751185466,0.2940626955776082,0 days 00:24:00
1385,CLOSED,2025-10-17 13:47:00+00:00,105000.0,106000.0,2025-10-17 13:55:00+00:00,3486.860765141667,39.178210844288394,39.178210844288394,3434.662322370532,1.140671401351863,3442.100813881043,0.2940626955776082,0 days 00:08:00
1386,CLOSED,2025-10-17 14:23:00+00:00,105000.0,106000.0,2025-10-17 15:17:00+00:00,3486.860765141667,39.178210844288394,39.178210844288394,3434.9563850661093,1.140573749775119,3442.394876576621,0.2940626955776082,0 days 00:54:00
1387,CLOSED,2025-10-19 10:05:00+00:00,107000.0,108000.0,2025-10-19 11:00:00+00:00,3486.860765141667,39.178210844288394,39.178210844288394,3449.747054085843,1.135683579985557,3456.4435567476885,0.2871023228849836,0 days 00:55:00
1388,CLOSED,2025-10-20 00:19:00+00:00,108000.0,109000.0,2025-10-20 03:42:00+00:00,3486.860765141667,39.178210844288394,39.178210844288394,3456.726948948929,1.1333903841089077,3463.0576662590597,0.28371880838162156,0 days 03:23:00
1389,CLOSED,2025-10-20 17:37:00+00:00,110000.0,111000.0,2025-10-20 19:04:00+00:00,3486.860765141667,39.178210844288394,39.178210844288394,3469.3024783378696,1.1292820700678292,3474.9117235038057,0.27713633471145727,0 days 01:27:00
1390,CLOSED,2025-10-21 01:54:00+00:00,110000.0,111000.0,2025-10-21 14:51:00+00:00,3486.860765141667,39.178210844288394,39.178210844288394,3469.579614672581,1.1291918674702492,3476.036694831993,0.27713633471145727,0 days 12:57:00
1391,CLOSED,2025-10-21 04:00:00+00:00,109000.0,110000.0,2025-10-21 14:18:00+00:00,3486.860765141667,39.178210844288394,39.178210844288394,3463.892013084956,1.131045964951896,3470.4277695615397,0.2803973767131893,0 days 10:18:00
1392,CLOSED,2025-10-21 04:30:00+00:00,108000.0,109000.0,2025-10-21 12:21:00+00:00,3486.860765141667,39.178210844288394,39.178210844288394,3457.8453378034465,1.1330238057777295,3464.176055113577,0.28371880838162156,0 days 07:51:00
1393,CLOSED,2025-10-21 13:09:00+00:00,108000.0,109000.0,2025-10-21 14:07:00+00:00,3486.860765141667,39.178210844288394,39.178210844288394,3458.1290566118278,1.1329308479503089,3464.4597739219585,0.28371880838162156,0 days 00:58:00
1394,CLOSED,2025-10-21 16:56:00+00:00,113000.0,114000.0,2025-10-26 13:44:00+00:00,3486.860765141667,39.178210844288394,39.178210844288394,3486.4577216708635,1.123725396145417,3494.6453197814185,0.26769951405156434,4 days 20:48:00
1395,CLOSED,2025-10-21 17:18:00+00:00,112000.0,113000.0,2025-10-26 11:42:00+00:00,3486.860765141667,39.178210844288394,39.178210844288394,3481.827989016927,1.125219596369266,3490.094253826608,0.270788949386656,4 days 18:24:00
1396,CLOSED,2025-10-21 20:16:00+00:00,111000.0,112000.0,2025-10-24 12:30:00+00:00,3486.860765141667,39.178210844288394,39.178210844288394,3476.8488007144774,1.1268310211314752,3484.6426649866,0.2739340502232679,2 days 16:14:00
1397,CLOSED,2025-10-21 22:21:00+00:00,110000.0,111000.0,2025-10-23 17:40:00+00:00,3486.860765141667,39.178210844288394,39.178210844288394,3471.517008514429,1.128561684940555,3479.1124095047053,0.27713633471145727,1 days 19:19:00
1398,CLOSED,2025-10-21 22:31:00+00:00,109000.0,110000.0,2025-10-23 06:17:00+00:00,3486.860765141667,39.178210844288394,39.178210844288394,3465.829406926804,1.1304137118228281,3473.223086857539,0.2803973767131893,1 days 07:46:00
1399,CLOSED,2025-10-22 00:28:00+00:00,108000.0,109000.0,2025-10-22 13:58:00+00:00,3486.860765141667,39.178210844288394,39.178210844288394,3459.7827316452945,1.1323893401149283,3466.40055127831,0.28371880838162156,0 days 13:30:00
1400,CLOSED,2025-10-22 11:03:00+00:00,107000.0,108000.0,2025-10-22 11:18:00+00:00,3486.860765141667,39.178210844288394,39.178210844288394,3453.3736579134747,1.1344909275748585,3460.07016057532,0.2871023228849836,0 days 00:15:00
1401,CLOSED,2025-10-22 14:06:00+00:00,108000.0,109000.0,2025-10-22 15:01:00+00:00,3486.860765141667,39.178210844288394,39.178210844288394,3460.3535527765607,1.1322025407736762,3466.6842700866914,0.28371880838162156,0 days 00:55:00
1402,CLOSED,2025-10-22 15:22:00+00:00,108000.0,109000.0,2025-10-23 06:08:00+00:00,3486.860765141667,39.178210844288394,39.178210844288394,3460.637271584942,1.13210971765166,3467.2550912179577,0.28371880838162156,0 days 14:46:00
1403,CLOSED,2025-10-22 21:01:00+00:00,107000.0,108000.0,2025-10-23 01:10:00+00:00,3486.860765141667,39.178210844288394,39.178210844288394,3454.2281978531228,1.1342102663813147,3460.9247005149673,0.2871023228849836,0 days 04:09:00
1404,CLOSED,2025-10-23 12:02:00+00:00,109000.0,110000.0,2025-10-23 15:10:00+00:00,3486.860765141667,39.178210844288394,39.178210844288394,3467.535165374431,1.1298576359227162,3473.503484234252,0.2803973767131893,0 days 03:08:00
1405,CLOSED,2025-10-23 20:02:00+00:00,110000.0,111000.0,2025-10-24 04:27:00+00:00,3486.860765141667,39.178210844288394,39.178210844288394,3473.7803006734807,1.1278263866224558,3479.3895458394168,0.27713633471145727,0 days 08:25:00
1406,CLOSED,2025-10-24 13:38:00+00:00,111000.0,112000.0,2025-10-26 09:21:00+00:00,3486.860765141667,39.178210844288394,39.178210844288394,3479.6631632584636,1.1259196366466895,3485.1937353715343,0.2739340502232679,1 days 19:43:00
1407,CLOSED,2025-10-24 14:21:00+00:00,110000.0,111000.0,2025-10-24 20:56:00+00:00,3486.860765141667,39.178210844288394,39.178210844288394,3474.3313710584152,1.12764749990883,3479.9406162243513,0.27713633471145727,0 days 06:35:00
1408,CLOSED,2025-10-26 21:28:00+00:00,113000.0,114000.0,2025-10-26 22:02:00+00:00,3486.860765141667,39.178210844288394,39.178210844288394,3490.361643063222,1.1224685247774122,3494.91301929547,0.26769951405156434,0 days 00:34:00
1409,CLOSED,2025-10-27 08:50:00+00:00,115000.0,116000.0,2025-10-28 14:19:00+00:00,3486.860765141667,39.178210844288394,39.178210844288394,3499.379102906833,1.1195760645579722,3503.5054554501053,0.26168183131192535,1 days 05:29:00
1410,CLOSED,2025-10-27 23:01:00+00:00,114000.0,115000.0,2025-10-28 13:20:00+00:00,3486.860765141667,39.178210844288394,39.178210844288394,3495.439058221208,1.1208380461430723,3499.644071332806,0.2646642793364009,0 days 14:19:00
1411,OPEN,2025-10-28 14:42:00+00:00,115000.0,116000.0,,3486.860765141667,39.178210844288394,39.178210844288394,3499.905449017481,1.1194076930074437,,-9.34806699347719,64 days 09:17:00
1412,OPEN,2025-10-28 19:20:00+00:00,114000.0,115000.0,,3486.860765141667,39.178210844288394,39.178210844288394,3495.965404331856,1.1206692948317685,,-9.086399064961302,64 days 04:39:00
1413,OPEN,2025-10-28 20:09:00+00:00,113000.0,114000.0,,3486.860765141667,39.178210844288394,39.178210844288394,3491.682034798569,1.1220440593912366,,-8.820099845675227,64 days 03:50:00
1414,OPEN,2025-10-29 15:29:00+00:00,112000.0,113000.0,,3486.860765141667,39.178210844288394,39.178210844288394,3487.0523021446324,1.1235337887014978,,-8.549045283187603,63 days 08:30:00
1415,CLOSED,2025-10-29 16:13:00+00:00,111000.0,112000.0,2025-10-29 18:02:00+00:00,3486.860765141667,39.178210844288394,39.178210844288394,3482.073113842183,1.125140385149996,3487.326549620542,0.2739340502232679,0 days 01:49:00
1416,OPEN,2025-10-29 18:35:00+00:00,111000.0,112000.0,,3486.860765141667,39.178210844288394,39.178210844288394,3482.347047892406,1.1250518775261047,,-8.27310685470922,63 days 05:24:00
1417,CLOSED,2025-10-29 18:39:00+00:00,110000.0,111000.0,2025-10-29 18:53:00+00:00,3486.860765141667,39.178210844288394,39.178210844288394,3477.0152556923576,1.126777076406214,3482.6245008582937,0.27713633471145727,0 days 00:14:00
1418,CLOSED,2025-10-29 23:39:00+00:00,110000.0,111000.0,2025-10-30 02:59:00+00:00,3486.860765141667,39.178210844288394,39.178210844288394,3477.292392027069,1.1266872735269082,3482.901637193005,0.27713633471145727,0 days 03:20:00
1419,CLOSED,2025-10-30 04:11:00+00:00,110000.0,111000.0,2025-10-30 07:11:00+00:00,3486.860765141667,39.178210844288394,39.178210844288394,3477.5695283617806,1.1265974849608407,3483.742889712811,0.27713633471145727,0 days 03:00:00
1420,CLOSED,2025-10-30 04:26:00+00:00,109000.0,110000.0,2025-10-30 05:46:00+00:00,3486.860765141667,39.178210844288394,39.178210844288394,3471.8819267741555,1.1284430654786182,3478.133964442358,0.2803973767131893,0 days 01:20:00
1421,CLOSED,2025-10-30 04:32:00+00:00,108000.0,109000.0,2025-10-30 04:36:00+00:00,3486.860765141667,39.178210844288394,39.178210844288394,3465.835251492646,1.130411805564484,3472.1659688027767,0.28371880838162156,0 days 00:04:00
1422,CLOSED,2025-10-30 10:02:00+00:00,110000.0,111000.0,2025-10-31 14:56:00+00:00,3486.860765141667,39.178210844288394,39.178210844288394,3478.4107808815866,1.1263250177242972,3485.151641932215,0.27713633471145727,1 days 04:54:00
1423,CLOSED,2025-10-30 12:24:00+00:00,109000.0,110000.0,2025-10-31 01:10:00+00:00,3486.860765141667,39.178210844288394,39.178210844288394,3472.7231792939615,1.128169704913068,3479.2623192850488,0.2803973767131893,0 days 12:46:00
1424,CLOSED,2025-10-30 13:37:00+00:00,108000.0,109000.0,2025-10-31 00:52:00+00:00,3486.860765141667,39.178210844288394,39.178210844288394,3466.676504012452,1.1301374904448733,3473.2943236454676,0.28371880838162156,0 days 11:15:00
1425,CLOSED,2025-10-30 17:21:00+00:00,107000.0,108000.0,2025-10-30 23:34:00+00:00,3486.860765141667,39.178210844288394,39.178210844288394,3460.2674302806327,1.1322307201299464,3466.963932942477,0.2871023228849836,0 days 06:13:00
1426,CLOSED,2025-10-31 02:38:00+00:00,109000.0,110000.0,2025-10-31 04:40:00+00:00,3486.860765141667,39.178210844288394,39.178210844288394,3473.574397801941,1.1278932407228748,3479.542716661762,0.2803973767131893,0 days 02:02:00
1427,CLOSED,2025-10-31 16:09:00+00:00,110000.0,111000.0,2025-11-02 07:53:00+00:00,3486.860765141667,39.178210844288394,39.178210844288394,3479.8195331009906,1.125869042104471,3485.70917564364,0.27713633471145727,1 days 15:44:00
1428,CLOSED,2025-10-31 16:51:00+00:00,109000.0,110000.0,2025-10-31 19:33:00+00:00,3486.860765141667,39.178210844288394,39.178210844288394,3474.1319315133655,1.1277122347861437,3480.1002503731866,0.2803973767131893,0 days 02:42:00
1429,OPEN,2025-11-02 16:00:00+00:00,110000.0,111000.0,,3524.763765173922,39.60408724914519,39.60408724914519,3480.3770668124153,1.1379251870952451,,-8.079027936780097,59 days 07:59:00
1430,OPEN,2025-11-03 02:32:00+00:00,109000.0,110000.0,,3524.763765173922,39.60408724914519,39.60408724914519,3474.6851716163087,1.1397892267379919,,-7.789807209143717,58 days 21:27:00
1431,OPEN,2025-11-03 03:26:00+00:00,108000.0,109000.0,,3524.763765173922,39.60408724914519,39.60408724914519,3468.6302995104597,1.1417788530168422,,-7.495230542106668,58 days 20:33:00
1432,CLOSED,2025-11-03 08:46:00+00:00,107000.0,108000.0,2025-11-03 12:04:00+00:00,3524.763765173922,39.60408724914519,39.60408724914519,3462.209089597556,1.1438964610236388,3468.9208528608387,0.29022319294161036,0 days 03:18:00
1433,OPEN,2025-11-03 15:26:00+00:00,107000.0,108000.0,,3524.763765173922,39.60408724914519,39.60408724914519,3462.4993127904977,1.1438005807783818,,-7.195147769143695,58 days 08:33:00
1434,CLOSED,2025-11-03 15:28:00+00:00,106000.0,107000.0,2025-11-03 17:18:00+00:00,3524.763765173922,39.60408724914519,39.60408724914519,3455.708341352717,1.146048315918999,3462.7933544571492,0.2937080208977747,0 days 01:50:00
1435,CLOSED,2025-11-03 22:30:00+00:00,106000.0,107000.0,2025-11-04 01:21:00+00:00,3524.763765173922,39.60408724914519,39.60408724914519,3456.0020493736147,1.1459509191067538,3463.087062478047,0.2937080208977747,0 days 02:51:00
1436,CLOSED,2025-11-04 05:21:00+00:00,106000.0,107000.0,2025-11-11 01:19:00+00:00,3524.763765173922,39.60408724914519,39.60408724914519,3456.2957573945123,1.1458535388476205,3470.181708161059,0.2937080208977747,6 days 19:58:00
1437,CLOSED,2025-11-04 05:44:00+00:00,105000.0,106000.0,2025-11-10 00:39:00+00:00,3524.763765173922,39.60408724914519,39.60408724914519,3449.131536115581,1.1482336012545173,3462.7997730306115,0.2972592265292846,5 days 18:55:00
1438,CLOSED,2025-11-04 08:13:00+00:00,104000.0,105000.0,2025-11-09 20:05:00+00:00,3524.763765173922,39.60408724914519,39.60408724914519,3441.5905102351085,1.1507495482499943,3455.3382961482725,0.30087872457679055,5 days 11:52:00
1439,CLOSED,2025-11-04 14:37:00+00:00,103000.0,104000.0,2025-11-04 14:45:00+00:00,3524.763765173922,39.60408724914519,39.60408724914519,3433.669056631925,1.1534043204499362,3441.8954232563565,0.3045685041397732,0 days 00:08:00
1440,CLOSED,2025-11-04 16:12:00+00:00,103000.0,104000.0,2025-11-05 16:51:00+00:00,3524.763765173922,39.60408724914519,39.60408724914519,3433.9736251360646,1.1533020218690804,3444.408877564845,0.3045685041397732,1 days 00:39:00
1441,CLOSED,2025-11-04 17:02:00+00:00,102000.0,103000.0,2025-11-05 13:48:00+00:00,3524.763765173922,39.60408724914519,39.60408724914519,3425.668050337135,1.15609821696669,3436.182859223416,0.30833063232164903,0 days 20:46:00
1442,CLOSED,2025-11-04 17:17:00+00:00,101000.0,102000.0,2025-11-05 03:25:00+00:00,3524.763765173922,39.60408724914519,39.60408724914519,3416.9745884483827,1.1590395604062438,3427.5689576326313,0.31216725809127865,0 days 10:08:00
1443,CLOSED,2025-11-04 20:17:00+00:00,100000.0,101000.0,2025-11-04 20:41:00+00:00,3524.763765173922,39.60408724914519,39.60408724914519,3407.8893990035717,1.1621294769931492,3417.2910251055027,0.31608061637629703,0 days 00:24:00
1444,CLOSED,2025-11-04 21:21:00+00:00,100000.0,101000.0,2025-11-04 22:09:00+00:00,3524.763765173922,39.60408724914519,39.60408724914519,3408.2054796199477,1.1620216998642194,3417.927178754283,0.31608061637629703,0 days 00:48:00
1445,CLOSED,2025-11-04 21:35:00+00:00,99000.0,100000.0,2025-11-04 21:56:00+00:00,3524.763765173922,39.60408724914519,39.60408724914519,3398.724645343518,1.1652631908091011,3408.525912689509,0.3200730324044585,0 days 00:21:00
1446,CLOSED,2025-11-05 01:17:00+00:00,100000.0,101000.0,2025-11-05 01:59:00+00:00,3524.763765173922,39.60408724914519,39.60408724914519,3408.841633268728,1.1618048448665814,3418.563332403063,0.31608061637629703,0 days 00:42:00
1447,CLOSED,2025-11-05 01:39:00+00:00,99000.0,100000.0,2025-11-05 01:52:00+00:00,3524.763765173922,39.60408724914519,39.60408724914519,3399.3607989922984,1.1650451243917788,3409.162066338289,0.3200730324044585,0 days 00:13:00
1448,CLOSED,2025-11-06 01:19:00+00:00,103000.0,104000.0,2025-11-06 04:45:00+00:00,3524.763765173922,39.60408724914519,39.60408724914519,3436.4870794445533,1.152458494200027,3444.713446068985,0.3045685041397732,0 days 03:26:00
1449,CLOSED,2025-11-06 07:17:00+00:00,103000.0,104000.0,2025-11-07 22:07:00+00:00,3524.763765173922,39.60408724914519,39.60408724914519,3436.791647948693,1.1523563633187817,3446.578927596095,0.3045685041397732,1 days 14:50:00
1450,CLOSED,2025-11-06 15:00:00+00:00,102000.0,103000.0,2025-11-07 19:36:00+00:00,3524.763765173922,39.60408724914519,39.60408724914519,3428.4860731497633,1.1551479692248177,3438.352909254666,0.30833063232164903,1 days 04:36:00
1451,CLOSED,2025-11-06 16:39:00+00:00,101000.0,102000.0,2025-11-06 18:48:00+00:00,3524.763765173922,39.60408724914519,39.60408724914519,3419.792611261011,1.1580844732728284,3428.7985925313233,0.31216725809127865,0 days 02:09:00
1452,CLOSED,2025-11-06 20:31:00+00:00,101000.0,102000.0,2025-11-07 03:01:00+00:00,3524.763765173922,39.60408724914519,39.60408724914519,3420.104778519102,1.1579787700625261,3429.1107597894143,0.31216725809127865,0 days 06:30:00
1453,CLOSED,2025-11-07 09:26:00+00:00,101000.0,102000.0,2025-11-07 17:23:00+00:00,3524.763765173922,39.60408724914519,39.60408724914519,3420.416945777193,1.1578730861464108,3429.7390076638812,0.31216725809127865,0 days 07:57:00
1454,CLOSED,2025-11-07 11:15:00+00:00,100000.0,101000.0,2025-11-07 15:10:00+00:00,3524.763765173922,39.60408724914519,39.60408724914519,3411.331756332382,1.1609567781154373,3420.733382434313,0.31608061637629703,0 days 03:55:00
1455,CLOSED,2025-11-08 00:34:00+00:00,103000.0,104000.0,2025-11-09 14:30:00+00:00,3524.763765173922,39.60408724914519,39.60408724914519,3438.6571294758032,1.151731206628982,3447.1918267325564,0.3045685041397732,1 days 13:56:00
1456,CLOSED,2025-11-08 07:21:00+00:00,102000.0,103000.0,2025-11-09 14:09:00+00:00,3524.763765173922,39.60408724914519,39.60408724914519,3430.3515546768735,1.1545197807831025,3438.965808391127,0.30833063232164903,1 days 06:48:00
1457,CLOSED,2025-11-09 14:58:00+00:00,103000.0,104000.0,2025-11-09 15:52:00+00:00,3524.763765173922,39.60408724914519,39.60408724914519,3439.2700286122645,1.1515259610227617,3447.496395236696,0.3045685041397732,0 days 00:54:00
1458,CLOSED,2025-11-10 14:52:00+00:00,105000.0,106000.0,2025-11-10 18:00:00+00:00,3524.763765173922,39.60408724914519,39.60408724914519,3455.6352145511664,1.1460725681454529,3463.0970322571407,0.2972592265292846,0 days 03:08:00
1459,CLOSED,2025-11-11 02:02:00+00:00,106000.0,107000.0,2025-11-11 02:35:00+00:00,3524.763765173922,39.60408724914519,39.60408724914519,3463.390403077524,1.1435062941201635,3470.4754161819565,0.2937080208977747,0 days 00:33:00
1460,OPEN,2025-11-11 04:28:00+00:00,106000.0,107000.0,,3524.763765173922,39.60408724914519,39.60408724914519,3463.6841110984215,1.1434093288774458,,-6.889403057068208,50 days 19:31:00
1461,OPEN,2025-11-11 06:08:00+00:00,105000.0,106000.0,,3524.763765173922,39.60408724914519,39.60408724914519,3456.519889819491,1.1457792378337341,,-6.577834636191277,50 days 17:51:00
1462,CLOSED,2025-11-11 14:49:00+00:00,104000.0,105000.0,2025-11-12 09:20:00+00:00,3524.763765173922,39.60408724914519,39.60408724914519,3448.978863939018,1.1482844288559675,3457.1256778718425,0.30087872457679055,0 days 18:31:00
1463,CLOSED,2025-11-11 17:40:00+00:00,103000.0,104000.0,2025-11-12 08:36:00+00:00,3524.763765173922,39.60408724914519,39.60408724914519,3441.057410335835,1.1509278261439984,3449.283776960266,0.3045685041397732,0 days 14:56:00
1464,OPEN,2025-11-12 14:48:00+00:00,104000.0,105000.0,,3524.763765173922,39.60408724914519,39.60408724914519,3449.5843111677345,1.1480828898986564,,-6.260274514912879,49 days 09:11:00
1465,CLOSED,2025-11-12 15:38:00+00:00,103000.0,104000.0,2025-11-13 07:26:00+00:00,3524.763765173922,39.60408724914519,39.60408724914519,3441.662857564551,1.1507253582987649,3450.821889337486,0.3045685041397732,0 days 15:48:00
1466,CLOSED,2025-11-12 15:53:00+00:00,102000.0,103000.0,2025-11-13 05:54:00+00:00,3524.763765173922,39.60408724914519,39.60408724914519,3433.357282765621,1.1535090579691578,3442.595870996057,0.30833063232164903,0 days 14:01:00
1467,CLOSED,2025-11-12 19:28:00+00:00,101000.0,102000.0,2025-11-13 00:36:00+00:00,3524.763765173922,39.60408724914519,39.60408724914519,3424.663820876869,1.1564372248077988,3433.669802147181,0.31216725809127865,0 days 05:08:00
1468,CLOSED,2025-11-13 03:15:00+00:00,101000.0,102000.0,2025-11-13 03:25:00+00:00,3524.763765173922,39.60408724914519,39.60408724914519,3424.97598813496,1.156331822072459,3433.981969405272,0.31216725809127865,0 days 00:10:00
1469,OPEN,2025-11-13 09:08:00+00:00,103000.0,104000.0,,3524.763765173922,39.60408724914519,39.60408724914519,3442.900091217194,1.1503118359482705,,-5.936548177687328,48 days 14:51:00
1470,CLOSED,2025-11-13 14:36:00+00:00,102000.0,103000.0,2025-11-13 14:52:00+00:00,3524.763765173922,39.60408724914519,39.60408724914519,3434.5945164182644,1.1530935328705396,3443.208770132518,0.30833063232164903,0 days 00:16:00
1471,OPEN,2025-11-13 15:33:00+00:00,102000.0,103000.0,,3524.763765173922,39.60408724914519,39.60408724914519,3434.902847050586,1.1529900265782373,,-5.606474265222047,48 days 08:26:00
1472,OPEN,2025-11-13 16:17:00+00:00,101000.0,102000.0,,3524.763765173922,39.60408724914519,39.60408724914519,3426.209385161834,1.155915555560085,,-5.269864235678256,48 days 07:42:00
1473,OPEN,2025-11-13 17:41:00+00:00,100000.0,101000.0,,3524.763765173922,39.60408724914519,39.60408724914519,3417.1241957170228,1.1589888157645665,,-4.926522005543589,48 days 06:18:00
1474,CLOSED,2025-11-13 18:25:00+00:00,99000.0,100000.0,2025-11-13 23:14:00+00:00,3524.763765173922,39.60408724914519,39.60408724914519,3407.6433614405933,1.1622133846894829,3417.444628786584,0.3200730324044585,0 days 04:49:00
1475,OPEN,2025-11-14 00:15:00+00:00,99000.0,100000.0,,3524.763765173922,39.60408724914519,39.60408724914519,3407.9634344729975,1.1621042305951121,,-4.576243568739528,47 days 23:44:00
1476,OPEN,2025-11-14 04:34:00+00:00,98000.0,99000.0,,3524.763765173922,39.60408724914519,39.60408724914519,3398.082958952508,1.1654832365056071,,-4.218816592408864,47 days 19:25:00
1477,CLOSED,2025-11-14 04:38:00+00:00,97000.0,98000.0,2025-11-14 05:01:00+00:00,3524.763765173922,39.60408724914519,39.60408724914519,3387.798764216081,1.1690212437487963,3398.4116320477196,0.3283048180295154,0 days 00:23:00
1478,OPEN,2025-11-14 06:13:00+00:00,97000.0,98000.0,,3524.763765173922,39.60408724914519,39.60408724914519,3388.1270690341103,1.1689079672102012,,-3.854019987700241,47 days 17:46:00
1479,CLOSED,2025-11-14 06:49:00+00:00,96000.0,97000.0,2025-11-14 06:56:00+00:00,3524.763765173922,39.60408724914519,39.60408724914519,3377.434993027973,1.1726084241709984,3388.4599908925484,0.3325493324924338,0 days 00:07:00
1480,CLOSED,2025-11-14 11:42:00+00:00,96000.0,97000.0,2025-11-14 15:46:00+00:00,3524.763765173922,39.60408724914519,39.60408724914519,3377.767542360465,1.172492978053454,3389.129423430195,0.3325493324924338,0 days 04:04:00
1481,CLOSED,2025-11-14 12:39:00+00:00,95000.0,96000.0,2025-11-14 14:36:00+00:00,3524.763765173922,39.60408724914519,39.60408724914519,3366.6633363213914,1.1763601908713235,3378.104802429776,0.33688320515457804,0 days 01:57:00
1482,OPEN,2025-11-14 17:48:00+00:00,96000.0,97000.0,,3524.763765173922,39.60408724914519,39.60408724914519,3378.4369748981126,1.1722606502179778,,-3.4816234537268542,47 days 06:11:00
1483,CLOSED,2025-11-14 18:59:00+00:00,95000.0,96000.0,2025-11-15 02:41:00+00:00,3524.763765173922,39.60408724914519,39.60408724914519,3367.332768859039,1.1761263280957033,3378.7742349674236,0.33688320515457804,0 days 07:42:00
1484,CLOSED,2025-11-16 01:40:00+00:00,95000.0,96000.0,2025-11-16 05:11:00+00:00,3524.763765173922,39.60408724914519,39.60408724914519,3367.6696520641935,1.1760086748672065,3379.1111181725782,0.33688320515457804,0 days 03:31:00
1485,CLOSED,2025-11-16 15:53:00+00:00,95000.0,96000.0,2025-11-17 08:25:00+00:00,3524.763765173922,39.60408724914519,39.60408724914519,3368.006535269348,1.1758910451751232,3380.1306199534793,0.33688320515457804,0 days 16:32:00
1486,CLOSED,2025-11-16 17:44:00+00:00,94000.0,95000.0,2025-11-16 18:11:00+00:00,3524.763765173922,39.60408724914519,39.60408724914519,3356.485860986465,1.1799271288306759,3368.3482258518907,0.3413092878733579,0 days 00:27:00
1487,CLOSED,2025-11-16 18:47:00+00:00,94000.0,95000.0,2025-11-17 00:35:00+00:00,3524.763765173922,39.60408724914519,39.60408724914519,3356.8271702743377,1.179807158374154,3368.6895351397643,0.3413092878733579,0 days 05:48:00
1488,CLOSED,2025-11-17 13:09:00+00:00,95000.0,96000.0,2025-11-17 14:36:00+00:00,3524.763765173922,39.60408724914519,39.60408724914519,3369.026037050249,1.1755352085025899,3380.8088124465066,0.33688320515457804,0 days 01:27:00
1489,CLOSED,2025-11-17 13:42:00+00:00,94000.0,95000.0,2025-11-17 14:36:00+00:00,3524.763765173922,39.60408724914519,39.60408724914519,3357.505362767366,1.1795688456176343,3369.3677276327917,0.3413092878733579,0 days 00:54:00
1490,OPEN,2025-11-17 14:53:00+00:00,95000.0,96000.0,,3524.763765173922,39.60408724914519,39.60408724914519,3369.7042295432766,1.175298618256269,,-3.1013869927224533,44 days 09:06:00
1491,OPEN,2025-11-17 15:19:00+00:00,94000.0,95000.0,,3524.763765173922,39.60408724914519,39.60408724914519,3358.1835552603934,1.179330629116677,,-2.7130603942498723,44 days 08:40:00
1492,CLOSED,2025-11-17 17:44:00+00:00,93000.0,94000.0,2025-12-03 22:49:00+00:00,3524.763765173922,39.60408724914519,39.60408724914519,3346.2419822204693,1.1835392496888424,3378.352364453852,0.3458305551667422,16 days 05:05:00
1493,CLOSED,2025-11-17 19:33:00+00:00,92000.0,93000.0,2025-11-18 15:27:00+00:00,3524.763765173922,39.60408724914519,39.60408724914519,3333.8749846304167,1.1879295843942863,3347.307991163966,0.35045011087954947,0 days 19:54:00
1494,CLOSED,2025-11-18 02:16:00+00:00,91000.0,92000.0,2025-11-18 14:32:00+00:00,3524.763765173922,39.60408724914519,39.60408724914519,3321.0779383103436,1.1925070108199405,3334.590548188845,0.35517119528932994,0 days 12:16:00
1495,CLOSED,2025-11-18 03:30:00+00:00,90000.0,91000.0,2025-11-18 08:17:00+00:00,3524.763765173922,39.60408724914519,39.60408724914519,3307.84611745003,1.1972771961857585,3321.43833550431,0.35999719268600217,0 days 04:47:00
1496,CLOSED,2025-11-19 00:19:00+00:00,92000.0,93000.0,2025-11-20 05:04:00+00:00,3524.763765173922,39.60408724914519,39.60408724914519,3334.9406031292715,1.1875500034988187,3349.4537096902586,0.35045011087954947,1 days 04:45:00
1497,CLOSED,2025-11-19 05:08:00+00:00,91000.0,92000.0,2025-11-19 07:47:00+00:00,3524.763765173922,39.60408724914519,39.60408724914519,3322.1435568091983,1.192124499495847,3335.2961694950136,0.35517119528932994,0 days 02:39:00
1498,CLOSED,2025-11-19 15:30:00+00:00,91000.0,92000.0,2025-11-20 00:30:00+00:00,3524.763765173922,39.60408724914519,39.60408724914519,3322.4987280044875,1.191997062792907,3336.7362667151374,0.35517119528932994,0 days 09:00:00
1499,CLOSED,2025-11-19 15:53:00+00:00,90000.0,91000.0,2025-11-19 15:56:00+00:00,3524.763765173922,39.60408724914519,39.60408724914519,3309.2669071441737,1.196763161159541,3322.8591251984544,0.35999719268600217,0 days 00:03:00
1500,CLOSED,2025-11-19 16:05:00+00:00,90000.0,91000.0,2025-11-19 23:05:00+00:00,3524.763765173922,39.60408724914519,39.60408724914519,3309.6269043368598,1.1966329859492288,3323.5840540306026,0.35999719268600217,0 days 07:00:00
1501,CLOSED,2025-11-19 17:36:00+00:00,89000.0,90000.0,2025-11-19 21:20:00+00:00,3524.763765173922,39.60408724914519,39.60408724914519,3295.9554781080806,1.2015965480176458,3309.9922409169894,0.3649316394623767,0 days 03:44:00
1502,CLOSED,2025-11-20 06:42:00+00:00,92000.0,93000.0,2025-11-28 14:30:00+00:00,3524.763765173922,39.60408724914519,39.60408724914519,3337.086321655564,1.1867864188031307,3360.5425611401783,0.35045011087954947,8 days 07:48:00
1503,CLOSED,2025-11-20 14:05:00+00:00,91000.0,92000.0,2025-11-28 11:02:00+00:00,3524.763765173922,39.60408724914519,39.60408724914519,3324.289275335491,1.1913550226506175,3347.8251181650567,0.35517119528932994,7 days 20:57:00
1504,CLOSED,2025-11-20 15:58:00+00:00,90000.0,91000.0,2025-11-27 01:58:00+00:00,3524.763765173922,39.60408724914519,39.60408724914519,3311.057454475177,1.1961159778612986,3334.672905480523,0.35999719268600217,6 days 10:00:00
1505,CLOSED,2025-11-20 16:07:00+00:00,89000.0,90000.0,2025-11-26 18:07:00+00:00,3524.763765173922,39.60408724914519,39.60408724914519,3297.3860282463975,1.2010752429313614,3321.081092366909,0.3649316394623767,6 days 02:00:00
1506,CLOSED,2025-11-20 16:47:00+00:00,88000.0,89000.0,2025-11-24 20:46:00+00:00,3524.763765173922,39.60408724914519,39.60408724914519,3283.270057262991,1.2062391018227743,3305.5493387984875,0.3699782327563881,4 days 03:59:00
1507,CLOSED,2025-11-20 17:11:00+00:00,87000.0,88000.0,2025-11-20 22:26:00+00:00,3524.763765173922,39.60408724914519,39.60408724914519,3268.704489880017,1.2116141845113357,3283.6456132627673,0.37514083968935097,0 days 05:15:00
1508,CLOSED,2025-11-20 23:36:00+00:00,87000.0,88000.0,2025-11-23 21:58:00+00:00,3524.763765173922,39.60408724914519,39.60408724914519,3269.079630719706,1.2114751466126303,3289.5522660562224,0.37514083968935097,2 days 22:22:00
1509,CLOSED,2025-11-21 02:44:00+00:00,86000.0,87000.0,2025-11-23 14:00:00+00:00,3524.763765173922,39.60408724914519,39.60408724914519,3254.0592991624576,1.2170671646745541,3274.6115631215143,0.3804235072486648,2 days 11:16:00
1510,CLOSED,2025-11-21 07:32:00+00:00,85000.0,86000.0,2025-11-23 01:53:00+00:00,3524.763765173922,39.60408724914519,39.60408724914519,3238.5789154754193,1.2228847368794582,3259.210813469395,0.38583047286818584,1 days 18:21:00
1511,CLOSED,2025-11-21 07:33:00+00:00,84000.0,85000.0,2025-11-21 14:36:00+00:00,3524.763765173922,39.60408724914519,39.60408724914519,3222.6330672805943,1.2289356691348337,3241.382104878583,0.39136617576436805,0 days 07:03:00
1512,CLOSED,2025-11-21 07:34:00+00:00,83000.0,84000.0,2025-11-21 07:37:00+00:00,3524.763765173922,39.60408724914519,39.60408724914519,3206.2162133338416,1.2352282133825478,3223.433382259107,0.39703526909177356,0 days 00:03:00
1513,CLOSED,2025-11-21 07:34:00+00:00,82000.0,83000.0,2025-11-21 07:35:00+00:00,3524.763765173922,39.60408724914519,39.60408724914519,3189.3226788670663,1.2417710980318126,3206.61949885644,0.40284263298815404,0 days 00:01:00
1514,CLOSED,2025-11-21 09:31:00+00:00,83000.0,84000.0,2025-11-21 13:17:00+00:00,3524.763765173922,39.60408724914519,39.60408724914519,3207.0160912359215,1.2349201289439913,3225.0448961827615,0.39703526909177356,0 days 03:46:00
1515,CLOSED,2025-11-21 10:03:00+00:00,82000.0,83000.0,2025-11-21 11:07:00+00:00,3524.763765173922,39.60408724914519,39.60408724914519,3190.1225567691463,1.2414597415735318,3207.4193767585202,0.40284263298815404,0 days 01:04:00
1516,CLOSED,2025-11-21 12:08:00+00:00,82000.0,83000.0,2025-11-21 12:44:00+00:00,3524.763765173922,39.60408724914519,39.60408724914519,3190.5253994021346,1.241302992183247,3208.231012780094,0.40284263298815404,0 days 00:36:00
1517,CLOSED,2025-11-21 12:23:00+00:00,81000.0,82000.0,2025-11-21 12:36:00+00:00,3524.763765173922,39.60408724914519,39.60408724914519,3173.1493712382626,1.2481003134652444,3190.9346416370427,0.4087933885856785,0 days 00:13:00
1518,CLOSED,2025-11-21 15:17:00+00:00,84000.0,85000.0,2025-11-21 17:04:00+00:00,3524.763765173922,39.60408724914519,39.60408724914519,3225.435825282093,1.2278677795637574,3242.1705063234394,0.39136617576436805,0 days 01:47:00
1519,CLOSED,2025-11-21 15:39:00+00:00,83000.0,84000.0,2025-11-21 16:51:00+00:00,3524.763765173922,39.60408724914519,39.60408724914519,3209.01897133534,1.234149364740748,3225.833297627618,0.39703526909177356,0 days 01:12:00
1520,CLOSED,2025-11-21 18:06:00+00:00,84000.0,85000.0,2025-11-21 18:48:00+00:00,3524.763765173922,39.60408724914519,39.60408724914519,3226.2242267269494,1.2275677220775227,3242.5618724992037,0.39136617576436805,0 days 00:42:00
1521,CLOSED,2025-11-21 20:07:00+00:00,84000.0,85000.0,2025-11-21 21:29:00+00:00,3524.763765173922,39.60408724914519,39.60408724914519,3226.6155929027136,1.2274188265952293,3242.953238674968,0.39136617576436805,0 days 01:22:00
1522,CLOSED,2025-11-22 04:17:00+00:00,84000.0,85000.0,2025-11-22 22:51:00+00:00,3524.763765173922,39.60408724914519,39.60408724914519,3227.0069590784783,1.2272699672285412,3243.3446048507326,0.39136617576436805,0 days 18:34:00
1523,CLOSED,2025-11-23 23:18:00+00:00,87000.0,88000.0,2025-11-24 02:18:00+00:00,3524.763765173922,39.60408724914519,39.60408724914519,3274.986283513161,1.209290171641906,3290.3078304031606,0.37514083968935097,0 days 03:00:00
1524,CLOSED,2025-11-24 00:21:00+00:00,86000.0,87000.0,2025-11-24 00:41:00+00:00,3524.763765173922,39.60408724914519,39.60408724914519,3259.9659519559127,1.2148619903647628,3275.3671274684525,0.3804235072486648,0 days 00:20:00
1525,CLOSED,2025-11-24 04:16:00+00:00,87000.0,88000.0,2025-11-24 17:41:00+00:00,3524.763765173922,39.60408724914519,39.60408724914519,3275.7418478600994,1.2090112435147118,3291.0633947500987,0.37514083968935097,0 days 13:25:00
1526,CLOSED,2025-11-24 09:21:00+00:00,86000.0,87000.0,2025-11-24 16:02:00+00:00,3524.763765173922,39.60408724914519,39.60408724914519,3260.7215163028504,1.214580486286055,3276.1226918153907,0.3804235072486648,0 days 06:41:00
1527,CLOSED,2025-11-25 00:14:00+00:00,88000.0,89000.0,2025-11-26 17:34:00+00:00,3524.763765173922,39.60408724914519,39.60408724914519,3291.432957822768,1.2032475750422904,3307.0447395503124,0.3699782327563881,1 days 17:20:00
1528,CLOSED,2025-11-25 08:59:00+00:00,87000.0,88000.0,2025-11-25 17:37:00+00:00,3524.763765173922,39.60408724914519,39.60408724914519,3276.8673904397942,1.2085959707948344,3291.808513822545,0.37514083968935097,0 days 08:38:00
1529,CLOSED,2025-11-25 19:04:00+00:00,87000.0,88000.0,2025-11-26 01:39:00+00:00,3524.763765173922,39.60408724914519,39.60408724914519,3277.242531279484,1.2084576246996028,3292.1836546622344,0.37514083968935097,0 days 06:35:00
1530,CLOSED,2025-11-26 04:08:00+00:00,87000.0,88000.0,2025-11-26 17:25:00+00:00,3524.763765173922,39.60408724914519,39.60408724914519,3277.617672119173,1.2083193102732697,3292.5587955019237,0.37514083968935097,0 days 13:17:00
1531,CLOSED,2025-11-28 14:41:00+00:00,92000.0,93000.0,2025-12-03 02:26:00+00:00,3524.763765173922,39.60408724914519,39.60408724914519,3348.1751731054837,1.1828558901956074,3365.3582247661357,0.35045011087954947,4 days 11:45:00
1532,CLOSED,2025-11-28 16:30:00+00:00,91000.0,92000.0,2025-11-30 13:24:00+00:00,3524.763765173922,39.60408724914519,39.60408724914519,3335.37812678541,1.1873942246936493,3348.5307394712254,0.35517119528932994,1 days 20:54:00
1533,CLOSED,2025-11-30 21:12:00+00:00,91000.0,92000.0,2025-12-02 18:18:00+00:00,3524.763765173922,39.60408724914519,39.60408724914519,3335.7332979806997,1.187267797252247,3351.9245202252314,0.35517119528932994,1 days 21:06:00
1534,CLOSED,2025-12-01 00:04:00+00:00,90000.0,91000.0,2025-12-02 15:51:00+00:00,3554.135086036132,39.93410209029362,39.93410209029362,3322.501477120386,1.2019287986864804,3338.7726408886883,0.36299699459056,1 days 15:47:00
1535,CLOSED,2025-12-01 00:08:00+00:00,89000.0,90000.0,2025-12-02 15:03:00+00:00,3554.135086036132,39.93410209029362,39.93410209029362,3308.826057712029,1.2068963854179466,3325.177497999488,0.3679725593621228,1 days 14:55:00
1536,CLOSED,2025-12-01 00:33:00+00:00,88000.0,89000.0,2025-12-02 14:47:00+00:00,3554.135086036132,39.93410209029362,39.93410209029362,3294.7023892251527,1.2120700862357803,3311.1341111255088,0.3730612051512239,1 days 14:14:00
1537,CLOSED,2025-12-01 00:56:00+00:00,87000.0,88000.0,2025-12-02 14:08:00+00:00,3554.135086036132,39.93410209029362,39.93410209029362,3280.125377920229,1.2174565752609716,3296.637386644318,0.37826683130329286,1 days 13:12:00
1538,CLOSED,2025-12-01 04:13:00+00:00,86000.0,87000.0,2025-12-02 01:06:00+00:00,3554.135086036132,39.93410209029362,39.93410209029362,3265.0898129602683,1.2230628980489722,3281.68211384011,0.38359351852864876,0 days 20:53:00
1539,CLOSED,2025-12-01 12:48:00+00:00,85000.0,86000.0,2025-12-01 13:03:00+00:00,3554.135086036132,39.93410209029362,39.93410209029362,3249.590362326026,1.2288964957942936,3265.47928790889,0.389045539571093,0 days 00:15:00
1540,CLOSED,2025-12-01 15:25:00+00:00,85000.0,86000.0,2025-12-01 21:21:00+00:00,3554.135086036132,39.93410209029362,39.93410209029362,3249.979407865597,1.2287493881852036,3266.262960819099,0.389045539571093,0 days 05:56:00
1541,CLOSED,2025-12-01 15:42:00+00:00,84000.0,85000.0,2025-12-01 16:37:00+00:00,3554.135086036132,39.93410209029362,39.93410209029362,3234.010614078553,1.234816667466993,3250.374470232705,0.3946273706383465,0 days 00:55:00
1542,CLOSED,2025-12-02 20:29:00+00:00,91000.0,92000.0,2025-12-02 22:53:00+00:00,3554.135086036132,39.93410209029362,39.93410209029362,3339.1270787347057,1.1959443635618037,3352.282984315859,0.35813078289089617,0 days 02:24:00
1543,CLOSED,2025-12-03 00:35:00+00:00,91000.0,92000.0,2025-12-03 01:26:00+00:00,3554.135086036132,39.93410209029362,39.93410209029362,3339.4852095175966,1.195816108916448,3352.6411150987506,0.35813078289089617,0 days 00:51:00
1544,CLOSED,2025-12-03 14:03:00+00:00,92000.0,93000.0,2025-12-03 14:41:00+00:00,3554.135086036132,39.93410209029362,39.93410209029362,3352.990836731441,1.190999440046849,3365.711928392895,0.3533703584021026,0 days 00:38:00
1545,CLOSED,2025-12-03 15:21:00+00:00,92000.0,93000.0,2025-12-03 17:53:00+00:00,3554.135086036132,39.93410209029362,39.93410209029362,3353.3442070898427,1.1908739343209245,3366.0652987512976,0.3533703584021026,0 days 02:32:00
1546,CLOSED,2025-12-04 00:12:00+00:00,93000.0,94000.0,2025-12-04 02:21:00+00:00,3554.135086036132,39.93410209029362,39.93410209029362,3366.410405593464,1.186251742328893,3378.70140999231,0.3487123086335018,0 days 02:09:00
1547,CLOSED,2025-12-04 05:21:00+00:00,93000.0,94000.0,2025-12-09 16:41:00+00:00,3554.135086036132,39.93410209029362,39.93410209029362,3366.7591179020983,1.1861288762225863,3384.1232192226153,0.3487123086335018,5 days 11:20:00
1548,CLOSED,2025-12-04 14:54:00+00:00,92000.0,93000.0,2025-12-04 15:39:00+00:00,3554.135086036132,39.93410209029362,39.93410209029362,3354.3882452990724,1.1905032801810678,3367.1128819586593,0.3533703584021026,0 days 00:45:00
1549,CLOSED,2025-12-04 17:31:00+00:00,92000.0,93000.0,2025-12-09 16:01:00+00:00,3554.135086036132,39.93410209029362,39.93410209029362,3354.7416156574745,1.1903778789970145,3371.8326085219287,0.3533703584021026,4 days 22:30:00
1550,CLOSED,2025-12-04 19:21:00+00:00,91000.0,92000.0,2025-12-04 19:45:00+00:00,3554.135086036132,39.93410209029362,39.93410209029362,3341.9371107937077,1.1949387665409807,3355.100144903714,0.35813078289089617,0 days 00:24:00
1551,CLOSED,2025-12-05 09:44:00+00:00,91000.0,92000.0,2025-12-08 09:02:00+00:00,3554.135086036132,39.93410209029362,39.93410209029362,3342.2952415765985,1.1948107274764945,3358.0242455536168,0.35813078289089617,2 days 23:18:00
1552,CLOSED,2025-12-05 14:41:00+00:00,90000.0,91000.0,2025-12-05 15:03:00+00:00,3554.135086036132,39.93410209029362,39.93410209029362,3329.052339262412,1.1995636601838908,3342.6586419056207,0.36299699459056,0 days 00:22:00
1553,CLOSED,2025-12-05 16:05:00+00:00,90000.0,91000.0,2025-12-07 17:35:00+00:00,3554.135086036132,39.93410209029362,39.93410209029362,3329.415336257003,1.1994328750581282,3344.130645224088,0.36299699459056,2 days 01:30:00
1554,CLOSED,2025-12-05 16:17:00+00:00,89000.0,90000.0,2025-12-06 14:15:00+00:00,3554.135086036132,39.93410209029362,39.93410209029362,3315.7291654096134,1.2043837146560281,3329.7837171313417,0.3679725593621228,0 days 21:58:00
1555,CLOSED,2025-12-06 23:21:00+00:00,89000.0,90000.0,2025-12-07 17:16:00+00:00,3554.135086036132,39.93410209029362,39.93410209029362,3316.0971379689763,1.204250069548693,3330.5247508958555,0.3679725593621228,0 days 17:55:00
1556,CLOSED,2025-12-07 14:25:00+00:00,88000.0,89000.0,2025-12-07 15:09:00+00:00,3554.135086036132,39.93410209029362,39.93410209029362,3301.962718043068,1.2094049963701847,3316.4706125828434,0.3730612051512239,0 days 00:44:00
1557,CLOSED,2025-12-07 21:54:00+00:00,90000.0,91000.0,2025-12-08 01:26:00+00:00,3554.135086036132,39.93410209029362,39.93410209029362,3330.88733957547,1.1989028153495978,3344.8616147780413,0.36299699459056,0 days 03:32:00
1558,CLOSED,2025-12-07 22:07:00+00:00,89000.0,90000.0,2025-12-07 22:34:00+00:00,3554.135086036132,39.93410209029362,39.93410209029362,3317.201168728081,1.2038492710891455,3331.255720449809,0.3679725593621228,0 days 00:27:00
1559,CLOSED,2025-12-08 14:36:00+00:00,91000.0,92000.0,2025-12-09 15:44:00+00:00,3554.135086036132,39.93410209029362,39.93410209029362,3345.219342226502,1.1937663275531103,3359.10837032569,0.35813078289089617,1 days 01:08:00
1560,CLOSED,2025-12-08 15:23:00+00:00,90000.0,91000.0,2025-12-08 21:28:00+00:00,3554.135086036132,39.93410209029362,39.93410209029362,3331.976439912315,1.1985109381909236,3345.5827425555235,0.36299699459056,0 days 06:05:00
1561,CLOSED,2025-12-09 01:49:00+00:00,90000.0,91000.0,2025-12-09 15:02:00+00:00,3554.135086036132,39.93410209029362,39.93410209029362,3332.3394369069056,1.1983803825027097,3345.9457395501145,0.36299699459056,0 days 13:13:00
1562,CLOSED,2025-12-09 20:23:00+00:00,93000.0,94000.0,2025-12-10 20:13:00+00:00,3554.135086036132,39.93410209029362,39.93410209029362,3372.1809271324037,1.1842218123288042,3385.5320426064554,0.3487123086335018,0 days 23:50:00
1563,CLOSED,2025-12-10 01:32:00+00:00,92000.0,93000.0,2025-12-10 10:01:00+00:00,3554.135086036132,39.93410209029362,39.93410209029362,3359.810054529378,1.1885821353638204,3372.5346911889646,0.3533703584021026,0 days 08:29:00
1564,CLOSED,2025-12-10 11:42:00+00:00,92000.0,93000.0,2025-12-10 18:38:00+00:00,3554.135086036132,39.93410209029362,39.93410209029362,3360.16342488778,1.1884571385579947,3372.8880615473663,0.3533703584021026,0 days 06:56:00
1565,CLOSED,2025-12-10 19:03:00+00:00,92000.0,93000.0,2025-12-10 19:13:00+00:00,3554.135086036132,39.93410209029362,39.93410209029362,3360.516795246182,1.188332168039891,3373.241431905769,0.3533703584021026,0 days 00:10:00
1566,OPEN,2025-12-10 20:51:00+00:00,93000.0,94000.0,,3554.135086036132,39.93410209029362,39.93410209029362,3373.589750516244,1.1837272769809282,,-2.3356847510785386,21 days 03:08:00
1567,CLOSED,2025-12-10 21:06:00+00:00,92000.0,93000.0,2025-12-11 21:17:00+00:00,3554.135086036132,39.93410209029362,39.93410209029362,3361.218877913218,1.1880839523038245,3374.664642350287,0.3533703584021026,1 days 00:11:00
1568,CLOSED,2025-12-11 01:12:00+00:00,91000.0,92000.0,2025-12-11 21:07:00+00:00,3554.135086036132,39.93410209029362,39.93410209029362,3348.4143730494507,1.1926272450540536,3361.9404041540483,0.35813078289089617,0 days 19:55:00
1569,CLOSED,2025-12-11 02:18:00+00:00,90000.0,91000.0,2025-12-11 18:44:00+00:00,3554.135086036132,39.93410209029362,39.93410209029362,3335.171470735264,1.1973627875117872,3348.777773378473,0.36299699459056,0 days 16:26:00
1570,OPEN,2025-12-12 00:54:00+00:00,92000.0,93000.0,,3554.135086036132,39.93410209029362,39.93410209029362,3362.2933760491023,1.1877042727668994,,-1.9270063017392474,19 days 23:05:00
1571,OPEN,2025-12-12 15:28:00+00:00,91000.0,92000.0,,3554.135086036132,39.93410209029362,39.93410209029362,3349.4888711853355,1.1922446566052187,,-1.5093459084584282,19 days 08:31:00
1572,OPEN,2025-12-12 15:58:00+00:00,90000.0,91000.0,,3554.135086036132,39.93410209029362,39.93410209029362,3336.2459688711488,1.1969771552487094,,-1.082404173104706,19 days 08:01:00
1573,CLOSED,2025-12-14 11:44:00+00:00,89000.0,90000.0,2025-12-15 02:21:00+00:00,3554.135086036132,39.93410209029362,39.93410209029362,3322.559798023759,1.2019077012262116,3336.9874109506386,0.3679725593621228,0 days 14:37:00
1574,CLOSED,2025-12-14 23:11:00+00:00,88000.0,89000.0,2025-12-15 01:34:00+00:00,3554.135086036132,39.93410209029362,39.93410209029362,3308.425378097851,1.2070425512590335,3322.933272637627,0.3730612051512239,0 days 02:23:00
1575,CLOSED,2025-12-15 14:46:00+00:00,89000.0,90000.0,2025-12-17 15:06:00+00:00,3554.135086036132,39.93410209029362,39.93410209029362,3323.300831788273,1.201639698347893,3338.8685718962874,0.3679725593621228,2 days 00:20:00
1576,CLOSED,2025-12-15 14:56:00+00:00,88000.0,89000.0,2025-12-17 14:54:00+00:00,3554.135086036132,39.93410209029362,39.93410209029362,3309.166411862365,1.2067722537960586,3324.814433583276,0.3730612051512239,1 days 23:58:00
1577,CLOSED,2025-12-15 15:21:00+00:00,87000.0,88000.0,2025-12-16 15:55:00+00:00,3554.135086036132,39.93410209029362,39.93410209029362,3294.578649118409,1.2121156100182802,3309.92869083175,0.37826683130329286,1 days 00:34:00
1578,CLOSED,2025-12-15 17:32:00+00:00,86000.0,87000.0,2025-12-16 10:42:00+00:00,3554.135086036132,39.93410209029362,39.93410209029362,3279.5323327194155,1.217676730669093,3294.9626665885094,0.38359351852864876,0 days 17:10:00
1579,CLOSED,2025-12-17 04:21:00+00:00,87000.0,88000.0,2025-12-17 14:52:00+00:00,3554.135086036132,39.93410209029362,39.93410209029362,3295.3405094682407,1.2118353771197279,3310.3069576630533,0.37826683130329286,0 days 10:31:00
1580,CLOSED,2025-12-17 15:42:00+00:00,89000.0,90000.0,2025-12-22 11:35:00+00:00,3554.135086036132,39.93410209029362,39.93410209029362,3325.181992733922,1.2009598926481708,3343.765944757096,0.3679725593621228,4 days 19:53:00
1581,CLOSED,2025-12-17 15:50:00+00:00,88000.0,89000.0,2025-12-18 13:47:00+00:00,3554.135086036132,39.93410209029362,39.93410209029362,3311.0475728080137,1.2060866300518462,3326.3173276976213,0.3730612051512239,0 days 21:57:00
1582,CLOSED,2025-12-17 16:14:00+00:00,87000.0,88000.0,2025-12-18 13:30:00+00:00,3554.135086036132,39.93410209029362,39.93410209029362,3296.459810064058,1.2114239029511362,3311.8098517773988,0.37826683130329286,0 days 21:16:00
1583,CLOSED,2025-12-17 18:43:00+00:00,86000.0,87000.0,2025-12-18 08:23:00+00:00,3554.135086036132,39.93410209029362,39.93410209029362,3281.4134936650644,1.2169786638407027,3296.843827534158,0.38359351852864876,0 days 13:40:00
1584,CLOSED,2025-12-18 14:36:00+00:00,88000.0,89000.0,2025-12-18 15:36:00+00:00,3554.135086036132,39.93410209029362,39.93410209029362,3312.1824943629967,1.205673363658478,3326.6903889027726,0.3730612051512239,0 days 01:00:00
1585,CLOSED,2025-12-18 16:27:00+00:00,88000.0,89000.0,2025-12-19 15:16:00+00:00,3554.135086036132,39.93410209029362,39.93410209029362,3312.555555568148,1.20553758028805,3328.2143559973265,0.3730612051512239,0 days 22:49:00
1586,CLOSED,2025-12-18 17:08:00+00:00,87000.0,88000.0,2025-12-19 07:07:00+00:00,3554.135086036132,39.93410209029362,39.93410209029362,3297.9677928241917,1.2108699841515533,3313.706880077104,0.37826683130329286,0 days 13:59:00
1587,CLOSED,2025-12-18 17:17:00+00:00,86000.0,87000.0,2025-12-19 03:27:00+00:00,3554.135086036132,39.93410209029362,39.93410209029362,3282.921476425199,1.2164196547819413,3298.740855833864,0.38359351852864876,0 days 10:10:00
1588,CLOSED,2025-12-18 19:40:00+00:00,85000.0,86000.0,2025-12-19 03:03:00+00:00,3554.135086036132,39.93410209029362,39.93410209029362,3267.4112743519245,1.2221939247061684,3283.310951373821,0.389045539571093,0 days 07:23:00
1589,CLOSED,2025-12-19 15:30:00+00:00,88000.0,89000.0,2025-12-21 09:53:00+00:00,3554.135086036132,39.93410209029362,39.93410209029362,3314.0795226627024,1.2049832183329297,3328.965684033781,0.3730612051512239,1 days 18:23:00
1590,CLOSED,2025-12-19 17:33:00+00:00,87000.0,88000.0,2025-12-19 19:37:00+00:00,3554.135086036132,39.93410209029362,39.93410209029362,3299.4917599187465,1.2103107083157876,3314.4582081135586,0.37826683130329286,0 days 02:04:00
1591,CLOSED,2025-12-21 13:30:00+00:00,88000.0,89000.0,2025-12-22 00:10:00+00:00,3554.135086036132,39.93410209029362,39.93410209029362,3314.830850699157,1.204710101025843,3329.3387452389325,0.3730612051512239,0 days 10:40:00
1592,CLOSED,2025-12-22 02:05:00+00:00,88000.0,89000.0,2025-12-22 04:21:00+00:00,3554.135086036132,39.93410209029362,39.93410209029362,3315.2039119043084,1.2045745345225176,3329.711806444084,0.3730612051512239,0 days 02:16:00
1593,CLOSED,2025-12-22 19:01:00+00:00,89000.0,90000.0,2025-12-29 03:40:00+00:00,3554.135086036132,39.93410209029362,39.93410209029362,3330.07936559473,1.1991937039963507,3346.3931070519743,0.3679725593621228,6 days 08:39:00
1594,CLOSED,2025-12-22 19:57:00+00:00,88000.0,89000.0,2025-12-26 02:20:00+00:00,3554.135086036132,39.93410209029362,39.93410209029362,3315.944945668822,1.2043053411503175,3331.587640702508,0.3730612051512239,3 days 06:23:00
1595,CLOSED,2025-12-23 14:54:00+00:00,87000.0,88000.0,2025-12-23 16:03:00+00:00,3554.135086036132,39.93410209029362,39.93410209029362,3301.357182924866,1.2096268255019185,3316.3236311196783,0.37826683130329286,0 days 01:09:00
1596,CLOSED,2025-12-24 02:44:00+00:00,87000.0,88000.0,2025-12-24 22:37:00+00:00,3554.135086036132,39.93410209029362,39.93410209029362,3301.735449756169,1.2094882433189105,3316.7018979509817,0.37826683130329286,0 days 19:53:00
1597,CLOSED,2025-12-25 23:45:00+00:00,87000.0,88000.0,2025-12-26 02:14:00+00:00,3554.135086036132,39.93410209029362,39.93410209029362,3302.1137165874725,1.2093496928858951,3317.080164782285,0.37826683130329286,0 days 02:29:00
1598,CLOSED,2025-12-26 14:49:00+00:00,88000.0,89000.0,2025-12-29 02:06:00+00:00,3554.135086036132,39.93410209029362,39.93410209029362,3317.4528073678835,1.2037579555495752,3332.3389687389626,0.3730612051512239,2 days 11:17:00
1599,CLOSED,2025-12-26 15:01:00+00:00,87000.0,88000.0,2025-12-28 10:36:00+00:00,3554.135086036132,39.93410209029362,39.93410209029362,3302.865044623927,1.2090745928385525,3317.8314928187397,0.37826683130329286,1 days 19:35:00
1600,OPEN,2025-12-29 09:32:00+00:00,89000.0,90000.0,,3554.135086036132,39.93410209029362,39.93410209029362,3332.706527889609,1.198248383291683,,-0.6458682414508914,2 days 14:27:00
1601,CLOSED,2025-12-29 09:45:00+00:00,88000.0,89000.0,2025-12-30 14:57:00+00:00,3554.135086036132,39.93410209029362,39.93410209029362,3318.5721079637005,1.2033519474976082,3333.8365361660826,0.3730612051512239,1 days 05:12:00
1602,CLOSED,2025-12-29 12:11:00+00:00,87000.0,88000.0,2025-12-29 14:32:00+00:00,3554.135086036132,39.93410209029362,39.93410209029362,3303.9843452197447,1.2086649910454599,3318.9507934145568,0.37826683130329286,0 days 02:21:00
1603,CLOSED,2025-12-30 02:33:00+00:00,87000.0,88000.0,2025-12-30 08:12:00+00:00,3554.135086036132,39.93410209029362,39.93410209029362,3304.362612051048,1.2085266291494006,3319.32906024586,0.37826683130329286,0 days 05:39:00
1604,CLOSED,2025-12-30 19:06:00+00:00,88000.0,89000.0,2025-12-31 11:42:00+00:00,3554.135086036132,39.93410209029362,39.93410209029362,3319.7017028314585,1.2029424829415487,3334.209597371234,0.3730612051512239,0 days 16:36:00
1605,OPEN,2025-12-31 15:12:00+00:00,88000.0,89000.0,,3554.135086036132,39.93410209029362,39.93410209029362,3320.07476403661,1.2028073139455746,,-0.1994110386231398,0 days 08:47:00
