Trade ID,Regime ID,Entry Type,Status,Buy Time,Buy Price,Grid Buy Price,Reference at Buy,Sell Target,Sell Time,Order Size (USDT),Portfolio Value at Buy,Order % of Portfolio,Portfolio Value at Sell,Net P&L,Holding Time
1,0,INITIAL_SEED,CLOSED,2024-01-01 00:00:00+00:00,42283.58,42000.0,42000.0,43000.0,2024-01-01 18:07:00+00:00,107.68932010807478,3000.0,0.03589644003602493,3022.225018524823,1.6056855125156488,0 days 18:07:00
2,0,INITIAL_SEED,CLOSED,2024-01-01 00:00:00+00:00,42283.58,43000.0,42000.0,44000.0,2024-01-01 23:28:00+00:00,105.18491731486372,2999.892310679892,0.03506289773816072,3052.5415276214817,4.050977972778853,0 days 23:28:00
3,0,INITIAL_SEED,CLOSED,2024-01-01 00:00:00+00:00,42283.58,44000.0,42000.0,45000.0,2024-01-02 00:57:00+00:00,102.79435101225319,2999.787125762577,0.03426721520651963,3080.3729767847294,6.385120775757329,1 days 00:57:00
4,0,INITIAL_SEED,CLOSED,2024-01-01 00:00:00+00:00,42283.58,45000.0,42000.0,46000.0,2024-01-08 18:04:00+00:00,100.51003210086978,2999.6843314115645,0.03350686972237931,3119.5715852109156,8.615523898603442,7 days 18:04:00
5,0,INITIAL_SEED,CLOSED,2024-01-01 00:00:00+00:00,42283.58,46000.0,42000.0,47000.0,2024-01-08 19:11:00+00:00,98.3250314030248,2999.5838213794636,0.032779557851397724,3142.599836335595,10.748952972630164,7 days 19:11:00
6,0,INITIAL_SEED,CLOSED,2024-01-01 00:00:00+00:00,42283.58,47000.0,42000.0,48000.0,2024-01-11 14:36:00+00:00,96.23300945827958,2999.4854963480607,0.0320831721225008,3178.2596504940375,12.791597830740841,10 days 14:36:00
7,0,INITIAL_SEED,CLOSED,2024-01-01 00:00:00+00:00,42283.58,48000.0,42000.0,49000.0,2024-02-12 15:10:00+00:00,94.22815509456542,2999.3892633386026,0.031415780621179064,3228.622858283568,14.749132486430284,42 days 15:10:00
8,0,INITIAL_SEED,CLOSED,2024-01-01 00:00:00+00:00,42283.58,49000.0,42000.0,50000.0,2024-02-12 17:19:00+00:00,92.30513152120695,2999.295035183508,0.030775609080938373,3244.828339572656,16.626767768418063,42 days 17:19:00
9,0,INITIAL_SEED,CLOSED,2024-01-01 00:00:00+00:00,42283.58,50000.0,42000.0,51000.0,2024-02-14 09:10:00+00:00,90.45902889078282,2999.2027300519867,0.030161025123238285,3260.817858266726,18.429297639126375,44 days 09:10:00
10,0,INITIAL_SEED,CLOSED,2024-01-01 00:00:00+00:00,42283.58,51000.0,42000.0,52000.0,2024-02-14 14:37:00+00:00,88.68532244194394,2999.1122710230957,0.029570524351090886,3272.7054073728127,20.161140063924506,44 days 14:37:00
11,0,INITIAL_SEED,CLOSED,2024-01-01 00:00:00+00:00,42283.58,52000.0,42000.0,53000.0,2024-02-26 16:07:00+00:00,86.97983547190655,2999.0235857006537,0.029002718046842468,3291.8945718467808,21.826373164691987,56 days 16:07:00
12,0,INITIAL_SEED,CLOSED,2024-01-01 00:00:00+00:00,42283.58,53000.0,42000.0,54000.0,2024-02-26 19:15:00+00:00,85.3387065007385,2998.936605865182,0.028456322262310242,3299.6319043193257,23.428767280524838,56 days 19:15:00
13,0,INITIAL_SEED,CLOSED,2024-01-01 00:00:00+00:00,42283.58,54000.0,42000.0,55000.0,2024-02-27 01:43:00+00:00,83.75836008405814,2998.8512671586814,0.027930148120822475,3305.353046859362,24.97181346614161,57 days 01:43:00
14,0,INITIAL_SEED,CLOSED,2024-01-01 00:00:00+00:00,42283.58,55000.0,42000.0,56000.0,2024-02-27 02:06:00+00:00,82.23548080980255,2998.767508798597,0.0274230931769528,3309.095335599463,26.458748881372387,57 days 02:06:00
15,0,INITIAL_SEED,CLOSED,2024-01-01 00:00:00+00:00,42283.58,56000.0,42000.0,57000.0,2024-02-27 02:08:00+00:00,80.76699008105608,2998.6852733177875,0.026934133701765357,3310.894749020761,27.892579460344862,57 days 02:08:00
16,0,GRID_BUY,CLOSED,2024-01-03 11:55:00+00:00,44000.0,44000.0,42000.0,45000.0,2024-01-08 12:03:00+00:00,106.96708851377154,3054.751532743706,0.03501662487675265,3094.1687186909894,2.2123832742389737,5 days 00:08:00
17,0,GRID_BUY,CLOSED,2024-01-03 12:01:00+00:00,43000.0,43000.0,42000.0,44000.0,2024-01-04 15:16:00+00:00,106.96708851377154,3026.703771251416,0.03534111581377027,3064.068462753871,2.2688067738710345,1 days 03:15:00
18,0,GRID_BUY,CLOSED,2024-01-03 12:08:00+00:00,42000.0,42000.0,42000.0,43000.0,2024-01-03 15:56:00+00:00,106.96708851377154,2996.170890656213,0.03570126418601707,3031.4240365503933,2.3279171068188873,0 days 03:48:00
19,0,GRID_BUY,CLOSED,2024-01-03 12:09:00+00:00,41000.0,41000.0,42000.0,42000.0,2024-01-03 12:15:00+00:00,106.96708851377154,2963.093721455647,0.0360997992534718,2998.5633009041912,2.389910870642254,0 days 00:06:00
20,0,GRID_BUY,CLOSED,2024-01-03 18:56:00+00:00,42000.0,42000.0,42000.0,43000.0,2024-01-03 19:35:00+00:00,106.96708851377154,3000.8887186336738,0.0356451366722037,3033.751953657212,2.3279171068188873,0 days 00:39:00
21,0,GRID_BUY,CLOSED,2024-01-05 01:48:00+00:00,43000.0,43000.0,42000.0,44000.0,2024-01-05 09:01:00+00:00,106.96708851377154,3036.018323109566,0.035232688715861625,3066.3372695277417,2.2688067738710345,0 days 07:13:00
22,1,GRID_BUY,CLOSED,2024-01-09 12:56:00+00:00,46000.0,46000.0,47000.0,47000.0,2024-01-09 13:53:00+00:00,106.96708851377154,3121.676213370523,0.034265913952131986,3144.7067321974782,2.106895861883416,0 days 00:57:00
23,1,GRID_BUY,CLOSED,2024-01-09 21:17:00+00:00,46000.0,46000.0,47000.0,47000.0,2024-01-10 23:03:00+00:00,106.96708851377154,3123.7831092324063,0.034242802644533187,3155.4474980021687,2.106895861883416,1 days 01:46:00
24,1,GRID_BUY,CLOSED,2024-01-09 21:25:00+00:00,45000.0,45000.0,47000.0,46000.0,2024-01-09 21:29:00+00:00,106.96708851377154,3100.5386562284234,0.03449951778504485,3125.9438444203843,2.158467485701678,0 days 00:04:00
25,1,GRID_BUY,CLOSED,2024-01-10 11:53:00+00:00,45000.0,45000.0,47000.0,46000.0,2024-01-10 17:41:00+00:00,106.96708851377154,3102.697123714125,0.03447551734786319,3128.1023119060865,2.158467485701678,0 days 05:48:00
26,1,GRID_BUY,CLOSED,2024-01-10 20:12:00+00:00,45000.0,45000.0,47000.0,46000.0,2024-01-10 20:15:00+00:00,106.96708851377154,3104.855591199827,0.034451550280454636,3130.2607793917878,2.158467485701678,0 days 00:03:00
27,1,GRID_BUY,CLOSED,2024-01-10 20:44:00+00:00,45000.0,45000.0,47000.0,46000.0,2024-01-10 20:57:00+00:00,106.96708851377154,3107.0140586855287,0.03442761651327245,3132.41924687749,2.158467485701678,0 days 00:13:00
28,1,GRID_BUY,CLOSED,2024-01-11 05:44:00+00:00,46000.0,46000.0,47000.0,47000.0,2024-01-11 11:17:00+00:00,106.96708851377154,3134.523875037097,0.0341254661882279,3157.554393864052,2.106895861883416,0 days 05:33:00
29,1,GRID_BUY,CLOSED,2024-01-11 15:42:00+00:00,47000.0,47000.0,47000.0,48000.0,2024-02-09 18:24:00+00:00,106.96708851377154,3159.6096965602715,0.033854525965729854,3208.133653056613,2.05751877524888,29 days 02:42:00
30,1,GRID_BUY,CLOSED,2024-01-11 16:16:00+00:00,46000.0,46000.0,47000.0,47000.0,2024-02-09 11:44:00+00:00,106.96708851377154,3138.688289674229,0.034080188486915304,3187.428396426628,2.106895861883416,28 days 19:28:00
31,1,GRID_BUY,CLOSED,2024-01-12 15:19:00+00:00,45000.0,45000.0,47000.0,46000.0,2024-02-09 02:45:00+00:00,106.96708851377154,3115.443836670246,0.03433446215743592,3164.4001453019487,2.158467485701678,27 days 11:26:00
32,1,GRID_BUY,CLOSED,2024-01-12 16:17:00+00:00,44000.0,44000.0,47000.0,45000.0,2024-02-08 13:58:00+00:00,106.96708851377154,3089.8247143012577,0.03461914458081529,3138.9972787820225,2.2123832742389737,26 days 21:41:00
33,1,GRID_BUY,CLOSED,2024-01-12 22:03:00+00:00,43000.0,43000.0,47000.0,44000.0,2024-02-07 20:16:00+00:00,106.96708851377154,3061.7769528089675,0.03493627725417316,3111.1658296187748,2.2688067738710345,25 days 22:13:00
34,1,GRID_BUY,CLOSED,2024-01-12 22:21:00+00:00,42000.0,42000.0,47000.0,43000.0,2024-01-13 05:42:00+00:00,106.96708851377154,3031.244072213765,0.03528818068274252,3064.1073072373033,2.3279171068188873,0 days 07:21:00
35,2,GRID_BUY,CLOSED,2024-01-14 21:38:00+00:00,42000.0,42000.0,42000.0,43000.0,2024-01-15 18:25:00+00:00,106.96708851377154,3033.5719893205837,0.03526110106842347,3066.435224344122,2.3279171068188873,0 days 20:47:00
36,2,GRID_BUY,CLOSED,2024-01-18 16:40:00+00:00,42000.0,42000.0,42000.0,43000.0,2024-01-29 16:21:00+00:00,106.96708851377154,3035.8999064274026,0.03523406298320575,3078.5214034152973,2.3279171068188873,10 days 23:41:00
37,2,GRID_BUY,CLOSED,2024-01-18 19:57:00+00:00,41000.0,41000.0,42000.0,42000.0,2024-01-19 20:09:00+00:00,106.96708851377154,3002.8227372268366,0.035622178821170664,3038.292316675381,2.389910870642254,1 days 00:12:00
38,2,GRID_BUY,CLOSED,2024-01-22 04:18:00+00:00,41000.0,41000.0,42000.0,42000.0,2024-01-26 17:01:00+00:00,106.96708851377154,3005.2126480974784,0.035593850099589326,3045.660667769095,2.389910870642254,4 days 12:43:00
39,2,GRID_BUY,CLOSED,2024-01-22 19:17:00+00:00,40000.0,40000.0,42000.0,41000.0,2024-01-26 11:29:00+00:00,106.96708851377154,2969.529134471906,0.03602156559841071,3010.1936528564975,2.4550043226567766,3 days 16:12:00
40,2,GRID_BUY,CLOSED,2024-01-23 09:29:00+00:00,39000.0,39000.0,42000.0,40000.0,2024-01-24 00:44:00+00:00,106.96708851377154,2931.1741178107022,0.036492915198659506,2972.0552034083466,2.523435900415649,0 days 15:15:00
41,2,GRID_BUY,CLOSED,2024-02-01 01:21:00+00:00,42000.0,42000.0,42000.0,43000.0,2024-02-01 17:19:00+00:00,106.96708851377154,3047.9860854985777,0.03509434935503463,3080.849320522116,2.3279171068188873,0 days 15:58:00
42,3,GRID_BUY,CLOSED,2024-02-10 10:48:00+00:00,47000.0,47000.0,47000.0,48000.0,2024-02-10 20:46:00+00:00,106.96708851377154,3189.483699122847,0.033537430695503787,3210.191171831862,2.05751877524888,0 days 09:58:00
43,3,GRID_BUY,CLOSED,2024-02-13 14:21:00+00:00,49000.0,49000.0,47000.0,50000.0,2024-02-14 08:52:00+00:00,106.96708851377154,3230.5855497739803,0.03311074319677287,3246.7931503485097,1.964810775853465,0 days 18:31:00
44,4,GRID_BUY,CLOSED,2024-02-17 14:32:00+00:00,51000.0,51000.0,52000.0,52000.0,2024-02-17 21:34:00+00:00,106.96708851377154,3262.695202023483,0.03278488546752142,3274.5847813649098,1.8793739920969017,0 days 07:02:00
45,4,GRID_BUY,CLOSED,2024-02-20 17:22:00+00:00,51000.0,51000.0,52000.0,52000.0,2024-02-20 19:50:00+00:00,106.96708851377154,3264.5745760155796,0.03276601162664359,3276.464155357007,1.8793739920969017,0 days 02:28:00
46,4,GRID_BUY,CLOSED,2024-02-21 10:08:00+00:00,51000.0,51000.0,52000.0,52000.0,2024-02-22 09:49:00+00:00,106.96708851377154,3266.453950007677,0.03274715950412224,3278.343529349104,1.8793739920969017,0 days 23:41:00
47,4,GRID_BUY,CLOSED,2024-02-22 13:47:00+00:00,51000.0,51000.0,52000.0,52000.0,2024-02-22 20:31:00+00:00,106.96708851377154,3268.3333239997737,0.03272832906249159,3280.222903341201,1.8793739920969017,0 days 06:44:00
48,4,GRID_BUY,CLOSED,2024-02-23 03:06:00+00:00,51000.0,51000.0,52000.0,52000.0,2024-02-26 15:15:00+00:00,106.96708851377154,3270.212697991871,0.03270952026437194,3282.102277333298,1.8793739920969017,3 days 12:09:00
49,4,GRID_BUY,CLOSED,2024-02-27 03:51:00+00:00,56000.0,56000.0,52000.0,57000.0,2024-02-27 12:26:00+00:00,106.96708851377154,3310.785980682882,0.03230866904048824,3312.5872300483907,1.6924810276293982,0 days 08:35:00
50,5,GRID_BUY,CLOSED,2024-02-27 12:33:00+00:00,57000.0,57000.0,57000.0,58000.0,2024-02-28 07:50:00+00:00,106.96708851377154,3312.478461710511,0.032292161217113376,3314.24623359437,1.6590370234615364,0 days 19:17:00
51,5,GRID_BUY,CLOSED,2024-02-28 08:47:00+00:00,59000.0,59000.0,57000.0,60000.0,2024-02-28 13:22:00+00:00,106.96708851377154,3314.1374987339727,0.03227599595811394,3315.841720144192,1.5955501002954264,0 days 04:35:00
52,5,GRID_BUY,CLOSED,2024-02-28 14:27:00+00:00,60000.0,60000.0,57000.0,61000.0,2024-02-28 14:57:00+00:00,106.96708851377154,3315.733048834268,0.03226046456043215,3317.4070837695085,1.5653938117914947,0 days 00:30:00
53,5,GRID_BUY,CLOSED,2024-02-28 14:59:00+00:00,61000.0,61000.0,57000.0,62000.0,2024-02-28 16:54:00+00:00,106.96708851377154,3317.29844264606,0.03224524122962199,3318.9432808268125,1.536226254058235,0 days 01:55:00
54,6,GRID_BUY,CLOSED,2024-02-28 17:13:00+00:00,63000.0,63000.0,62000.0,64000.0,2024-02-28 17:16:00+00:00,106.96708851377154,3318.834668900118,0.032230315512890885,3320.4238942151796,1.4806690012329256,0 days 00:03:00
55,6,GRID_BUY,CLOSED,2024-02-28 17:23:00+00:00,63000.0,63000.0,62000.0,64000.0,2024-03-04 00:39:00+00:00,106.96708851377154,3320.3153379013506,0.03221594265241732,3338.8943660819,1.4806690012329256,4 days 07:16:00
56,6,GRID_BUY,CLOSED,2024-02-28 17:25:00+00:00,62000.0,62000.0,62000.0,63000.0,2024-02-29 06:08:00+00:00,106.96708851377154,3318.512178409261,0.03223344763045183,3331.2183056714116,1.5079995852840682,0 days 12:43:00
57,6,GRID_BUY,CLOSED,2024-02-28 17:31:00+00:00,61000.0,61000.0,62000.0,62000.0,2024-02-28 23:13:00+00:00,106.96708851377154,3314.985468571603,0.032267739791891965,3327.9071748489623,1.536226254058235,0 days 05:42:00
58,6,GRID_BUY,CLOSED,2024-02-28 17:31:00+00:00,60000.0,60000.0,62000.0,61000.0,2024-02-28 17:34:00+00:00,106.96708851377154,3309.706953464679,0.03231920227916127,3318.1480865186254,1.5653938117914947,0 days 00:03:00
59,6,GRID_BUY,CLOSED,2024-02-28 17:31:00+00:00,59000.0,59000.0,62000.0,60000.0,2024-02-28 17:32:00+00:00,106.96708851377154,3302.647436334,0.032388285633209155,3311.3042077863843,1.5955501002954264,0 days 00:01:00
60,6,GRID_BUY,CLOSED,2024-02-28 17:37:00+00:00,60000.0,60000.0,62000.0,61000.0,2024-02-28 17:43:00+00:00,106.96708851377154,3312.8678973767655,0.03228836519514451,3319.713480330417,1.5653938117914947,0 days 00:06:00
61,6,GRID_BUY,CLOSED,2024-02-28 18:20:00+00:00,60000.0,60000.0,62000.0,61000.0,2024-02-28 18:55:00+00:00,106.96708851377154,3314.4332911885576,0.03227311552721373,3321.2788741422087,1.5653938117914947,0 days 00:35:00
62,6,GRID_BUY,CLOSED,2024-02-28 20:27:00+00:00,60000.0,60000.0,62000.0,61000.0,2024-02-28 22:09:00+00:00,106.96708851377154,3315.998685000349,0.032257880257199285,3322.8442679540003,1.5653938117914947,0 days 01:42:00
63,6,GRID_BUY,CLOSED,2024-02-29 16:40:00+00:00,62000.0,62000.0,62000.0,63000.0,2024-03-01 20:57:00+00:00,106.96708851377154,3329.413529596065,0.03212790708120572,3335.7987577648114,1.5079995852840682,1 days 04:17:00
64,6,GRID_BUY,CLOSED,2024-02-29 17:41:00+00:00,61000.0,61000.0,62000.0,62000.0,2024-02-29 20:18:00+00:00,106.96708851377154,3325.886819758407,0.032161974929003044,3330.951400688304,1.536226254058235,0 days 02:37:00
65,6,GRID_BUY,CLOSED,2024-02-29 21:10:00+00:00,61000.0,61000.0,62000.0,62000.0,2024-03-01 08:35:00+00:00,106.96708851377154,3327.423046012465,0.03214712617981033,3332.487626942362,1.536226254058235,0 days 11:25:00
66,6,GRID_BUY,CLOSED,2024-03-02 01:21:00+00:00,62000.0,62000.0,62000.0,63000.0,2024-03-03 22:15:00+00:00,106.96708851377154,3333.993981689465,0.03208376772760914,3337.3067573500953,1.5079995852840682,1 days 20:54:00
67,6,GRID_BUY,CLOSED,2024-03-04 00:41:00+00:00,64000.0,64000.0,62000.0,65000.0,2024-03-04 08:27:00+00:00,106.96708851377154,3338.785809768071,0.03203772107837071,3341.8292010780597,1.4541924979333487,0 days 07:46:00
68,6,GRID_BUY,CLOSED,2024-03-04 00:49:00+00:00,63000.0,63000.0,62000.0,64000.0,2024-03-04 07:40:00+00:00,106.96708851377154,3337.0091532822876,0.03205477827609749,3340.268067994619,1.4806690012329256,0 days 06:51:00
69,6,GRID_BUY,CLOSED,2024-03-04 08:36:00+00:00,65000.0,65000.0,62000.0,66000.0,2024-03-04 14:38:00+00:00,106.96708851377154,3341.7206712672373,0.03200958399470528,3343.2577060468043,1.4285306562737787,0 days 06:02:00
70,6,GRID_BUY,CLOSED,2024-03-04 14:42:00+00:00,66000.0,66000.0,62000.0,67000.0,2024-03-04 17:25:00+00:00,106.96708851377154,3343.149201923511,0.031995906270718355,3344.661327583865,1.4036464461796356,0 days 02:43:00
71,7,GRID_BUY,CLOSED,2024-03-04 17:40:00+00:00,67000.0,67000.0,67000.0,68000.0,2024-03-04 23:03:00+00:00,106.96708851377154,3344.5528483696908,0.03198247818566027,3346.0408084666287,1.3795050483271183,0 days 05:23:00
72,7,GRID_BUY,CLOSED,2024-03-04 23:04:00+00:00,68000.0,68000.0,67000.0,69000.0,2024-03-05 15:04:00+00:00,106.96708851377154,3345.932353418018,0.03196929202842368,3351.5836566440917,1.3560736915879232,0 days 16:00:00
73,7,GRID_BUY,CLOSED,2024-03-05 04:52:00+00:00,67000.0,67000.0,67000.0,68000.0,2024-03-05 13:18:00+00:00,106.96708851377154,3344.2539139556034,0.031985337018638704,3350.1206393188013,1.3795050483271183,0 days 08:26:00
74,7,GRID_BUY,CLOSED,2024-03-05 05:03:00+00:00,66000.0,66000.0,67000.0,67000.0,2024-03-05 05:27:00+00:00,106.96708851377154,3340.980547307737,0.03201667504468676,3345.659072527443,1.4036464461796356,0 days 00:24:00
75,7,GRID_BUY,CLOSED,2024-03-05 08:06:00+00:00,66000.0,66000.0,67000.0,67000.0,2024-03-05 10:32:00+00:00,106.96708851377154,3342.384193753917,0.03200322952509959,3347.062718973623,1.4036464461796356,0 days 02:26:00
76,7,GRID_BUY,CLOSED,2024-03-05 15:05:00+00:00,68000.0,68000.0,67000.0,69000.0,2024-03-08 15:27:00+00:00,106.96708851377154,3351.4752250502925,0.03191641928732037,3376.206755372297,1.3560736915879232,3 days 00:22:00
77,7,GRID_BUY,CLOSED,2024-03-05 15:30:00+00:00,67000.0,67000.0,67000.0,68000.0,2024-03-08 14:11:00+00:00,106.96708851377154,3349.796785587878,0.031932411235805515,3374.7437380470064,1.3795050483271183,2 days 22:41:00
78,7,GRID_BUY,CLOSED,2024-03-05 16:06:00+00:00,66000.0,66000.0,67000.0,67000.0,2024-03-06 08:10:00+00:00,106.96708851377154,3346.5234189400117,0.03196364558765067,3366.0463477070152,1.4036464461796356,0 days 16:04:00
79,7,GRID_BUY,CLOSED,2024-03-05 16:12:00+00:00,65000.0,65000.0,67000.0,66000.0,2024-03-05 16:31:00+00:00,106.96708851377154,3341.6309595432776,0.032010443346021496,3347.9534866310646,1.4285306562737787,0 days 00:19:00
80,7,GRID_BUY,CLOSED,2024-03-05 16:48:00+00:00,65000.0,65000.0,67000.0,66000.0,2024-03-06 05:31:00+00:00,106.96708851377154,3343.0594901995514,0.03199676488777845,3361.3693595220884,1.4285306562737787,0 days 12:43:00
81,7,GRID_BUY,CLOSED,2024-03-05 17:08:00+00:00,64000.0,64000.0,67000.0,65000.0,2024-03-05 17:46:00+00:00,106.96708851377154,3336.5230289347364,0.03205944858948667,3344.5152454197932,1.4541924979333487,0 days 00:38:00
82,7,GRID_BUY,CLOSED,2024-03-05 18:51:00+00:00,64000.0,64000.0,67000.0,65000.0,2024-03-06 05:10:00+00:00,106.96708851377154,3337.97722143267,0.03204548186457094,3355.04839515661,1.4541924979333487,0 days 10:19:00
83,7,GRID_BUY,CLOSED,2024-03-05 19:17:00+00:00,63000.0,63000.0,67000.0,64000.0,2024-03-05 23:41:00+00:00,106.96708851377154,3329.7710707705855,0.03212445727958616,3345.577098895635,1.4806690012329256,0 days 04:24:00
84,7,GRID_BUY,CLOSED,2024-03-05 19:36:00+00:00,62000.0,62000.0,67000.0,63000.0,2024-03-05 20:14:00+00:00,106.96708851377154,3319.8687277049257,0.03222027654922352,3334.382307004976,1.5079995852840682,0 days 00:38:00
85,8,GRID_BUY,CLOSED,2024-03-05 19:55:00+00:00,61000.0,61000.0,62000.0,62000.0,2024-03-05 20:01:00+00:00,106.96708851377154,3308.2428342936973,0.03233350569218683,3322.9719926089565,1.536226254058235,0 days 00:06:00
86,8,GRID_BUY,CLOSED,2024-03-05 19:56:00+00:00,60000.0,60000.0,62000.0,61000.0,2024-03-05 19:57:00+00:00,106.96708851377154,3294.8651356132023,0.032464785085615976,3309.8099021404237,1.5653938117914947,0 days 00:01:00
87,8,GRID_BUY,CLOSED,2024-03-05 20:37:00+00:00,62000.0,62000.0,62000.0,63000.0,2024-03-05 21:11:00+00:00,106.96708851377154,3324.478347356059,0.03217560090257226,3335.89030659026,1.5079995852840682,0 days 00:34:00
88,8,GRID_BUY,CLOSED,2024-03-06 02:01:00+00:00,63000.0,63000.0,62000.0,64000.0,2024-03-06 04:52:00+00:00,106.96708851377154,3337.3693590082357,0.03205131857073168,3347.057767896868,1.4806690012329256,0 days 02:51:00
89,9,GRID_BUY,CLOSED,2024-03-06 12:44:00+00:00,66000.0,66000.0,67000.0,67000.0,2024-03-06 14:21:00+00:00,106.96708851377154,3362.7714689334884,0.0318092054431806,3368.8785248094687,1.4036464461796356,0 days 01:37:00
90,9,GRID_BUY,CLOSED,2024-03-06 12:46:00+00:00,65000.0,65000.0,67000.0,66000.0,2024-03-06 12:51:00+00:00,106.96708851377154,3357.879009536755,0.03185555173666858,3364.201536624542,1.4285306562737787,0 days 00:05:00
91,9,GRID_BUY,CLOSED,2024-03-06 14:58:00+00:00,66000.0,66000.0,67000.0,67000.0,2024-03-06 16:56:00+00:00,106.96708851377154,3365.603646035942,0.03178243779232857,3370.2821712556483,1.4036464461796356,0 days 01:58:00
92,9,GRID_BUY,CLOSED,2024-03-06 22:46:00+00:00,66000.0,66000.0,67000.0,67000.0,2024-03-07 08:19:00+00:00,106.96708851377154,3367.0072924821216,0.03176918824993591,3371.685817701828,1.4036464461796356,0 days 09:33:00
93,9,GRID_BUY,CLOSED,2024-03-08 15:32:00+00:00,69000.0,69000.0,67000.0,70000.0,2024-03-11 07:12:00+00:00,106.96708851377154,3376.0983237784976,0.031683641368020043,3382.987780225035,1.333321504609259,2 days 15:40:00
94,9,GRID_BUY,CLOSED,2024-03-08 15:32:00+00:00,68000.0,68000.0,67000.0,69000.0,2024-03-08 20:01:00+00:00,106.96708851377154,3374.4426592780237,0.03169918689229041,3378.835367023698,1.3560736915879232,0 days 04:29:00
95,9,GRID_BUY,CLOSED,2024-03-08 16:02:00+00:00,67000.0,67000.0,67000.0,68000.0,2024-03-08 17:02:00+00:00,106.96708851377154,3371.2155224036487,0.03172953132272745,3375.823652286447,1.3795050483271183,0 days 01:00:00
96,9,GRID_BUY,CLOSED,2024-03-08 21:55:00+00:00,68000.0,68000.0,67000.0,69000.0,2024-03-10 01:18:00+00:00,106.96708851377154,3377.178238017939,0.03167350994673896,3380.191440715286,1.3560736915879232,1 days 03:23:00
97,9,GRID_BUY,CLOSED,2024-03-11 00:50:00+00:00,68000.0,68000.0,67000.0,69000.0,2024-03-11 06:53:00+00:00,106.96708851377154,3378.5343117095267,0.031660796855914296,3381.5475144068737,1.3560736915879232,0 days 06:03:00
98,9,GRID_BUY,CLOSED,2024-03-11 07:13:00+00:00,70000.0,70000.0,67000.0,71000.0,2024-03-11 07:36:00+00:00,106.96708851377154,3382.8793714061976,0.03162013089142679,3384.2989774809016,1.3112193801157304,0 days 00:23:00
99,9,GRID_BUY,CLOSED,2024-03-11 07:37:00+00:00,71000.0,71000.0,67000.0,72000.0,2024-03-11 11:44:00+00:00,106.96708851377154,3384.1905907863134,0.03160787953402998,3385.5886958305496,1.2897398506783304,0 days 04:07:00
100,10,GRID_BUY,CLOSED,2024-03-11 11:53:00+00:00,72000.0,72000.0,72000.0,73000.0,2024-03-12 14:07:00+00:00,106.96708851377154,3385.4803306369918,0.03159583812842453,3386.8575319016063,1.2688569748364387,1 days 02:14:00
101,10,GRID_BUY,CLOSED,2024-03-12 14:09:00+00:00,72000.0,72000.0,72000.0,73000.0,2024-03-13 07:12:00+00:00,106.96708851377154,3386.7491876118283,0.03158400064139369,3393.3504094625246,1.2688569748364387,0 days 17:03:00
102,10,GRID_BUY,CLOSED,2024-03-12 15:00:00+00:00,71000.0,71000.0,72000.0,72000.0,2024-03-12 15:23:00+00:00,106.96708851377154,3385.158052170186,0.03159884615880673,3388.0403255675506,1.2897398506783304,0 days 00:23:00
103,10,GRID_BUY,CLOSED,2024-03-12 16:20:00+00:00,71000.0,71000.0,72000.0,72000.0,2024-03-13 01:30:00+00:00,106.96708851377154,3386.447792020864,0.03158681163365548,3391.974606302954,1.2897398506783304,0 days 09:10:00
104,10,GRID_BUY,CLOSED,2024-03-12 17:06:00+00:00,70000.0,70000.0,72000.0,71000.0,2024-03-12 17:59:00+00:00,106.96708851377154,3383.351584446472,0.03161571768228508,3389.0937525116638,1.3112193801157304,0 days 00:53:00
105,10,GRID_BUY,CLOSED,2024-03-12 17:22:00+00:00,69000.0,69000.0,72000.0,70000.0,2024-03-12 17:37:00+00:00,106.96708851377154,3378.7288037088615,0.031658974344538335,3384.686347681404,1.333321504609259,0 days 00:15:00
106,10,GRID_BUY,CLOSED,2024-03-13 07:15:00+00:00,73000.0,73000.0,72000.0,74000.0,2024-11-06 03:06:00+00:00,106.96708851377154,3393.2420651727466,0.031523565504403814,3822.819940311733,1.2485462325792156,237 days 19:51:00
107,10,GRID_BUY,CLOSED,2024-03-13 13:54:00+00:00,72000.0,72000.0,72000.0,73000.0,2024-03-13 15:16:00+00:00,106.96708851377154,3391.6712608044345,0.03153816519599873,3394.5122993488476,1.2688569748364387,0 days 01:22:00
108,10,GRID_BUY,CLOSED,2024-03-14 13:36:00+00:00,72000.0,72000.0,72000.0,73000.0,2024-10-29 18:24:00+00:00,106.96708851377154,3392.9401177792715,0.03152637087617775,3808.1917947906363,1.2688569748364387,229 days 04:48:00
109,10,GRID_BUY,CLOSED,2024-03-14 15:27:00+00:00,71000.0,71000.0,72000.0,72000.0,2024-03-15 00:28:00+00:00,106.96708851377154,3389.885145057831,0.03155478251813948,3398.1870159998343,1.2897398506783304,0 days 09:01:00
110,10,GRID_BUY,CLOSED,2024-03-14 16:30:00+00:00,70000.0,70000.0,72000.0,71000.0,2024-03-14 16:46:00+00:00,106.96708851377154,3385.3251002036404,0.03159728692152404,3391.1977840440213,1.3112193801157304,0 days 00:16:00
111,10,GRID_BUY,CLOSED,2024-03-14 18:50:00+00:00,70000.0,70000.0,72000.0,71000.0,2024-03-14 20:39:00+00:00,106.96708851377154,3386.636319583756,0.031585053256299636,3393.842324928746,1.3112193801157304,0 days 01:49:00
112,10,GRID_BUY,CLOSED,2024-03-14 19:31:00+00:00,69000.0,69000.0,72000.0,70000.0,2024-03-14 20:05:00+00:00,106.96708851377154,3380.5497015663473,0.031641921568024665,3387.9710828186885,1.333321504609259,0 days 00:34:00
113,10,GRID_BUY,CLOSED,2024-03-15 02:23:00+00:00,71000.0,71000.0,72000.0,72000.0,2024-04-08 08:55:00+00:00,106.96708851377154,3395.13064517335,0.0315060301628864,3490.509441384942,1.2897398506783304,24 days 06:32:00
114,10,GRID_BUY,CLOSED,2024-03-15 02:39:00+00:00,70000.0,70000.0,72000.0,71000.0,2024-03-25 19:56:00+00:00,106.96708851377154,3390.5706003191594,0.031548403240358,3458.9743571030385,1.3112193801157304,10 days 17:17:00
115,10,GRID_BUY,CLOSED,2024-03-15 02:47:00+00:00,69000.0,69000.0,72000.0,70000.0,2024-03-15 18:53:00+00:00,106.96708851377154,3384.4839823017505,0.03160513953474952,3401.539177576756,1.333321504609259,0 days 16:06:00
116,10,GRID_BUY,CLOSED,2024-03-15 02:53:00+00:00,68000.0,68000.0,72000.0,69000.0,2024-03-15 02:56:00+00:00,106.96708851377154,3376.8486668723817,0.03167660119422641,3385.841520498624,1.3560736915879232,0 days 00:03:00
117,10,GRID_BUY,CLOSED,2024-03-15 03:22:00+00:00,68000.0,68000.0,72000.0,69000.0,2024-03-15 18:42:00+00:00,106.96708851377154,3378.2047405639696,0.031663885622253335,3394.1192608297006,1.3560736915879232,0 days 15:20:00
118,10,GRID_BUY,CLOSED,2024-03-15 03:28:00+00:00,67000.0,67000.0,72000.0,68000.0,2024-03-15 03:32:00+00:00,106.96708851377154,3368.9979527607,0.03175041659675636,3379.5857335723936,1.3795050483271183,0 days 00:04:00
119,10,GRID_BUY,CLOSED,2024-03-15 04:44:00+00:00,67000.0,67000.0,72000.0,68000.0,2024-03-15 05:02:00+00:00,106.96708851377154,3370.3774578090274,0.03173742106123252,3380.965238620721,1.3795050483271183,0 days 00:18:00
120,11,GRID_BUY,CLOSED,2024-03-15 09:00:00+00:00,67000.0,67000.0,67000.0,68000.0,2024-03-15 09:55:00+00:00,106.96708851377154,3371.7569628573547,0.031724436159575264,3383.7483901152277,1.3795050483271183,0 days 00:55:00
121,11,GRID_BUY,CLOSED,2024-03-15 09:10:00+00:00,66000.0,66000.0,67000.0,67000.0,2024-03-15 09:22:00+00:00,106.96708851377154,3360.9552478686333,0.031826394767263046,3373.1621214291945,1.4036464461796356,0 days 00:12:00
122,11,GRID_BUY,CLOSED,2024-03-15 11:08:00+00:00,67000.0,67000.0,67000.0,68000.0,2024-03-15 12:35:00+00:00,106.96708851377154,3374.5401143518616,0.03169827143522234,3385.127895163555,1.3795050483271183,0 days 01:27:00
123,11,GRID_BUY,CLOSED,2024-03-15 19:48:00+00:00,69000.0,69000.0,67000.0,70000.0,2024-03-16 00:19:00+00:00,106.96708851377154,3395.451117829024,0.03150305653116394,3404.228572772953,1.333321504609259,0 days 04:31:00
124,11,GRID_BUY,CLOSED,2024-03-15 20:09:00+00:00,68000.0,68000.0,67000.0,69000.0,2024-03-15 22:55:00+00:00,106.96708851377154,3387.8158023996552,0.03157405678254546,3396.808656025897,1.3560736915879232,0 days 02:46:00
125,11,GRID_BUY,CLOSED,2024-03-16 02:33:00+00:00,69000.0,69000.0,67000.0,70000.0,2024-03-25 15:55:00+00:00,106.96708851377154,3398.140513025221,0.031478124022170956,3453.1031149929813,1.333321504609259,9 days 13:22:00
126,11,GRID_BUY,CLOSED,2024-03-16 11:25:00+00:00,68000.0,68000.0,67000.0,69000.0,2024-03-25 14:20:00+00:00,106.96708851377154,3390.505197595852,0.03154901180792173,3445.6831982459253,1.3560736915879232,9 days 02:55:00
127,11,GRID_BUY,CLOSED,2024-03-16 18:07:00+00:00,67000.0,67000.0,67000.0,68000.0,2024-03-17 15:47:00+00:00,106.96708851377154,3381.298409792583,0.031634915215996325,3396.1468983630034,1.3795050483271183,0 days 21:40:00
128,11,GRID_BUY,CLOSED,2024-03-16 22:03:00+00:00,66000.0,66000.0,67000.0,67000.0,2024-03-17 10:19:00+00:00,106.96708851377154,3370.4966948038614,0.0317362982965323,3385.56062967697,1.4036464461796356,0 days 12:16:00
129,11,GRID_BUY,CLOSED,2024-03-16 23:17:00+00:00,65000.0,65000.0,67000.0,66000.0,2024-03-17 00:04:00+00:00,106.96708851377154,3358.0758870662726,0.031853684106948985,3371.926762494915,1.4285306562737787,0 days 00:47:00
130,11,GRID_BUY,CLOSED,2024-03-17 06:59:00+00:00,65000.0,65000.0,67000.0,66000.0,2024-03-17 08:33:00+00:00,106.96708851377154,3359.5044177225463,0.031840139262649336,3373.3552931511886,1.4285306562737787,0 days 01:34:00
131,11,GRID_BUY,CLOSED,2024-03-18 01:02:00+00:00,67000.0,67000.0,67000.0,68000.0,2024-03-18 02:49:00+00:00,106.96708851377154,3386.9386225996373,0.03158223411550021,3397.5264034113306,1.3795050483271183,0 days 01:47:00
132,11,GRID_BUY,CLOSED,2024-03-18 14:32:00+00:00,67000.0,67000.0,67000.0,68000.0,2024-03-18 16:19:00+00:00,106.96708851377154,3388.3181276479645,0.0315693758625976,3398.905908459658,1.3795050483271183,0 days 01:47:00
133,11,GRID_BUY,CLOSED,2024-03-18 16:56:00+00:00,67000.0,67000.0,67000.0,68000.0,2024-03-19 00:16:00+00:00,106.96708851377154,3389.6976326962917,0.031556528075539866,3400.285413507985,1.3795050483271183,0 days 07:20:00
134,11,GRID_BUY,CLOSED,2024-03-19 00:54:00+00:00,67000.0,67000.0,67000.0,68000.0,2024-03-20 22:15:00+00:00,106.96708851377154,3391.077137744619,0.031543690741554345,3420.8169123257476,1.3795050483271183,1 days 21:21:00
135,11,GRID_BUY,CLOSED,2024-03-19 01:33:00+00:00,66000.0,66000.0,67000.0,67000.0,2024-03-20 20:30:00+00:00,106.96708851377154,3380.2754227558976,0.031644489024081526,3410.2306436397143,1.4036464461796356,1 days 18:57:00
136,11,GRID_BUY,CLOSED,2024-03-19 03:40:00+00:00,65000.0,65000.0,67000.0,66000.0,2024-03-19 03:53:00+00:00,106.96708851377154,3367.854615018309,0.03176119540219227,3381.705490446951,1.4285306562737787,0 days 00:13:00
137,11,GRID_BUY,CLOSED,2024-03-19 05:24:00+00:00,65000.0,65000.0,67000.0,66000.0,2024-03-20 19:56:00+00:00,106.96708851377154,3369.2831456745826,0.03174772908328993,3398.0253071139323,1.4285306562737787,1 days 14:32:00
138,11,GRID_BUY,CLOSED,2024-03-19 07:10:00+00:00,64000.0,64000.0,67000.0,65000.0,2024-03-19 16:52:00+00:00,106.96708851377154,3355.218336068913,0.03188081304988867,3373.70023889729,1.4541924979333487,0 days 09:42:00
139,11,GRID_BUY,CLOSED,2024-03-19 09:11:00+00:00,63000.0,63000.0,67000.0,64000.0,2024-03-19 09:17:00+00:00,106.96708851377154,3339.4838370659736,0.032031024473456175,3356.7005942954606,1.4806690012329256,0 days 00:06:00
140,11,GRID_BUY,CLOSED,2024-03-19 10:47:00+00:00,63000.0,63000.0,67000.0,64000.0,2024-03-19 15:43:00+00:00,106.96708851377154,3340.9645060672065,0.032016828768913534,3358.1812632966935,1.4806690012329256,0 days 04:56:00
141,11,GRID_BUY,CLOSED,2024-03-19 20:04:00+00:00,64000.0,64000.0,67000.0,65000.0,2024-03-20 18:53:00+00:00,106.96708851377154,3359.633866569312,0.03183891244167059,3384.175994407599,1.4541924979333487,0 days 22:49:00
142,11,GRID_BUY,CLOSED,2024-03-19 22:31:00+00:00,63000.0,63000.0,67000.0,64000.0,2024-03-20 12:19:00+00:00,106.96708851377154,3343.899367566373,0.031988728354472036,3367.1763498057694,1.4806690012329256,0 days 13:48:00
143,11,GRID_BUY,CLOSED,2024-03-19 23:13:00+00:00,62000.0,62000.0,67000.0,63000.0,2024-03-20 00:25:00+00:00,106.96708851377154,3326.4686761598578,0.03215634924819328,3345.408983734914,1.5079995852840682,0 days 01:12:00
144,12,GRID_BUY,CLOSED,2024-03-20 01:22:00+00:00,62000.0,62000.0,62000.0,63000.0,2024-03-20 02:29:00+00:00,106.96708851377154,3327.9766757451416,0.03214177830432702,3346.9169833201977,1.5079995852840682,0 days 01:07:00
145,12,GRID_BUY,CLOSED,2024-03-20 03:55:00+00:00,62000.0,62000.0,62000.0,63000.0,2024-03-20 07:44:00+00:00,106.96708851377154,3329.4846753304255,0.0321272205594867,3349.9612091595395,1.5079995852840682,0 days 03:49:00
146,12,GRID_BUY,CLOSED,2024-03-20 05:23:00+00:00,61000.0,61000.0,62000.0,62000.0,2024-03-20 06:30:00+00:00,106.96708851377154,3310.3304335783423,0.03231311515876201,3331.022546422664,1.536226254058235,0 days 01:07:00
147,12,GRID_BUY,CLOSED,2024-03-20 16:25:00+00:00,63000.0,63000.0,62000.0,64000.0,2024-03-20 17:15:00+00:00,106.96708851377154,3351.4402615775152,0.03191675225129102,3368.6570188070023,1.4806690012329256,0 days 00:50:00
148,13,GRID_BUY,CLOSED,2024-03-21 03:44:00+00:00,67000.0,67000.0,67000.0,68000.0,2024-03-25 13:59:00+00:00,106.96708851377154,3411.6086365623814,0.03135385676053222,3436.69183257978,1.3795050483271183,4 days 10:15:00
149,13,GRID_BUY,CLOSED,2024-03-21 15:13:00+00:00,66000.0,66000.0,67000.0,67000.0,2024-03-21 17:07:00+00:00,106.96708851377154,3400.80692157366,0.031453443544591037,3413.0137951342213,1.4036464461796356,0 days 01:54:00
150,13,GRID_BUY,CLOSED,2024-03-21 17:45:00+00:00,66000.0,66000.0,67000.0,67000.0,2024-03-24 22:10:00+00:00,106.96708851377154,3402.2105680198397,0.03144046683037279,3426.105563893747,1.4036464461796356,3 days 04:25:00
151,13,GRID_BUY,CLOSED,2024-03-21 18:43:00+00:00,65000.0,65000.0,67000.0,66000.0,2024-03-22 03:30:00+00:00,106.96708851377154,3389.789760282251,0.0315556704333383,3403.6406357108926,1.4285306562737787,0 days 08:47:00
152,13,GRID_BUY,CLOSED,2024-03-22 10:25:00+00:00,65000.0,65000.0,67000.0,66000.0,2024-03-24 18:34:00+00:00,106.96708851377154,3391.2182909385247,0.031542377793724465,3413.9002273679653,1.4285306562737787,2 days 08:09:00
153,13,GRID_BUY,CLOSED,2024-03-22 12:03:00+00:00,64000.0,64000.0,67000.0,65000.0,2024-03-23 14:30:00+00:00,106.96708851377154,3377.153481332855,0.03167374213373182,3398.596722163698,1.4541924979333487,1 days 02:27:00
154,13,GRID_BUY,CLOSED,2024-03-22 13:58:00+00:00,63000.0,63000.0,67000.0,64000.0,2024-03-22 15:29:00+00:00,106.96708851377154,3361.4189823299157,0.03182200406318553,3378.6357395594027,1.4806690012329256,0 days 01:31:00
155,13,GRID_BUY,CLOSED,2024-03-22 16:36:00+00:00,63000.0,63000.0,67000.0,64000.0,2024-03-22 19:47:00+00:00,106.96708851377154,3362.8996513311486,0.03180799298350469,3380.1164085606356,1.4806690012329256,0 days 03:11:00
156,13,GRID_BUY,CLOSED,2024-03-22 21:16:00+00:00,63000.0,63000.0,67000.0,64000.0,2024-03-23 01:26:00+00:00,106.96708851377154,3364.3803203323814,0.03179399423641968,3381.5970775618684,1.4806690012329256,0 days 04:10:00
157,13,GRID_BUY,CLOSED,2024-03-23 03:36:00+00:00,63000.0,63000.0,67000.0,64000.0,2024-03-23 04:18:00+00:00,106.96708851377154,3365.8609893336143,0.03178000780565489,3383.0777465631013,1.4806690012329256,0 days 00:42:00
158,13,GRID_BUY,CLOSED,2024-03-23 23:56:00+00:00,64000.0,64000.0,67000.0,65000.0,2024-03-24 08:12:00+00:00,106.96708851377154,3384.53034983572,0.03160470654930412,3400.0509146616314,1.4541924979333487,0 days 08:16:00
159,13,GRID_BUY,CLOSED,2024-03-25 21:18:00+00:00,70000.0,70000.0,67000.0,71000.0,2024-03-26 07:18:00+00:00,106.96708851377154,3454.4128926427734,0.030965345440202185,3460.2855764831543,1.3112193801157304,0 days 10:00:00
160,13,GRID_BUY,CLOSED,2024-03-26 14:23:00+00:00,70000.0,70000.0,67000.0,71000.0,2024-03-27 13:07:00+00:00,106.96708851377154,3455.724112022889,0.03095359613391008,3461.59679586327,1.3112193801157304,0 days 22:44:00
161,13,GRID_BUY,CLOSED,2024-03-27 13:45:00+00:00,70000.0,70000.0,67000.0,71000.0,2024-03-28 13:27:00+00:00,106.96708851377154,3457.035331403005,0.030941855740409793,3465.574658252604,1.3112193801157304,0 days 23:42:00
162,13,GRID_BUY,CLOSED,2024-03-27 14:03:00+00:00,69000.0,69000.0,67000.0,70000.0,2024-03-27 14:23:00+00:00,106.96708851377154,3450.9487133855964,0.030996429503245253,3458.3700946379377,1.333321504609259,0 days 00:20:00
163,13,GRID_BUY,CLOSED,2024-03-27 15:52:00+00:00,69000.0,69000.0,67000.0,70000.0,2024-03-28 06:15:00+00:00,106.96708851377154,3452.2820348902055,0.030984458231603743,3459.7034161425468,1.333321504609259,0 days 14:23:00
164,13,GRID_BUY,CLOSED,2024-03-29 07:37:00+00:00,70000.0,70000.0,67000.0,71000.0,2024-03-31 18:40:00+00:00,106.96708851377154,3461.013193792339,0.030906293193457723,3466.8858776327197,1.3112193801157304,2 days 11:03:00
165,13,GRID_BUY,CLOSED,2024-04-01 05:46:00+00:00,70000.0,70000.0,67000.0,71000.0,2024-04-08 08:10:00+00:00,106.96708851377154,3462.3244131724546,0.030894588648831975,3486.1647503138533,1.3112193801157304,7 days 02:24:00
166,13,GRID_BUY,CLOSED,2024-04-01 05:57:00+00:00,69000.0,69000.0,67000.0,70000.0,2024-04-01 13:28:00+00:00,106.96708851377154,3456.237795155046,0.030948995657566734,3463.6591764073873,1.333321504609259,0 days 07:31:00
167,13,GRID_BUY,CLOSED,2024-04-01 14:52:00+00:00,69000.0,69000.0,67000.0,70000.0,2024-04-07 16:18:00+00:00,106.96708851377154,3457.571116659655,0.030937060990118403,3478.960186699187,1.333321504609259,6 days 01:26:00
168,13,GRID_BUY,CLOSED,2024-04-02 02:36:00+00:00,68000.0,68000.0,67000.0,69000.0,2024-04-04 18:00:00+00:00,106.96708851377154,3449.9358012302864,0.031005530153814995,3467.401044766036,1.3560736915879232,2 days 15:24:00
169,13,GRID_BUY,CLOSED,2024-04-02 02:37:00+00:00,67000.0,67000.0,67000.0,68000.0,2024-04-04 16:22:00+00:00,106.96708851377154,3440.729013427017,0.031088495518346776,3458.409679099891,1.3795050483271183,2 days 13:45:00
170,13,GRID_BUY,CLOSED,2024-04-02 02:39:00+00:00,66000.0,66000.0,67000.0,67000.0,2024-04-02 02:41:00+00:00,106.96708851377154,3429.9272984382956,0.031186401111905633,3442.134171998857,1.4036464461796356,0 days 00:02:00
171,13,GRID_BUY,CLOSED,2024-04-02 09:03:00+00:00,66000.0,66000.0,67000.0,67000.0,2024-04-04 13:14:00+00:00,106.96708851377154,3431.3309448844752,0.03117364376445271,3447.823410413858,1.4036464461796356,2 days 04:11:00
172,13,GRID_BUY,CLOSED,2024-04-02 13:19:00+00:00,65000.0,65000.0,67000.0,66000.0,2024-04-02 14:30:00+00:00,106.96708851377154,3418.9101371468864,0.0312868967661831,3432.761012575528,1.4285306562737787,0 days 01:11:00
173,13,GRID_BUY,CLOSED,2024-04-02 15:54:00+00:00,65000.0,65000.0,67000.0,66000.0,2024-04-02 18:49:00+00:00,106.96708851377154,3420.33866780316,0.03127382955398248,3434.1895432318024,1.4285306562737787,0 days 02:55:00
174,13,GRID_BUY,CLOSED,2024-04-03 00:33:00+00:00,65000.0,65000.0,67000.0,66000.0,2024-04-03 02:01:00+00:00,106.96708851377154,3421.767198459434,0.031260773252467566,3435.6180738880757,1.4285306562737787,0 days 01:28:00
175,13,GRID_BUY,CLOSED,2024-04-04 20:07:00+00:00,68000.0,68000.0,67000.0,69000.0,2024-04-06 22:52:00+00:00,106.96708851377154,3459.764264831382,0.030917449954927716,3471.540269952131,1.3560736915879232,2 days 02:45:00
176,13,GRID_BUY,CLOSED,2024-04-05 05:18:00+00:00,67000.0,67000.0,67000.0,68000.0,2024-04-05 14:42:00+00:00,106.96708851377154,3450.5574770281128,0.030999943987572665,3462.548904285986,1.3795050483271183,0 days 09:24:00
177,13,GRID_BUY,CLOSED,2024-04-05 12:32:00+00:00,66000.0,66000.0,67000.0,67000.0,2024-04-05 13:31:00+00:00,106.96708851377154,3439.7557620393914,0.03109729175956144,3451.9626355999526,1.4036464461796356,0 days 00:59:00
178,13,GRID_BUY,CLOSED,2024-04-07 19:52:00+00:00,69000.0,69000.0,67000.0,70000.0,2024-04-08 07:22:00+00:00,106.96708851377154,3472.872126951455,0.030800756435472053,3480.293508203796,1.333321504609259,0 days 11:30:00
179,14,GRID_BUY,CLOSED,2024-04-09 01:10:00+00:00,71000.0,71000.0,72000.0,72000.0,2024-10-29 15:22:00+00:00,106.96708851377154,3487.4530705584575,0.03067197933552194,3805.3521543512675,1.2897398506783304,203 days 14:12:00
180,14,GRID_BUY,CLOSED,2024-04-09 08:07:00+00:00,70000.0,70000.0,72000.0,71000.0,2024-04-10 22:25:00+00:00,106.96708851377154,3482.8930257042666,0.030712137215911765,3491.4551047408445,1.3112193801157304,1 days 14:18:00
181,14,GRID_BUY,CLOSED,2024-04-09 14:42:00+00:00,69000.0,69000.0,72000.0,70000.0,2024-04-10 19:52:00+00:00,106.96708851377154,3476.806407686858,0.030765902949694987,3485.5838626307873,1.333321504609259,1 days 05:10:00
182,14,GRID_BUY,CLOSED,2024-04-10 12:37:00+00:00,68000.0,68000.0,72000.0,69000.0,2024-04-10 16:34:00+00:00,106.96708851377154,3469.1710922574894,0.03083361577424104,3478.1639458837312,1.3560736915879232,0 days 03:57:00
183,14,GRID_BUY,CLOSED,2024-04-11 11:57:00+00:00,70000.0,70000.0,72000.0,71000.0,2024-04-11 12:41:00+00:00,106.96708851377154,3486.8936402805793,0.030676900286859404,3492.7663241209602,1.3112193801157304,0 days 00:44:00
184,14,GRID_BUY,CLOSED,2024-04-11 13:40:00+00:00,70000.0,70000.0,72000.0,71000.0,2024-04-12 04:45:00+00:00,106.96708851377154,3488.204859660695,0.030665368812133487,3494.077543501076,1.3112193801157304,0 days 15:05:00
185,14,GRID_BUY,CLOSED,2024-04-12 13:40:00+00:00,70000.0,70000.0,72000.0,71000.0,2024-05-20 23:24:00+00:00,106.96708851377154,3489.516079040811,0.03065384600353364,3593.1572513968677,1.3112193801157304,38 days 09:44:00
186,14,GRID_BUY,CLOSED,2024-04-12 16:18:00+00:00,69000.0,69000.0,72000.0,70000.0,2024-05-20 19:59:00+00:00,106.96708851377154,3483.4294610234024,0.030707407659790967,3585.9526877822013,1.333321504609259,38 days 03:41:00
187,14,GRID_BUY,CLOSED,2024-04-12 17:28:00+00:00,68000.0,68000.0,72000.0,69000.0,2024-05-20 19:22:00+00:00,106.96708851377154,3475.7941455940336,0.030774862961710364,3578.5327710351453,1.3560736915879232,38 days 01:54:00
188,14,GRID_BUY,CLOSED,2024-04-12 18:32:00+00:00,67000.0,67000.0,72000.0,68000.0,2024-05-20 16:39:00+00:00,106.96708851377154,3466.587357790764,0.03085659684109073,3569.541405369,1.3795050483271183,37 days 22:07:00
189,15,GRID_BUY,CLOSED,2024-04-12 18:35:00+00:00,66000.0,66000.0,67000.0,67000.0,2024-04-12 18:37:00+00:00,106.96708851377154,3455.7856428020427,0.030953045000511024,3467.992516362604,1.4036464461796356,0 days 00:02:00
190,15,GRID_BUY,CLOSED,2024-04-12 18:38:00+00:00,66000.0,66000.0,67000.0,67000.0,2024-04-12 19:31:00+00:00,106.96708851377154,3457.1892892482224,0.030940477817178447,3469.3961628087836,1.4036464461796356,0 days 00:53:00
191,15,GRID_BUY,CLOSED,2024-04-13 01:51:00+00:00,66000.0,66000.0,67000.0,67000.0,2024-04-13 03:35:00+00:00,106.96708851377154,3458.592935694402,0.030927920834457823,3470.7998092549633,1.4036464461796356,0 days 01:44:00
192,15,GRID_BUY,CLOSED,2024-04-13 19:49:00+00:00,66000.0,66000.0,67000.0,67000.0,2024-04-22 22:53:00+00:00,106.96708851377154,3459.9965821405817,0.030915374039934645,3515.627722149165,1.4036464461796356,9 days 03:04:00
193,15,GRID_BUY,CLOSED,2024-04-13 19:54:00+00:00,65000.0,65000.0,67000.0,66000.0,2024-04-15 06:18:00+00:00,106.96708851377154,3447.575774402993,0.031026754889033507,3474.8099362570592,1.4285306562737787,1 days 10:24:00
194,15,GRID_BUY,CLOSED,2024-04-13 19:56:00+00:00,64000.0,64000.0,67000.0,65000.0,2024-04-13 23:05:00+00:00,106.96708851377154,3433.510964797323,0.031153850857175203,3455.0644240490933,1.4541924979333487,0 days 03:09:00
195,15,GRID_BUY,CLOSED,2024-04-13 20:07:00+00:00,63000.0,63000.0,67000.0,64000.0,2024-04-13 22:41:00+00:00,106.96708851377154,3417.776465794384,0.03129727458314319,3439.5454484484967,1.4806690012329256,0 days 02:34:00
196,15,GRID_BUY,CLOSED,2024-04-13 20:07:00+00:00,62000.0,62000.0,67000.0,63000.0,2024-04-13 20:11:00+00:00,106.96708851377154,3400.345774387869,0.03145770918930378,3420.822308216983,1.5079995852840682,0 days 00:04:00
197,16,GRID_BUY,CLOSED,2024-04-13 20:09:00+00:00,61000.0,61000.0,61000.0,62000.0,2024-04-13 20:10:00+00:00,106.96708851377154,3381.1915326357857,0.03163591517407653,3401.8836454801076,1.536226254058235,0 days 00:01:00
198,16,GRID_BUY,CLOSED,2024-04-13 20:13:00+00:00,62000.0,62000.0,61000.0,63000.0,2024-04-13 22:31:00+00:00,106.96708851377154,3403.3900002272107,0.03142957125296555,3422.330307802267,1.5079995852840682,0 days 02:18:00
199,16,GRID_BUY,CLOSED,2024-04-13 23:56:00+00:00,64000.0,64000.0,61000.0,65000.0,2024-04-14 22:05:00+00:00,106.96708851377154,3440.998051721115,0.03108606482943774,3460.9606235507254,1.4541924979333487,0 days 22:09:00
200,16,GRID_BUY,CLOSED,2024-04-14 00:25:00+00:00,63000.0,63000.0,61000.0,64000.0,2024-04-14 00:42:00+00:00,106.96708851377154,3425.263552718176,0.031228863667698212,3442.480309947663,1.4806690012329256,0 days 00:17:00
201,16,GRID_BUY,CLOSED,2024-04-14 03:01:00+00:00,63000.0,63000.0,61000.0,64000.0,2024-04-14 04:22:00+00:00,106.96708851377154,3426.744221719409,0.03121536992337863,3443.960978948896,1.4806690012329256,0 days 01:21:00
202,16,GRID_BUY,CLOSED,2024-04-14 17:22:00+00:00,63000.0,63000.0,61000.0,64000.0,2024-04-14 17:31:00+00:00,106.96708851377154,3428.2248907206417,0.03120188783510237,3445.4416479501288,1.4806690012329256,0 days 00:09:00
203,17,GRID_BUY,CLOSED,2024-04-15 14:39:00+00:00,65000.0,65000.0,66000.0,66000.0,2024-04-22 03:50:00+00:00,106.96708851377154,3462.387591484691,0.03089402491414991,3503.422385623383,1.4285306562737787,6 days 13:11:00
204,17,GRID_BUY,CLOSED,2024-04-15 15:01:00+00:00,64000.0,64000.0,66000.0,65000.0,2024-04-19 07:05:00+00:00,106.96708851377154,3448.322781879021,0.031020033587309436,3486.638211417883,1.4541924979333487,3 days 16:04:00
205,17,GRID_BUY,CLOSED,2024-04-15 19:00:00+00:00,63000.0,63000.0,66000.0,64000.0,2024-04-16 21:46:00+00:00,106.96708851377154,3432.588282876082,0.031162225032169148,3454.3290388614205,1.4806690012329256,1 days 02:46:00
206,17,GRID_BUY,CLOSED,2024-04-16 04:44:00+00:00,62000.0,62000.0,66000.0,63000.0,2024-04-16 06:22:00+00:00,106.96708851377154,3415.157591469567,0.03132127453823964,3434.097899044623,1.5079995852840682,0 days 01:38:00
207,17,GRID_BUY,CLOSED,2024-04-16 10:25:00+00:00,62000.0,62000.0,66000.0,63000.0,2024-04-16 11:52:00+00:00,106.96708851377154,3416.6655910548507,0.03130745039661516,3435.6058986299067,1.5079995852840682,0 days 01:27:00
208,17,GRID_BUY,CLOSED,2024-04-16 15:01:00+00:00,62000.0,62000.0,66000.0,63000.0,2024-04-16 17:18:00+00:00,106.96708851377154,3418.1735906401345,0.03129363845261569,3437.1138982151906,1.5079995852840682,0 days 02:17:00
209,17,GRID_BUY,CLOSED,2024-04-17 10:10:00+00:00,63000.0,63000.0,66000.0,64000.0,2024-04-18 15:09:00+00:00,106.96708851377154,3438.5929506331663,0.031107807771802453,3465.0289471649203,1.4806690012329256,1 days 04:59:00
210,17,GRID_BUY,CLOSED,2024-04-17 14:06:00+00:00,62000.0,62000.0,66000.0,63000.0,2024-04-18 11:25:00+00:00,106.96708851377154,3421.1622592266513,0.031266300867574544,3446.3058069334065,1.5079995852840682,0 days 21:19:00
211,17,GRID_BUY,CLOSED,2024-04-17 14:34:00+00:00,61000.0,61000.0,66000.0,62000.0,2024-04-18 03:06:00+00:00,106.96708851377154,3402.008017474568,0.03144233874944746,3425.830917942473,1.536226254058235,0 days 12:32:00
212,18,GRID_BUY,CLOSED,2024-04-17 15:44:00+00:00,60000.0,60000.0,61000.0,61000.0,2024-04-17 16:13:00+00:00,106.96708851377154,3381.1019704532177,0.03163675317944735,3403.575085321295,1.5653938117914947,0 days 00:29:00
213,18,GRID_BUY,CLOSED,2024-04-17 16:46:00+00:00,60000.0,60000.0,61000.0,61000.0,2024-04-17 17:54:00+00:00,106.96708851377154,3382.6673642650094,0.0316221126687736,3405.140479133086,1.5653938117914947,0 days 01:08:00
214,18,GRID_BUY,CLOSED,2024-04-18 05:59:00+00:00,61000.0,61000.0,61000.0,62000.0,2024-04-18 11:01:00+00:00,106.96708851377154,3406.675031352209,0.03139926395366017,3427.3671441965316,1.536226254058235,0 days 05:02:00
215,18,GRID_BUY,CLOSED,2024-04-18 12:30:00+00:00,62000.0,62000.0,61000.0,63000.0,2024-04-18 14:09:00+00:00,106.96708851377154,3428.8734989436343,0.031195985663141527,3447.8138065186904,1.5079995852840682,0 days 01:39:00
216,18,GRID_BUY,CLOSED,2024-04-18 17:52:00+00:00,63000.0,63000.0,61000.0,64000.0,2024-04-19 06:47:00+00:00,106.96708851377154,3449.292858936666,0.031011309531643223,3471.1192358172866,1.4806690012329256,0 days 12:55:00
217,18,GRID_BUY,CLOSED,2024-04-19 01:20:00+00:00,62000.0,62000.0,61000.0,63000.0,2024-04-19 06:40:00+00:00,106.96708851377154,3431.862167530151,0.031168818353434578,3453.9040951710567,1.5079995852840682,0 days 05:20:00
218,18,GRID_BUY,CLOSED,2024-04-19 01:43:00+00:00,61000.0,61000.0,61000.0,62000.0,2024-04-19 03:24:00+00:00,106.96708851377154,3412.707925778068,0.031343757168842384,3434.965432434182,1.536226254058235,0 days 01:41:00
219,18,GRID_BUY,CLOSED,2024-04-19 02:21:00+00:00,60000.0,60000.0,61000.0,61000.0,2024-04-19 02:55:00+00:00,106.96708851377154,3391.8018787567175,0.03153695066440051,3414.2749936247947,1.5653938117914947,0 days 00:34:00
220,18,GRID_BUY,CLOSED,2024-04-19 14:27:00+00:00,64000.0,64000.0,61000.0,65000.0,2024-04-20 17:09:00+00:00,106.96708851377154,3472.571839089905,0.030803419906153928,3489.5730729170496,1.4541924979333487,1 days 02:42:00
221,18,GRID_BUY,CLOSED,2024-04-19 23:04:00+00:00,63000.0,63000.0,61000.0,64000.0,2024-04-19 23:45:00+00:00,106.96708851377154,3456.837340086966,0.030943627943766802,3474.054097316453,1.4806690012329256,0 days 00:41:00
222,19,GRID_BUY,CLOSED,2024-04-23 08:11:00+00:00,66000.0,66000.0,66000.0,67000.0,2024-04-23 14:33:00+00:00,106.96708851377154,3504.8244950347835,0.030519955753935676,3517.0313685953447,1.4036464461796356,0 days 06:22:00
223,19,GRID_BUY,CLOSED,2024-04-23 20:23:00+00:00,66000.0,66000.0,66000.0,67000.0,2024-04-24 04:48:00+00:00,106.96708851377154,3506.228141480963,0.03050773771628868,3518.4350150415244,1.4036464461796356,0 days 08:25:00
224,19,GRID_BUY,CLOSED,2024-04-24 13:11:00+00:00,66000.0,66000.0,66000.0,67000.0,2024-05-17 15:19:00+00:00,106.96708851377154,3507.631787927143,0.030495529457208057,3557.5514902367872,1.4036464461796356,23 days 02:08:00
225,19,GRID_BUY,CLOSED,2024-04-24 14:35:00+00:00,65000.0,65000.0,66000.0,66000.0,2024-05-15 19:39:00+00:00,106.96708851377154,3495.210980189554,0.030603900342511068,3543.917623054732,1.4285306562737787,21 days 05:04:00
226,19,GRID_BUY,CLOSED,2024-04-24 19:01:00+00:00,64000.0,64000.0,66000.0,65000.0,2024-04-25 21:15:00+00:00,106.96708851377154,3481.146170583884,0.030727548707278275,3498.1474044110287,1.4541924979333487,1 days 02:14:00
227,19,GRID_BUY,CLOSED,2024-04-25 13:10:00+00:00,63000.0,63000.0,66000.0,64000.0,2024-04-25 15:50:00+00:00,106.96708851377154,3465.411671580945,0.03086706534492983,3482.628428810432,1.4806690012329256,0 days 02:40:00
228,19,GRID_BUY,CLOSED,2024-04-26 01:11:00+00:00,64000.0,64000.0,66000.0,65000.0,2024-05-06 08:21:00+00:00,106.96708851377154,3484.0810320830506,0.03070166495232702,3518.0563285840312,1.4541924979333487,10 days 07:10:00
229,19,GRID_BUY,CLOSED,2024-04-27 00:44:00+00:00,63000.0,63000.0,66000.0,64000.0,2024-04-28 02:52:00+00:00,106.96708851377154,3468.3465330801114,0.03084094610891663,3485.5632903095984,1.4806690012329256,1 days 02:08:00
230,19,GRID_BUY,CLOSED,2024-04-28 22:32:00+00:00,63000.0,63000.0,66000.0,64000.0,2024-04-29 23:03:00+00:00,106.96708851377154,3469.8272020813442,0.030827785444072924,3488.551958896115,1.4806690012329256,1 days 00:31:00
231,19,GRID_BUY,CLOSED,2024-04-29 06:48:00+00:00,62000.0,62000.0,66000.0,63000.0,2024-04-29 14:35:00+00:00,106.96708851377154,3452.396510674829,0.030983430837978405,3471.3368182498853,1.5079995852840682,0 days 07:47:00
232,19,GRID_BUY,CLOSED,2024-04-30 02:03:00+00:00,63000.0,63000.0,66000.0,64000.0,2024-05-04 10:51:00+00:00,106.96708851377154,3472.815870667861,0.03080125537816106,3501.056683982202,1.4806690012329256,4 days 08:48:00
233,19,GRID_BUY,CLOSED,2024-04-30 08:48:00+00:00,62000.0,62000.0,66000.0,63000.0,2024-05-03 20:46:00+00:00,106.96708851377154,3455.385179261346,0.030956632318668968,3483.841543335972,1.5079995852840682,3 days 11:58:00
234,19,GRID_BUY,CLOSED,2024-04-30 11:42:00+00:00,61000.0,61000.0,66000.0,62000.0,2024-05-03 14:02:00+00:00,106.96708851377154,3436.2309375092627,0.031129190807910653,3464.9028805990965,1.536226254058235,3 days 02:20:00
235,20,GRID_BUY,CLOSED,2024-04-30 19:14:00+00:00,60000.0,60000.0,61000.0,61000.0,2024-04-30 22:35:00+00:00,106.96708851377154,3415.3248904879124,0.0313197402717638,3437.7980053559895,1.5653938117914947,0 days 03:21:00
236,20,GRID_BUY,CLOSED,2024-05-01 01:09:00+00:00,60000.0,60000.0,61000.0,61000.0,2024-05-03 13:03:00+00:00,106.96708851377154,3416.890284299704,0.031305391632056624,3444.2124417897094,1.5653938117914947,2 days 11:54:00
237,20,GRID_BUY,CLOSED,2024-05-01 07:08:00+00:00,59000.0,59000.0,61000.0,60000.0,2024-05-03 12:34:00+00:00,106.96708851377154,3394.2032352546,0.03151463866474923,3421.741031143043,1.5955501002954264,2 days 05:26:00
238,20,GRID_BUY,CLOSED,2024-05-01 07:25:00+00:00,58000.0,58000.0,61000.0,59000.0,2024-05-01 18:51:00+00:00,106.96708851377154,3369.704997710762,0.03174375459764001,3395.831716964214,1.6267462608167023,0 days 11:26:00
239,20,GRID_BUY,CLOSED,2024-05-01 19:30:00+00:00,58000.0,58000.0,61000.0,59000.0,2024-05-02 12:16:00+00:00,106.96708851377154,3371.331743971579,0.03172843749507711,3397.4584632250308,1.6267462608167023,0 days 16:46:00
240,20,GRID_BUY,CLOSED,2024-05-05 01:35:00+00:00,63000.0,63000.0,61000.0,64000.0,2024-05-05 13:19:00+00:00,106.96708851377154,3485.3205957539476,0.030690745822374577,3502.5373529834346,1.4806690012329256,0 days 11:44:00
241,20,GRID_BUY,CLOSED,2024-05-06 10:48:00+00:00,64000.0,64000.0,61000.0,65000.0,2024-05-15 15:21:00+00:00,106.96708851377154,3503.989956256053,0.030527224635102507,3530.068310348398,1.4541924979333487,9 days 04:33:00
242,20,GRID_BUY,CLOSED,2024-05-06 15:02:00+00:00,63000.0,63000.0,61000.0,64000.0,2024-05-07 08:20:00+00:00,106.96708851377154,3488.255457253114,0.030664924007029176,3505.472214482601,1.4806690012329256,0 days 17:18:00
243,20,GRID_BUY,CLOSED,2024-05-07 18:34:00+00:00,63000.0,63000.0,61000.0,64000.0,2024-05-15 12:31:00+00:00,106.96708851377154,3489.736126254347,0.030651913108565885,3514.5493347478014,1.4806690012329256,7 days 17:57:00
244,20,GRID_BUY,CLOSED,2024-05-08 13:09:00+00:00,62000.0,62000.0,61000.0,63000.0,2024-05-09 22:43:00+00:00,106.96708851377154,3472.3054348478317,0.030805783224095665,3492.781968676946,1.5079995852840682,1 days 09:34:00
245,20,GRID_BUY,CLOSED,2024-05-08 23:07:00+00:00,61000.0,61000.0,61000.0,62000.0,2024-05-09 15:10:00+00:00,106.96708851377154,3453.1511930957486,0.030976659443016044,3473.8433059400704,1.536226254058235,0 days 16:03:00
246,20,GRID_BUY,CLOSED,2024-05-10 14:35:00+00:00,62000.0,62000.0,61000.0,63000.0,2024-05-13 08:44:00+00:00,106.96708851377154,3475.3496606871736,0.030778798957633854,3495.8261945162876,1.5079995852840682,2 days 18:09:00
247,20,GRID_BUY,CLOSED,2024-05-10 14:52:00+00:00,61000.0,61000.0,61000.0,62000.0,2024-05-13 07:52:00+00:00,106.96708851377154,3456.19541893509,0.030949375121482523,3476.8875317794127,1.536226254058235,2 days 17:00:00
248,20,GRID_BUY,CLOSED,2024-05-14 06:12:00+00:00,62000.0,62000.0,61000.0,63000.0,2024-05-15 12:30:00+00:00,106.96708851377154,3478.3938865265154,0.030751861923431465,3497.3341941015715,1.5079995852840682,1 days 06:18:00
249,21,GRID_BUY,CLOSED,2024-05-16 17:22:00+00:00,65000.0,65000.0,66000.0,66000.0,2024-05-17 06:51:00+00:00,106.96708851377154,3531.4952782823634,0.030289461002988464,3545.346153711005,1.4285306562737787,0 days 13:29:00
250,21,GRID_BUY,CLOSED,2024-05-19 19:49:00+00:00,66000.0,66000.0,66000.0,67000.0,2024-05-20 04:37:00+00:00,106.96708851377154,3546.7482631224057,0.030159199519731995,3558.955136682967,1.4036464461796356,0 days 08:48:00
251,21,GRID_BUY,CLOSED,2024-05-20 21:17:00+00:00,69000.0,69000.0,66000.0,70000.0,2024-05-20 23:13:00+00:00,106.96708851377154,3579.864628034469,0.029880204875931862,3587.2860092868104,1.333321504609259,0 days 01:56:00
252,22,GRID_BUY,CLOSED,2024-05-21 15:50:00+00:00,70000.0,70000.0,71000.0,71000.0,2024-06-04 18:22:00+00:00,106.96708851377154,3588.5957869366025,0.029807505460257976,3610.7440717550803,1.3112193801157304,14 days 02:32:00
253,22,GRID_BUY,CLOSED,2024-05-22 21:09:00+00:00,69000.0,69000.0,71000.0,70000.0,2024-05-23 11:31:00+00:00,106.96708851377154,3582.509168919194,0.029858147870712195,3589.9305501715353,1.333321504609259,0 days 14:22:00
254,22,GRID_BUY,CLOSED,2024-05-23 12:56:00+00:00,69000.0,69000.0,71000.0,70000.0,2024-05-27 15:21:00+00:00,106.96708851377154,3583.842490423803,0.02984703953915181,3596.758460512714,1.333321504609259,4 days 02:25:00
255,22,GRID_BUY,CLOSED,2024-05-23 13:50:00+00:00,68000.0,68000.0,71000.0,69000.0,2024-05-24 18:04:00+00:00,106.96708851377154,3576.2071749944344,0.02991076391259072,3589.338543765658,1.3560736915879232,1 days 04:14:00
256,22,GRID_BUY,CLOSED,2024-05-23 18:23:00+00:00,67000.0,67000.0,71000.0,68000.0,2024-05-23 21:02:00+00:00,106.96708851377154,3567.000387191165,0.029987966611352907,3577.5881680028583,1.3795050483271183,0 days 02:39:00
257,22,GRID_BUY,CLOSED,2024-05-23 21:16:00+00:00,67000.0,67000.0,71000.0,68000.0,2024-05-23 21:54:00+00:00,106.96708851377154,3568.3798922394917,0.029976373520768748,3578.9676730511856,1.3795050483271183,0 days 00:38:00
258,22,GRID_BUY,CLOSED,2024-05-24 06:27:00+00:00,67000.0,67000.0,71000.0,68000.0,2024-05-24 14:29:00+00:00,106.96708851377154,3569.7593972878194,0.029964789390299375,3580.347178099513,1.3795050483271183,0 days 08:02:00
259,22,GRID_BUY,CLOSED,2024-05-28 01:46:00+00:00,69000.0,69000.0,71000.0,70000.0,2024-06-03 13:45:00+00:00,106.96708851377154,3590.670400764982,0.02979028331059919,3603.539508140414,1.333321504609259,6 days 11:59:00
260,22,GRID_BUY,CLOSED,2024-05-28 03:35:00+00:00,68000.0,68000.0,71000.0,69000.0,2024-05-30 17:23:00+00:00,106.96708851377154,3583.035085335613,0.02985376530404592,3592.027938961855,1.3560736915879232,2 days 13:48:00
261,22,GRID_BUY,CLOSED,2024-05-31 09:19:00+00:00,68000.0,68000.0,71000.0,69000.0,2024-05-31 12:37:00+00:00,106.96708851377154,3584.391159027201,0.02984247080410785,3593.384012653443,1.3560736915879232,0 days 03:18:00
262,22,GRID_BUY,CLOSED,2024-05-31 14:00:00+00:00,68000.0,68000.0,71000.0,69000.0,2024-06-03 06:28:00+00:00,106.96708851377154,3585.747232718789,0.029831184846977308,3596.119591393358,1.3560736915879232,2 days 16:28:00
263,22,GRID_BUY,CLOSED,2024-05-31 16:06:00+00:00,67000.0,67000.0,71000.0,68000.0,2024-06-02 11:48:00+00:00,106.96708851377154,3576.5404449155194,0.02990797676168826,3587.128225727213,1.3795050483271183,1 days 19:42:00
264,22,GRID_BUY,CLOSED,2024-06-03 14:46:00+00:00,69000.0,69000.0,71000.0,70000.0,2024-06-04 14:17:00+00:00,106.96708851377154,3597.451448392682,0.029734129855057183,3604.872829645023,1.333321504609259,0 days 23:31:00
265,22,GRID_BUY,CLOSED,2024-06-07 17:58:00+00:00,70000.0,70000.0,71000.0,71000.0,2024-10-29 02:14:00+00:00,106.96708851377154,3606.182607294815,0.029662138655261586,3801.007463280179,1.3112193801157304,143 days 08:16:00
266,22,GRID_BUY,CLOSED,2024-06-07 18:05:00+00:00,69000.0,69000.0,71000.0,70000.0,2024-06-10 15:36:00+00:00,106.96708851377154,3600.0959892774067,0.029712287903534883,3607.517370529748,1.333321504609259,2 days 21:31:00
267,22,GRID_BUY,CLOSED,2024-06-11 01:53:00+00:00,69000.0,69000.0,71000.0,70000.0,2024-07-29 13:05:00+00:00,106.96708851377154,3601.429310782016,0.029701287817459527,3670.2149135379395,1.333321504609259,48 days 11:12:00
268,22,GRID_BUY,CLOSED,2024-06-11 02:18:00+00:00,68000.0,68000.0,71000.0,69000.0,2024-06-12 12:30:00+00:00,106.96708851377154,3593.793995352647,0.029764390683521973,3604.166354027216,1.3560736915879232,1 days 10:12:00
269,22,GRID_BUY,CLOSED,2024-06-11 09:51:00+00:00,67000.0,67000.0,71000.0,68000.0,2024-06-12 10:04:00+00:00,106.96708851377154,3584.587207549377,0.02984083865737505,3595.174988361071,1.3795050483271183,1 days 00:13:00
270,22,GRID_BUY,CLOSED,2024-06-12 19:45:00+00:00,68000.0,68000.0,71000.0,69000.0,2024-07-27 13:35:00+00:00,106.96708851377154,3596.529574092562,0.029741751405105665,3657.3238393110532,1.3560736915879232,44 days 17:50:00
271,22,GRID_BUY,CLOSED,2024-06-13 03:39:00+00:00,67000.0,67000.0,71000.0,68000.0,2024-06-13 12:30:00+00:00,106.96708851377154,3587.3227862892927,0.029818082978927504,3597.910567100986,1.3795050483271183,0 days 08:51:00
272,22,GRID_BUY,CLOSED,2024-06-13 15:22:00+00:00,67000.0,67000.0,71000.0,68000.0,2024-07-21 20:22:00+00:00,106.96708851377154,3588.7022913376195,0.029806620842293838,3637.10029600718,1.3795050483271183,38 days 05:00:00
273,22,GRID_BUY,CLOSED,2024-06-14 16:08:00+00:00,66000.0,66000.0,71000.0,67000.0,2024-06-17 18:17:00+00:00,106.96708851377154,3577.9005763488985,0.02989660730677069,3590.10744990946,1.4036464461796356,3 days 02:09:00
274,23,GRID_BUY,CLOSED,2024-06-18 00:45:00+00:00,66000.0,66000.0,66000.0,67000.0,2024-07-19 19:05:00+00:00,106.96708851377154,3579.304222795078,0.029884883165991673,3625.110380874967,1.4036464461796356,31 days 18:20:00
275,23,GRID_BUY,CLOSED,2024-06-18 01:43:00+00:00,65000.0,65000.0,66000.0,66000.0,2024-06-20 10:56:00+00:00,106.96708851377154,3566.8834150574894,0.029988950034703473,3580.7342904861316,1.4285306562737787,2 days 09:13:00
276,23,GRID_BUY,CLOSED,2024-06-20 14:04:00+00:00,65000.0,65000.0,66000.0,66000.0,2024-07-17 01:17:00+00:00,106.96708851377154,3568.311945713763,0.02997694432020155,3608.568128697045,1.4285306562737787,26 days 11:13:00
277,23,GRID_BUY,CLOSED,2024-06-21 08:49:00+00:00,64000.0,64000.0,66000.0,65000.0,2024-07-16 16:03:00+00:00,106.96708851377154,3554.2471361080934,0.03009556860215992,3594.718815990711,1.4541924979333487,25 days 07:14:00
278,23,GRID_BUY,CLOSED,2024-06-24 00:05:00+00:00,63000.0,63000.0,66000.0,64000.0,2024-07-15 22:11:00+00:00,106.96708851377154,3538.512637105154,0.030229392822313326,3577.7191713888815,1.4806690012329256,21 days 22:06:00
279,23,GRID_BUY,CLOSED,2024-06-24 09:30:00+00:00,62000.0,62000.0,66000.0,63000.0,2024-06-30 23:01:00+00:00,106.96708851377154,3521.081945698639,0.030379039784757852,3547.791875947956,1.5079995852840682,6 days 13:31:00
280,23,GRID_BUY,CLOSED,2024-06-24 09:33:00+00:00,61000.0,61000.0,66000.0,62000.0,2024-06-25 14:29:00+00:00,106.96708851377154,3501.927703946556,0.030545201830758296,3525.7807607029654,1.536226254058235,1 days 04:56:00
281,24,GRID_BUY,CLOSED,2024-06-24 16:56:00+00:00,60000.0,60000.0,61000.0,61000.0,2024-06-25 03:06:00+00:00,106.96708851377154,3481.0216569252057,0.030728647809751295,3505.090321893578,1.5653938117914947,0 days 10:10:00
282,24,GRID_BUY,CLOSED,2024-06-24 20:29:00+00:00,59000.0,59000.0,61000.0,60000.0,2024-06-24 21:32:00+00:00,106.96708851377154,3458.3346078801014,0.0309302310626734,3482.618911246911,1.5955501002954264,0 days 01:03:00
283,24,GRID_BUY,CLOSED,2024-06-26 17:05:00+00:00,61000.0,61000.0,61000.0,62000.0,2024-06-27 14:00:00+00:00,106.96708851377154,3506.624874112701,0.030504286130930376,3527.316986957023,1.536226254058235,0 days 20:55:00
284,24,GRID_BUY,CLOSED,2024-06-28 14:36:00+00:00,61000.0,61000.0,61000.0,62000.0,2024-06-30 18:55:00+00:00,106.96708851377154,3508.1611003667585,0.030490928282224192,3528.8532132110813,1.536226254058235,2 days 04:19:00
285,24,GRID_BUY,CLOSED,2024-07-02 14:39:00+00:00,62000.0,62000.0,61000.0,63000.0,2024-07-15 07:43:00+00:00,106.96708851377154,3530.359567958184,0.030299205068121983,3560.5040307426516,1.5079995852840682,12 days 17:04:00
286,24,GRID_BUY,CLOSED,2024-07-03 03:12:00+00:00,61000.0,61000.0,61000.0,62000.0,2024-07-15 02:28:00+00:00,106.96708851377154,3511.205326206101,0.03046449255343058,3541.5653680057767,1.536226254058235,11 days 23:16:00
287,24,GRID_BUY,CLOSED,2024-07-03 10:33:00+00:00,60000.0,60000.0,61000.0,61000.0,2024-07-14 21:48:00+00:00,106.96708851377154,3490.2992791847505,0.03064696748261555,3520.8749291963895,1.5653938117914947,11 days 11:15:00
288,24,GRID_BUY,CLOSED,2024-07-04 01:54:00+00:00,59000.0,59000.0,61000.0,60000.0,2024-07-14 04:22:00+00:00,106.96708851377154,3467.6122301396463,0.030847476999890443,3498.4035185497223,1.5955501002954264,10 days 02:28:00
289,24,GRID_BUY,CLOSED,2024-07-04 02:00:00+00:00,58000.0,58000.0,61000.0,59000.0,2024-07-04 02:35:00+00:00,106.96708851377154,3443.1139925958087,0.031066961112468906,3469.240711849261,1.6267462608167023,0 days 00:35:00
290,24,GRID_BUY,CLOSED,2024-07-04 08:30:00+00:00,58000.0,58000.0,61000.0,59000.0,2024-07-10 04:07:00+00:00,106.96708851377154,3444.7407388566253,0.03105229003366911,3470.8674581100777,1.6267462608167023,5 days 19:37:00
291,25,GRID_BUY,CLOSED,2024-07-10 12:33:00+00:00,58000.0,58000.0,56000.0,59000.0,2024-07-11 12:30:00+00:00,106.96708851377154,3446.367485117442,0.03103763280488541,3472.4942043708943,1.6267462608167023,0 days 23:57:00
292,25,GRID_BUY,CLOSED,2024-07-11 14:17:00+00:00,58000.0,58000.0,56000.0,59000.0,2024-07-13 22:41:00+00:00,106.96708851377154,3447.9942313782585,0.031022989406514708,3474.120950631711,1.6267462608167023,2 days 08:24:00
293,26,GRID_BUY,CLOSED,2024-07-16 06:54:00+00:00,63000.0,63000.0,61000.0,64000.0,2024-07-16 12:26:00+00:00,106.96708851377154,3561.9830831606273,0.03003020677427172,3579.1998403901143,1.4806690012329256,0 days 05:32:00
294,27,GRID_BUY,CLOSED,2024-07-17 08:18:00+00:00,65000.0,65000.0,66000.0,66000.0,2024-07-19 16:01:00+00:00,106.96708851377154,3596.1457839246764,0.029744925523300766,3612.905044349185,1.4285306562737787,2 days 07:43:00
295,27,GRID_BUY,CLOSED,2024-07-17 16:41:00+00:00,64000.0,64000.0,66000.0,65000.0,2024-07-18 02:02:00+00:00,106.96708851377154,3582.0809743190066,0.029861717052364282,3597.601539144918,1.4541924979333487,0 days 09:21:00
296,27,GRID_BUY,CLOSED,2024-07-18 14:42:00+00:00,64000.0,64000.0,66000.0,65000.0,2024-07-19 13:55:00+00:00,106.96708851377154,3583.53516681694,0.02984959921818895,3599.0557316428517,1.4541924979333487,0 days 23:13:00
297,27,GRID_BUY,CLOSED,2024-07-21 18:10:00+00:00,66000.0,66000.0,66000.0,67000.0,2024-07-21 18:29:00+00:00,106.96708851377154,3614.3071537605856,0.029595461581751643,3626.514027321147,1.4036464461796356,0 days 00:19:00
298,27,GRID_BUY,CLOSED,2024-07-22 09:00:00+00:00,67000.0,67000.0,66000.0,68000.0,2024-07-22 19:45:00+00:00,106.96708851377154,3627.892020243814,0.029484639541885477,3638.4798010555073,1.3795050483271183,0 days 10:45:00
299,27,GRID_BUY,CLOSED,2024-07-23 04:42:00+00:00,67000.0,67000.0,66000.0,68000.0,2024-07-26 14:03:00+00:00,106.96708851377154,3629.2715252921407,0.02947343227651206,3646.952968596581,1.3795050483271183,3 days 09:21:00
300,27,GRID_BUY,CLOSED,2024-07-23 13:54:00+00:00,66000.0,66000.0,66000.0,67000.0,2024-07-23 14:32:00+00:00,106.96708851377154,3618.4698103034198,0.029561415217335206,3630.676683863981,1.4036464461796356,0 days 00:38:00
301,27,GRID_BUY,CLOSED,2024-07-23 16:53:00+00:00,66000.0,66000.0,66000.0,67000.0,2024-07-24 14:31:00+00:00,106.96708851377154,3619.8734567495994,0.029549952447735763,3632.0803303101607,1.4036464461796356,0 days 21:38:00
302,27,GRID_BUY,CLOSED,2024-07-24 16:09:00+00:00,66000.0,66000.0,66000.0,67000.0,2024-07-26 02:42:00+00:00,106.96708851377154,3621.277103195779,0.029538498564325007,3636.3666999105476,1.4036464461796356,1 days 10:33:00
303,27,GRID_BUY,CLOSED,2024-07-25 01:07:00+00:00,65000.0,65000.0,66000.0,66000.0,2024-07-25 21:53:00+00:00,106.96708851377154,3608.8562954581903,0.02964016290933821,3624.1613633847655,1.4285306562737787,0 days 20:46:00
304,27,GRID_BUY,CLOSED,2024-07-25 02:46:00+00:00,64000.0,64000.0,66000.0,65000.0,2024-07-25 15:18:00+00:00,106.96708851377154,3594.7914858525205,0.029756131596156775,3610.312050678432,1.4541924979333487,0 days 12:32:00
305,27,GRID_BUY,CLOSED,2024-07-26 14:33:00+00:00,67000.0,67000.0,66000.0,68000.0,2024-07-26 19:46:00+00:00,106.96708851377154,3637.7446928332147,0.029404781683692455,3648.332473644908,1.3795050483271183,0 days 05:13:00
306,27,GRID_BUY,CLOSED,2024-07-27 19:41:00+00:00,68000.0,68000.0,66000.0,69000.0,2024-07-27 21:22:00+00:00,106.96708851377154,3649.6870593763992,0.029308564480607383,3661.4389230992956,1.3560736915879232,0 days 01:41:00
307,27,GRID_BUY,CLOSED,2024-07-27 20:22:00+00:00,67000.0,67000.0,66000.0,68000.0,2024-07-27 20:45:00+00:00,106.96708851377154,3640.4802715731294,0.029382685946420135,3651.068052384823,1.3795050483271183,0 days 00:23:00
308,27,GRID_BUY,CLOSED,2024-07-27 20:49:00+00:00,67000.0,67000.0,66000.0,68000.0,2024-07-27 20:53:00+00:00,106.96708851377154,3641.859776621457,0.02937155603860306,3652.4475574331505,1.3795050483271183,0 days 00:04:00
309,27,GRID_BUY,CLOSED,2024-07-27 23:55:00+00:00,68000.0,68000.0,66000.0,69000.0,2024-07-29 02:17:00+00:00,106.96708851377154,3653.8021431646416,0.029275555797097678,3662.7949967908835,1.3560736915879232,1 days 02:22:00
310,27,GRID_BUY,CLOSED,2024-07-29 14:02:00+00:00,69000.0,69000.0,66000.0,70000.0,2024-10-28 22:07:00+00:00,106.96708851377154,3664.1268537902074,0.029193063663482004,3795.1362211701216,1.333321504609259,91 days 08:05:00
311,27,GRID_BUY,CLOSED,2024-07-29 15:07:00+00:00,68000.0,68000.0,66000.0,69000.0,2024-10-18 18:46:00+00:00,106.96708851377154,3656.4915383608386,0.029254023260155994,3780.793927742464,1.3560736915879232,81 days 03:39:00
312,27,GRID_BUY,CLOSED,2024-07-29 16:31:00+00:00,67000.0,67000.0,66000.0,68000.0,2024-10-16 11:26:00+00:00,106.96708851377154,3647.284750557569,0.0293278687652285,3770.4230570279915,1.3795050483271183,78 days 18:55:00
313,27,GRID_BUY,CLOSED,2024-07-30 00:21:00+00:00,66000.0,66000.0,66000.0,67000.0,2024-07-30 07:47:00+00:00,106.96708851377154,3636.4830355688478,0.029414983506732873,3648.689909129409,1.4036464461796356,0 days 07:26:00
314,27,GRID_BUY,CLOSED,2024-07-30 14:04:00+00:00,66000.0,66000.0,66000.0,67000.0,2024-10-15 13:51:00+00:00,106.96708851377154,3637.8866820150274,0.02940363399514204,3757.004611239505,1.4036464461796356,76 days 23:47:00
315,27,GRID_BUY,CLOSED,2024-07-31 19:53:00+00:00,65000.0,65000.0,66000.0,66000.0,2024-09-27 14:10:00+00:00,106.96708851377154,3625.4658742774386,0.02950437053419797,3722.021908833347,1.4285306562737787,57 days 18:17:00
316,27,GRID_BUY,CLOSED,2024-08-01 02:03:00+00:00,64000.0,64000.0,66000.0,65000.0,2024-08-01 21:43:00+00:00,106.96708851377154,3611.401064671769,0.029619277005860194,3628.4022984989133,1.4541924979333487,0 days 19:40:00
317,27,GRID_BUY,CLOSED,2024-08-01 15:21:00+00:00,63000.0,63000.0,66000.0,64000.0,2024-08-01 20:36:00+00:00,106.96708851377154,3595.6665656688297,0.029748889826182925,3612.8833228983167,1.4806690012329256,0 days 05:15:00
318,27,GRID_BUY,CLOSED,2024-08-02 02:26:00+00:00,64000.0,64000.0,66000.0,65000.0,2024-08-02 13:31:00+00:00,106.96708851377154,3614.335926170935,0.029595225983073903,3629.856490996847,1.4541924979333487,0 days 11:05:00
319,27,GRID_BUY,CLOSED,2024-08-02 14:42:00+00:00,64000.0,64000.0,66000.0,65000.0,2024-08-25 23:28:00+00:00,106.96708851377154,3615.7901186688687,0.029583323423968765,3673.927932019351,1.4541924979333487,23 days 08:46:00
320,27,GRID_BUY,CLOSED,2024-08-02 15:06:00+00:00,63000.0,63000.0,66000.0,64000.0,2024-08-23 21:20:00+00:00,106.96708851377154,3600.0556196659295,0.029712621085475798,3658.4089564187543,1.4806690012329256,21 days 06:14:00
321,27,GRID_BUY,CLOSED,2024-08-02 21:14:00+00:00,62000.0,62000.0,66000.0,63000.0,2024-08-23 17:57:00+00:00,106.96708851377154,3582.6249282594144,0.02985718311454404,3641.1938157725244,1.5079995852840682,20 days 20:43:00
322,27,GRID_BUY,CLOSED,2024-08-03 00:55:00+00:00,61000.0,61000.0,66000.0,62000.0,2024-08-03 11:45:00+00:00,106.96708851377154,3563.4706865073313,0.030017670390495993,3584.162799351653,1.536226254058235,0 days 10:50:00
323,28,GRID_BUY,CLOSED,2024-08-03 15:56:00+00:00,61000.0,61000.0,61000.0,62000.0,2024-08-08 22:54:00+00:00,106.96708851377154,3565.006912761389,0.030004735230910618,3593.6788558512235,1.536226254058235,5 days 06:58:00
324,28,GRID_BUY,CLOSED,2024-08-03 19:28:00+00:00,60000.0,60000.0,61000.0,61000.0,2024-08-04 02:29:00+00:00,106.96708851377154,3544.100865740039,0.030181728050630942,3566.5739806081156,1.5653938117914947,0 days 07:01:00
325,28,GRID_BUY,CLOSED,2024-08-04 14:37:00+00:00,60000.0,60000.0,61000.0,61000.0,2024-08-08 21:58:00+00:00,106.96708851377154,3545.6662595518305,0.03016840296957111,3572.9884170418363,1.5653938117914947,4 days 07:21:00
326,28,GRID_BUY,CLOSED,2024-08-04 15:58:00+00:00,59000.0,59000.0,61000.0,60000.0,2024-08-08 21:42:00+00:00,106.96708851377154,3522.9792105067263,0.030362679460258855,3550.517006395169,1.5955501002954264,4 days 05:44:00
327,28,GRID_BUY,CLOSED,2024-08-04 17:40:00+00:00,58000.0,58000.0,61000.0,59000.0,2024-08-04 19:17:00+00:00,106.96708851377154,3498.4809729628887,0.03057529520395829,3524.607692216341,1.6267462608167023,0 days 01:37:00
328,28,GRID_BUY,CLOSED,2024-08-05 00:08:00+00:00,58000.0,58000.0,61000.0,59000.0,2024-08-08 15:01:00+00:00,106.96708851377154,3500.1077192237053,0.030561084713557316,3526.2344384771577,1.6267462608167023,3 days 14:53:00
329,32,GRID_BUY,CLOSED,2024-08-09 01:00:00+00:00,61000.0,61000.0,61000.0,62000.0,2024-08-23 14:13:00+00:00,106.96708851377154,3574.522969260959,0.029924856948362884,3620.718926781591,1.536226254058235,14 days 13:13:00
330,32,GRID_BUY,CLOSED,2024-08-09 13:35:00+00:00,60000.0,60000.0,61000.0,61000.0,2024-08-09 14:03:00+00:00,106.96708851377154,3553.616922239609,0.030100905881086725,3576.090037107686,1.5653938117914947,0 days 00:28:00
331,32,GRID_BUY,CLOSED,2024-08-09 14:32:00+00:00,60000.0,60000.0,61000.0,61000.0,2024-08-10 00:16:00+00:00,106.96708851377154,3555.1823160514004,0.030087652053967132,3577.655430919477,1.5653938117914947,0 days 09:44:00
332,32,GRID_BUY,CLOSED,2024-08-11 15:09:00+00:00,60000.0,60000.0,61000.0,61000.0,2024-08-13 16:49:00+00:00,106.96708851377154,3556.747709863192,0.03007440989338149,3585.6654174534933,1.5653938117914947,2 days 01:40:00
333,32,GRID_BUY,CLOSED,2024-08-11 20:08:00+00:00,59000.0,59000.0,61000.0,60000.0,2024-08-12 14:36:00+00:00,106.96708851377154,3534.060660818088,0.030267473815520217,3561.5984567065307,1.5955501002954264,0 days 18:28:00
334,32,GRID_BUY,CLOSED,2024-08-12 07:16:00+00:00,58000.0,58000.0,61000.0,59000.0,2024-08-12 08:07:00+00:00,106.96708851377154,3509.5624232742502,0.030478753648717404,3535.6891425277026,1.6267462608167023,0 days 00:51:00
335,32,GRID_BUY,CLOSED,2024-08-12 13:58:00+00:00,58000.0,58000.0,61000.0,59000.0,2024-08-12 14:13:00+00:00,106.96708851377154,3511.189169535067,0.030464632735221032,3537.3158887885193,1.6267462608167023,0 days 00:15:00
336,32,GRID_BUY,CLOSED,2024-08-12 18:36:00+00:00,59000.0,59000.0,61000.0,60000.0,2024-08-13 16:21:00+00:00,106.96708851377154,3538.9097034400165,0.03022600107874852,3563.194006806826,1.5955501002954264,0 days 21:45:00
337,32,GRID_BUY,CLOSED,2024-08-14 13:49:00+00:00,60000.0,60000.0,61000.0,61000.0,2024-08-20 04:16:00+00:00,106.96708851377154,3564.757696397208,0.03000683289691188,3595.3021502483252,1.5653938117914947,5 days 14:27:00
338,32,GRID_BUY,CLOSED,2024-08-14 14:11:00+00:00,59000.0,59000.0,61000.0,60000.0,2024-08-18 02:58:00+00:00,106.96708851377154,3542.0706473521036,0.03019902739481931,3569.608443240547,1.5955501002954264,3 days 12:47:00
339,32,GRID_BUY,CLOSED,2024-08-15 06:22:00+00:00,58000.0,58000.0,61000.0,59000.0,2024-08-15 12:36:00+00:00,106.96708851377154,3517.572409808266,0.030409349418226206,3543.699129061718,1.6267462608167023,0 days 06:14:00
340,32,GRID_BUY,CLOSED,2024-08-15 18:12:00+00:00,58000.0,58000.0,61000.0,59000.0,2024-08-16 17:33:00+00:00,106.96708851377154,3519.1991560690826,0.030395292727125146,3545.3258753225346,1.6267462608167023,0 days 23:21:00
341,32,GRID_BUY,CLOSED,2024-08-18 23:21:00+00:00,59000.0,59000.0,61000.0,60000.0,2024-08-20 00:26:00+00:00,106.96708851377154,3546.9196899740323,0.030157741889711258,3572.830739601659,1.5955501002954264,1 days 01:05:00
342,32,GRID_BUY,CLOSED,2024-08-19 09:55:00+00:00,58000.0,58000.0,61000.0,59000.0,2024-08-19 17:32:00+00:00,106.96708851377154,3522.4214524301947,0.030367487240907143,3548.5481716836466,1.6267462608167023,0 days 07:37:00
343,32,GRID_BUY,CLOSED,2024-08-20 14:20:00+00:00,60000.0,60000.0,61000.0,61000.0,2024-08-21 19:07:00+00:00,106.96708851377154,3574.39442919204,0.029925933086783176,3598.4630941604128,1.5653938117914947,1 days 04:47:00
344,32,GRID_BUY,CLOSED,2024-08-20 15:04:00+00:00,59000.0,59000.0,61000.0,60000.0,2024-08-21 13:59:00+00:00,106.96708851377154,3551.707380146936,0.030117089350234213,3575.9916835137456,1.5955501002954264,0 days 22:55:00
345,32,GRID_BUY,CLOSED,2024-08-22 02:51:00+00:00,60000.0,60000.0,61000.0,61000.0,2024-08-22 07:56:00+00:00,106.96708851377154,3577.5553731041273,0.02989949207158175,3600.028487972204,1.5653938117914947,0 days 05:05:00
346,32,GRID_BUY,CLOSED,2024-08-23 14:48:00+00:00,61000.0,61000.0,61000.0,62000.0,2024-08-23 17:40:00+00:00,106.96708851377154,3601.5630401913268,0.0297001849808213,3622.2551530356495,1.536226254058235,0 days 02:52:00
347,32,GRID_BUY,CLOSED,2024-08-26 00:51:00+00:00,64000.0,64000.0,61000.0,65000.0,2024-09-26 14:20:00+00:00,106.96708851377154,3659.861559691373,0.02922708598922846,3708.1725961270135,1.4541924979333487,31 days 13:29:00
348,32,GRID_BUY,CLOSED,2024-08-26 21:22:00+00:00,63000.0,63000.0,61000.0,64000.0,2024-09-20 04:08:00+00:00,106.96708851377154,3644.1270606884336,0.029353281796262,3686.7309445214855,1.4806690012329256,24 days 06:46:00
349,32,GRID_BUY,CLOSED,2024-08-27 14:07:00+00:00,62000.0,62000.0,61000.0,63000.0,2024-09-19 12:06:00+00:00,106.96708851377154,3626.6963692819186,0.029494360051693792,3669.5158038752556,1.5079995852840682,22 days 21:59:00
350,32,GRID_BUY,CLOSED,2024-08-27 21:37:00+00:00,61000.0,61000.0,61000.0,62000.0,2024-09-19 00:02:00+00:00,106.96708851377154,3607.542127529835,0.02965096033043814,3650.5771411383803,1.536226254058235,22 days 02:25:00
351,32,GRID_BUY,CLOSED,2024-08-27 21:48:00+00:00,60000.0,60000.0,61000.0,61000.0,2024-08-29 15:11:00+00:00,106.96708851377154,3586.636080508485,0.029823792019235636,3613.927041837969,1.5653938117914947,1 days 17:23:00
352,32,GRID_BUY,CLOSED,2024-08-27 22:13:00+00:00,59000.0,59000.0,61000.0,60000.0,2024-08-28 09:56:00+00:00,106.96708851377154,3563.949031463381,0.030013641488540074,3588.233334830191,1.5955501002954264,0 days 11:43:00
353,32,GRID_BUY,CLOSED,2024-08-28 14:49:00+00:00,59000.0,59000.0,61000.0,60000.0,2024-08-29 11:24:00+00:00,106.96708851377154,3565.5445815636763,0.03000021064576366,3591.455631191303,1.5955501002954264,0 days 20:35:00
354,32,GRID_BUY,CLOSED,2024-08-28 16:22:00+00:00,58000.0,58000.0,61000.0,59000.0,2024-08-28 16:51:00+00:00,106.96708851377154,3541.0463440198387,0.030207762938324386,3567.1730632732906,1.6267462608167023,0 days 00:29:00
355,32,GRID_BUY,CLOSED,2024-08-29 18:10:00+00:00,60000.0,60000.0,61000.0,61000.0,2024-09-17 15:13:00+00:00,106.96708851377154,3593.019320781684,0.029770808048563507,3625.1905208936187,1.5653938117914947,18 days 21:03:00
356,32,GRID_BUY,CLOSED,2024-08-29 18:51:00+00:00,59000.0,59000.0,61000.0,60000.0,2024-09-13 21:10:00+00:00,106.96708851377154,3570.33227173658,0.0299599814170079,3599.4968138858394,1.5955501002954264,15 days 02:19:00
357,32,GRID_BUY,CLOSED,2024-08-30 15:30:00+00:00,58000.0,58000.0,61000.0,59000.0,2024-08-30 18:29:00+00:00,106.96708851377154,3545.8340341927424,0.030166975521775673,3571.9607534461948,1.6267462608167023,0 days 02:59:00
358,32,GRID_BUY,CLOSED,2024-09-01 05:25:00+00:00,58000.0,58000.0,61000.0,59000.0,2024-09-02 20:52:00+00:00,106.96708851377154,3547.460780453559,0.030153141960908535,3573.5874997070114,1.6267462608167023,1 days 15:27:00
359,32,GRID_BUY,CLOSED,2024-09-03 14:13:00+00:00,58000.0,58000.0,61000.0,59000.0,2024-09-13 15:28:00+00:00,106.96708851377154,3549.0875267143756,0.03013932108143809,3575.214245967828,1.6267462608167023,10 days 01:15:00
360,33,GRID_BUY,CLOSED,2024-09-15 23:09:00+00:00,59000.0,59000.0,56000.0,60000.0,2024-09-17 14:21:00+00:00,106.96708851377154,3576.8080606193253,0.029905739055858135,3602.7191102469515,1.5955501002954264,1 days 15:12:00
361,33,GRID_BUY,CLOSED,2024-09-16 14:29:00+00:00,58000.0,58000.0,56000.0,59000.0,2024-09-17 09:53:00+00:00,106.96708851377154,3552.3098230754877,0.030111981736199608,3578.43654232894,1.6267462608167023,0 days 19:24:00
362,34,GRID_BUY,CLOSED,2024-09-17 19:46:00+00:00,60000.0,60000.0,61000.0,61000.0,2024-09-18 18:01:00+00:00,106.96708851377154,3604.282799837333,0.029677773486197902,3626.75591470541,1.5653938117914947,0 days 22:15:00
363,34,GRID_BUY,CLOSED,2024-09-18 18:08:00+00:00,60000.0,60000.0,61000.0,61000.0,2024-09-18 18:33:00+00:00,106.96708851377154,3605.848193649125,0.029664889581921268,3628.321308517202,1.5653938117914947,0 days 00:25:00
364,34,GRID_BUY,CLOSED,2024-09-18 19:21:00+00:00,60000.0,60000.0,61000.0,61000.0,2024-09-18 23:21:00+00:00,106.96708851377154,3607.4135874609165,0.029652016859275758,3629.886702328993,1.5653938117914947,0 days 04:00:00
365,34,GRID_BUY,CLOSED,2024-09-20 13:11:00+00:00,63000.0,63000.0,61000.0,64000.0,2024-09-22 22:58:00+00:00,106.96708851377154,3670.9948562932314,0.02913844685191987,3688.2116135227184,1.4806690012329256,2 days 09:47:00
366,34,GRID_BUY,CLOSED,2024-09-23 00:15:00+00:00,63000.0,63000.0,61000.0,64000.0,2024-09-23 03:08:00+00:00,106.96708851377154,3672.475525294464,0.029126698810387517,3689.6922825239512,1.4806690012329256,0 days 02:53:00
367,34,GRID_BUY,CLOSED,2024-09-24 00:40:00+00:00,63000.0,63000.0,61000.0,64000.0,2024-09-24 17:56:00+00:00,106.96708851377154,3673.956194295697,0.029114960238190126,3691.172951525184,1.4806690012329256,0 days 17:16:00
368,34,GRID_BUY,CLOSED,2024-09-25 17:36:00+00:00,63000.0,63000.0,61000.0,64000.0,2024-09-26 10:18:00+00:00,106.96708851377154,3675.43686329693,0.029103231123883386,3692.653620526417,1.4806690012329256,0 days 16:42:00
369,35,GRID_BUY,CLOSED,2024-09-30 01:47:00+00:00,65000.0,65000.0,66000.0,66000.0,2024-10-14 14:29:00+00:00,106.96708851377154,3709.599564060979,0.028835211635800485,3744.799274713723,1.4285306562737787,14 days 12:42:00
370,35,GRID_BUY,CLOSED,2024-09-30 08:47:00+00:00,64000.0,64000.0,66000.0,65000.0,2024-10-14 11:30:00+00:00,106.96708851377154,3695.534754455309,0.028944955363986988,3730.9499620073893,1.4541924979333487,14 days 02:43:00
371,35,GRID_BUY,CLOSED,2024-09-30 23:41:00+00:00,63000.0,63000.0,66000.0,64000.0,2024-10-01 06:26:00+00:00,106.96708851377154,3679.80025545237,0.02906872142184297,3697.017012681857,1.4806690012329256,0 days 06:45:00
372,35,GRID_BUY,CLOSED,2024-10-01 13:37:00+00:00,63000.0,63000.0,66000.0,64000.0,2024-10-07 14:17:00+00:00,106.96708851377154,3681.280924453603,0.029057029525571515,3707.745147654131,1.4806690012329256,6 days 00:40:00
373,35,GRID_BUY,CLOSED,2024-10-01 15:06:00+00:00,62000.0,62000.0,66000.0,63000.0,2024-10-07 00:38:00+00:00,106.96708851377154,3663.850233047088,0.02919526774019117,3690.530007007901,1.5079995852840682,5 days 09:32:00
374,35,GRID_BUY,CLOSED,2024-10-01 20:19:00+00:00,61000.0,61000.0,66000.0,62000.0,2024-10-02 16:03:00+00:00,106.96708851377154,3644.695991295004,0.02934869980082066,3665.388104139327,1.536226254058235,0 days 19:44:00
375,36,GRID_BUY,CLOSED,2024-10-02 18:16:00+00:00,61000.0,61000.0,61000.0,62000.0,2024-10-04 13:00:00+00:00,106.96708851377154,3646.2322175490626,0.02933633464126239,3670.0551180169678,1.536226254058235,1 days 18:44:00
376,36,GRID_BUY,CLOSED,2024-10-02 19:46:00+00:00,60000.0,60000.0,61000.0,61000.0,2024-10-03 00:37:00+00:00,106.96708851377154,3625.3261705277123,0.02950550749981239,3647.7992853957894,1.5653938117914947,0 days 04:51:00
377,36,GRID_BUY,CLOSED,2024-10-03 13:17:00+00:00,60000.0,60000.0,61000.0,61000.0,2024-10-03 19:54:00+00:00,106.96708851377154,3626.891564339504,0.029492772699768157,3649.3646792075806,1.5653938117914947,0 days 06:37:00
378,36,GRID_BUY,CLOSED,2024-10-04 14:26:00+00:00,61000.0,61000.0,61000.0,62000.0,2024-10-04 16:29:00+00:00,106.96708851377154,3650.8992314267034,0.02929883344711511,3671.591344271026,1.536226254058235,0 days 02:03:00
379,36,GRID_BUY,CLOSED,2024-10-07 18:47:00+00:00,63000.0,63000.0,61000.0,64000.0,2024-10-14 03:42:00+00:00,106.96708851377154,3692.009059425877,0.02897259643517922,3715.4309864067927,1.4806690012329256,6 days 08:55:00
380,36,GRID_BUY,CLOSED,2024-10-08 15:34:00+00:00,62000.0,62000.0,61000.0,63000.0,2024-10-11 19:05:00+00:00,106.96708851377154,3674.5783680193617,0.029110030539756315,3698.215845760563,1.5079995852840682,3 days 03:31:00
381,36,GRID_BUY,CLOSED,2024-10-09 19:12:00+00:00,61000.0,61000.0,61000.0,62000.0,2024-10-11 15:09:00+00:00,106.96708851377154,3655.4241262672786,0.02926256566101963,3679.277183023688,1.536226254058235,1 days 19:57:00
382,36,GRID_BUY,CLOSED,2024-10-10 17:10:00+00:00,60000.0,60000.0,61000.0,61000.0,2024-10-11 09:51:00+00:00,106.96708851377154,3634.518079245928,0.029430886346275803,3658.586744214301,1.5653938117914947,0 days 16:41:00
383,36,GRID_BUY,CLOSED,2024-10-10 18:09:00+00:00,59000.0,59000.0,61000.0,60000.0,2024-10-10 20:15:00+00:00,106.96708851377154,3611.831030200824,0.029615751019178765,3636.1153335676336,1.5955501002954264,0 days 02:06:00
384,37,GRID_BUY,CLOSED,2024-10-15 14:39:00+00:00,66000.0,66000.0,66000.0,67000.0,2024-10-15 16:39:00+00:00,106.96708851377154,3746.2013841251232,0.028553480591581255,3759.8367883419583,1.4036464461796356,0 days 02:00:00
385,37,GRID_BUY,CLOSED,2024-10-15 15:06:00+00:00,65000.0,65000.0,66000.0,66000.0,2024-10-15 15:31:00+00:00,106.96708851377154,3733.7805763875344,0.028648466701614035,3747.631451816176,1.4285306562737787,0 days 00:25:00
386,37,GRID_BUY,CLOSED,2024-10-17 10:32:00+00:00,67000.0,67000.0,66000.0,68000.0,2024-10-18 01:56:00+00:00,106.96708851377154,3761.2147812646253,0.028439505514706667,3771.8025620763187,1.3795050483271183,0 days 15:24:00
387,37,GRID_BUY,CLOSED,2024-10-21 13:17:00+00:00,68000.0,68000.0,66000.0,69000.0,2024-10-28 12:34:00+00:00,106.96708851377154,3773.15714780781,0.028349492036375698,3787.7163044230656,1.3560736915879232,6 days 23:17:00
388,37,GRID_BUY,CLOSED,2024-10-21 15:02:00+00:00,67000.0,67000.0,66000.0,68000.0,2024-10-24 19:27:00+00:00,106.96708851377154,3763.95036000454,0.028418836138328487,3775.9417872624135,1.3795050483271183,3 days 04:25:00
389,37,GRID_BUY,CLOSED,2024-10-23 15:40:00+00:00,66000.0,66000.0,66000.0,67000.0,2024-10-24 00:47:00+00:00,106.96708851377154,3753.148645015819,0.02850062670867668,3765.3555185763803,1.4036464461796356,0 days 09:07:00
390,37,GRID_BUY,CLOSED,2024-10-25 17:56:00+00:00,67000.0,67000.0,66000.0,68000.0,2024-10-27 17:33:00+00:00,106.96708851377154,3766.7335114990474,0.028397838123462533,3778.7249387569204,1.3795050483271183,1 days 23:37:00
391,37,GRID_BUY,CLOSED,2024-10-25 23:13:00+00:00,66000.0,66000.0,66000.0,67000.0,2024-10-26 02:46:00+00:00,106.96708851377154,3755.931796510326,0.028479507698503936,3768.138670070887,1.4036464461796356,0 days 03:33:00
392,38,GRID_BUY,CLOSED,2024-10-29 20:24:00+00:00,72000.0,72000.0,71000.0,73000.0,2024-11-06 02:53:00+00:00,106.96708851377154,3806.61961322106,0.028100283028610482,3821.464447321713,1.2688569748364387,7 days 06:29:00
393,38,GRID_BUY,CLOSED,2024-10-31 14:03:00+00:00,71000.0,71000.0,71000.0,72000.0,2024-11-06 02:17:00+00:00,106.96708851377154,3803.5646404996196,0.028122852803606043,3818.6248068823443,1.2897398506783304,5 days 12:14:00
394,38,GRID_BUY,CLOSED,2024-10-31 20:48:00+00:00,70000.0,70000.0,71000.0,71000.0,2024-11-01 13:55:00+00:00,106.96708851377154,3799.0045956454287,0.028156609401415705,3806.2106009904187,1.3112193801157304,0 days 17:07:00
395,38,GRID_BUY,CLOSED,2024-11-01 02:09:00+00:00,69000.0,69000.0,71000.0,70000.0,2024-11-01 10:29:00+00:00,106.96708851377154,3792.9179776280203,0.028201793222184475,3800.3393588803615,1.333321504609259,0 days 08:20:00
396,38,GRID_BUY,CLOSED,2024-11-01 15:40:00+00:00,70000.0,70000.0,71000.0,71000.0,2024-11-06 00:42:00+00:00,106.96708851377154,3801.6491365301536,0.028137022821470233,3814.2801158112557,1.3112193801157304,4 days 09:02:00
397,38,GRID_BUY,CLOSED,2024-11-01 19:02:00+00:00,69000.0,69000.0,71000.0,70000.0,2024-11-05 14:44:00+00:00,106.96708851377154,3795.562518512745,0.028182143751299762,3807.0755521965893,1.333321504609259,3 days 19:42:00
398,38,GRID_BUY,CLOSED,2024-11-03 02:42:00+00:00,68000.0,68000.0,71000.0,69000.0,2024-11-03 21:01:00+00:00,106.96708851377154,3787.9272030833763,0.028238950428271226,3796.920056709618,1.3560736915879232,0 days 18:19:00
399,38,GRID_BUY,CLOSED,2024-11-04 16:42:00+00:00,68000.0,68000.0,71000.0,69000.0,2024-11-05 08:05:00+00:00,106.96708851377154,3789.283276774964,0.028228844533579073,3799.6556354495333,1.3560736915879232,0 days 15:23:00
400,38,GRID_BUY,CLOSED,2024-11-04 21:37:00+00:00,67000.0,67000.0,71000.0,68000.0,2024-11-04 22:56:00+00:00,106.96708851377154,3780.0764889716947,0.02829759895754652,3790.664269783388,1.3795050483271183,0 days 01:19:00
401,38,GRID_BUY,CLOSED,2024-11-05 19:57:00+00:00,69000.0,69000.0,71000.0,70000.0,2024-11-06 00:23:00+00:00,106.96708851377154,3800.987492448857,0.02814192067884338,3808.4088737011984,1.333321504609259,0 days 04:26:00
402,38,GRID_BUY,CLOSED,2024-11-06 03:10:00+00:00,74000.0,74000.0,71000.0,75000.0,2024-11-06 06:05:00+00:00,106.96708851377154,3822.7116163530277,0.027981992692355143,3824.04870495945,1.2287844293019674,0 days 02:55:00
403,38,GRID_BUY,CLOSED,2024-11-06 06:28:00+00:00,75000.0,75000.0,71000.0,76000.0,2024-11-06 20:54:00+00:00,106.96708851377154,3823.9404007823296,0.02797300096306089,3827.7355659747,1.2095496074454104,0 days 14:26:00
404,38,GRID_BUY,CLOSED,2024-11-06 07:38:00+00:00,74000.0,74000.0,71000.0,75000.0,2024-11-06 18:31:00+00:00,106.96708851377154,3822.4086320748124,0.027984210692750963,3826.4190685328167,1.2287844293019674,0 days 10:53:00
405,38,GRID_BUY,CLOSED,2024-11-06 07:42:00+00:00,73000.0,73000.0,71000.0,74000.0,2024-11-06 09:38:00+00:00,106.96708851377154,3819.432807672359,0.028006013955501285,3823.6585351775825,1.2485462325792156,0 days 01:56:00
406,39,GRID_BUY,CLOSED,2024-11-06 21:00:00+00:00,76000.0,76000.0,76000.0,77000.0,2024-11-08 19:15:00+00:00,106.96708851377154,3827.6272810516557,0.027946056567028626,3830.135917799867,1.1908209651113992,1 days 22:15:00
407,39,GRID_BUY,CLOSED,2024-11-07 04:02:00+00:00,75000.0,75000.0,76000.0,76000.0,2024-11-07 15:59:00+00:00,106.96708851377154,3826.114259733862,0.02795710772140192,3828.8381484936313,1.2095496074454104,0 days 11:57:00
408,39,GRID_BUY,CLOSED,2024-11-08 19:43:00+00:00,77000.0,77000.0,76000.0,78000.0,2024-11-10 04:45:00+00:00,106.96708851377154,3830.0276516242125,0.02792854210031869,3832.4992992855537,1.1725787810198227,1 days 09:02:00
409,39,GRID_BUY,CLOSED,2024-11-09 17:07:00+00:00,76000.0,76000.0,76000.0,77000.0,2024-11-10 00:57:00+00:00,106.96708851377154,3828.532890750955,0.027939446144549192,3831.2197716764645,1.1908209651113992,0 days 07:50:00
410,39,GRID_BUY,CLOSED,2024-11-10 04:46:00+00:00,78000.0,78000.0,76000.0,79000.0,2024-11-10 04:54:00+00:00,106.96708851377154,3832.3910513703436,0.02791131882940898,3833.654085838564,1.1548043452383183,0 days 00:08:00
411,39,GRID_BUY,CLOSED,2024-11-10 05:00:00+00:00,79000.0,79000.0,76000.0,80000.0,2024-11-10 11:56:00+00:00,106.96708851377154,3833.5458557155816,0.027902910918436042,3834.7915483919446,1.137479895172774,0 days 06:56:00
412,39,GRID_BUY,CLOSED,2024-11-10 12:02:00+00:00,80000.0,80000.0,76000.0,81000.0,2024-11-10 18:27:00+00:00,106.96708851377154,3834.6833356107545,0.027894634094143465,3835.9121200400564,1.120588556358868,0 days 06:25:00
413,39,GRID_BUY,CLOSED,2024-11-10 19:44:00+00:00,80000.0,80000.0,76000.0,81000.0,2024-11-10 22:21:00+00:00,106.96708851377154,3835.803924167113,0.02788648497902505,3838.170188491588,1.120588556358868,0 days 02:37:00
414,39,GRID_BUY,CLOSED,2024-11-10 20:55:00+00:00,79000.0,79000.0,76000.0,80000.0,2024-11-10 21:54:00+00:00,106.96708851377154,3834.3612055607837,0.027896977561384276,3836.942649754962,1.137479895172774,0 days 00:59:00
415,40,GRID_BUY,CLOSED,2024-11-10 22:24:00+00:00,81000.0,81000.0,81000.0,82000.0,2024-11-11 10:07:00+00:00,106.96708851377154,3838.0619926186446,0.027870078367543436,3840.3948748448256,1.104114287639149,0 days 11:43:00
416,40,GRID_BUY,CLOSED,2024-11-10 23:40:00+00:00,80000.0,80000.0,81000.0,81000.0,2024-11-11 01:38:00+00:00,106.96708851377154,3836.635764771794,0.02788043876772181,3839.1838099594324,1.120588556358868,0 days 01:58:00
417,40,GRID_BUY,CLOSED,2024-11-11 10:10:00+00:00,82000.0,82000.0,81000.0,83000.0,2024-11-11 15:15:00+00:00,106.96708851377154,3840.2866954626425,0.027853933051445037,3841.482900586632,1.0880418303516137,0 days 05:05:00
418,40,GRID_BUY,CLOSED,2024-11-11 15:39:00+00:00,84000.0,84000.0,81000.0,85000.0,2024-11-11 18:39:00+00:00,106.96708851377154,3841.374737292994,0.02784604362477558,3842.5399145071615,1.0570449484399234,0 days 03:00:00
419,40,GRID_BUY,CLOSED,2024-11-11 18:42:00+00:00,85000.0,85000.0,81000.0,86000.0,2024-11-11 19:06:00+00:00,106.96708851377154,3842.4317822414337,0.027838383236402874,3843.5819930520406,1.0420935112825447,0 days 00:24:00
420,41,GRID_BUY,CLOSED,2024-11-11 19:08:00+00:00,86000.0,86000.0,86000.0,87000.0,2024-11-11 20:11:00+00:00,106.96708851377154,3843.473875752716,0.027830835325457447,3844.6094682156586,1.0274897819660112,0 days 01:03:00
421,41,GRID_BUY,CLOSED,2024-11-11 20:12:00+00:00,87000.0,87000.0,86000.0,88000.0,2024-11-11 21:24:00+00:00,106.96708851377154,3844.501365534682,0.027823397195983274,3845.62267570393,1.0132217705647975,0 days 01:12:00
422,41,GRID_BUY,CLOSED,2024-11-11 21:31:00+00:00,88000.0,88000.0,86000.0,89000.0,2024-11-11 23:12:00+00:00,106.96708851377154,3845.5145873052466,0.027816066246865803,3847.635161548948,0.9992780321499737,0 days 01:41:00
423,41,GRID_BUY,CLOSED,2024-11-11 22:17:00+00:00,87000.0,87000.0,86000.0,88000.0,2024-11-11 22:59:00+00:00,106.96708851377154,3844.193300655082,0.02782562689954833,3846.5289303859804,1.0132217705647975,0 days 00:42:00
424,41,GRID_BUY,CLOSED,2024-11-11 23:25:00+00:00,89000.0,89000.0,86000.0,90000.0,2024-11-13 14:31:00+00:00,106.96708851377154,3847.527087107961,0.027801516686442516,3860.7664858683993,0.9856476361714357,1 days 15:06:00
425,41,GRID_BUY,CLOSED,2024-11-12 00:12:00+00:00,88000.0,88000.0,86000.0,89000.0,2024-11-12 00:59:00+00:00,106.96708851377154,3846.219444497815,0.027810968681673282,3849.5406942631485,0.9992780321499737,0 days 00:47:00
426,41,GRID_BUY,CLOSED,2024-11-12 00:19:00+00:00,87000.0,87000.0,86000.0,88000.0,2024-11-12 00:29:00+00:00,106.96708851377154,3843.6974823260184,0.02782921627043351,3847.233787578549,1.0132217705647975,0 days 00:10:00
427,41,GRID_BUY,CLOSED,2024-11-12 02:23:00+00:00,88000.0,88000.0,86000.0,89000.0,2024-11-12 06:41:00+00:00,106.96708851377154,3848.2319443005294,0.027796424452064653,3851.553194065863,0.9992780321499737,0 days 04:18:00
428,41,GRID_BUY,CLOSED,2024-11-12 02:53:00+00:00,87000.0,87000.0,86000.0,88000.0,2024-11-12 03:09:00+00:00,106.96708851377154,3845.709982128733,0.02781465295377307,3849.2462873812633,1.0132217705647975,0 days 00:16:00
429,41,GRID_BUY,CLOSED,2024-11-12 09:46:00+00:00,88000.0,88000.0,86000.0,89000.0,2024-11-12 19:08:00+00:00,106.96708851377154,3850.244444103244,0.027781895426820136,3857.6613849850396,0.9992780321499737,0 days 09:22:00
430,41,GRID_BUY,CLOSED,2024-11-12 10:07:00+00:00,87000.0,87000.0,86000.0,88000.0,2024-11-12 10:13:00+00:00,106.96708851377154,3847.7224819314474,0.027800104871408788,3851.258787183978,1.0132217705647975,0 days 00:06:00
431,41,GRID_BUY,CLOSED,2024-11-12 10:35:00+00:00,87000.0,87000.0,86000.0,88000.0,2024-11-12 18:24:00+00:00,106.96708851377154,3848.735703702012,0.027792786189730388,3855.35447830044,1.0132217705647975,0 days 07:49:00
432,41,GRID_BUY,CLOSED,2024-11-12 10:47:00+00:00,86000.0,86000.0,86000.0,87000.0,2024-11-12 10:57:00+00:00,106.96708851377154,3844.985464272454,0.027819894121241313,3849.764329076441,1.0274897819660112,0 days 00:10:00
433,41,GRID_BUY,CLOSED,2024-11-12 13:02:00+00:00,86000.0,86000.0,86000.0,87000.0,2024-11-12 14:53:00+00:00,106.96708851377154,3846.01295405442,0.027812461838176636,3850.7918188584067,1.0274897819660112,0 days 01:51:00
434,41,GRID_BUY,CLOSED,2024-11-12 16:11:00+00:00,86000.0,86000.0,86000.0,87000.0,2024-11-12 16:41:00+00:00,106.96708851377154,3847.0404438363857,0.027805033525226137,3851.8193086403726,1.0274897819660112,0 days 00:30:00
435,41,GRID_BUY,CLOSED,2024-11-12 22:05:00+00:00,88000.0,88000.0,86000.0,89000.0,2024-11-13 13:43:00+00:00,106.96708851377154,3856.3526350224206,0.027737890861516,3859.673884787754,0.9992780321499737,0 days 15:38:00
436,41,GRID_BUY,CLOSED,2024-11-13 04:31:00+00:00,87000.0,87000.0,86000.0,88000.0,2024-11-13 11:18:00+00:00,106.96708851377154,3853.830672850624,0.027756042647989383,3857.3669781031545,1.0132217705647975,0 days 06:47:00
437,41,GRID_BUY,CLOSED,2024-11-13 14:36:00+00:00,90000.0,90000.0,86000.0,91000.0,2024-11-13 14:50:00+00:00,106.96708851377154,3860.6584250714527,0.027706954808308846,3861.738792665442,0.97232013788134,0 days 00:14:00
438,42,GRID_BUY,CLOSED,2024-11-13 15:03:00+00:00,91000.0,91000.0,91000.0,92000.0,2024-11-13 15:44:00+00:00,106.96708851377154,3861.630745209334,0.02769997847320666,3862.6980651694494,0.9592855516415568,0 days 00:41:00
439,42,GRID_BUY,CLOSED,2024-11-13 16:15:00+00:00,93000.0,93000.0,91000.0,94000.0,2024-11-20 13:15:00+00:00,106.96708851377154,3862.5900307609754,0.02769309910239109,3887.040327967556,0.9340573202097033,6 days 21:00:00
440,42,GRID_BUY,CLOSED,2024-11-13 16:37:00+00:00,92000.0,92000.0,91000.0,93000.0,2024-11-13 18:49:00+00:00,106.96708851377154,3861.334030108749,0.027702107012678973,3863.537619642918,0.9465343259721948,0 days 02:12:00
441,42,GRID_BUY,CLOSED,2024-11-13 19:05:00+00:00,92000.0,92000.0,91000.0,93000.0,2024-11-19 17:34:00+00:00,106.96708851377154,3862.2805644347213,0.02769531801981535,3885.0527817223556,0.9465343259721948,5 days 22:29:00
442,42,GRID_BUY,CLOSED,2024-11-13 19:13:00+00:00,91000.0,91000.0,91000.0,92000.0,2024-11-18 06:59:00+00:00,106.96708851377154,3859.863040723525,0.027712664253942216,3877.0554424395787,0.9592855516415568,4 days 11:46:00
443,42,GRID_BUY,CLOSED,2024-11-13 19:36:00+00:00,90000.0,90000.0,91000.0,91000.0,2024-11-13 20:34:00+00:00,106.96708851377154,3856.271229963699,0.02773847640244394,3860.8364412290002,0.97232013788134,0 days 00:58:00
444,42,GRID_BUY,CLOSED,2024-11-13 20:55:00+00:00,90000.0,90000.0,91000.0,91000.0,2024-11-14 08:03:00+00:00,106.96708851377154,3857.2435501015802,0.02773148418666863,3863.7936870352023,0.97232013788134,0 days 11:08:00
445,42,GRID_BUY,CLOSED,2024-11-13 21:04:00+00:00,89000.0,89000.0,91000.0,90000.0,2024-11-13 23:18:00+00:00,106.96708851377154,3852.4644046592516,0.027765886268644895,3859.2295694783347,0.9856476361714357,0 days 02:14:00
446,42,GRID_BUY,CLOSED,2024-11-13 21:21:00+00:00,88000.0,88000.0,91000.0,89000.0,2024-11-13 21:30:00+00:00,106.96708851377154,3846.484583695291,0.02780905166426249,3853.4647900438745,0.9992780321499737,0 days 00:09:00
447,42,GRID_BUY,CLOSED,2024-11-14 14:41:00+00:00,90000.0,90000.0,91000.0,91000.0,2024-11-15 20:18:00+00:00,106.96708851377154,3860.200795907783,0.027710239484735576,3870.7483583124413,0.97232013788134,1 days 05:37:00
448,42,GRID_BUY,CLOSED,2024-11-14 14:47:00+00:00,89000.0,89000.0,91000.0,90000.0,2024-11-15 12:10:00+00:00,106.96708851377154,3855.421650465454,0.02774458884435058,3864.1993150872518,0.9856476361714357,0 days 21:23:00
449,42,GRID_BUY,CLOSED,2024-11-14 15:59:00+00:00,88000.0,88000.0,91000.0,89000.0,2024-11-14 16:54:00+00:00,106.96708851377154,3849.4418295014934,0.027787687995177182,3856.422035850077,0.9992780321499737,0 days 00:55:00
450,42,GRID_BUY,CLOSED,2024-11-14 20:11:00+00:00,88000.0,88000.0,91000.0,89000.0,2024-11-15 09:23:00+00:00,106.96708851377154,3850.4411075336434,0.02778047645099242,3858.4345356527915,0.9992780321499737,0 days 13:12:00
451,42,GRID_BUY,CLOSED,2024-11-14 23:13:00+00:00,87000.0,87000.0,91000.0,88000.0,2024-11-15 00:08:00+00:00,106.96708851377154,3843.2469670080322,0.027832478482912957,3851.4554506143772,1.0132217705647975,0 days 00:55:00
452,42,GRID_BUY,CLOSED,2024-11-15 14:34:00+00:00,89000.0,89000.0,91000.0,90000.0,2024-11-15 19:38:00+00:00,106.96708851377154,3859.41907593649,0.027715852155240726,3866.1842407555732,0.9856476361714357,0 days 05:04:00
453,42,GRID_BUY,CLOSED,2024-11-15 15:22:00+00:00,88000.0,88000.0,91000.0,89000.0,2024-11-15 16:11:00+00:00,106.96708851377154,3853.4392549725294,0.02775886200249291,3860.419461321113,0.9992780321499737,0 days 00:49:00
454,42,GRID_BUY,CLOSED,2024-11-17 02:03:00+00:00,90000.0,90000.0,91000.0,91000.0,2024-11-17 08:53:00+00:00,106.96708851377154,3867.1554671850213,0.02766040554134613,3871.7206784503223,0.97232013788134,0 days 06:50:00
455,42,GRID_BUY,CLOSED,2024-11-17 14:30:00+00:00,90000.0,90000.0,91000.0,91000.0,2024-11-18 06:21:00+00:00,106.96708851377154,3868.1277873229023,0.027653452624894416,3873.6786462243745,0.97232013788134,0 days 15:51:00
456,42,GRID_BUY,CLOSED,2024-11-17 22:02:00+00:00,89000.0,89000.0,91000.0,90000.0,2024-11-18 00:30:00+00:00,106.96708851377154,3863.3486418805737,0.027687661256920074,3869.114528667507,0.9856476361714357,0 days 02:28:00
457,42,GRID_BUY,CLOSED,2024-11-18 11:25:00+00:00,91000.0,91000.0,91000.0,92000.0,2024-11-18 15:42:00+00:00,106.96708851377154,3874.6368514084224,0.027606997149910766,3879.9593682669824,0.9592855516415568,0 days 04:17:00
458,42,GRID_BUY,CLOSED,2024-11-18 13:04:00+00:00,90000.0,90000.0,91000.0,91000.0,2024-11-18 14:37:00+00:00,106.96708851377154,3871.0450406485966,0.02763261274166139,3875.6102519138976,0.97232013788134,0 days 01:33:00
459,42,GRID_BUY,CLOSED,2024-11-18 14:55:00+00:00,90000.0,90000.0,91000.0,91000.0,2024-11-18 15:34:00+00:00,106.96708851377154,3872.0173607864776,0.02762567378882944,3876.5825720517787,0.97232013788134,0 days 00:39:00
460,42,GRID_BUY,CLOSED,2024-11-18 17:47:00+00:00,91000.0,91000.0,91000.0,92000.0,2024-11-19 07:06:00+00:00,106.96708851377154,3877.5407772358258,0.027586322016715178,3881.890973956505,0.9592855516415568,0 days 13:19:00
461,42,GRID_BUY,CLOSED,2024-11-18 19:11:00+00:00,90000.0,90000.0,91000.0,91000.0,2024-11-18 20:19:00+00:00,106.96708851377154,3873.9489664760004,0.02761189923755652,3878.514177741301,0.97232013788134,0 days 01:08:00
462,42,GRID_BUY,CLOSED,2024-11-19 14:05:00+00:00,91000.0,91000.0,91000.0,92000.0,2024-11-19 14:45:00+00:00,106.96708851377154,3879.472382925349,0.027572586670435866,3882.850259508147,0.9592855516415568,0 days 00:40:00
463,42,GRID_BUY,CLOSED,2024-11-19 21:19:00+00:00,92000.0,92000.0,91000.0,93000.0,2024-11-20 08:15:00+00:00,106.96708851377154,3883.795726514159,0.027541893561373838,3885.9993160483277,0.9465343259721948,0 days 10:56:00
464,42,GRID_BUY,CLOSED,2024-11-20 13:22:00+00:00,94000.0,94000.0,91000.0,95000.0,2024-11-21 03:25:00+00:00,106.96708851377154,3886.9323188125672,0.027519668401751154,3887.9621615264496,0.9218457826549127,0 days 14:03:00
465,43,GRID_BUY,CLOSED,2024-11-21 05:52:00+00:00,97000.0,97000.0,96000.0,98000.0,2024-11-21 11:02:00+00:00,106.96708851377154,3887.8541645952223,0.027513143236664653,3888.848848243051,0.8867218756674902,0 days 05:10:00
466,43,GRID_BUY,CLOSED,2024-11-21 11:28:00+00:00,98000.0,98000.0,96000.0,99000.0,2024-11-22 03:15:00+00:00,106.96708851377154,3888.7408864708896,0.027506869610653416,3891.509236588984,0.8754917829572264,0 days 15:47:00
467,43,GRID_BUY,CLOSED,2024-11-21 14:34:00+00:00,97000.0,97000.0,96000.0,98000.0,2024-11-21 17:59:00+00:00,106.96708851377154,3887.543509980077,0.027515341819111815,3890.526788958847,0.8867218756674902,0 days 03:25:00
468,43,GRID_BUY,CLOSED,2024-11-21 15:38:00+00:00,96000.0,96000.0,96000.0,97000.0,2024-11-21 16:21:00+00:00,106.96708851377154,3885.244482752922,0.027531623553835954,3888.442702067896,0.898185928642576,0 days 00:43:00
469,43,GRID_BUY,CLOSED,2024-11-22 03:23:00+00:00,99000.0,99000.0,96000.0,100000.0,2024-12-05 02:36:00+00:00,106.96708851377154,3891.401286058156,0.027488064234599974,3922.3197032382195,0.8644885608067483,12 days 23:13:00
470,43,GRID_BUY,CLOSED,2024-11-22 13:19:00+00:00,98000.0,98000.0,96000.0,99000.0,2024-11-22 16:56:00+00:00,106.96708851377154,3890.2149238037305,0.027496447011000222,3892.277761283427,0.8754917829572264,0 days 03:37:00
471,43,GRID_BUY,CLOSED,2024-11-23 16:17:00+00:00,98000.0,98000.0,96000.0,99000.0,2024-12-04 20:51:00+00:00,106.96708851377154,3891.0904155866874,0.027490260335583425,3919.5972750372216,0.8754917829572264,11 days 04:34:00
472,43,GRID_BUY,CLOSED,2024-11-24 12:31:00+00:00,97000.0,97000.0,96000.0,98000.0,2024-11-24 22:59:00+00:00,106.96708851377154,3888.8136439299633,0.027506354972997003,3892.876318074645,0.8867218756674902,0 days 10:28:00
473,43,GRID_BUY,CLOSED,2024-11-24 15:55:00+00:00,96000.0,96000.0,96000.0,97000.0,2024-11-24 22:00:00+00:00,106.96708851377154,3885.4352215368963,0.02753027200681533,3889.712836017782,0.898185928642576,0 days 06:05:00
474,43,GRID_BUY,CLOSED,2024-11-25 01:24:00+00:00,97000.0,97000.0,96000.0,98000.0,2024-11-25 04:12:00+00:00,106.96708851377154,3890.598551734273,0.02749373575592627,3893.7630399503123,0.8867218756674902,0 days 02:48:00
475,43,GRID_BUY,CLOSED,2024-11-25 14:34:00+00:00,97000.0,97000.0,96000.0,98000.0,2024-11-29 14:59:00+00:00,106.96708851377154,3891.48527360994,0.02748747097648488,3907.59612827075,0.8867218756674902,4 days 00:25:00
476,43,GRID_BUY,CLOSED,2024-11-25 14:51:00+00:00,96000.0,96000.0,96000.0,97000.0,2024-11-27 20:15:00+00:00,106.96708851377154,3888.106851216873,0.027511355167693943,3901.714677625042,0.898185928642576,2 days 05:24:00
477,43,GRID_BUY,CLOSED,2024-11-25 15:10:00+00:00,95000.0,95000.0,96000.0,96000.0,2024-11-25 15:29:00+00:00,106.96708851377154,3883.61530255896,0.027543173095257313,3889.0177604232695,0.909891330101317,0 days 00:19:00
478,43,GRID_BUY,CLOSED,2024-11-25 17:21:00+00:00,95000.0,95000.0,96000.0,96000.0,2024-11-27 16:32:00+00:00,106.96708851377154,3884.5251938890615,0.02753672152314696,3897.438081020451,0.909891330101317,1 days 23:11:00
479,43,GRID_BUY,CLOSED,2024-11-25 21:44:00+00:00,94000.0,94000.0,96000.0,95000.0,2024-11-27 15:34:00+00:00,106.96708851377154,3878.908801847724,0.02757659279403981,3892.036652998855,0.9218457826549127,1 days 17:50:00
480,43,GRID_BUY,CLOSED,2024-11-25 22:38:00+00:00,93000.0,93000.0,96000.0,94000.0,2024-11-25 22:48:00+00:00,106.96708851377154,3872.155600003991,0.027624687528998396,3879.843901234409,0.9340573202097033,0 days 00:10:00
481,43,GRID_BUY,CLOSED,2024-11-25 23:42:00+00:00,93000.0,93000.0,96000.0,94000.0,2024-11-26 00:27:00+00:00,106.96708851377154,3873.0896573242007,0.02761802539517555,3880.7779585546186,0.9340573202097033,0 days 00:45:00
482,43,GRID_BUY,CLOSED,2024-11-26 08:16:00+00:00,93000.0,93000.0,96000.0,94000.0,2024-11-26 16:25:00+00:00,106.96708851377154,3874.0237146444106,0.027611366473937513,3882.6585502008006,0.9340573202097033,0 days 08:09:00
483,43,GRID_BUY,CLOSED,2024-11-26 11:24:00+00:00,92000.0,92000.0,96000.0,93000.0,2024-11-26 14:41:00+00:00,106.96708851377154,3866.121479236964,0.0276678032721525,3874.971303526353,0.9465343259721948,0 days 03:17:00
484,43,GRID_BUY,CLOSED,2024-11-26 18:12:00+00:00,93000.0,93000.0,96000.0,94000.0,2024-11-27 13:55:00+00:00,106.96708851377154,3875.904306290592,0.02759796941843068,3885.4984273986242,0.9340573202097033,0 days 19:43:00
485,43,GRID_BUY,CLOSED,2024-11-26 18:34:00+00:00,92000.0,92000.0,96000.0,93000.0,2024-11-27 02:26:00+00:00,106.96708851377154,3868.002070883146,0.02765435140766321,3877.8111807241767,0.9465343259721948,0 days 07:52:00
486,43,GRID_BUY,CLOSED,2024-11-26 20:36:00+00:00,91000.0,91000.0,96000.0,92000.0,2024-11-26 22:04:00+00:00,106.96708851377154,3858.9383124167302,0.027719305118091266,3868.9624237547478,0.9592855516415568,0 days 01:28:00
487,45,GRID_BUY,CLOSED,2024-11-27 23:10:00+00:00,96000.0,96000.0,96000.0,97000.0,2024-11-29 11:30:00+00:00,106.96708851377154,3898.335249072799,0.027439171256297974,3904.432646213887,0.898185928642576,1 days 12:20:00
488,45,GRID_BUY,CLOSED,2024-11-28 03:31:00+00:00,95000.0,95000.0,96000.0,96000.0,2024-11-28 14:08:00+00:00,106.96708851377154,3893.8437004148855,0.027470822339986142,3899.246158279195,0.909891330101317,0 days 10:37:00
489,45,GRID_BUY,CLOSED,2024-11-28 15:48:00+00:00,95000.0,95000.0,96000.0,96000.0,2024-11-28 23:30:00+00:00,106.96708851377154,3894.753591744987,0.027464404613552592,3900.156049609296,0.909891330101317,0 days 07:42:00
490,45,GRID_BUY,CLOSED,2024-11-29 17:29:00+00:00,97000.0,97000.0,96000.0,98000.0,2024-12-02 01:26:00+00:00,106.96708851377154,3905.3183619303777,0.027390107182170494,3909.3810360750595,0.8867218756674902,2 days 07:57:00
491,45,GRID_BUY,CLOSED,2024-12-01 02:31:00+00:00,96000.0,96000.0,96000.0,97000.0,2024-12-01 08:26:00+00:00,106.96708851377154,3901.939939537311,0.027413822398931035,3906.2175540181966,0.898185928642576,0 days 05:55:00
492,45,GRID_BUY,CLOSED,2024-12-02 03:43:00+00:00,97000.0,97000.0,96000.0,98000.0,2024-12-04 20:13:00+00:00,106.96708851377154,3907.1032697346873,0.02737759437851643,3917.535432241173,0.8867218756674902,2 days 16:30:00
493,45,GRID_BUY,CLOSED,2024-12-02 07:23:00+00:00,96000.0,96000.0,96000.0,97000.0,2024-12-02 15:23:00+00:00,106.96708851377154,3903.7248473416207,0.027401287922896145,3908.9123531526075,0.898185928642576,0 days 08:00:00
494,45,GRID_BUY,CLOSED,2024-12-02 08:40:00+00:00,95000.0,95000.0,96000.0,96000.0,2024-12-02 14:30:00+00:00,106.96708851377154,3899.2332986837073,0.027432851619799515,3904.6357565480166,0.909891330101317,0 days 05:50:00
495,45,GRID_BUY,CLOSED,2024-12-02 16:41:00+00:00,96000.0,96000.0,96000.0,97000.0,2024-12-04 19:54:00+00:00,106.96708851377154,3905.5329246003644,0.027388602420940288,3914.37195018431,0.898185928642576,2 days 03:13:00
496,45,GRID_BUY,CLOSED,2024-12-02 17:57:00+00:00,95000.0,95000.0,96000.0,96000.0,2024-12-02 20:04:00+00:00,106.96708851377154,3901.041375942451,0.027420136882790536,3906.4438338067603,0.909891330101317,0 days 02:07:00
497,45,GRID_BUY,CLOSED,2024-12-03 10:53:00+00:00,95000.0,95000.0,96000.0,96000.0,2024-12-03 15:13:00+00:00,106.96708851377154,3901.9512672725523,0.027413742814000108,3908.2755709195167,0.909891330101317,0 days 04:20:00
498,45,GRID_BUY,CLOSED,2024-12-03 13:54:00+00:00,94000.0,94000.0,96000.0,95000.0,2024-12-03 14:49:00+00:00,106.96708851377154,3896.334875231215,0.027453258495247778,3902.874142897921,0.9218457826549127,0 days 00:55:00
499,45,GRID_BUY,CLOSED,2024-12-03 16:48:00+00:00,95000.0,95000.0,96000.0,96000.0,2024-12-03 21:20:00+00:00,106.96708851377154,3903.7830043853087,0.02740087970914629,3909.185462249618,0.909891330101317,0 days 04:32:00
500,45,GRID_BUY,CLOSED,2024-12-04 16:20:00+00:00,95000.0,95000.0,96000.0,96000.0,2024-12-04 18:45:00+00:00,106.96708851377154,3904.69289571541,0.027394494617270854,3910.0953535797194,0.909891330101317,0 days 02:25:00
501,45,GRID_BUY,CLOSED,2024-12-04 21:38:00+00:00,98000.0,98000.0,96000.0,99000.0,2024-12-04 23:32:00+00:00,106.96708851377154,3918.409929340482,0.027298595716802775,3920.4727668201785,0.8754917829572264,0 days 01:54:00
502,45,GRID_BUY,CLOSED,2024-12-05 01:09:00+00:00,98000.0,98000.0,96000.0,99000.0,2024-12-05 02:29:00+00:00,106.96708851377154,3919.285421123439,0.02729249774391529,3921.3482586031355,0.8754917829572264,0 days 01:20:00
503,45,GRID_BUY,CLOSED,2024-12-05 02:39:00+00:00,100000.0,100000.0,96000.0,101000.0,2024-12-05 02:41:00+00:00,106.96708851377154,3922.2117637216284,0.027272134947725207,3923.173397847367,0.8537054030993119,0 days 00:02:00
504,46,GRID_BUY,CLOSED,2024-12-05 02:43:00+00:00,101000.0,101000.0,101000.0,102000.0,2024-12-05 03:03:00+00:00,106.96708851377154,3923.0654691247278,0.0272662002088986,3924.0165230404245,0.8431357732672353,0 days 00:20:00
505,46,GRID_BUY,CLOSED,2024-12-05 03:10:00+00:00,103000.0,103000.0,101000.0,104000.0,2024-12-15 23:19:00+00:00,106.96708851377154,3923.908604897995,0.027260341482023952,3961.9341570658335,0.8226122201952535,10 days 20:09:00
506,46,GRID_BUY,CLOSED,2024-12-05 05:46:00+00:00,102000.0,102000.0,101000.0,103000.0,2024-12-05 09:11:00+00:00,106.96708851377154,3922.7641609024395,0.02726829453065146,3924.7423189702345,0.8327733910789448,0 days 03:25:00
507,46,GRID_BUY,CLOSED,2024-12-05 15:27:00+00:00,102000.0,102000.0,101000.0,103000.0,2024-12-15 12:38:00+00:00,106.96708851377154,3923.596934293518,0.027262506905040184,3961.004587928467,0.8327733910789448,9 days 21:11:00
508,46,GRID_BUY,CLOSED,2024-12-05 15:50:00+00:00,101000.0,101000.0,101000.0,102000.0,2024-12-12 16:01:00+00:00,106.96708851377154,3921.404842048696,0.02727774683368008,3955.633698561855,0.8431357732672353,7 days 00:11:00
509,46,GRID_BUY,CLOSED,2024-12-05 19:44:00+00:00,100000.0,100000.0,101000.0,101000.0,2024-12-06 17:50:00+00:00,106.96708851377154,3918.154728799663,0.027300373751840367,3934.037766514917,0.8537054030993119,0 days 22:06:00
510,46,GRID_BUY,CLOSED,2024-12-05 19:55:00+00:00,99000.0,99000.0,101000.0,100000.0,2024-12-06 17:41:00+00:00,106.96708851377154,3913.8360143363775,0.027330498294244113,3929.9339586567366,0.8644885608067483,0 days 21:46:00
511,46,GRID_BUY,CLOSED,2024-12-05 20:18:00+00:00,98000.0,98000.0,101000.0,99000.0,2024-12-05 20:43:00+00:00,106.96708851377154,3908.4379047071807,0.027368245606497744,3914.7124895616485,0.8754917829572264,0 days 00:25:00
512,46,GRID_BUY,CLOSED,2024-12-05 22:22:00+00:00,98000.0,98000.0,101000.0,99000.0,2024-12-06 14:25:00+00:00,106.96708851377154,3909.313396490137,0.02736211648055866,3924.750766646881,0.8754917829572264,0 days 16:03:00
513,46,GRID_BUY,CLOSED,2024-12-05 22:26:00+00:00,97000.0,97000.0,101000.0,98000.0,2024-12-06 01:32:00+00:00,106.96708851377154,3902.824877458642,0.027407606508705072,3918.477176476061,0.8867218756674902,0 days 03:06:00
514,46,GRID_BUY,CLOSED,2024-12-05 22:28:00+00:00,96000.0,96000.0,101000.0,97000.0,2024-12-05 22:48:00+00:00,106.96708851377154,3895.234707690803,0.02746101237560199,3909.3055751871416,0.898185928642576,0 days 00:20:00
515,46,GRID_BUY,CLOSED,2024-12-05 22:28:00+00:00,95000.0,95000.0,101000.0,96000.0,2024-12-05 22:31:00+00:00,106.96708851377154,3886.531411658118,0.027522507136546203,3899.9073398776777,0.909891330101317,0 days 00:03:00
516,46,GRID_BUY,CLOSED,2024-12-05 22:28:00+00:00,94000.0,94000.0,101000.0,95000.0,2024-12-05 22:30:00+00:00,106.96708851377154,3876.703272242009,0.027592281637771415,3890.29416448131,0.9218457826549127,0 days 00:02:00
517,46,GRID_BUY,CLOSED,2024-12-05 22:28:00+00:00,93000.0,93000.0,101000.0,94000.0,2024-12-05 22:29:00+00:00,106.96708851377154,3865.738323023504,0.027670545591950344,3879.5441915063075,0.9340573202097033,0 days 00:01:00
518,46,GRID_BUY,CLOSED,2024-12-05 22:28:00+00:00,92000.0,92000.0,101000.0,93000.0,2024-12-05 22:29:00+00:00,106.96708851377154,3853.6243402412865,0.027757528775385,3867.645197457088,0.9465343259721948,0 days 00:01:00
519,46,GRID_BUY,CLOSED,2024-12-05 22:28:00+00:00,91000.0,91000.0,101000.0,92000.0,2024-12-05 22:29:00+00:00,106.96708851377154,3840.348834400099,0.02785348235962551,3854.584693112888,0.9592855516415568,0 days 00:01:00
520,47,GRID_BUY,CLOSED,2024-12-05 22:35:00+00:00,95000.0,95000.0,93000.0,96000.0,2024-12-05 22:36:00+00:00,106.96708851377154,3891.203025968698,0.027489464774751133,3900.817231207779,0.909891330101317,0 days 00:01:00
521,47,GRID_BUY,CLOSED,2024-12-05 23:02:00+00:00,96000.0,96000.0,93000.0,97000.0,2024-12-05 23:21:00+00:00,106.96708851377154,3901.714399260127,0.027415407066712895,3910.203761115784,0.898185928642576,0 days 00:19:00
522,47,GRID_BUY,CLOSED,2024-12-06 00:11:00+00:00,96000.0,96000.0,93000.0,97000.0,2024-12-06 00:18:00+00:00,106.96708851377154,3902.612585188769,0.02740909741329027,3911.101947044426,0.898185928642576,0 days 00:07:00
523,48,GRID_BUY,CLOSED,2024-12-06 23:21:00+00:00,100000.0,100000.0,98000.0,101000.0,2024-12-08 23:49:00+00:00,106.96708851377154,3930.786691631759,0.027212641362985554,3936.6204490396303,0.8537054030993119,2 days 00:28:00
524,48,GRID_BUY,CLOSED,2024-12-07 05:45:00+00:00,99000.0,99000.0,98000.0,100000.0,2024-12-07 18:46:00+00:00,106.96708851377154,3926.467977168473,0.027242572494099292,3931.652152620643,0.8644885608067483,0 days 13:01:00
525,48,GRID_BUY,CLOSED,2024-12-08 08:57:00+00:00,99000.0,99000.0,98000.0,100000.0,2024-12-08 12:50:00+00:00,106.96708851377154,3927.33246572928,0.027236575830334866,3932.51664118145,0.8644885608067483,0 days 03:53:00
526,48,GRID_BUY,CLOSED,2024-12-09 00:28:00+00:00,100000.0,100000.0,98000.0,101000.0,2024-12-11 16:23:00+00:00,106.96708851377154,3933.369374156472,0.02719477331993797,3951.744775720876,0.8537054030993119,2 days 15:55:00
527,48,GRID_BUY,CLOSED,2024-12-09 03:25:00+00:00,99000.0,99000.0,98000.0,100000.0,2024-12-09 14:48:00+00:00,106.96708851377154,3929.0506596931864,0.027224665136316783,3935.110326928313,0.8644885608067483,0 days 11:23:00
528,48,GRID_BUY,CLOSED,2024-12-09 12:01:00+00:00,98000.0,98000.0,98000.0,99000.0,2024-12-09 13:23:00+00:00,106.96708851377154,3923.652550063989,0.027262120472932055,3929.9271349184573,0.8754917829572264,0 days 01:22:00
529,48,GRID_BUY,CLOSED,2024-12-09 15:16:00+00:00,99000.0,99000.0,98000.0,100000.0,2024-12-11 15:19:00+00:00,106.96708851377154,3930.79064003695,0.027212614028399647,3947.6409678626956,0.8644885608067483,2 days 00:03:00
530,48,GRID_BUY,CLOSED,2024-12-09 15:34:00+00:00,98000.0,98000.0,98000.0,99000.0,2024-12-11 14:45:00+00:00,106.96708851377154,3925.392530407753,0.02725003619005212,3942.45777585284,0.8754917829572264,1 days 23:11:00
531,48,GRID_BUY,CLOSED,2024-12-09 19:55:00+00:00,97000.0,97000.0,98000.0,98000.0,2024-12-10 00:35:00+00:00,106.96708851377154,3918.9040113762576,0.027295154003071993,3929.8964014845556,0.8867218756674902,0 days 04:40:00
532,48,GRID_BUY,CLOSED,2024-12-09 21:02:00+00:00,96000.0,96000.0,98000.0,97000.0,2024-12-09 21:17:00+00:00,106.96708851377154,3911.313841608419,0.0273481221005227,3920.713094794178,0.898185928642576,0 days 00:15:00
533,48,GRID_BUY,CLOSED,2024-12-09 21:04:00+00:00,95000.0,95000.0,98000.0,96000.0,2024-12-09 21:07:00+00:00,106.96708851377154,3902.610545575734,0.02740911173804846,3912.224750814815,0.909891330101317,0 days 00:03:00
534,48,GRID_BUY,CLOSED,2024-12-09 22:22:00+00:00,96000.0,96000.0,98000.0,97000.0,2024-12-09 22:26:00+00:00,106.96708851377154,3913.1219188671625,0.027335485765988658,3922.5211720529214,0.898185928642576,0 days 00:04:00
535,48,GRID_BUY,CLOSED,2024-12-09 22:22:00+00:00,95000.0,95000.0,98000.0,96000.0,2024-12-09 22:23:00+00:00,106.96708851377154,3904.4186228344774,0.02739641899262252,3914.0328280735584,0.909891330101317,0 days 00:01:00
536,48,GRID_BUY,CLOSED,2024-12-10 02:57:00+00:00,97000.0,97000.0,98000.0,98000.0,2024-12-10 14:07:00+00:00,106.96708851377154,3923.4068877694117,0.02726382747790554,3931.681309288865,0.8867218756674902,0 days 11:10:00
537,48,GRID_BUY,CLOSED,2024-12-10 03:23:00+00:00,96000.0,96000.0,98000.0,97000.0,2024-12-10 04:42:00+00:00,106.96708851377154,3915.8167180015735,0.027316673944934252,3924.3060798572305,0.898185928642576,0 days 01:19:00
538,48,GRID_BUY,CLOSED,2024-12-10 15:26:00+00:00,97000.0,97000.0,98000.0,98000.0,2024-12-11 08:31:00+00:00,106.96708851377154,3925.1917955737217,0.027251429760551817,3936.1841856820197,0.8867218756674902,0 days 17:05:00
539,48,GRID_BUY,CLOSED,2024-12-10 15:52:00+00:00,96000.0,96000.0,98000.0,97000.0,2024-12-10 21:30:00+00:00,106.96708851377154,3917.601625805883,0.02730422813007883,3927.9107703217433,0.898185928642576,0 days 05:38:00
540,48,GRID_BUY,CLOSED,2024-12-10 16:35:00+00:00,95000.0,95000.0,98000.0,96000.0,2024-12-10 16:53:00+00:00,106.96708851377154,3908.898329773198,0.02736502192933168,3918.512535012279,0.909891330101317,0 days 00:18:00
541,48,GRID_BUY,CLOSED,2024-12-10 17:06:00+00:00,95000.0,95000.0,98000.0,96000.0,2024-12-10 19:42:00+00:00,106.96708851377154,3909.8082211032993,0.02735865353610279,3919.4224263423803,0.909891330101317,0 days 02:36:00
542,48,GRID_BUY,CLOSED,2024-12-11 00:42:00+00:00,96000.0,96000.0,98000.0,97000.0,2024-12-11 02:37:00+00:00,106.96708851377154,3920.319594394728,0.02728529803200562,3928.8089562503856,0.898185928642576,0 days 01:55:00
543,48,GRID_BUY,CLOSED,2024-12-11 17:57:00+00:00,100000.0,100000.0,98000.0,101000.0,2024-12-11 19:42:00+00:00,106.96708851377154,3948.493700837718,0.02709060634719444,3952.5984811239755,0.8537054030993119,0 days 01:45:00
544,48,GRID_BUY,CLOSED,2024-12-12 18:37:00+00:00,101000.0,101000.0,98000.0,102000.0,2024-12-14 01:02:00+00:00,106.96708851377154,3953.440655263117,0.027056707774623837,3958.184245141321,0.8431357732672353,1 days 06:25:00
545,48,GRID_BUY,CLOSED,2024-12-12 19:29:00+00:00,100000.0,100000.0,98000.0,101000.0,2024-12-13 14:57:00+00:00,106.96708851377154,3950.1905420140843,0.027078969324662555,3954.295322300342,0.8537054030993119,0 days 19:28:00
546,48,GRID_BUY,CLOSED,2024-12-13 15:52:00+00:00,100000.0,100000.0,98000.0,101000.0,2024-12-13 16:46:00+00:00,106.96708851377154,3951.0442474171837,0.027073118349331682,3955.1490277034413,0.8537054030993119,0 days 00:54:00
547,48,GRID_BUY,CLOSED,2024-12-14 13:18:00+00:00,101000.0,101000.0,98000.0,102000.0,2024-12-15 01:48:00+00:00,106.96708851377154,3955.991201842583,0.02703926350087671,3959.027380914588,0.8431357732672353,0 days 12:30:00
548,49,GRID_BUY,CLOSED,2024-12-15 23:28:00+00:00,105000.0,105000.0,103000.0,106000.0,2024-12-16 00:33:00+00:00,106.96708851377154,3961.826259467501,0.026999439528211093,3962.7370078211325,0.8028705167641306,0 days 01:05:00
549,49,GRID_BUY,CLOSED,2024-12-16 00:44:00+00:00,106000.0,106000.0,103000.0,107000.0,2024-12-16 16:37:00+00:00,106.96708851377154,3962.629129984265,0.02699396915658274,3965.1457942220277,0.7932790287763822,0 days 15:53:00
550,49,GRID_BUY,CLOSED,2024-12-16 01:27:00+00:00,105000.0,105000.0,103000.0,106000.0,2024-12-16 14:54:00+00:00,106.96708851377154,3961.5140485426828,0.02700156738132013,3964.2455577058267,0.8028705167641306,0 days 13:27:00
551,49,GRID_BUY,CLOSED,2024-12-16 11:50:00+00:00,104000.0,104000.0,103000.0,105000.0,2024-12-16 14:36:00+00:00,106.96708851377154,3959.381251658955,0.027016112295059493,3962.3276155332055,0.8126464564439857,0 days 02:46:00
552,49,GRID_BUY,CLOSED,2024-12-16 16:38:00+00:00,107000.0,107000.0,103000.0,108000.0,2024-12-17 14:50:00+00:00,106.96708851377154,3965.0379259862493,0.026977570078895258,3966.7229306501126,0.7838668209379165,0 days 22:12:00
553,49,GRID_BUY,CLOSED,2024-12-16 19:16:00+00:00,106000.0,106000.0,103000.0,107000.0,2024-12-17 03:43:00+00:00,106.96708851377154,3963.932266174135,0.02698509493377718,3965.83210616229,0.7932790287763822,0 days 08:27:00
554,50,GRID_BUY,CLOSED,2024-12-17 14:52:00+00:00,108000.0,108000.0,108000.0,109000.0,2025-01-20 06:55:00+00:00,106.96708851377154,3966.6150718359636,0.026966843663068472,4059.33446807746,0.7746289132445838,33 days 16:03:00
555,50,GRID_BUY,CLOSED,2024-12-17 15:13:00+00:00,107000.0,107000.0,108000.0,108000.0,2025-01-20 06:54:00+00:00,106.96708851377154,3965.5186591786974,0.02697429963321005,4058.4528813228567,0.7838668209379165,33 days 15:41:00
556,50,GRID_BUY,CLOSED,2024-12-17 15:27:00+00:00,106000.0,106000.0,108000.0,107000.0,2024-12-17 16:14:00+00:00,106.96708851377154,3963.4235537978307,0.026988558518120924,3966.312839354738,0.7932790287763822,0 days 00:47:00
557,50,GRID_BUY,CLOSED,2024-12-17 22:22:00+00:00,106000.0,106000.0,108000.0,107000.0,2025-01-20 06:51:00+00:00,106.96708851377154,3964.216832826607,0.02698315784041025,4056.572611266282,0.7932790287763822,33 days 08:29:00
558,50,GRID_BUY,CLOSED,2024-12-18 01:55:00+00:00,105000.0,105000.0,108000.0,106000.0,2025-01-19 19:58:00+00:00,106.96708851377154,3961.1136130926716,0.027004297013903653,4045.353696279408,0.8028705167641306,32 days 18:03:00
559,50,GRID_BUY,CLOSED,2024-12-18 04:26:00+00:00,104000.0,104000.0,108000.0,105000.0,2024-12-18 11:58:00+00:00,106.96708851377154,3956.992677916591,0.027032420128230088,3961.927180083195,0.8126464564439857,0 days 07:32:00
560,50,GRID_BUY,CLOSED,2024-12-18 14:33:00+00:00,104000.0,104000.0,108000.0,105000.0,2025-01-17 16:54:00+00:00,106.96708851377154,3957.805324373035,0.027026869627731487,4038.999710681351,0.8126464564439857,30 days 02:21:00
561,50,GRID_BUY,CLOSED,2024-12-18 19:57:00+00:00,103000.0,103000.0,108000.0,104000.0,2025-01-17 15:09:00+00:00,106.96708851377154,3952.656888029404,0.02706207281429377,4034.0661390245664,0.8226122201952535,29 days 19:12:00
562,51,GRID_BUY,CLOSED,2024-12-18 20:07:00+00:00,102000.0,102000.0,103000.0,103000.0,2025-01-17 14:36:00+00:00,106.96708851377154,3946.4709747787315,0.027104491379103306,4028.0951006320824,0.8327733910789448,29 days 18:29:00
563,51,GRID_BUY,CLOSED,2024-12-18 20:08:00+00:00,101000.0,101000.0,103000.0,102000.0,2024-12-18 20:11:00+00:00,106.96708851377154,3939.237413278792,0.02715426294266899,3947.3150616059143,0.8431357732672353,0 days 00:03:00
564,51,GRID_BUY,CLOSED,2024-12-18 20:37:00+00:00,101000.0,101000.0,103000.0,102000.0,2024-12-19 10:19:00+00:00,106.96708851377154,3940.080549052059,0.027148452216162605,3949.8763913430876,0.8431357732672353,0 days 13:42:00
565,51,GRID_BUY,CLOSED,2024-12-18 23:58:00+00:00,100000.0,100000.0,103000.0,101000.0,2024-12-19 03:11:00+00:00,106.96708851377154,3931.788966547909,0.027205704432221374,3941.7997046500905,0.8537054030993119,0 days 03:13:00
566,51,GRID_BUY,CLOSED,2024-12-19 02:14:00+00:00,99000.0,99000.0,103000.0,100000.0,2024-12-19 02:52:00+00:00,106.96708851377154,3922.428782829506,0.02727062604221692,3932.654427536793,0.8644885608067483,0 days 00:38:00
567,51,GRID_BUY,CLOSED,2024-12-19 14:49:00+00:00,101000.0,101000.0,103000.0,102000.0,2025-01-06 15:45:00+00:00,106.96708851377154,3942.641878789232,0.02713081527623317,3996.6763142216287,0.8431357732672353,18 days 00:56:00
568,51,GRID_BUY,CLOSED,2024-12-19 15:23:00+00:00,100000.0,100000.0,103000.0,101000.0,2024-12-19 16:37:00+00:00,106.96708851377154,3934.350296285082,0.027187993050535614,3943.496545826457,0.8537054030993119,0 days 01:14:00
569,51,GRID_BUY,CLOSED,2024-12-19 17:18:00+00:00,100000.0,100000.0,103000.0,101000.0,2025-01-06 14:54:00+00:00,106.96708851377154,3935.2040016881815,0.02718209487179908,3988.599627528632,0.8537054030993119,17 days 21:36:00
570,51,GRID_BUY,CLOSED,2024-12-19 17:38:00+00:00,99000.0,99000.0,103000.0,100000.0,2025-01-06 14:48:00+00:00,106.96708851377154,3925.8438179697787,0.02724690371638085,3979.4543504153344,0.8644885608067483,17 days 21:10:00
571,51,GRID_BUY,CLOSED,2024-12-19 17:54:00+00:00,98000.0,98000.0,103000.0,99000.0,2024-12-19 17:59:00+00:00,106.96708851377154,3915.4042390854643,0.027319551694298682,3926.7202931950496,0.8754917829572264,0 days 00:05:00
572,52,GRID_BUY,CLOSED,2024-12-19 18:10:00+00:00,98000.0,98000.0,98000.0,99000.0,2024-12-19 19:04:00+00:00,106.96708851377154,3916.279730868421,0.027313444356553144,3928.482506853674,0.8754917829572264,0 days 00:54:00
573,52,GRID_BUY,CLOSED,2024-12-19 18:23:00+00:00,97000.0,97000.0,98000.0,98000.0,2024-12-19 18:27:00+00:00,106.96708851377154,3904.7497425818083,0.02739409579755686,3917.1674474277365,0.8867218756674902,0 days 00:04:00
574,52,GRID_BUY,CLOSED,2024-12-19 19:31:00+00:00,98000.0,98000.0,98000.0,99000.0,2024-12-21 07:32:00+00:00,106.96708851377154,3918.0419445270454,0.027301159617035123,3941.0949200511077,0.8754917829572264,1 days 12:01:00
575,52,GRID_BUY,CLOSED,2024-12-19 19:44:00+00:00,97000.0,97000.0,98000.0,98000.0,2024-12-19 21:25:00+00:00,106.96708851377154,3906.5119562404325,0.02738173841830886,3921.6242188722877,0.8867218756674902,0 days 01:41:00
576,52,GRID_BUY,CLOSED,2024-12-19 20:10:00+00:00,96000.0,96000.0,98000.0,97000.0,2024-12-19 20:21:00+00:00,106.96708851377154,3893.8803172174767,0.027470564013176716,3907.4111483282513,0.898185928642576,0 days 00:11:00
577,52,GRID_BUY,CLOSED,2024-12-19 20:35:00+00:00,96000.0,96000.0,98000.0,97000.0,2024-12-19 20:43:00+00:00,106.96708851377154,3894.778503146119,0.027464228948415374,3908.3093342568936,0.898185928642576,0 days 00:08:00
578,52,GRID_BUY,CLOSED,2024-12-19 21:03:00+00:00,96000.0,96000.0,98000.0,97000.0,2024-12-19 21:09:00+00:00,106.96708851377154,3895.6766890747613,0.027457896804874905,3909.207520185536,0.898185928642576,0 days 00:06:00
579,52,GRID_BUY,CLOSED,2024-12-20 00:29:00+00:00,97000.0,97000.0,98000.0,98000.0,2024-12-20 07:05:00+00:00,106.96708851377154,3910.0932359020267,0.027356659307152073,3923.409126676597,0.8867218756674902,0 days 06:36:00
580,52,GRID_BUY,CLOSED,2024-12-20 02:01:00+00:00,96000.0,96000.0,98000.0,97000.0,2024-12-20 02:17:00+00:00,106.96708851377154,3897.461596879071,0.027445322001229327,3910.9924279898455,0.898185928642576,0 days 00:16:00
581,52,GRID_BUY,CLOSED,2024-12-20 08:16:00+00:00,97000.0,97000.0,98000.0,98000.0,2024-12-21 05:46:00+00:00,106.96708851377154,3911.8781437063362,0.02734417703830233,3929.779860625171,0.8867218756674902,0 days 21:30:00
582,52,GRID_BUY,CLOSED,2024-12-20 08:41:00+00:00,96000.0,96000.0,98000.0,97000.0,2024-12-20 15:26:00+00:00,106.96708851377154,3899.2465046833804,0.02743275870999525,3916.4649760097764,0.898185928642576,0 days 06:45:00
583,52,GRID_BUY,CLOSED,2024-12-20 09:47:00+00:00,95000.0,95000.0,98000.0,96000.0,2024-12-20 14:38:00+00:00,106.96708851377154,3885.501739395578,0.027529800702241137,3902.9351627752967,0.909891330101317,0 days 04:51:00
584,52,GRID_BUY,CLOSED,2024-12-20 10:14:00+00:00,94000.0,94000.0,98000.0,95000.0,2024-12-20 10:28:00+00:00,106.96708851377154,3870.6321307243525,0.027635560523741547,3886.424615020947,0.9218457826549127,0 days 00:14:00
585,52,GRID_BUY,CLOSED,2024-12-20 11:20:00+00:00,94000.0,94000.0,98000.0,95000.0,2024-12-20 13:33:00+00:00,106.96708851377154,3871.553976507007,0.027628980291340113,3888.280518123812,0.9218457826549127,0 days 02:13:00
586,52,GRID_BUY,CLOSED,2024-12-20 11:35:00+00:00,93000.0,93000.0,98000.0,94000.0,2024-12-20 12:46:00+00:00,106.96708851377154,3855.547558033385,0.02774368281125099,3872.4890758936917,0.9340573202097033,0 days 01:11:00
587,53,GRID_BUY,CLOSED,2024-12-20 21:10:00+00:00,96000.0,96000.0,93000.0,97000.0,2024-12-20 22:18:00+00:00,106.96708851377154,3903.832330827644,0.027400533488356468,3917.3631619384187,0.898185928642576,0 days 01:08:00
588,54,GRID_BUY,CLOSED,2024-12-21 11:23:00+00:00,98000.0,98000.0,98000.0,99000.0,2024-12-24 17:27:00+00:00,106.96708851377154,3930.6543577244793,0.02721355753490789,3953.825399204028,0.8754917829572264,3 days 06:04:00
589,54,GRID_BUY,CLOSED,2024-12-21 13:22:00+00:00,97000.0,97000.0,98000.0,98000.0,2024-12-21 20:19:00+00:00,106.96708851377154,3919.1243694378663,0.027293619296167988,3931.542074283795,0.8867218756674902,0 days 06:57:00
590,54,GRID_BUY,CLOSED,2024-12-21 21:38:00+00:00,97000.0,97000.0,98000.0,98000.0,2024-12-24 15:36:00+00:00,106.96708851377154,3920.011091313534,0.027287445372489637,3942.5103397780904,0.8867218756674902,2 days 17:58:00
591,54,GRID_BUY,CLOSED,2024-12-22 05:08:00+00:00,96000.0,96000.0,98000.0,97000.0,2024-12-22 09:38:00+00:00,106.96708851377154,3907.3794522905782,0.02737565926725275,3920.910283401353,0.898185928642576,0 days 04:30:00
592,54,GRID_BUY,CLOSED,2024-12-22 14:23:00+00:00,96000.0,96000.0,98000.0,97000.0,2024-12-24 14:37:00+00:00,106.96708851377154,3908.2776382192205,0.02736936789437261,3930.093641091339,0.898185928642576,2 days 00:14:00
593,54,GRID_BUY,CLOSED,2024-12-22 19:53:00+00:00,95000.0,95000.0,98000.0,96000.0,2024-12-23 03:58:00+00:00,106.96708851377154,3894.532872931418,0.027465961131625354,3911.0322389909265,0.909891330101317,0 days 08:05:00
594,54,GRID_BUY,CLOSED,2024-12-23 01:17:00+00:00,94000.0,94000.0,98000.0,95000.0,2024-12-23 01:37:00+00:00,106.96708851377154,3879.6632642601917,0.027571230085652543,3895.4557485567866,0.9218457826549127,0 days 00:20:00
595,54,GRID_BUY,CLOSED,2024-12-23 02:15:00+00:00,94000.0,94000.0,98000.0,95000.0,2024-12-23 03:08:00+00:00,106.96708851377154,3880.585110042847,0.027564680449075493,3896.3775943394417,0.9218457826549127,0 days 00:53:00
596,54,GRID_BUY,CLOSED,2024-12-23 06:35:00+00:00,95000.0,95000.0,98000.0,96000.0,2024-12-23 09:05:00+00:00,106.96708851377154,3897.2864558268293,0.027446555372865947,3911.942130321028,0.909891330101317,0 days 02:30:00
597,54,GRID_BUY,CLOSED,2024-12-23 13:41:00+00:00,95000.0,95000.0,98000.0,96000.0,2024-12-24 13:54:00+00:00,106.96708851377154,3898.1963471569306,0.02744014897858744,3916.563827856859,0.909891330101317,1 days 00:13:00
598,54,GRID_BUY,CLOSED,2024-12-23 14:48:00+00:00,94000.0,94000.0,98000.0,95000.0,2024-12-23 22:58:00+00:00,106.96708851377154,3883.3267384857045,0.027545219786343073,3900.987337422719,0.9218457826549127,0 days 08:10:00
599,54,GRID_BUY,CLOSED,2024-12-23 16:19:00+00:00,93000.0,93000.0,98000.0,94000.0,2024-12-23 16:48:00+00:00,106.96708851377154,3867.3203200120824,0.02765922645720677,3884.261837872389,0.9340573202097033,0 days 00:29:00
600,55,GRID_BUY,CLOSED,2024-12-23 18:48:00+00:00,93000.0,93000.0,93000.0,94000.0,2024-12-23 21:12:00+00:00,106.96708851377154,3868.2543773322923,0.027652547655756924,3885.195895192599,0.9340573202097033,0 days 02:24:00
601,55,GRID_BUY,CLOSED,2024-12-24 02:11:00+00:00,94000.0,94000.0,93000.0,95000.0,2024-12-24 13:33:00+00:00,106.96708851377154,3886.1166989087797,0.027525444242013593,3901.909183205374,0.9218457826549127,0 days 11:22:00
602,56,GRID_BUY,CLOSED,2024-12-24 19:38:00+00:00,98000.0,98000.0,98000.0,99000.0,2024-12-24 22:18:00+00:00,106.96708851377154,3943.3848368773997,0.02712570366286499,3954.7008909869846,0.8754917829572264,0 days 02:40:00
603,56,GRID_BUY,CLOSED,2024-12-25 01:36:00+00:00,98000.0,98000.0,98000.0,99000.0,2024-12-25 10:19:00+00:00,106.96708851377154,3944.260328660356,0.027119682678273485,3955.576382769942,0.8754917829572264,0 days 08:43:00
604,56,GRID_BUY,CLOSED,2024-12-25 11:59:00+00:00,98000.0,98000.0,98000.0,99000.0,2024-12-25 19:14:00+00:00,106.96708851377154,3945.1358204433136,0.02711366436599683,3956.4518745528985,0.8754917829572264,0 days 07:15:00
605,56,GRID_BUY,CLOSED,2024-12-26 07:05:00+00:00,98000.0,98000.0,98000.0,99000.0,2025-01-06 02:05:00+00:00,106.96708851377154,3946.01131222627,0.02710764872425634,3969.229689150361,0.8754917829572264,10 days 19:00:00
606,56,GRID_BUY,CLOSED,2024-12-26 08:06:00+00:00,97000.0,97000.0,98000.0,98000.0,2025-01-03 16:22:00+00:00,106.96708851377154,3934.481323939657,0.027187087625228257,3957.9146297244242,0.8867218756674902,8 days 08:16:00
607,56,GRID_BUY,CLOSED,2024-12-26 08:32:00+00:00,96000.0,96000.0,98000.0,97000.0,2024-12-27 09:05:00+00:00,106.96708851377154,3921.8496849167013,0.027274652806088737,3936.2904073575774,0.898185928642576,1 days 00:33:00
608,56,GRID_BUY,CLOSED,2024-12-27 07:39:00+00:00,95000.0,95000.0,98000.0,96000.0,2024-12-27 08:11:00+00:00,106.96708851377154,3908.1049196288996,0.027370577482840143,3922.7605941230977,0.909891330101317,0 days 00:32:00
609,56,GRID_BUY,CLOSED,2024-12-27 14:33:00+00:00,96000.0,96000.0,98000.0,97000.0,2025-01-02 14:31:00+00:00,106.96708851377154,3923.657762175445,0.027262084258455912,3945.497931037672,0.898185928642576,5 days 23:58:00
610,56,GRID_BUY,CLOSED,2024-12-27 15:17:00+00:00,95000.0,95000.0,98000.0,96000.0,2024-12-31 13:28:00+00:00,106.96708851377154,3909.912996887643,0.027357920393348688,3929.202323370226,0.909891330101317,3 days 22:11:00
611,56,GRID_BUY,CLOSED,2024-12-27 17:04:00+00:00,94000.0,94000.0,98000.0,95000.0,2024-12-28 14:15:00+00:00,106.96708851377154,3895.043388216417,0.027462361224877895,3910.8358725130115,0.9218457826549127,0 days 21:11:00
612,56,GRID_BUY,CLOSED,2024-12-29 16:20:00+00:00,94000.0,94000.0,98000.0,95000.0,2024-12-30 20:24:00+00:00,106.96708851377154,3895.9652339990716,0.027455863204398665,3912.6917756158764,0.9218457826549127,1 days 04:04:00
613,56,GRID_BUY,CLOSED,2024-12-30 13:49:00+00:00,93000.0,93000.0,98000.0,94000.0,2024-12-30 17:44:00+00:00,106.96708851377154,3879.9588155254496,0.027569129879870993,3896.9003333857563,0.9340573202097033,0 days 03:55:00
614,57,GRID_BUY,CLOSED,2024-12-30 21:11:00+00:00,94000.0,94000.0,93000.0,95000.0,2024-12-31 13:12:00+00:00,106.96708851377154,3897.821137101937,0.027442790408105405,3914.5476787187413,0.9218457826549127,0 days 16:01:00
615,57,GRID_BUY,CLOSED,2024-12-30 21:40:00+00:00,93000.0,93000.0,93000.0,94000.0,2024-12-31 08:29:00+00:00,106.96708851377154,3881.8147186283145,0.02755594902570972,3898.7562364886217,0.9340573202097033,0 days 10:49:00
616,57,GRID_BUY,CLOSED,2024-12-31 15:08:00+00:00,95000.0,95000.0,93000.0,96000.0,2025-01-02 04:47:00+00:00,106.96708851377154,3915.456540206129,0.027319186770526707,3931.9681178031924,0.909891330101317,1 days 13:39:00
617,57,GRID_BUY,CLOSED,2024-12-31 17:35:00+00:00,94000.0,94000.0,93000.0,95000.0,2025-01-01 21:21:00+00:00,106.96708851377154,3900.5869315349028,0.02742333151172185,3917.3134731517075,0.9218457826549127,1 days 03:46:00
618,57,GRID_BUY,CLOSED,2025-01-01 09:26:00+00:00,93000.0,93000.0,93000.0,94000.0,2025-01-01 13:58:00+00:00,106.96708851377154,3884.5805130612807,0.027536329380768866,3901.5220309215874,0.9340573202097033,0 days 04:32:00
619,58,GRID_BUY,CLOSED,2025-01-07 11:37:00+00:00,101000.0,101000.0,98000.0,102000.0,2025-01-17 02:15:00+00:00,106.96708851377154,3989.4418016677737,0.02681254517086934,4020.2332885898195,0.8431357732672353,9 days 14:38:00
620,58,GRID_BUY,CLOSED,2025-01-07 14:57:00+00:00,100000.0,100000.0,98000.0,101000.0,2025-01-17 01:38:00+00:00,106.96708851377154,3981.150219163623,0.026868387934440626,4012.1566018968224,0.8537054030993119,9 days 10:41:00
621,58,GRID_BUY,CLOSED,2025-01-07 15:07:00+00:00,99000.0,99000.0,98000.0,100000.0,2025-01-15 20:03:00+00:00,106.96708851377154,3971.7900354452204,0.026931707758761473,4001.2713444397605,0.8644885608067483,8 days 04:56:00
622,58,GRID_BUY,CLOSED,2025-01-07 15:35:00+00:00,98000.0,98000.0,98000.0,99000.0,2025-01-15 13:48:00+00:00,106.96708851377154,3961.3504565609064,0.027002682465675176,3991.046683174788,0.8754917829572264,7 days 22:13:00
623,58,GRID_BUY,CLOSED,2025-01-07 17:38:00+00:00,97000.0,97000.0,98000.0,98000.0,2025-01-15 13:30:00+00:00,106.96708851377154,3949.8204682742935,0.02708150645654694,3979.7316237488503,0.8867218756674902,7 days 19:52:00
624,58,GRID_BUY,CLOSED,2025-01-08 06:32:00+00:00,96000.0,96000.0,98000.0,97000.0,2025-01-14 09:47:00+00:00,106.96708851377154,3937.1888292513377,0.027168391751764543,3965.5185532048145,0.898185928642576,6 days 03:15:00
625,58,GRID_BUY,CLOSED,2025-01-08 11:34:00+00:00,95000.0,95000.0,98000.0,96000.0,2025-01-08 15:06:00+00:00,106.96708851377154,3923.444063963535,0.02726356914228858,3938.0997384577336,0.909891330101317,0 days 03:32:00
626,58,GRID_BUY,CLOSED,2025-01-08 15:15:00+00:00,95000.0,95000.0,98000.0,96000.0,2025-01-14 09:24:00+00:00,106.96708851377154,3924.3539552936363,0.027257247876298615,3951.9887399703343,0.909891330101317,5 days 18:09:00
627,58,GRID_BUY,CLOSED,2025-01-08 17:09:00+00:00,94000.0,94000.0,98000.0,95000.0,2025-01-08 18:28:00+00:00,106.96708851377154,3909.48434662241,0.0273609200165197,3926.210888239215,0.9218457826549127,0 days 01:19:00
628,58,GRID_BUY,CLOSED,2025-01-08 17:29:00+00:00,93000.0,93000.0,98000.0,94000.0,2025-01-08 17:57:00+00:00,106.96708851377154,3893.477928148788,0.02747340308273704,3910.419446009095,0.9340573202097033,0 days 00:28:00
629,59,GRID_BUY,CLOSED,2025-01-08 18:53:00+00:00,94000.0,94000.0,93000.0,95000.0,2025-01-08 22:38:00+00:00,106.96708851377154,3911.3402497252755,0.027347937454759833,3927.13273402187,0.9218457826549127,0 days 03:45:00
630,59,GRID_BUY,CLOSED,2025-01-09 02:07:00+00:00,94000.0,94000.0,93000.0,95000.0,2025-01-10 07:47:00+00:00,106.96708851377154,3912.26209550793,0.027341493463996558,3929.9226944449447,0.9218457826549127,1 days 05:40:00
631,59,GRID_BUY,CLOSED,2025-01-09 08:07:00+00:00,93000.0,93000.0,93000.0,94000.0,2025-01-09 15:48:00+00:00,106.96708851377154,3896.255677034308,0.027453816530641825,3913.1971948946148,0.9340573202097033,0 days 07:41:00
632,59,GRID_BUY,CLOSED,2025-01-09 17:48:00+00:00,93000.0,93000.0,93000.0,94000.0,2025-01-10 05:33:00+00:00,106.96708851377154,3897.189734354518,0.027447236548642978,3914.1312522148246,0.9340573202097033,0 days 11:45:00
633,59,GRID_BUY,CLOSED,2025-01-10 13:30:00+00:00,94000.0,94000.0,93000.0,95000.0,2025-01-10 17:54:00+00:00,106.96708851377154,3915.0520559310053,0.027322009256996866,3932.7126548680194,0.9218457826549127,0 days 04:24:00
634,59,GRID_BUY,CLOSED,2025-01-10 13:37:00+00:00,93000.0,93000.0,93000.0,94000.0,2025-01-10 14:08:00+00:00,106.96708851377154,3899.045637457383,0.02743417196407225,3915.98715531769,0.9340573202097033,0 days 00:31:00
635,59,GRID_BUY,CLOSED,2025-01-10 15:09:00+00:00,93000.0,93000.0,93000.0,94000.0,2025-01-10 15:39:00+00:00,106.96708851377154,3899.9796947775926,0.02742760139418409,3916.9212126378998,0.9340573202097033,0 days 00:30:00
636,59,GRID_BUY,CLOSED,2025-01-11 04:32:00+00:00,94000.0,94000.0,93000.0,95000.0,2025-01-11 21:54:00+00:00,106.96708851377154,3917.8420163540795,0.027302552800052535,3933.6345006506745,0.9218457826549127,0 days 17:22:00
637,59,GRID_BUY,CLOSED,2025-01-12 09:25:00+00:00,94000.0,94000.0,93000.0,95000.0,2025-01-12 15:19:00+00:00,106.96708851377154,3918.763862136735,0.0272961301769908,3934.5563464333295,0.9218457826549127,0 days 05:54:00
638,59,GRID_BUY,CLOSED,2025-01-12 22:13:00+00:00,94000.0,94000.0,93000.0,95000.0,2025-01-13 00:27:00+00:00,106.96708851377154,3919.6857079193896,0.027289710574920252,3935.4781922159846,0.9218457826549127,0 days 02:14:00
639,59,GRID_BUY,CLOSED,2025-01-13 02:47:00+00:00,94000.0,94000.0,93000.0,95000.0,2025-01-14 01:11:00+00:00,106.96708851377154,3920.607553702045,0.027283293991709923,3937.3340953188494,0.9218457826549127,0 days 22:24:00
640,59,GRID_BUY,CLOSED,2025-01-13 08:22:00+00:00,93000.0,93000.0,93000.0,94000.0,2025-01-13 21:31:00+00:00,106.96708851377154,3904.6011352284227,0.027395138404454178,3921.54265308873,0.9340573202097033,0 days 13:09:00
641,59,GRID_BUY,CLOSED,2025-01-14 12:24:00+00:00,96000.0,96000.0,93000.0,97000.0,2025-01-14 13:30:00+00:00,106.96708851377154,3952.885908022682,0.02706050490773683,3966.4167391334568,0.898185928642576,0 days 01:06:00
642,59,GRID_BUY,CLOSED,2025-01-14 16:02:00+00:00,96000.0,96000.0,93000.0,97000.0,2025-01-14 19:26:00+00:00,106.96708851377154,3953.7840939513244,0.027054357540012005,3967.314925062099,0.898185928642576,0 days 03:24:00
643,60,GRID_BUY,CLOSED,2025-01-16 08:47:00+00:00,99000.0,99000.0,98000.0,100000.0,2025-01-16 17:33:00+00:00,106.96708851377154,3991.910188293281,0.026795965707711658,4003.0113247835243,0.8644885608067483,0 days 08:46:00
644,60,GRID_BUY,CLOSED,2025-01-16 14:45:00+00:00,98000.0,98000.0,98000.0,99000.0,2025-01-16 15:57:00+00:00,106.96708851377154,3981.470609408966,0.026866225826454208,3992.786663518552,0.8754917829572264,0 days 01:12:00
645,60,GRID_BUY,CLOSED,2025-01-17 02:49:00+00:00,101000.0,101000.0,98000.0,102000.0,2025-01-17 08:31:00+00:00,106.96708851377154,4012.9987760359636,0.026655151043787143,4021.0764243630865,0.8431357732672353,0 days 05:42:00
646,61,GRID_BUY,CLOSED,2025-01-18 03:37:00+00:00,104000.0,104000.0,103000.0,105000.0,2025-01-19 02:24:00+00:00,106.96708851377154,4034.8778549711915,0.02651061379267831,4040.63496935799,0.8126464564439857,0 days 22:47:00
647,61,GRID_BUY,CLOSED,2025-01-18 04:19:00+00:00,103000.0,103000.0,103000.0,104000.0,2025-01-18 12:21:00+00:00,106.96708851377154,4029.7294186275603,0.02654448410836533,4035.701397701205,0.8226122201952535,0 days 08:02:00
648,61,GRID_BUY,CLOSED,2025-01-19 09:14:00+00:00,104000.0,104000.0,103000.0,105000.0,2025-01-19 09:51:00+00:00,106.96708851377154,4036.5131136478303,0.026499873901587426,4041.447615814434,0.8126464564439857,0 days 00:37:00
649,61,GRID_BUY,CLOSED,2025-01-19 21:26:00+00:00,105000.0,105000.0,103000.0,106000.0,2025-01-20 06:48:00+00:00,106.96708851377154,4042.2495657971185,0.026462267302557796,4053.684236457728,0.8028705167641306,0 days 09:22:00
650,61,GRID_BUY,CLOSED,2025-01-19 21:47:00+00:00,104000.0,104000.0,103000.0,105000.0,2025-01-20 06:45:00+00:00,106.96708851377154,4038.128630621038,0.026489272209568197,4049.7781559927544,0.8126464564439857,0 days 08:58:00
651,61,GRID_BUY,CLOSED,2025-01-19 22:08:00+00:00,103000.0,103000.0,103000.0,104000.0,2025-01-19 22:14:00+00:00,106.96708851377154,4032.980194277407,0.026523087979839915,4038.952173351052,0.8226122201952535,0 days 00:06:00
652,61,GRID_BUY,CLOSED,2025-01-19 22:43:00+00:00,103000.0,103000.0,103000.0,104000.0,2025-01-20 06:43:00+00:00,106.96708851377154,4033.802806497602,0.026517679134307266,4044.8445843359696,0.8226122201952535,0 days 08:00:00
653,61,GRID_BUY,CLOSED,2025-01-19 22:48:00+00:00,102000.0,102000.0,103000.0,103000.0,2025-01-19 22:54:00+00:00,106.96708851377154,4027.6168932469295,0.026558406956014694,4034.6365205698417,0.8327733910789448,0 days 00:06:00
654,61,GRID_BUY,CLOSED,2025-01-19 23:01:00+00:00,102000.0,102000.0,103000.0,103000.0,2025-01-20 06:37:00+00:00,106.96708851377154,4028.4496666380082,0.026552916721196675,4038.8735459434856,0.8327733910789448,0 days 07:36:00
655,61,GRID_BUY,CLOSED,2025-01-19 23:12:00+00:00,101000.0,101000.0,103000.0,102000.0,2025-01-20 02:34:00+00:00,106.96708851377154,4021.2161051380685,0.026600681415031493,4031.8548696744892,0.8431357732672353,0 days 03:22:00
656,61,GRID_BUY,CLOSED,2025-01-19 23:32:00+00:00,100000.0,100000.0,103000.0,101000.0,2025-01-19 23:34:00+00:00,106.96708851377154,4012.9245226339185,0.026655644259055925,4022.0707721752933,0.8537054030993119,0 days 00:02:00
657,61,GRID_BUY,CLOSED,2025-01-19 23:39:00+00:00,100000.0,100000.0,103000.0,101000.0,2025-01-19 23:43:00+00:00,106.96708851377154,4013.778228037018,0.026649974771048815,4022.9244775783927,0.8537054030993119,0 days 00:04:00
658,61,GRID_BUY,CLOSED,2025-01-20 00:39:00+00:00,100000.0,100000.0,103000.0,101000.0,2025-01-20 02:02:00+00:00,106.96708851377154,4014.6319334401173,0.02664430769425779,4023.778182981492,0.8537054030993119,0 days 01:23:00
659,62,GRID_BUY,CLOSED,2025-01-20 06:56:00+00:00,109000.0,109000.0,108000.0,110000.0,2025-05-21 23:25:00+00:00,106.96708851377154,4059.2266185104663,0.026351593189202906,4196.498285517122,0.7655605084447359,121 days 16:29:00
660,62,GRID_BUY,CLOSED,2025-01-20 06:56:00+00:00,108000.0,108000.0,108000.0,109000.0,2025-01-20 07:04:00+00:00,106.96708851377154,4058.139283335482,0.026358653817779444,4060.785996723129,0.7746289132445838,0 days 00:08:00
661,62,GRID_BUY,CLOSED,2025-01-20 06:58:00+00:00,107000.0,107000.0,108000.0,108000.0,2025-01-20 07:00:00+00:00,106.96708851377154,4056.0625025917457,0.02637214994725097,4058.924041882055,0.7838668209379165,0 days 00:02:00
662,62,GRID_BUY,CLOSED,2025-01-20 07:22:00+00:00,108000.0,108000.0,108000.0,109000.0,2025-01-20 09:06:00+00:00,106.96708851377154,4059.6977790696646,0.02634853487499863,4062.3444924573114,0.7746289132445838,0 days 01:44:00
663,62,GRID_BUY,CLOSED,2025-01-20 07:59:00+00:00,107000.0,107000.0,108000.0,108000.0,2025-01-20 08:14:00+00:00,106.96708851377154,4057.620998325928,0.026362020641628053,4060.4825376162376,0.7838668209379165,0 days 00:15:00
664,62,GRID_BUY,CLOSED,2025-01-20 09:27:00+00:00,108000.0,108000.0,108000.0,109000.0,2025-05-21 14:59:00+00:00,106.96708851377154,4061.256274803847,0.026338423698449784,4194.067271263462,0.7746289132445838,121 days 05:32:00
665,62,GRID_BUY,CLOSED,2025-01-20 12:16:00+00:00,107000.0,107000.0,108000.0,108000.0,2025-01-20 13:36:00+00:00,106.96708851377154,4059.1794940601108,0.026351899114168,4062.8343123791965,0.7838668209379165,0 days 01:20:00
666,62,GRID_BUY,CLOSED,2025-01-20 12:18:00+00:00,106000.0,106000.0,108000.0,107000.0,2025-01-20 12:30:00+00:00,106.96708851377154,4056.104020592774,0.026371880003742847,4059.9736742361515,0.7932790287763822,0 days 00:12:00
667,62,GRID_BUY,CLOSED,2025-01-20 15:17:00+00:00,107000.0,107000.0,108000.0,108000.0,2025-05-21 14:49:00+00:00,106.96708851377154,4060.756639909825,0.026341664374190842,4192.205316422389,0.7838668209379165,120 days 23:32:00
668,62,GRID_BUY,CLOSED,2025-01-20 15:45:00+00:00,106000.0,106000.0,108000.0,107000.0,2025-01-20 16:43:00+00:00,106.96708851377154,4057.681166442488,0.02636162974025713,4063.1663370590736,0.7932790287763822,0 days 00:58:00
669,62,GRID_BUY,CLOSED,2025-01-20 15:56:00+00:00,105000.0,105000.0,108000.0,106000.0,2025-01-20 16:38:00+00:00,106.96708851377154,4053.5975786220824,0.02638818640456468,4059.2975941640498,0.8028705167641306,0 days 00:42:00
670,62,GRID_BUY,CLOSED,2025-01-20 16:13:00+00:00,104000.0,104000.0,108000.0,105000.0,2025-01-20 16:15:00+00:00,106.96708851377154,4048.496275359532,0.026421436809713303,4054.4111456126057,0.8126464564439857,0 days 00:02:00
671,62,GRID_BUY,CLOSED,2025-01-20 17:04:00+00:00,106000.0,106000.0,108000.0,107000.0,2025-01-21 18:36:00+00:00,106.96708851377154,4060.0899624444723,0.02634598974486011,4080.4448905435174,0.7932790287763822,1 days 01:32:00
672,62,GRID_BUY,CLOSED,2025-01-20 17:04:00+00:00,105000.0,105000.0,108000.0,106000.0,2025-01-21 16:11:00+00:00,106.96708851377154,4056.0063746240667,0.026372514891248377,4075.7732771317296,0.8028705167641306,0 days 23:07:00
673,62,GRID_BUY,CLOSED,2025-01-20 17:05:00+00:00,104000.0,104000.0,108000.0,105000.0,2025-01-20 17:09:00+00:00,106.96708851377154,4050.905071361516,0.026405725789525776,4058.475327225863,0.8126464564439857,0 days 00:04:00
674,62,GRID_BUY,CLOSED,2025-01-20 17:06:00+00:00,103000.0,103000.0,108000.0,104000.0,2025-01-20 17:08:00+00:00,106.96708851377154,4044.7762669314147,0.026445736786060242,4052.5613874826086,0.8226122201952535,0 days 00:02:00
675,62,GRID_BUY,CLOSED,2025-01-20 17:06:00+00:00,102000.0,102000.0,108000.0,103000.0,2025-01-20 17:07:00+00:00,106.96708851377154,4037.609985594272,0.02649267484859058,4045.609981003654,0.8327733910789448,0 days 00:01:00
676,62,GRID_BUY,CLOSED,2025-01-20 17:14:00+00:00,104000.0,104000.0,108000.0,105000.0,2025-01-20 17:21:00+00:00,106.96708851377154,4053.373103429233,0.02638964777835904,4059.287973682307,0.8126464564439857,0 days 00:07:00
677,62,GRID_BUY,CLOSED,2025-01-20 17:33:00+00:00,104000.0,104000.0,108000.0,105000.0,2025-01-21 14:22:00+00:00,106.96708851377154,4054.185749885677,0.026384358071602387,4069.2515699036467,0.8126464564439857,0 days 20:49:00
678,62,GRID_BUY,CLOSED,2025-01-20 17:37:00+00:00,103000.0,103000.0,108000.0,104000.0,2025-01-20 17:52:00+00:00,106.96708851377154,4048.056945455576,0.026424304290940073,4057.5283375533036,0.8226122201952535,0 days 00:15:00
679,63,GRID_BUY,CLOSED,2025-01-20 17:39:00+00:00,102000.0,102000.0,103000.0,103000.0,2025-01-20 17:50:00+00:00,106.96708851377154,4040.890664118433,0.026471166236591966,4050.5769310743494,0.8327733910789448,0 days 00:11:00
680,63,GRID_BUY,CLOSED,2025-01-20 17:42:00+00:00,101000.0,101000.0,103000.0,102000.0,2025-01-20 17:43:00+00:00,106.96708851377154,4032.676734532023,0.026525083847610875,4041.734750945616,0.8431357732672353,0 days 00:01:00
681,63,GRID_BUY,CLOSED,2025-01-20 17:44:00+00:00,101000.0,101000.0,103000.0,102000.0,2025-01-20 17:46:00+00:00,106.96708851377154,4033.51987030529,0.02651953924939395,4042.577886718883,0.8431357732672353,0 days 00:02:00
682,63,GRID_BUY,CLOSED,2025-01-20 17:57:00+00:00,103000.0,103000.0,103000.0,104000.0,2025-01-20 18:10:00+00:00,106.96708851377154,4051.3986026133834,0.026402509110007508,4058.3509497734985,0.8226122201952535,0 days 00:13:00
683,63,GRID_BUY,CLOSED,2025-01-20 19:32:00+00:00,103000.0,103000.0,103000.0,104000.0,2025-01-20 20:23:00+00:00,106.96708851377154,4052.2212148335784,0.02639714932694379,4059.1735619936935,0.8226122201952535,0 days 00:51:00
684,63,GRID_BUY,CLOSED,2025-01-20 21:48:00+00:00,103000.0,103000.0,103000.0,104000.0,2025-01-21 12:15:00+00:00,106.96708851377154,4053.0438270537734,0.026391791719540262,4063.3376301603917,0.8226122201952535,0 days 14:27:00
685,63,GRID_BUY,CLOSED,2025-01-20 22:03:00+00:00,102000.0,102000.0,103000.0,103000.0,2025-01-20 22:16:00+00:00,106.96708851377154,4045.8775457166307,0.02643853831587601,4053.877541126013,0.8327733910789448,0 days 00:13:00
686,63,GRID_BUY,CLOSED,2025-01-20 23:52:00+00:00,102000.0,102000.0,103000.0,103000.0,2025-01-21 03:21:00+00:00,106.96708851377154,4046.7103191077094,0.02643309752336252,4055.553450290359,0.8327733910789448,0 days 03:29:00
687,63,GRID_BUY,CLOSED,2025-01-21 01:26:00+00:00,101000.0,101000.0,103000.0,102000.0,2025-01-21 02:10:00+00:00,106.96708851377154,4038.4963895212995,0.02648686000842279,4047.554405934892,0.8431357732672353,0 days 00:44:00
688,63,GRID_BUY,CLOSED,2025-01-21 04:35:00+00:00,102000.0,102000.0,103000.0,103000.0,2025-01-21 10:27:00+00:00,106.96708851377154,4048.386228272055,0.02642215502235506,4056.3862236814375,0.8327733910789448,0 days 05:52:00
689,63,GRID_BUY,CLOSED,2025-01-21 14:35:00+00:00,104000.0,104000.0,103000.0,105000.0,2025-01-21 16:09:00+00:00,106.96708851377154,4064.1493461070168,0.026319674648825,4070.8868285802855,0.8126464564439857,0 days 01:34:00
690,63,GRID_BUY,CLOSED,2025-01-21 15:02:00+00:00,103000.0,103000.0,103000.0,104000.0,2025-01-21 15:41:00+00:00,106.96708851377154,4058.0205416769154,0.026359425097825902,4064.9728888370305,0.8226122201952535,0 days 00:39:00
691,63,GRID_BUY,CLOSED,2025-01-21 16:37:00+00:00,105000.0,105000.0,103000.0,106000.0,2025-01-21 17:46:00+00:00,106.96708851377154,4071.6887785629706,0.02627093924195347,4076.5761476484936,0.8028705167641306,0 days 01:09:00
692,63,GRID_BUY,CLOSED,2025-01-21 20:43:00+00:00,106000.0,106000.0,103000.0,107000.0,2025-01-24 18:27:00+00:00,106.96708851377154,4077.368515928916,0.026234344061834704,4094.2516231666355,0.7932790287763822,2 days 21:44:00
693,63,GRID_BUY,CLOSED,2025-01-22 08:02:00+00:00,105000.0,105000.0,103000.0,106000.0,2025-01-23 14:50:00+00:00,106.96708851377154,4073.284928108511,0.026260644762565937,4081.4529757181954,0.8028705167641306,1 days 06:48:00
694,63,GRID_BUY,CLOSED,2025-01-22 13:53:00+00:00,104000.0,104000.0,103000.0,105000.0,2025-01-22 15:15:00+00:00,106.96708851377154,4068.18362484596,0.026293574326508383,4074.0984950990337,0.8126464564439857,0 days 01:22:00
695,63,GRID_BUY,CLOSED,2025-01-22 15:36:00+00:00,104000.0,104000.0,103000.0,105000.0,2025-01-23 14:40:00+00:00,106.96708851377154,4068.996271302404,0.026288323060943364,4076.5665271667513,0.8126464564439857,0 days 23:04:00
696,63,GRID_BUY,CLOSED,2025-01-23 01:49:00+00:00,103000.0,103000.0,103000.0,104000.0,2025-01-23 14:34:00+00:00,106.96708851377154,4062.8674668723024,0.02632797879476918,4070.6525874234962,0.8226122201952535,0 days 12:45:00
697,63,GRID_BUY,CLOSED,2025-01-23 04:18:00+00:00,102000.0,102000.0,103000.0,103000.0,2025-01-23 14:31:00+00:00,106.96708851377154,4055.7011855351598,0.02637449940722321,4063.701180944542,0.8327733910789448,0 days 10:13:00
698,63,GRID_BUY,CLOSED,2025-01-23 14:54:00+00:00,105000.0,105000.0,103000.0,106000.0,2025-01-23 16:10:00+00:00,106.96708851377154,4077.368477149436,0.026234344311347163,4083.8911049115977,0.8028705167641306,0 days 01:16:00
699,63,GRID_BUY,CLOSED,2025-01-23 15:07:00+00:00,104000.0,104000.0,103000.0,105000.0,2025-01-23 15:36:00+00:00,106.96708851377154,4072.2671738868853,0.02626720790808868,4079.0046563601536,0.8126464564439857,0 days 00:29:00
700,63,GRID_BUY,CLOSED,2025-01-23 15:08:00+00:00,103000.0,103000.0,103000.0,104000.0,2025-01-23 15:21:00+00:00,106.96708851377154,4066.138369456784,0.026306799915434706,4073.090716616899,0.8226122201952535,0 days 00:13:00
701,63,GRID_BUY,CLOSED,2025-01-23 17:00:00+00:00,105000.0,105000.0,103000.0,106000.0,2025-01-23 17:51:00+00:00,106.96708851377154,4079.8066063428387,0.026218666430774137,4084.693975428362,0.8028705167641306,0 days 00:51:00
702,63,GRID_BUY,CLOSED,2025-01-23 19:05:00+00:00,105000.0,105000.0,103000.0,106000.0,2025-01-23 20:20:00+00:00,106.96708851377154,4080.6094768596026,0.02621350784003285,4087.1221388580134,0.8028705167641306,0 days 01:15:00
703,63,GRID_BUY,CLOSED,2025-01-23 19:49:00+00:00,104000.0,104000.0,103000.0,105000.0,2025-01-23 20:12:00+00:00,106.96708851377154,4075.508173597052,0.02624631922142906,4081.4230438501254,0.8126464564439857,0 days 00:23:00
704,63,GRID_BUY,CLOSED,2025-01-23 20:17:00+00:00,104000.0,104000.0,103000.0,105000.0,2025-01-23 20:20:00+00:00,106.96708851377154,4076.320820053496,0.026241086812290634,4082.2356903065693,0.8126464564439857,0 days 00:03:00
705,63,GRID_BUY,CLOSED,2025-01-23 20:30:00+00:00,105000.0,105000.0,103000.0,106000.0,2025-01-24 14:44:00+00:00,106.96708851377154,4083.0376402892543,0.02619791878925556,4090.3828802716116,0.8028705167641306,0 days 18:14:00
706,63,GRID_BUY,CLOSED,2025-01-23 20:49:00+00:00,104000.0,104000.0,103000.0,105000.0,2025-01-24 05:11:00+00:00,106.96708851377154,4077.9363370267038,0.026230691132310115,4085.4964317201675,0.8126464564439857,0 days 08:22:00
707,63,GRID_BUY,CLOSED,2025-01-23 20:54:00+00:00,103000.0,103000.0,103000.0,104000.0,2025-01-23 22:21:00+00:00,106.96708851377154,4071.8075325966024,0.026270173051514138,4078.759879756717,0.8226122201952535,0 days 01:27:00
708,63,GRID_BUY,CLOSED,2025-01-24 02:47:00+00:00,103000.0,103000.0,103000.0,104000.0,2025-01-24 03:36:00+00:00,106.96708851377154,4072.6301448167974,0.02626486685757794,4079.582491976912,0.8226122201952535,0 days 00:49:00
709,63,GRID_BUY,CLOSED,2025-01-24 19:09:00+00:00,106000.0,106000.0,103000.0,107000.0,2025-05-19 00:08:00+00:00,106.96708851377154,4091.175248552034,0.026145809459428505,4183.684347120546,0.7932790287763822,114 days 04:59:00
710,63,GRID_BUY,CLOSED,2025-01-24 20:35:00+00:00,105000.0,105000.0,103000.0,106000.0,2025-01-30 14:52:00+00:00,106.96708851377154,4087.0916607316285,0.02617193285423489,4107.1490570472,0.8028705167641306,5 days 18:17:00
711,63,GRID_BUY,CLOSED,2025-01-26 23:01:00+00:00,104000.0,104000.0,103000.0,105000.0,2025-01-30 03:47:00+00:00,106.96708851377154,4081.990357469078,0.026204640174626342,4102.262608495756,0.8126464564439857,3 days 04:46:00
712,63,GRID_BUY,CLOSED,2025-01-26 23:17:00+00:00,103000.0,103000.0,103000.0,104000.0,2025-01-29 20:24:00+00:00,106.96708851377154,4075.8615530389766,0.02624404365109421,4096.348668752501,0.8226122201952535,2 days 21:07:00
713,63,GRID_BUY,CLOSED,2025-01-27 00:47:00+00:00,102000.0,102000.0,103000.0,103000.0,2025-01-28 04:28:00+00:00,106.96708851377154,4068.695271701834,0.02629026785508807,4084.3902595448862,0.8327733910789448,1 days 03:41:00
714,63,GRID_BUY,CLOSED,2025-01-27 02:02:00+00:00,101000.0,101000.0,103000.0,102000.0,2025-01-27 14:51:00+00:00,106.96708851377154,4060.481342115424,0.026343450320607552,4072.9867496789793,0.8431357732672353,0 days 12:49:00
715,63,GRID_BUY,CLOSED,2025-01-27 05:50:00+00:00,100000.0,100000.0,103000.0,101000.0,2025-01-27 13:08:00+00:00,106.96708851377154,4051.2093915248033,0.026403742234985053,4063.0759894964126,0.8537054030993119,0 days 07:18:00
716,63,GRID_BUY,CLOSED,2025-01-27 06:45:00+00:00,99000.0,99000.0,103000.0,100000.0,2025-01-27 12:54:00+00:00,106.96708851377154,4040.8688397199303,0.026471309205172162,4052.9503442966443,0.8644885608067483,0 days 06:09:00
717,63,GRID_BUY,CLOSED,2025-01-27 07:29:00+00:00,98000.0,98000.0,103000.0,99000.0,2025-01-27 07:42:00+00:00,106.96708851377154,4029.4488927491457,0.026546332106669755,4041.7453149452012,0.8754917829572264,0 days 00:13:00
718,64,GRID_BUY,CLOSED,2025-01-27 13:53:00+00:00,100000.0,100000.0,98000.0,101000.0,2025-01-27 14:31:00+00:00,106.96708851377154,4053.8030772716666,0.026386848713372546,4063.929694899512,0.8537054030993119,0 days 00:38:00
719,64,GRID_BUY,CLOSED,2025-01-27 15:19:00+00:00,101000.0,101000.0,98000.0,102000.0,2025-01-27 21:08:00+00:00,106.96708851377154,4064.7718690386537,0.026315643770451008,4075.5480794161526,0.8431357732672353,0 days 05:49:00
720,64,GRID_BUY,CLOSED,2025-01-27 16:38:00+00:00,100000.0,100000.0,98000.0,101000.0,2025-01-27 20:45:00+00:00,106.96708851377154,4055.499918448033,0.026375808325673922,4066.4910246366853,0.8537054030993119,0 days 04:07:00
721,64,GRID_BUY,CLOSED,2025-01-27 18:50:00+00:00,99000.0,99000.0,98000.0,100000.0,2025-01-27 20:20:00+00:00,106.96708851377154,4045.15936664316,0.026443232223638508,4056.365379436917,0.8644885608067483,0 days 01:30:00
722,64,GRID_BUY,CLOSED,2025-01-27 21:43:00+00:00,101000.0,101000.0,98000.0,102000.0,2025-01-27 23:08:00+00:00,106.96708851377154,4067.3331987758265,0.026299071968327103,4076.3912151894197,0.8431357732672353,0 days 01:25:00
723,65,GRID_BUY,CLOSED,2025-01-28 14:13:00+00:00,102000.0,102000.0,103000.0,103000.0,2025-01-28 15:01:00+00:00,106.96708851377154,4077.2230375265826,0.026235280123076694,4085.2230329359645,0.8327733910789448,0 days 00:48:00
724,65,GRID_BUY,CLOSED,2025-01-28 16:25:00+00:00,102000.0,102000.0,103000.0,103000.0,2025-01-28 17:10:00+00:00,106.96708851377154,4078.055810917661,0.026229922657606142,4086.0558063270437,0.8327733910789448,0 days 00:45:00
725,65,GRID_BUY,CLOSED,2025-01-28 19:05:00+00:00,102000.0,102000.0,103000.0,103000.0,2025-01-29 08:05:00+00:00,106.96708851377154,4078.88858430874,0.026224567379768117,4087.731715491389,0.8327733910789448,0 days 13:00:00
726,65,GRID_BUY,CLOSED,2025-01-28 21:37:00+00:00,101000.0,101000.0,103000.0,102000.0,2025-01-29 02:04:00+00:00,106.96708851377154,4070.67465472233,0.02627748409951667,4079.732671135923,0.8431357732672353,0 days 04:27:00
727,65,GRID_BUY,CLOSED,2025-01-29 13:05:00+00:00,102000.0,102000.0,103000.0,103000.0,2025-01-29 18:55:00+00:00,106.96708851377154,4080.5644934730853,0.026213796812883796,4088.564488882468,0.8327733910789448,0 days 05:50:00
728,65,GRID_BUY,CLOSED,2025-01-29 19:03:00+00:00,102000.0,102000.0,103000.0,103000.0,2025-01-29 19:40:00+00:00,106.96708851377154,4081.3972668641645,0.026208448117072642,4089.3972622735464,0.8327733910789448,0 days 00:37:00
729,65,GRID_BUY,CLOSED,2025-01-30 17:38:00+00:00,105000.0,105000.0,103000.0,106000.0,2025-01-31 15:55:00+00:00,106.96708851377154,4103.064558478441,0.026070047641034114,4108.764574020408,0.8028705167641306,0 days 22:17:00
730,65,GRID_BUY,CLOSED,2025-01-31 03:05:00+00:00,104000.0,104000.0,103000.0,105000.0,2025-01-31 13:06:00+00:00,106.96708851377154,4097.96325521589,0.026102500645320274,4103.878125468964,0.8126464564439857,0 days 10:01:00
731,65,GRID_BUY,CLOSED,2025-01-31 16:26:00+00:00,105000.0,105000.0,103000.0,106000.0,2025-05-18 23:50:00+00:00,106.96708851377154,4104.680075451648,0.026059787010806607,4179.815604225521,0.8028705167641306,107 days 07:24:00
732,65,GRID_BUY,CLOSED,2025-01-31 18:29:00+00:00,104000.0,104000.0,103000.0,105000.0,2025-05-12 01:07:00+00:00,106.96708851377154,4099.578772189097,0.026092214458573057,4165.036699257268,0.8126464564439857,100 days 06:38:00
733,65,GRID_BUY,CLOSED,2025-01-31 18:45:00+00:00,103000.0,103000.0,103000.0,104000.0,2025-05-08 21:21:00+00:00,106.96708851377154,4093.449967758996,0.026131280302988984,4157.477535073624,0.8226122201952535,97 days 02:36:00
734,65,GRID_BUY,CLOSED,2025-01-31 20:16:00+00:00,102000.0,102000.0,103000.0,103000.0,2025-05-08 21:18:00+00:00,106.96708851377154,4086.2836864218534,0.026177107788479825,4150.526128594669,0.8327733910789448,97 days 01:02:00
735,65,GRID_BUY,CLOSED,2025-02-01 20:47:00+00:00,101000.0,101000.0,103000.0,102000.0,2025-02-03 22:06:00+00:00,106.96708851377154,4078.0697568354435,0.026229832958222208,4095.1115476643004,0.8431357732672353,2 days 01:19:00
736,65,GRID_BUY,CLOSED,2025-02-02 03:10:00+00:00,100000.0,100000.0,103000.0,101000.0,2025-02-03 19:35:00+00:00,106.96708851377154,4068.7978062448233,0.02628960533492168,4086.054492884833,0.8537054030993119,1 days 16:25:00
737,65,GRID_BUY,CLOSED,2025-02-02 11:28:00+00:00,99000.0,99000.0,103000.0,100000.0,2025-02-03 19:00:00+00:00,106.96708851377154,4058.4572544399502,0.026356588675844644,4075.9288476850647,0.8644885608067483,1 days 07:32:00
738,65,GRID_BUY,CLOSED,2025-02-02 17:17:00+00:00,98000.0,98000.0,103000.0,99000.0,2025-02-03 15:43:00+00:00,106.96708851377154,4047.0373074691656,0.026430961809112634,4064.723818333622,0.8754917829572264,0 days 22:26:00
739,66,GRID_BUY,CLOSED,2025-02-02 18:44:00+00:00,97000.0,97000.0,98000.0,98000.0,2025-02-02 19:39:00+00:00,106.96708851377154,4034.5269510960825,0.026512919559184306,4047.925024028481,0.8867218756674902,0 days 00:55:00
740,66,GRID_BUY,CLOSED,2025-02-02 21:29:00+00:00,97000.0,97000.0,98000.0,98000.0,2025-02-02 22:59:00+00:00,106.96708851377154,4035.4136729717497,0.026507093741147757,4048.811745904148,0.8867218756674902,0 days 01:30:00
741,66,GRID_BUY,CLOSED,2025-02-02 23:24:00+00:00,97000.0,97000.0,98000.0,98000.0,2025-02-03 15:25:00+00:00,106.96708851377154,4036.300394847417,0.026501270482821727,4052.428390821214,0.8867218756674902,0 days 16:01:00
742,66,GRID_BUY,CLOSED,2025-02-03 00:43:00+00:00,96000.0,96000.0,98000.0,97000.0,2025-02-03 15:17:00+00:00,106.96708851377154,4022.688387737991,0.026590945706813873,4039.0313240479923,0.898185928642576,0 days 14:34:00
743,66,GRID_BUY,CLOSED,2025-02-03 01:35:00+00:00,95000.0,95000.0,98000.0,96000.0,2025-02-03 14:33:00+00:00,106.96708851377154,4007.9632543637185,0.026688640021165323,4024.5211427270424,0.909891330101317,0 days 12:58:00
744,66,GRID_BUY,CLOSED,2025-02-03 01:44:00+00:00,94000.0,94000.0,98000.0,95000.0,2025-02-03 07:48:00+00:00,106.96708851377154,3992.113277606022,0.026794602526388538,4008.8861299890873,0.9218457826549127,0 days 06:04:00
745,68,GRID_BUY,CLOSED,2025-02-04 00:55:00+00:00,101000.0,101000.0,98000.0,102000.0,2025-05-08 20:39:00+00:00,106.96708851377154,4086.8966670239743,0.026173181567534863,4142.527084239203,0.8431357732672353,93 days 19:44:00
746,68,GRID_BUY,CLOSED,2025-02-04 05:01:00+00:00,100000.0,100000.0,98000.0,101000.0,2025-05-08 15:40:00+00:00,106.96708851377154,4077.624716433354,0.026232695736486088,4133.470029459735,0.8537054030993119,93 days 10:39:00
747,68,GRID_BUY,CLOSED,2025-02-04 05:16:00+00:00,99000.0,99000.0,98000.0,100000.0,2025-02-04 14:33:00+00:00,106.96708851377154,4067.2841646284814,0.026299389023275253,4079.365669205195,0.8644885608067483,0 days 09:17:00
748,68,GRID_BUY,CLOSED,2025-02-04 08:43:00+00:00,98000.0,98000.0,98000.0,99000.0,2025-02-04 11:04:00+00:00,106.96708851377154,4055.864217657697,0.026373439240908843,4068.1606398537524,0.8754917829572264,0 days 02:21:00
749,68,GRID_BUY,CLOSED,2025-02-04 15:16:00+00:00,99000.0,99000.0,98000.0,100000.0,2025-02-04 19:15:00+00:00,106.96708851377154,4069.0241449722453,0.02628814298041015,4080.230157766002,0.8644885608067483,0 days 03:59:00
750,68,GRID_BUY,CLOSED,2025-02-04 19:52:00+00:00,99000.0,99000.0,98000.0,100000.0,2025-02-07 14:45:00+00:00,106.96708851377154,4069.8886335330517,0.026282559093248187,4088.1549650142806,0.8644885608067483,2 days 18:53:00
751,68,GRID_BUY,CLOSED,2025-02-04 20:25:00+00:00,98000.0,98000.0,98000.0,99000.0,2025-02-04 20:54:00+00:00,106.96708851377154,4058.468686562267,0.026356514433126796,4070.7651087583226,0.8754917829572264,0 days 00:29:00
752,68,GRID_BUY,CLOSED,2025-02-04 21:01:00+00:00,98000.0,98000.0,98000.0,99000.0,2025-02-05 14:41:00+00:00,106.96708851377154,4059.3441783452245,0.026350830039096673,4072.527322416947,0.8754917829572264,0 days 17:40:00
753,68,GRID_BUY,CLOSED,2025-02-04 21:32:00+00:00,97000.0,97000.0,98000.0,98000.0,2025-02-04 23:52:00+00:00,106.96708851377154,4046.833821972141,0.02643229082770771,4060.2318949045393,0.8867218756674902,0 days 02:20:00
754,68,GRID_BUY,CLOSED,2025-02-05 15:04:00+00:00,98000.0,98000.0,98000.0,99000.0,2025-02-06 10:50:00+00:00,106.96708851377154,4061.1063920038487,0.026339395767711316,4074.289536075571,0.8754917829572264,0 days 19:46:00
755,68,GRID_BUY,CLOSED,2025-02-05 18:13:00+00:00,97000.0,97000.0,98000.0,98000.0,2025-02-06 06:16:00+00:00,106.96708851377154,4048.596035630765,0.026420785766813663,4061.9941085631635,0.8867218756674902,0 days 12:03:00
756,68,GRID_BUY,CLOSED,2025-02-06 14:31:00+00:00,98000.0,98000.0,98000.0,99000.0,2025-02-07 14:06:00+00:00,106.96708851377154,4062.868605662473,0.026327971415243435,4076.9499356628376,0.8754917829572264,0 days 23:35:00
757,68,GRID_BUY,CLOSED,2025-02-06 15:45:00+00:00,97000.0,97000.0,98000.0,98000.0,2025-02-07 12:47:00+00:00,106.96708851377154,4050.3582492893893,0.026409290717071328,4064.65450815043,0.8867218756674902,0 days 21:02:00
758,68,GRID_BUY,CLOSED,2025-02-06 18:31:00+00:00,96000.0,96000.0,98000.0,97000.0,2025-02-06 20:47:00+00:00,106.96708851377154,4036.7462421799632,0.0264983434916152,4051.257441377208,0.898185928642576,0 days 02:16:00
759,68,GRID_BUY,CLOSED,2025-02-07 15:02:00+00:00,99000.0,99000.0,98000.0,100000.0,2025-05-08 15:21:00+00:00,106.96708851377154,4077.8134407813304,0.02623148166711523,4123.344384259967,0.8644885608067483,90 days 00:19:00
760,68,GRID_BUY,CLOSED,2025-02-07 15:19:00+00:00,98000.0,98000.0,98000.0,99000.0,2025-02-07 15:51:00+00:00,106.96708851377154,4066.393493810546,0.026305149434403253,4078.6899160066014,0.8754917829572264,0 days 00:32:00
761,68,GRID_BUY,CLOSED,2025-02-07 15:57:00+00:00,98000.0,98000.0,98000.0,99000.0,2025-02-21 13:01:00+00:00,106.96708851377154,4067.268985593503,0.02629948717251183,4095.7344516471185,0.8754917829572264,13 days 21:04:00
762,68,GRID_BUY,CLOSED,2025-02-07 19:40:00+00:00,97000.0,97000.0,98000.0,98000.0,2025-02-10 13:55:00+00:00,106.96708851377154,4054.7586292204196,0.026380630339601092,4071.7611512688463,0.8867218756674902,2 days 18:15:00
763,68,GRID_BUY,CLOSED,2025-02-07 20:37:00+00:00,96000.0,96000.0,98000.0,97000.0,2025-02-09 02:00:00+00:00,106.96708851377154,4041.1466221109936,0.026469489606861782,4055.6578213082385,0.898185928642576,1 days 05:23:00
764,68,GRID_BUY,CLOSED,2025-02-09 13:48:00+00:00,96000.0,96000.0,98000.0,97000.0,2025-02-10 00:06:00+00:00,106.96708851377154,4042.044808039636,0.02646360780093624,4057.465898566982,0.898185928642576,0 days 10:18:00
765,68,GRID_BUY,CLOSED,2025-02-09 21:44:00+00:00,95000.0,95000.0,98000.0,96000.0,2025-02-09 22:41:00+00:00,106.96708851377154,4027.3196746653634,0.026560366982206252,4042.955717246032,0.909891330101317,0 days 00:57:00
766,68,GRID_BUY,CLOSED,2025-02-10 01:41:00+00:00,96000.0,96000.0,98000.0,97000.0,2025-02-10 03:36:00+00:00,106.96708851377154,4043.8528852983795,0.026451775459650252,4058.3640844956244,0.898185928642576,0 days 01:55:00
767,68,GRID_BUY,CLOSED,2025-02-10 15:26:00+00:00,97000.0,97000.0,98000.0,98000.0,2025-02-11 00:42:00+00:00,106.96708851377154,4059.249800212115,0.026351442699629374,4072.6478731445136,0.8867218756674902,0 days 09:16:00
768,68,GRID_BUY,CLOSED,2025-02-11 13:50:00+00:00,97000.0,97000.0,98000.0,98000.0,2025-02-12 22:32:00+00:00,106.96708851377154,4060.1365220877824,0.026345687622042688,4076.252563609026,0.8867218756674902,1 days 08:42:00
769,68,GRID_BUY,CLOSED,2025-02-11 17:53:00+00:00,96000.0,96000.0,98000.0,97000.0,2025-02-12 16:57:00+00:00,106.96708851377154,4046.5245149783564,0.026434311251007873,4062.855496835804,0.898185928642576,0 days 23:04:00
770,68,GRID_BUY,CLOSED,2025-02-11 19:27:00+00:00,95000.0,95000.0,98000.0,96000.0,2025-02-11 21:35:00+00:00,106.96708851377154,4031.799381604084,0.02653085592547857,4047.4354241847523,0.909891330101317,0 days 02:08:00
771,68,GRID_BUY,CLOSED,2025-02-12 13:32:00+00:00,95000.0,95000.0,98000.0,96000.0,2025-02-12 16:50:00+00:00,106.96708851377154,4032.7092729341853,0.02652486982676603,4048.3453155148536,0.909891330101317,0 days 03:18:00
772,68,GRID_BUY,CLOSED,2025-02-13 04:52:00+00:00,97000.0,97000.0,98000.0,98000.0,2025-02-14 17:43:00+00:00,106.96708851377154,4063.7412125522947,0.026322318011630774,4078.0374714133354,0.8867218756674902,1 days 12:51:00
773,68,GRID_BUY,CLOSED,2025-02-13 06:46:00+00:00,96000.0,96000.0,98000.0,97000.0,2025-02-14 03:49:00+00:00,106.96708851377154,4050.1292054428686,0.026410784221407337,4064.6404046401135,0.898185928642576,0 days 21:03:00
774,68,GRID_BUY,CLOSED,2025-02-14 21:08:00+00:00,97000.0,97000.0,98000.0,98000.0,2025-02-20 14:33:00+00:00,106.96708851377154,4065.526120356604,0.026310761595694537,4082.5523022590437,0.8867218756674902,5 days 17:25:00
775,68,GRID_BUY,CLOSED,2025-02-17 05:00:00+00:00,96000.0,96000.0,98000.0,97000.0,2025-02-17 14:17:00+00:00,106.96708851377154,4051.914113247178,0.026399150012597083,4066.425312444423,0.898185928642576,0 days 09:17:00
776,68,GRID_BUY,CLOSED,2025-02-17 15:47:00+00:00,96000.0,96000.0,98000.0,97000.0,2025-02-20 01:03:00+00:00,106.96708851377154,4052.8122991758205,0.026393299422113468,4069.155235485822,0.898185928642576,2 days 09:16:00
777,68,GRID_BUY,CLOSED,2025-02-18 16:36:00+00:00,95000.0,95000.0,98000.0,96000.0,2025-02-19 09:56:00+00:00,106.96708851377154,4038.087165801548,0.026489544212832488,4054.645054164872,0.909891330101317,0 days 17:20:00
778,68,GRID_BUY,CLOSED,2025-02-18 18:00:00+00:00,94000.0,94000.0,98000.0,95000.0,2025-02-18 21:07:00+00:00,106.96708851377154,4022.2371890438517,0.0265939285741623,4039.010041426917,0.9218457826549127,0 days 03:07:00
779,68,GRID_BUY,CLOSED,2025-02-20 14:57:00+00:00,97000.0,97000.0,98000.0,98000.0,2025-02-20 18:00:00+00:00,106.96708851377154,4070.0409512023125,0.026281575491807492,4083.439024134711,0.8867218756674902,0 days 03:03:00
780,68,GRID_BUY,CLOSED,2025-02-21 15:25:00+00:00,98000.0,98000.0,98000.0,99000.0,2025-05-08 03:44:00+00:00,106.96708851377154,4084.3135212340203,0.026189734935297738,4112.139354908524,0.8754917829572264,75 days 12:19:00
781,68,GRID_BUY,CLOSED,2025-02-21 17:45:00+00:00,97000.0,97000.0,98000.0,98000.0,2025-05-08 01:00:00+00:00,106.96708851377154,4071.8031648609367,0.02627020123096367,4099.843927396117,0.8867218756674902,75 days 07:15:00
782,68,GRID_BUY,CLOSED,2025-02-21 19:26:00+00:00,96000.0,96000.0,98000.0,97000.0,2025-05-01 15:09:00+00:00,106.96708851377154,4058.1911577515107,0.02635831688447075,4081.8969058701987,0.898185928642576,68 days 19:43:00
783,68,GRID_BUY,CLOSED,2025-02-21 20:56:00+00:00,95000.0,95000.0,98000.0,96000.0,2025-02-21 23:25:00+00:00,106.96708851377154,4043.466024377238,0.026454306248374197,4059.1020669579066,0.909891330101317,0 days 02:29:00
784,68,GRID_BUY,CLOSED,2025-02-24 14:50:00+00:00,95000.0,95000.0,98000.0,96000.0,2025-05-01 10:17:00+00:00,106.96708851377154,4044.3759157073396,0.026448354639423664,4067.3867245492484,0.909891330101317,65 days 19:27:00
785,68,GRID_BUY,CLOSED,2025-02-24 15:46:00+00:00,94000.0,94000.0,98000.0,95000.0,2025-02-24 17:20:00+00:00,106.96708851377154,4028.525938949643,0.026552413993308197,4045.2987913327083,0.9218457826549127,0 days 01:34:00
786,68,GRID_BUY,CLOSED,2025-02-24 19:42:00+00:00,94000.0,94000.0,98000.0,95000.0,2025-03-02 17:47:00+00:00,106.96708851377154,4029.4477847322983,0.02654633940637552,4046.2206371153634,0.9218457826549127,5 days 22:05:00
787,73,GRID_BUY,CLOSED,2025-03-02 17:48:00+00:00,94000.0,94000.0,93000.0,95000.0,2025-04-25 14:12:00+00:00,106.96708851377154,4030.3696305149533,0.026540267598261093,4047.1424828980184,0.9218457826549127,53 days 20:24:00
788,87,GRID_BUY,CLOSED,2025-04-26 11:52:00+00:00,94000.0,94000.0,93000.0,95000.0,2025-04-27 00:20:00+00:00,106.96708851377154,4031.2914762976084,0.0265341985670586,4048.0643286806735,0.9218457826549127,0 days 12:28:00
789,87,GRID_BUY,CLOSED,2025-04-27 05:13:00+00:00,94000.0,94000.0,93000.0,95000.0,2025-04-28 10:37:00+00:00,106.96708851377154,4032.2133220802634,0.026528132310863463,4048.9861744633286,0.9218457826549127,1 days 05:24:00
790,87,GRID_BUY,CLOSED,2025-04-28 13:58:00+00:00,94000.0,94000.0,93000.0,95000.0,2025-04-28 23:10:00+00:00,106.96708851377154,4033.1351678629185,0.026522068827772853,4049.9080202459836,0.9218457826549127,0 days 09:12:00
791,87,GRID_BUY,CLOSED,2025-04-29 23:05:00+00:00,94000.0,94000.0,93000.0,95000.0,2025-04-30 03:54:00+00:00,106.96708851377154,4034.0570136455735,0.026516008115885673,4050.8298660286387,0.9218457826549127,0 days 04:49:00
792,87,GRID_BUY,CLOSED,2025-04-30 13:41:00+00:00,94000.0,94000.0,93000.0,95000.0,2025-05-01 03:11:00+00:00,106.96708851377154,4034.9788594282286,0.02650995017330256,4051.7517118112937,0.9218457826549127,0 days 13:30:00
793,87,GRID_BUY,CLOSED,2025-05-03 10:42:00+00:00,96000.0,96000.0,93000.0,97000.0,2025-05-07 00:07:00+00:00,106.96708851377154,4068.283892601596,0.026292926289705896,4085.5486746942524,0.898185928642576,3 days 13:25:00
794,87,GRID_BUY,CLOSED,2025-05-04 22:32:00+00:00,95000.0,95000.0,93000.0,96000.0,2025-05-06 22:42:00+00:00,106.96708851377154,4053.5587592273237,0.026388439114217076,4071.038493373302,0.909891330101317,2 days 00:10:00
795,87,GRID_BUY,CLOSED,2025-05-05 01:31:00+00:00,94000.0,94000.0,93000.0,95000.0,2025-05-05 22:36:00+00:00,106.96708851377154,4037.7087824696273,0.026492026611276833,4054.4816348526924,0.9218457826549127,0 days 21:05:00
796,87,GRID_BUY,CLOSED,2025-05-06 10:45:00+00:00,94000.0,94000.0,93000.0,95000.0,2025-05-06 18:56:00+00:00,106.96708851377154,4038.6306282522823,0.02648597962029064,4055.4034806353475,0.9218457826549127,0 days 08:11:00
797,87,GRID_BUY,CLOSED,2025-05-07 18:09:00+00:00,96000.0,96000.0,93000.0,97000.0,2025-05-07 21:28:00+00:00,106.96708851377154,4071.93566142565,0.026269346425852085,4086.4468606228947,0.898185928642576,0 days 03:19:00
798,89,GRID_BUY,CLOSED,2025-05-08 21:42:00+00:00,103000.0,103000.0,103000.0,104000.0,2025-05-09 07:43:00+00:00,106.96708851377154,4151.3478001337035,0.025766833728151237,4158.300147293819,0.8226122201952535,0 days 10:01:00
799,89,GRID_BUY,CLOSED,2025-05-09 08:40:00+00:00,103000.0,103000.0,103000.0,104000.0,2025-05-10 07:06:00+00:00,106.96708851377154,4152.170412353898,0.025761728900989652,4159.1227595140135,0.8226122201952535,0 days 22:26:00
800,89,GRID_BUY,CLOSED,2025-05-12 01:35:00+00:00,104000.0,104000.0,103000.0,105000.0,2025-05-12 07:00:00+00:00,106.96708851377154,4159.934475460638,0.025713647449200953,4165.849345713712,0.8126464564439857,0 days 05:25:00
801,89,GRID_BUY,CLOSED,2025-05-12 11:48:00+00:00,104000.0,104000.0,103000.0,105000.0,2025-05-18 14:38:00+00:00,106.96708851377154,4160.747121917082,0.02570862524913218,4174.116509217633,0.8126464564439857,6 days 02:50:00
802,89,GRID_BUY,CLOSED,2025-05-12 14:29:00+00:00,103000.0,103000.0,103000.0,104000.0,2025-05-13 16:12:00+00:00,106.96708851377154,4154.618317486981,0.02574655006539159,4164.07934720252,0.8226122201952535,1 days 01:43:00
803,89,GRID_BUY,CLOSED,2025-05-12 18:07:00+00:00,102000.0,102000.0,103000.0,103000.0,2025-05-12 23:20:00+00:00,106.96708851377154,4147.452036149838,0.02579103690203762,4156.295167332488,0.8327733910789448,0 days 05:13:00
804,89,GRID_BUY,CLOSED,2025-05-12 18:47:00+00:00,101000.0,101000.0,103000.0,102000.0,2025-05-12 19:05:00+00:00,106.96708851377154,4139.238106563428,0.025842216794476746,4148.296122977021,0.8431357732672353,0 days 00:18:00
805,89,GRID_BUY,CLOSED,2025-05-13 02:16:00+00:00,102000.0,102000.0,103000.0,103000.0,2025-05-13 09:16:00+00:00,106.96708851377154,4149.127945314183,0.02578061942740879,4157.127940723566,0.8327733910789448,0 days 07:00:00
806,89,GRID_BUY,CLOSED,2025-05-14 09:04:00+00:00,103000.0,103000.0,103000.0,104000.0,2025-05-14 11:38:00+00:00,106.96708851377154,4157.949612262601,0.025725922266663558,4164.901959422716,0.8226122201952535,0 days 02:34:00
807,89,GRID_BUY,CLOSED,2025-05-14 14:31:00+00:00,103000.0,103000.0,103000.0,104000.0,2025-05-15 17:20:00+00:00,106.96708851377154,4158.772224482795,0.02572083363547868,4166.557345033989,0.8226122201952535,1 days 02:49:00
808,89,GRID_BUY,CLOSED,2025-05-15 07:23:00+00:00,102000.0,102000.0,103000.0,103000.0,2025-05-15 15:44:00+00:00,106.96708851377154,4151.605943145652,0.025765231570297607,4159.605938555034,0.8327733910789448,0 days 08:21:00
809,89,GRID_BUY,CLOSED,2025-05-15 18:48:00+00:00,103000.0,103000.0,103000.0,104000.0,2025-05-16 00:35:00+00:00,106.96708851377154,4160.427610094069,0.025710599615829628,4167.379957254184,0.8226122201952535,0 days 05:47:00
810,89,GRID_BUY,CLOSED,2025-05-17 01:05:00+00:00,103000.0,103000.0,103000.0,104000.0,2025-05-18 08:00:00+00:00,106.96708851377154,4161.250222314264,0.02570551704393354,4168.202569474379,0.8226122201952535,1 days 06:55:00
811,89,GRID_BUY,CLOSED,2025-05-18 18:10:00+00:00,104000.0,104000.0,103000.0,105000.0,2025-05-18 22:28:00+00:00,106.96708851377154,4169.014285421004,0.02565764499484548,4174.929155674077,0.8126464564439857,0 days 04:18:00
812,89,GRID_BUY,CLOSED,2025-05-19 00:30:00+00:00,106000.0,106000.0,103000.0,107000.0,2025-05-20 19:56:00+00:00,106.96708851377154,4180.607972505944,0.025586491059972127,4188.551399250568,0.7932790287763822,1 days 19:26:00
813,89,GRID_BUY,CLOSED,2025-05-19 01:06:00+00:00,105000.0,105000.0,103000.0,106000.0,2025-05-20 00:13:00+00:00,106.96708851377154,4176.524384685539,0.025611508197102353,4183.87978583878,0.8028705167641306,0 days 23:07:00
814,89,GRID_BUY,CLOSED,2025-05-19 03:40:00+00:00,104000.0,104000.0,103000.0,105000.0,2025-05-19 16:24:00+00:00,106.96708851377154,4171.423081422989,0.025642828940113667,4178.993337287336,0.8126464564439857,0 days 12:44:00
815,89,GRID_BUY,CLOSED,2025-05-19 04:06:00+00:00,103000.0,103000.0,103000.0,104000.0,2025-05-19 14:48:00+00:00,106.96708851377154,4165.294276992887,0.02568055973970605,4173.07939754408,0.8226122201952535,0 days 10:42:00
816,89,GRID_BUY,CLOSED,2025-05-19 06:38:00+00:00,102000.0,102000.0,103000.0,103000.0,2025-05-19 07:43:00+00:00,106.96708851377154,4158.127995655745,0.025724818626441208,4166.1279910651265,0.8327733910789448,0 days 01:05:00
817,89,GRID_BUY,CLOSED,2025-05-20 07:48:00+00:00,105000.0,105000.0,103000.0,106000.0,2025-05-20 17:12:00+00:00,106.96708851377154,4179.795287270021,0.02559146588818605,4184.682656355543,0.8028705167641306,0 days 09:24:00
818,89,GRID_BUY,CLOSED,2025-05-20 22:22:00+00:00,106000.0,106000.0,103000.0,107000.0,2025-05-20 23:18:00+00:00,106.96708851377154,4185.475024635966,0.025556737976969546,4189.3446782793435,0.7932790287763822,0 days 00:56:00
819,90,GRID_BUY,CLOSED,2025-05-21 17:24:00+00:00,108000.0,108000.0,108000.0,109000.0,2025-05-21 22:45:00+00:00,106.96708851377154,4192.979053609998,0.02551099997069551,4195.625766997645,0.7746289132445838,0 days 05:21:00
820,90,GRID_BUY,CLOSED,2025-05-21 17:29:00+00:00,107000.0,107000.0,108000.0,108000.0,2025-05-21 19:37:00+00:00,106.96708851377154,4190.902272866262,0.02552364181964427,4193.7638121565715,0.7838668209379165,0 days 02:08:00
821,90,GRID_BUY,CLOSED,2025-05-21 23:28:00+00:00,110000.0,110000.0,108000.0,111000.0,2025-05-22 03:42:00+00:00,106.96708851377154,4196.390445027611,0.02549026119352622,4197.254933588418,0.756656983732185,0 days 04:14:00
822,90,GRID_BUY,CLOSED,2025-05-22 05:55:00+00:00,111000.0,111000.0,108000.0,112000.0,2025-07-10 16:24:00+00:00,106.96708851377154,4197.147102011343,0.025485665837757063,4253.236792919871,0.7479138828882839,49 days 10:29:00
823,90,GRID_BUY,CLOSED,2025-05-23 11:47:00+00:00,110000.0,110000.0,108000.0,111000.0,2025-07-09 19:40:00+00:00,106.96708851377154,4196.077431126206,0.025492162685153814,4252.381920700322,0.756656983732185,47 days 07:53:00
824,90,GRID_BUY,CLOSED,2025-05-23 11:59:00+00:00,109000.0,109000.0,108000.0,110000.0,2025-05-26 07:04:00+00:00,106.96708851377154,4194.0363045917475,0.025504569046448405,4200.735485417257,0.7655605084447359,2 days 19:05:00
825,90,GRID_BUY,CLOSED,2025-05-23 12:13:00+00:00,108000.0,108000.0,108000.0,109000.0,2025-05-23 13:32:00+00:00,106.96708851377154,4191.0148099708185,0.025522956458967117,4194.811815983472,0.7746289132445838,0 days 01:19:00
826,90,GRID_BUY,CLOSED,2025-05-23 22:46:00+00:00,108000.0,108000.0,108000.0,109000.0,2025-05-24 10:40:00+00:00,106.96708851377154,4191.789438884063,0.025518239900487055,4196.370311717655,0.7746289132445838,0 days 11:54:00
827,90,GRID_BUY,CLOSED,2025-05-23 23:42:00+00:00,107000.0,107000.0,108000.0,108000.0,2025-05-24 03:04:00+00:00,106.96708851377154,4187.7784986943825,0.02554268057566094,4192.574197430636,0.7838668209379165,0 days 03:22:00
828,90,GRID_BUY,CLOSED,2025-05-24 22:59:00+00:00,108000.0,108000.0,108000.0,109000.0,2025-05-25 22:52:00+00:00,106.96708851377154,4193.347934618246,0.025508755815538978,4197.928807451837,0.7746289132445838,0 days 23:53:00
829,90,GRID_BUY,CLOSED,2025-05-25 08:49:00+00:00,107000.0,107000.0,108000.0,108000.0,2025-05-25 22:09:00+00:00,106.96708851377154,4189.336994428565,0.025533178318198794,4194.132693164818,0.7838668209379165,0 days 13:20:00
830,90,GRID_BUY,CLOSED,2025-05-26 17:46:00+00:00,109000.0,109000.0,108000.0,110000.0,2025-05-27 13:08:00+00:00,106.96708851377154,4198.693485481802,0.025476279438744746,4202.275674838947,0.7655605084447359,0 days 19:22:00
831,90,GRID_BUY,CLOSED,2025-05-27 01:20:00+00:00,108000.0,108000.0,108000.0,109000.0,2025-05-27 03:12:00+00:00,106.96708851377154,4195.671990860873,0.025494626068665562,4199.4689968735265,0.7746289132445838,0 days 01:52:00
832,90,GRID_BUY,CLOSED,2025-05-27 14:32:00+00:00,109000.0,109000.0,108000.0,110000.0,2025-05-27 15:40:00+00:00,106.96708851377154,4200.233674903491,0.025466937507049373,4203.041235347391,0.7655605084447359,0 days 01:08:00
833,90,GRID_BUY,CLOSED,2025-05-27 21:38:00+00:00,109000.0,109000.0,108000.0,110000.0,2025-06-09 21:28:00+00:00,106.96708851377154,4200.999235411936,0.02546229659174949,4217.489764054807,0.7655605084447359,12 days 23:50:00
834,90,GRID_BUY,CLOSED,2025-05-28 14:01:00+00:00,108000.0,108000.0,108000.0,109000.0,2025-06-09 21:10:00+00:00,106.96708851377154,4197.977740791007,0.02548062308058265,4214.683086089386,0.7746289132445838,12 days 07:09:00
835,90,GRID_BUY,CLOSED,2025-05-28 19:50:00+00:00,107000.0,107000.0,108000.0,108000.0,2025-05-28 23:21:00+00:00,106.96708851377154,4193.966800601326,0.025504991717730033,4198.762499337579,0.7838668209379165,0 days 03:31:00
836,90,GRID_BUY,CLOSED,2025-05-29 04:45:00+00:00,107000.0,107000.0,108000.0,108000.0,2025-05-29 07:15:00+00:00,106.96708851377154,4194.750667422264,0.02550022563784569,4199.546366158517,0.7838668209379165,0 days 02:30:00
837,90,GRID_BUY,CLOSED,2025-05-29 14:24:00+00:00,107000.0,107000.0,108000.0,108000.0,2025-06-09 14:48:00+00:00,106.96708851377154,4195.534534243202,0.025495461338889077,4210.886971802368,0.7838668209379165,11 days 00:24:00
838,90,GRID_BUY,CLOSED,2025-05-29 18:58:00+00:00,106000.0,106000.0,108000.0,107000.0,2025-06-09 10:13:00+00:00,106.96708851377154,4190.52490132992,0.02552594031354499,4206.092174213379,0.7932790287763822,10 days 15:15:00
839,90,GRID_BUY,CLOSED,2025-05-30 00:57:00+00:00,105000.0,105000.0,108000.0,106000.0,2025-05-30 02:10:00+00:00,106.96708851377154,4184.50715406357,0.02556264921423206,4191.328682595038,0.8028705167641306,0 days 01:13:00
840,90,GRID_BUY,CLOSED,2025-05-30 07:45:00+00:00,105000.0,105000.0,108000.0,106000.0,2025-05-30 12:49:00+00:00,106.96708851377154,4185.310024580334,0.025557745515996093,4192.131553111802,0.8028705167641306,0 days 05:04:00
841,90,GRID_BUY,CLOSED,2025-05-30 16:27:00+00:00,105000.0,105000.0,108000.0,106000.0,2025-06-03 00:11:00+00:00,106.96708851377154,4186.112895097098,0.025552843698758012,4194.559716541454,0.8028705167641306,3 days 07:44:00
842,90,GRID_BUY,CLOSED,2025-05-30 16:50:00+00:00,104000.0,104000.0,108000.0,105000.0,2025-06-01 16:08:00+00:00,106.96708851377154,4179.077432388603,0.025595861824611658,4186.926462087621,0.8126464564439857,1 days 23:18:00
843,90,GRID_BUY,CLOSED,2025-06-02 11:43:00+00:00,104000.0,104000.0,108000.0,105000.0,2025-06-02 21:05:00+00:00,106.96708851377154,4179.890078845046,0.025590885524752322,4187.739108544065,0.8126464564439857,0 days 09:22:00
844,90,GRID_BUY,CLOSED,2025-06-03 08:17:00+00:00,105000.0,105000.0,108000.0,106000.0,2025-06-03 14:41:00+00:00,106.96708851377154,4188.54105852675,0.025538030311536553,4195.362587058217,0.8028705167641306,0 days 06:24:00
845,90,GRID_BUY,CLOSED,2025-06-04 12:01:00+00:00,105000.0,105000.0,108000.0,106000.0,2025-06-08 13:48:00+00:00,106.96708851377154,4189.3439290435135,0.025533136053165643,4200.28927187241,0.8028705167641306,4 days 01:47:00
846,90,GRID_BUY,CLOSED,2025-06-05 14:18:00+00:00,104000.0,104000.0,108000.0,105000.0,2025-06-06 15:14:00+00:00,106.96708851377154,4182.308466335018,0.025576087793329944,4192.656017418577,0.8126464564439857,1 days 00:56:00
847,90,GRID_BUY,CLOSED,2025-06-05 18:13:00+00:00,103000.0,103000.0,108000.0,104000.0,2025-06-06 12:00:00+00:00,106.96708851377154,4174.245502458973,0.025625490510981962,4184.807918229378,0.8226122201952535,0 days 17:47:00
848,91,GRID_BUY,CLOSED,2025-06-05 19:18:00+00:00,102000.0,102000.0,103000.0,103000.0,2025-06-06 06:10:00+00:00,106.96708851377154,4165.145061675886,0.025681479739563338,4175.922352304479,0.8327733910789448,0 days 10:52:00
849,91,GRID_BUY,CLOSED,2025-06-05 20:21:00+00:00,101000.0,101000.0,103000.0,102000.0,2025-06-06 02:55:00+00:00,106.96708851377154,4154.996972643531,0.025744203718568764,4165.9891485030685,0.8431357732672353,0 days 06:34:00
850,91,GRID_BUY,CLOSED,2025-06-07 00:16:00+00:00,104000.0,104000.0,103000.0,105000.0,2025-06-07 05:47:00+00:00,106.96708851377154,4185.619634176003,0.02555585501376536,4193.468663875021,0.8126464564439857,0 days 05:31:00
851,92,GRID_BUY,CLOSED,2025-06-10 13:44:00+00:00,109000.0,109000.0,108000.0,110000.0,2025-06-10 19:26:00+00:00,106.96708851377154,4215.447764119351,0.025375024077926876,4218.255324563252,0.7655605084447359,0 days 05:42:00
852,92,GRID_BUY,CLOSED,2025-06-11 17:59:00+00:00,109000.0,109000.0,108000.0,110000.0,2025-07-03 09:41:00+00:00,106.96708851377154,4216.213324627795,0.025370416598456753,4247.47522290051,0.7655605084447359,21 days 15:42:00
853,92,GRID_BUY,CLOSED,2025-06-12 03:20:00+00:00,108000.0,108000.0,108000.0,109000.0,2025-07-02 16:05:00+00:00,106.96708851377154,4213.191830006866,0.025388611017409385,4244.66854493509,0.7746289132445838,20 days 12:45:00
854,92,GRID_BUY,CLOSED,2025-06-12 11:38:00+00:00,107000.0,107000.0,108000.0,108000.0,2025-06-12 17:17:00+00:00,106.96708851377154,4209.180889817186,0.0254128038955383,4213.97658855344,0.7838668209379165,0 days 05:39:00
855,92,GRID_BUY,CLOSED,2025-06-12 19:52:00+00:00,107000.0,107000.0,108000.0,108000.0,2025-06-16 17:38:00+00:00,106.96708851377154,4209.964756638124,0.025408072204193544,4219.597604630085,0.7838668209379165,3 days 21:46:00
856,92,GRID_BUY,CLOSED,2025-06-12 20:44:00+00:00,106000.0,106000.0,108000.0,107000.0,2025-06-16 07:30:00+00:00,106.96708851377154,4204.955123724842,0.025438342471302697,4214.802807041096,0.7932790287763822,3 days 10:46:00
857,92,GRID_BUY,CLOSED,2025-06-13 00:02:00+00:00,105000.0,105000.0,108000.0,106000.0,2025-06-13 23:43:00+00:00,106.96708851377154,4198.9373764584925,0.025474799675147985,4207.394163666599,0.8028705167641306,0 days 23:41:00
858,92,GRID_BUY,CLOSED,2025-06-13 00:24:00+00:00,104000.0,104000.0,108000.0,105000.0,2025-06-13 08:01:00+00:00,106.96708851377154,4191.901913749997,0.0255175552087479,4200.57355566921,0.8126464564439857,0 days 07:37:00
859,92,GRID_BUY,CLOSED,2025-06-13 01:04:00+00:00,103000.0,103000.0,108000.0,104000.0,2025-06-13 03:12:00+00:00,106.96708851377154,4183.838949873951,0.025566731844923002,4192.7254564800105,0.8226122201952535,0 days 02:08:00
860,93,GRID_BUY,CLOSED,2025-06-14 07:06:00+00:00,105000.0,105000.0,103000.0,106000.0,2025-06-15 05:58:00+00:00,106.96708851377154,4201.375505651895,0.025460016218468023,4208.197034183363,0.8028705167641306,0 days 22:52:00
861,93,GRID_BUY,CLOSED,2025-06-15 09:06:00+00:00,105000.0,105000.0,103000.0,106000.0,2025-06-16 04:14:00+00:00,106.96708851377154,4202.178376168659,0.025455151813735928,4208.9999047001265,0.8028705167641306,0 days 19:08:00
862,94,GRID_BUY,CLOSED,2025-06-16 23:47:00+00:00,107000.0,107000.0,108000.0,108000.0,2025-06-25 13:44:00+00:00,106.96708851377154,4215.585772714769,0.02537419335792247,4236.943684335543,0.7838668209379165,8 days 13:57:00
863,94,GRID_BUY,CLOSED,2025-06-17 10:33:00+00:00,106000.0,106000.0,108000.0,107000.0,2025-06-25 10:21:00+00:00,106.96708851377154,4210.576139801487,0.025404382906804444,4232.148886746554,0.7932790287763822,7 days 23:48:00
864,94,GRID_BUY,CLOSED,2025-06-17 14:06:00+00:00,105000.0,105000.0,108000.0,106000.0,2025-06-20 08:05:00+00:00,106.96708851377154,4204.5583925351375,0.025440742767108,4214.63050689238,0.8028705167641306,2 days 17:59:00
865,94,GRID_BUY,CLOSED,2025-06-17 16:49:00+00:00,104000.0,104000.0,108000.0,105000.0,2025-06-17 19:17:00+00:00,106.96708851377154,4197.522929826642,0.02548338396288148,4205.37195952566,0.8126464564439857,0 days 02:28:00
866,94,GRID_BUY,CLOSED,2025-06-18 13:17:00+00:00,104000.0,104000.0,108000.0,105000.0,2025-06-18 14:13:00+00:00,106.96708851377154,4198.335576283086,0.025478451298186305,4206.184605982104,0.8126464564439857,0 days 00:56:00
867,94,GRID_BUY,CLOSED,2025-06-18 17:31:00+00:00,104000.0,104000.0,108000.0,105000.0,2025-06-18 21:52:00+00:00,106.96708851377154,4199.14822273953,0.025473520542693792,4206.997252438548,0.8126464564439857,0 days 04:21:00
868,94,GRID_BUY,CLOSED,2025-06-19 16:57:00+00:00,104000.0,104000.0,108000.0,105000.0,2025-06-20 07:19:00+00:00,106.96708851377154,4199.960869195974,0.025468591695295712,4207.809898894991,0.8126464564439857,0 days 14:22:00
869,94,GRID_BUY,CLOSED,2025-06-20 14:42:00+00:00,105000.0,105000.0,108000.0,106000.0,2025-06-23 22:26:00+00:00,106.96708851377154,4208.6118488776765,0.025416239927732176,4225.543113888822,0.8028705167641306,3 days 07:44:00
870,94,GRID_BUY,CLOSED,2025-06-20 14:59:00+00:00,104000.0,104000.0,108000.0,105000.0,2025-06-23 22:09:00+00:00,106.96708851377154,4201.576386169181,0.025458798956003174,4218.722505891433,0.8126464564439857,3 days 07:10:00
871,94,GRID_BUY,CLOSED,2025-06-20 17:20:00+00:00,103000.0,103000.0,108000.0,104000.0,2025-06-23 21:15:00+00:00,106.96708851377154,4193.513422293136,0.025507749169258367,4210.874406702233,0.8226122201952535,3 days 03:55:00
872,95,GRID_BUY,CLOSED,2025-06-21 21:24:00+00:00,102000.0,102000.0,103000.0,103000.0,2025-06-22 00:33:00+00:00,106.96708851377154,4184.412981510049,0.02556322451594389,4195.190272138642,0.8327733910789448,0 days 03:09:00
873,95,GRID_BUY,CLOSED,2025-06-21 23:34:00+00:00,101000.0,101000.0,103000.0,102000.0,2025-06-21 23:57:00+00:00,106.96708851377154,4174.264892477694,0.025625371477151205,4185.257068337231,0.8431357732672353,0 days 00:23:00
874,95,GRID_BUY,CLOSED,2025-06-22 02:10:00+00:00,102000.0,102000.0,103000.0,103000.0,2025-06-23 18:12:00+00:00,106.96708851377154,4186.088890674394,0.025552990227242584,4201.988840777334,0.8327733910789448,1 days 16:02:00
875,95,GRID_BUY,CLOSED,2025-06-22 13:30:00+00:00,101000.0,101000.0,103000.0,102000.0,2025-06-23 06:16:00+00:00,106.96708851377154,4175.94080164204,0.025615087376648284,4189.51566002629,0.8431357732672353,0 days 16:46:00
876,95,GRID_BUY,CLOSED,2025-06-22 14:21:00+00:00,100000.0,100000.0,103000.0,101000.0,2025-06-22 23:01:00+00:00,106.96708851377154,4164.734691605475,0.0256840102514517,4178.524445800878,0.8537054030993119,0 days 08:40:00
877,95,GRID_BUY,CLOSED,2025-06-22 15:59:00+00:00,99000.0,99000.0,103000.0,100000.0,2025-06-22 17:10:00+00:00,106.96708851377154,4152.459980354657,0.025759932430374825,4165.600152594359,0.8644885608067483,0 days 01:11:00
878,95,GRID_BUY,CLOSED,2025-06-22 19:43:00+00:00,99000.0,99000.0,103000.0,100000.0,2025-06-22 22:05:00+00:00,106.96708851377154,4153.324468915464,0.02575457066124749,4166.464641155166,0.8644885608067483,0 days 02:22:00
879,95,GRID_BUY,CLOSED,2025-06-23 13:31:00+00:00,101000.0,101000.0,103000.0,102000.0,2025-06-23 13:44:00+00:00,106.96708851377154,4179.3666199400195,0.025594090741746577,4190.358795799557,0.8431357732672353,0 days 00:13:00
880,95,GRID_BUY,CLOSED,2025-06-23 16:15:00+00:00,101000.0,101000.0,103000.0,102000.0,2025-06-23 17:28:00+00:00,106.96708851377154,4180.209755713287,0.025588928490388463,4192.055636975923,0.8431357732672353,0 days 01:13:00
881,95,GRID_BUY,CLOSED,2025-06-23 16:32:00+00:00,100000.0,100000.0,103000.0,101000.0,2025-06-23 17:05:00+00:00,106.96708851377154,4169.003645676722,0.025657710475906384,4181.064422750512,0.8537054030993119,0 days 00:33:00
882,95,GRID_BUY,CLOSED,2025-06-23 22:43:00+00:00,105000.0,105000.0,103000.0,106000.0,2025-06-24 16:54:00+00:00,106.96708851377154,4219.524455874118,0.025350508009228306,4226.345984405585,0.8028705167641306,0 days 18:11:00
883,96,GRID_BUY,CLOSED,2025-06-25 15:19:00+00:00,107000.0,107000.0,108000.0,108000.0,2025-06-25 21:03:00+00:00,106.96708851377154,4232.931852420227,0.02527021276107053,4237.727551156481,0.7838668209379165,0 days 05:44:00
884,96,GRID_BUY,CLOSED,2025-06-26 13:48:00+00:00,107000.0,107000.0,108000.0,108000.0,2025-06-26 20:45:00+00:00,106.96708851377154,4233.715719241165,0.025265534014868602,4238.511417977419,0.7838668209379165,0 days 06:57:00
885,96,GRID_BUY,CLOSED,2025-06-26 21:34:00+00:00,107000.0,107000.0,108000.0,108000.0,2025-06-29 10:04:00+00:00,106.96708851377154,4234.499586062103,0.025260857000873202,4239.295284798357,0.7838668209379165,2 days 12:30:00
886,96,GRID_BUY,CLOSED,2025-06-30 14:53:00+00:00,107000.0,107000.0,108000.0,108000.0,2025-07-02 14:14:00+00:00,106.96708851377154,4235.283452883041,0.025256181718122536,4240.872430648071,0.7838668209379165,1 days 23:21:00
887,96,GRID_BUY,CLOSED,2025-07-01 14:42:00+00:00,106000.0,106000.0,108000.0,107000.0,2025-07-02 06:50:00+00:00,106.96708851377154,4230.27381996976,0.0252860909402163,4236.077633059082,0.7932790287763822,0 days 16:08:00
888,96,GRID_BUY,CLOSED,2025-07-03 12:39:00+00:00,109000.0,109000.0,108000.0,110000.0,2025-07-03 13:38:00+00:00,106.96708851377154,4245.4332229650545,0.025195800498085476,4248.240783408955,0.7655605084447359,0 days 00:59:00
889,96,GRID_BUY,CLOSED,2025-07-04 04:48:00+00:00,109000.0,109000.0,108000.0,110000.0,2025-07-09 19:21:00+00:00,106.96708851377154,4246.198783473499,0.025191257868118395,4250.5556017438885,0.7655605084447359,5 days 14:33:00
890,96,GRID_BUY,CLOSED,2025-07-04 13:58:00+00:00,108000.0,108000.0,108000.0,109000.0,2025-07-06 13:51:00+00:00,106.96708851377154,4243.17728885257,0.025209196135827106,4246.974294865224,0.7746289132445838,1 days 23:53:00
891,96,GRID_BUY,CLOSED,2025-07-07 14:37:00+00:00,108000.0,108000.0,108000.0,109000.0,2025-07-08 11:06:00+00:00,106.96708851377154,4243.951917765815,0.02520459481786101,4247.748923778468,0.7746289132445838,0 days 20:29:00
892,97,GRID_BUY,CLOSED,2025-07-10 17:08:00+00:00,113000.0,113000.0,113000.0,114000.0,2025-07-10 21:17:00+00:00,106.96708851377154,4253.128970094649,0.025150210413532582,4253.967667797509,0.7308919166435572,0 days 04:09:00
893,97,GRID_BUY,CLOSED,2025-07-10 21:20:00+00:00,116000.0,116000.0,113000.0,117000.0,2025-07-11 05:05:00+00:00,106.96708851377154,4253.859862011293,0.025145889141537394,4254.674102866101,0.706459525438845,0 days 07:45:00
894,97,GRID_BUY,CLOSED,2025-07-11 05:06:00+00:00,117000.0,117000.0,113000.0,118000.0,2025-07-11 05:44:00+00:00,106.96708851377154,4254.566321536733,0.025141713732913545,4255.372688819376,0.6985938268458654,0 days 00:38:00
895,98,GRID_BUY,CLOSED,2025-07-11 05:46:00+00:00,118000.0,118000.0,118000.0,119000.0,2025-07-13 14:18:00+00:00,106.96708851377154,4255.264915363579,0.025137586176495908,4257.460730178123,0.6908614451781858,2 days 08:32:00
896,98,GRID_BUY,CLOSED,2025-07-11 15:53:00+00:00,117000.0,117000.0,118000.0,118000.0,2025-07-11 19:21:00+00:00,106.96708851377154,4254.2523540257,0.025143569213178216,4255.964315557708,0.6985938268458654,0 days 03:28:00
897,98,GRID_BUY,CLOSED,2025-07-12 15:42:00+00:00,117000.0,117000.0,118000.0,118000.0,2025-07-13 07:37:00+00:00,106.96708851377154,4254.950947852545,0.02513944104755364,4256.662909384553,0.6985938268458654,0 days 15:55:00
898,98,GRID_BUY,CLOSED,2025-07-13 14:22:00+00:00,119000.0,119000.0,118000.0,120000.0,2025-07-14 03:42:00+00:00,106.96708851377154,4257.352964462449,0.025125257268227855,4258.143981587593,0.6832590195049306,0 days 13:20:00
899,98,GRID_BUY,CLOSED,2025-07-14 03:44:00+00:00,121000.0,121000.0,118000.0,122000.0,2025-07-14 05:22:00+00:00,106.96708851377154,4258.036223481954,0.025121225583727088,4258.812397892823,0.6684311479438776,0 days 01:38:00
900,98,GRID_BUY,CLOSED,2025-07-14 05:24:00+00:00,122000.0,122000.0,118000.0,123000.0,2025-07-14 07:38:00+00:00,106.96708851377154,4258.704654629898,0.025117282645435647,4259.473590176018,0.6611995220596043,0 days 02:14:00
901,99,GRID_BUY,CLOSED,2025-07-14 07:39:00+00:00,123000.0,123000.0,123000.0,124000.0,2025-08-14 00:22:00+00:00,106.96708851377154,4259.365854151958,0.02511338358255885,4295.749994013934,0.6540854835880623,30 days 16:43:00
902,99,GRID_BUY,CLOSED,2025-07-14 09:28:00+00:00,122000.0,122000.0,123000.0,123000.0,2025-08-13 21:08:00+00:00,106.96708851377154,4258.390105588443,0.025119137951545276,4294.988948562992,0.6611995220596043,30 days 11:40:00
903,99,GRID_BUY,CLOSED,2025-07-14 14:32:00+00:00,121000.0,121000.0,123000.0,122000.0,2025-08-11 03:16:00+00:00,106.96708851377154,4256.538454390294,0.025130065112754514,4289.972844080457,0.6684311479438776,27 days 12:44:00
904,99,GRID_BUY,CLOSED,2025-07-14 15:45:00+00:00,120000.0,120000.0,123000.0,121000.0,2025-08-11 02:13:00+00:00,106.96708851377154,4253.803661692762,0.025146221363494942,4287.452769093878,0.6757833009262413,27 days 10:28:00
905,99,GRID_BUY,CLOSED,2025-07-15 01:20:00+00:00,119000.0,119000.0,123000.0,120000.0,2025-07-16 21:00:00+00:00,106.96708851377154,4250.178367983353,0.025167670448740683,4257.2822203537,0.6832590195049306,1 days 19:40:00
906,99,GRID_BUY,CLOSED,2025-07-15 02:17:00+00:00,118000.0,118000.0,123000.0,119000.0,2025-07-16 09:12:00+00:00,106.96708851377154,4245.655090060287,0.025194483829879984,4252.973675234823,0.6908614451781858,1 days 06:55:00
907,100,GRID_BUY,CLOSED,2025-07-15 03:37:00+00:00,117000.0,117000.0,118000.0,118000.0,2025-07-15 13:12:00+00:00,106.96708851377154,4240.226217887854,0.025226740984365243,4246.354490254415,0.6985938268458654,0 days 09:35:00
908,100,GRID_BUY,CLOSED,2025-07-15 14:42:00+00:00,117000.0,117000.0,118000.0,118000.0,2025-07-16 00:47:00+00:00,106.96708851377154,4240.9248117147,0.025222585464919473,4247.7595436066995,0.6985938268458654,0 days 10:05:00
909,100,GRID_BUY,CLOSED,2025-07-15 14:54:00+00:00,116000.0,116000.0,118000.0,117000.0,2025-07-15 16:09:00+00:00,106.96708851377154,4234.582605171111,0.02526036176107355,4241.632085480994,0.706459525438845,0 days 01:15:00
910,100,GRID_BUY,CLOSED,2025-07-16 22:38:00+00:00,119000.0,119000.0,118000.0,120000.0,2025-07-17 21:07:00+00:00,106.96708851377154,4253.656135627167,0.025147093489257828,4259.3472022635615,0.6832590195049306,0 days 22:29:00
911,100,GRID_BUY,CLOSED,2025-07-17 01:47:00+00:00,118000.0,118000.0,118000.0,119000.0,2025-07-17 09:25:00+00:00,106.96708851377154,4249.1328577041,0.025173863020034683,4254.347795699506,0.6908614451781858,0 days 07:38:00
912,100,GRID_BUY,CLOSED,2025-07-17 11:57:00+00:00,118000.0,118000.0,118000.0,119000.0,2025-07-17 15:41:00+00:00,106.96708851377154,4249.823719149278,0.02516977069702647,4255.038657144683,0.6908614451781858,0 days 03:44:00
913,100,GRID_BUY,CLOSED,2025-07-18 08:31:00+00:00,119000.0,119000.0,118000.0,120000.0,2025-07-22 18:55:00+00:00,106.96708851377154,4255.721117537028,0.02513489149300227,4264.889688544316,0.6832590195049306,4 days 10:24:00
914,100,GRID_BUY,CLOSED,2025-07-18 14:22:00+00:00,118000.0,118000.0,118000.0,119000.0,2025-07-21 06:30:00+00:00,106.96708851377154,4251.197839613961,0.02516163503778147,4257.809965263058,0.6908614451781858,2 days 16:08:00
915,100,GRID_BUY,CLOSED,2025-07-18 20:27:00+00:00,117000.0,117000.0,118000.0,118000.0,2025-07-18 23:48:00+00:00,106.96708851377154,4245.768967441529,0.025193808079064926,4251.89723980809,0.6985938268458654,0 days 03:21:00
916,100,GRID_BUY,CLOSED,2025-07-20 22:13:00+00:00,117000.0,117000.0,118000.0,118000.0,2025-07-21 02:28:00+00:00,106.96708851377154,4246.467561268375,0.025189663401507675,4252.595833634936,0.6985938268458654,0 days 04:15:00
917,100,GRID_BUY,CLOSED,2025-07-21 12:00:00+00:00,118000.0,118000.0,118000.0,119000.0,2025-07-21 13:52:00+00:00,106.96708851377154,4253.285888712831,0.02514928253415453,4258.500826708237,0.6908614451781858,0 days 01:52:00
918,100,GRID_BUY,CLOSED,2025-07-21 16:07:00+00:00,118000.0,118000.0,118000.0,119000.0,2025-07-22 11:05:00+00:00,106.96708851377154,4253.976750158009,0.025145198198320753,4259.890281980261,0.6908614451781858,0 days 18:58:00
919,100,GRID_BUY,CLOSED,2025-07-21 19:00:00+00:00,117000.0,117000.0,118000.0,118000.0,2025-07-22 07:05:00+00:00,106.96708851377154,4248.547877985577,0.02517732919241323,4254.6761503521375,0.6985938268458654,0 days 12:05:00
920,100,GRID_BUY,CLOSED,2025-07-22 14:00:00+00:00,118000.0,118000.0,118000.0,119000.0,2025-07-22 14:58:00+00:00,106.96708851377154,4255.366205430033,0.02513698782898564,4260.581143425438,0.6908614451781858,0 days 00:58:00
921,100,GRID_BUY,CLOSED,2025-07-23 02:45:00+00:00,119000.0,119000.0,118000.0,120000.0,2025-08-11 02:00:00+00:00,106.96708851377154,4261.2636038177825,0.02510219936122628,4284.042200578621,0.6832590195049306,18 days 23:15:00
922,100,GRID_BUY,CLOSED,2025-07-23 09:29:00+00:00,118000.0,118000.0,118000.0,119000.0,2025-07-24 00:29:00+00:00,106.96708851377154,4256.740325894716,0.02512887334542502,4261.955263890121,0.6908614451781858,0 days 15:00:00
923,100,GRID_BUY,CLOSED,2025-07-24 04:41:00+00:00,118000.0,118000.0,118000.0,119000.0,2025-07-24 14:58:00+00:00,106.96708851377154,4257.431187339895,0.025124795635418397,4262.6461253353,0.6908614451781858,0 days 10:17:00
924,100,GRID_BUY,CLOSED,2025-07-25 00:22:00+00:00,118000.0,118000.0,118000.0,119000.0,2025-07-27 16:12:00+00:00,106.96708851377154,4258.122048785072,0.025120719248592556,4266.170964170343,0.6908614451781858,2 days 15:50:00
925,100,GRID_BUY,CLOSED,2025-07-25 02:35:00+00:00,117000.0,117000.0,118000.0,118000.0,2025-07-26 10:40:00+00:00,106.96708851377154,4252.69317661264,0.025152787673944795,4260.95683254222,0.6985938268458654,1 days 08:05:00
926,100,GRID_BUY,CLOSED,2025-07-25 03:06:00+00:00,116000.0,116000.0,118000.0,117000.0,2025-07-25 20:33:00+00:00,106.96708851377154,4246.350970069051,0.025190355028998492,4254.829374416514,0.706459525438845,0 days 17:27:00
927,100,GRID_BUY,CLOSED,2025-07-25 07:12:00+00:00,115000.0,115000.0,118000.0,116000.0,2025-07-25 09:59:00+00:00,106.96708851377154,4239.087555582141,0.02523351714519661,4247.066254339199,0.7144620187899449,0 days 02:47:00
928,100,GRID_BUY,CLOSED,2025-07-25 14:57:00+00:00,115000.0,115000.0,118000.0,116000.0,2025-07-25 16:48:00+00:00,106.96708851377154,4239.802017600931,0.025229264967966188,4247.780716357989,0.7144620187899449,0 days 01:51:00
929,100,GRID_BUY,CLOSED,2025-07-28 14:34:00+00:00,118000.0,118000.0,118000.0,119000.0,2025-07-29 06:20:00+00:00,106.96708851377154,4261.646887620115,0.02509994172077136,4266.8618256155205,0.6908614451781858,0 days 15:46:00
930,100,GRID_BUY,CLOSED,2025-07-29 14:08:00+00:00,118000.0,118000.0,118000.0,119000.0,2025-08-10 15:08:00+00:00,106.96708851377154,4262.337749065294,0.02509587339417877,4279.733655459743,0.6908614451781858,12 days 01:00:00
931,100,GRID_BUY,CLOSED,2025-07-29 16:38:00+00:00,117000.0,117000.0,118000.0,118000.0,2025-07-29 17:30:00+00:00,106.96708851377154,4256.908876892861,0.025127878375411066,4263.037149259422,0.6985938268458654,0 days 00:52:00
932,100,GRID_BUY,CLOSED,2025-07-30 18:49:00+00:00,117000.0,117000.0,118000.0,118000.0,2025-07-31 00:27:00+00:00,106.96708851377154,4257.607470719707,0.025123755360117735,4264.442202611706,0.6985938268458654,0 days 05:38:00
933,100,GRID_BUY,CLOSED,2025-07-30 19:04:00+00:00,116000.0,116000.0,118000.0,117000.0,2025-07-30 19:49:00+00:00,106.96708851377154,4251.265264176118,0.02516123597723828,4258.314744486001,0.706459525438845,0 days 00:45:00
934,100,GRID_BUY,CLOSED,2025-07-31 19:35:00+00:00,117000.0,117000.0,118000.0,118000.0,2025-08-10 03:20:00+00:00,106.96708851377154,4259.012524071992,0.02511546700301824,4274.519523831621,0.6985938268458654,9 days 07:45:00
935,100,GRID_BUY,CLOSED,2025-07-31 23:00:00+00:00,116000.0,116000.0,118000.0,117000.0,2025-08-07 19:42:00+00:00,106.96708851377154,4252.670317528402,0.025152922875982416,4267.685606180476,0.706459525438845,6 days 20:42:00
936,100,GRID_BUY,CLOSED,2025-08-01 00:50:00+00:00,115000.0,115000.0,118000.0,116000.0,2025-08-01 02:40:00+00:00,106.96708851377154,4245.406903041492,0.025195956702557355,4253.385601798551,0.7144620187899449,0 days 01:50:00
937,100,GRID_BUY,CLOSED,2025-08-01 07:11:00+00:00,115000.0,115000.0,118000.0,116000.0,2025-08-01 13:12:00+00:00,106.96708851377154,4246.121365060282,0.02519171717369245,4254.100063817341,0.7144620187899449,0 days 06:01:00
938,100,GRID_BUY,CLOSED,2025-08-01 13:44:00+00:00,115000.0,115000.0,118000.0,116000.0,2025-08-07 10:33:00+00:00,106.96708851377154,4246.835827079072,0.025187479071293026,4260.636948121952,0.7144620187899449,5 days 20:49:00
939,100,GRID_BUY,CLOSED,2025-08-01 14:03:00+00:00,114000.0,114000.0,118000.0,115000.0,2025-08-01 14:10:00+00:00,106.96708851377154,4238.643194144986,0.02523616252048052,4247.559262388231,0.7226049067612621,0 days 00:07:00
940,100,GRID_BUY,CLOSED,2025-08-01 18:16:00+00:00,114000.0,114000.0,118000.0,115000.0,2025-08-04 01:03:00+00:00,106.96708851377154,4239.365799051748,0.02523186098677725,4250.482978037125,0.7226049067612621,2 days 06:47:00
941,100,GRID_BUY,CLOSED,2025-08-01 22:43:00+00:00,113000.0,113000.0,118000.0,114000.0,2025-08-02 04:30:00+00:00,106.96708851377154,4230.235796631475,0.025286318223430745,4240.097529666094,0.7308919166435572,0 days 05:47:00
942,101,GRID_BUY,CLOSED,2025-08-02 14:41:00+00:00,113000.0,113000.0,113000.0,114000.0,2025-08-03 11:07:00+00:00,106.96708851377154,4230.966688548118,0.02528195005725227,4241.567748491582,0.7308919166435572,0 days 20:26:00
943,101,GRID_BUY,CLOSED,2025-08-03 00:37:00+00:00,112000.0,112000.0,113000.0,113000.0,2025-08-03 01:01:00+00:00,106.96708851377154,4220.891021336472,0.02534230046998519,4231.706862598102,0.7393269088452001,0 days 00:24:00
944,101,GRID_BUY,CLOSED,2025-08-05 07:36:00+00:00,114000.0,114000.0,113000.0,115000.0,2025-08-05 10:26:00+00:00,106.96708851377154,4242.289514700641,0.02521447160621703,4251.205582943886,0.7226049067612621,0 days 02:50:00
945,101,GRID_BUY,CLOSED,2025-08-05 12:39:00+00:00,114000.0,114000.0,113000.0,115000.0,2025-08-06 14:57:00+00:00,106.96708851377154,4243.012119607402,0.0252101774631907,4252.659079767291,0.7226049067612621,1 days 02:18:00
946,101,GRID_BUY,CLOSED,2025-08-05 14:32:00+00:00,113000.0,113000.0,113000.0,114000.0,2025-08-05 23:03:00+00:00,106.96708851377154,4233.88211718713,0.02526454104131681,4243.743850221748,0.7308919166435572,0 days 08:31:00
947,101,GRID_BUY,CLOSED,2025-08-08 15:40:00+00:00,116000.0,116000.0,113000.0,117000.0,2025-08-09 08:43:00+00:00,106.96708851377154,4261.3425853960325,0.025101734106137454,4268.392065705914,0.706459525438845,0 days 17:03:00
948,102,GRID_BUY,CLOSED,2025-08-11 10:57:00+00:00,121000.0,121000.0,118000.0,122000.0,2025-08-13 13:57:00+00:00,106.96708851377154,4288.120416707898,0.02494498244428802,4292.683576568337,0.6684311479438776,2 days 03:00:00
949,102,GRID_BUY,CLOSED,2025-08-11 12:31:00+00:00,120000.0,120000.0,118000.0,121000.0,2025-08-13 13:49:00+00:00,106.96708851377154,4285.385624010366,0.02496090151477878,4290.163501581757,0.6757833009262413,2 days 01:18:00
950,102,GRID_BUY,CLOSED,2025-08-11 19:51:00+00:00,119000.0,119000.0,118000.0,120000.0,2025-08-12 16:03:00+00:00,106.96708851377154,4281.760330300957,0.02498203548591731,4286.069674046996,0.6832590195049306,0 days 20:12:00
951,102,GRID_BUY,CLOSED,2025-08-13 05:51:00+00:00,119000.0,119000.0,118000.0,120000.0,2025-08-13 08:59:00+00:00,106.96708851377154,4282.443589320463,0.024978049630478626,4286.752933066501,0.6832590195049306,0 days 03:08:00
952,102,GRID_BUY,CLOSED,2025-08-13 14:52:00+00:00,121000.0,121000.0,118000.0,122000.0,2025-08-13 19:10:00+00:00,106.96708851377154,4290.8311491957775,0.024929223452155695,4293.352007716281,0.6684311479438776,0 days 04:18:00
953,103,GRID_BUY,CLOSED,2025-08-14 00:35:00+00:00,124000.0,124000.0,123000.0,125000.0,2025-10-05 04:46:00+00:00,106.96708851377154,4295.642265111034,0.0249013027417465,4347.08269843066,0.647086187672528,52 days 04:11:00
954,103,GRID_BUY,CLOSED,2025-08-14 05:00:00+00:00,123000.0,123000.0,123000.0,124000.0,2025-10-05 02:34:00+00:00,106.96708851377154,4294.673522849736,0.024906919686596665,4346.328652160776,0.6540854835880623,51 days 21:34:00
955,103,GRID_BUY,CLOSED,2025-08-14 06:00:00+00:00,122000.0,122000.0,123000.0,123000.0,2025-10-03 16:11:00+00:00,106.96708851377154,4292.835999113437,0.024917580950183645,4343.383432492931,0.6611995220596043,50 days 10:11:00
956,103,GRID_BUY,CLOSED,2025-08-14 10:52:00+00:00,121000.0,121000.0,123000.0,122000.0,2025-10-03 15:53:00+00:00,106.96708851377154,4290.122572742503,0.024933340877808952,4340.884716473436,0.6684311479438776,50 days 05:01:00
957,103,GRID_BUY,CLOSED,2025-08-14 12:33:00+00:00,120000.0,120000.0,123000.0,121000.0,2025-10-02 19:12:00+00:00,106.96708851377154,4286.526004872187,0.024954260954486156,4336.827083013145,0.6757833009262413,49 days 06:39:00
958,103,GRID_BUY,CLOSED,2025-08-14 12:34:00+00:00,119000.0,119000.0,123000.0,120000.0,2025-10-02 16:11:00+00:00,106.96708851377154,4282.038935989994,0.024980410059966235,4332.554739325105,0.6832590195049306,49 days 03:37:00
959,103,GRID_BUY,CLOSED,2025-08-14 12:35:00+00:00,118000.0,118000.0,123000.0,119000.0,2025-08-14 12:36:00+00:00,106.96708851377154,4276.653882894143,0.025011864752866937,4282.730596062333,0.6908614451781858,0 days 00:01:00
960,103,GRID_BUY,CLOSED,2025-08-14 13:40:00+00:00,118000.0,118000.0,123000.0,119000.0,2025-08-14 14:31:00+00:00,106.96708851377154,4277.344744339322,0.02500782492581006,4283.421457507511,0.6908614451781858,0 days 00:51:00
961,104,GRID_BUY,CLOSED,2025-08-14 15:37:00+00:00,118000.0,118000.0,118000.0,119000.0,2025-08-15 03:29:00+00:00,106.96708851377154,4278.035605784499,0.025003786403539317,4284.112318952689,0.6908614451781858,0 days 11:52:00
962,104,GRID_BUY,CLOSED,2025-08-15 13:42:00+00:00,118000.0,118000.0,118000.0,119000.0,2025-10-02 00:02:00+00:00,106.96708851377154,4278.726467229678,0.024999749185422665,4327.384419033443,0.6908614451781858,47 days 10:20:00
963,104,GRID_BUY,CLOSED,2025-08-15 15:09:00+00:00,117000.0,117000.0,118000.0,118000.0,2025-08-17 04:50:00+00:00,106.96708851377154,4272.43581988446,0.025036558306138407,4279.425867423806,0.6985938268458654,1 days 13:41:00
964,104,GRID_BUY,CLOSED,2025-08-18 01:29:00+00:00,117000.0,117000.0,118000.0,118000.0,2025-10-01 16:37:00+00:00,106.96708851377154,4273.1344137113065,0.025032465201783437,4320.60991840569,0.6985938268458654,44 days 15:08:00
965,104,GRID_BUY,CLOSED,2025-08-18 02:07:00+00:00,116000.0,116000.0,118000.0,117000.0,2025-08-22 15:45:00+00:00,106.96708851377154,4265.930431994933,0.025074738141885055,4278.925219080717,0.706459525438845,4 days 13:38:00
966,104,GRID_BUY,CLOSED,2025-08-18 03:48:00+00:00,115000.0,115000.0,118000.0,116000.0,2025-08-18 15:50:00+00:00,106.96708851377154,4257.805242335238,0.025122588381967494,4266.645716265081,0.7144620187899449,0 days 12:02:00
967,104,GRID_BUY,CLOSED,2025-08-19 03:43:00+00:00,115000.0,115000.0,118000.0,116000.0,2025-08-22 14:40:00+00:00,106.96708851377154,4258.519704354028,0.0251183735053299,4271.014785849409,0.7144620187899449,3 days 10:57:00
968,104,GRID_BUY,CLOSED,2025-08-19 14:42:00+00:00,114000.0,114000.0,118000.0,115000.0,2025-08-22 14:08:00+00:00,106.96708851377154,4249.465296247158,0.025171893651711352,4262.175142321963,0.7226049067612621,2 days 23:26:00
969,104,GRID_BUY,CLOSED,2025-08-19 18:43:00+00:00,113000.0,113000.0,118000.0,114000.0,2025-08-20 08:56:00+00:00,106.96708851377154,4239.473518654101,0.02523121987744606,4250.197026861504,0.7308919166435572,0 days 14:13:00
970,105,GRID_BUY,CLOSED,2025-08-20 13:45:00+00:00,113000.0,113000.0,113000.0,114000.0,2025-08-20 15:07:00+00:00,106.96708851377154,4240.204410570745,0.025226870725171817,4250.927918778148,0.7308919166435572,0 days 01:22:00
971,105,GRID_BUY,CLOSED,2025-08-21 11:55:00+00:00,113000.0,113000.0,113000.0,114000.0,2025-08-22 14:03:00+00:00,106.96708851377154,4240.935302487388,0.0252225230719821,4252.398137603636,0.7308919166435572,1 days 02:08:00
972,105,GRID_BUY,CLOSED,2025-08-22 12:31:00+00:00,112000.0,112000.0,113000.0,113000.0,2025-08-22 14:00:00+00:00,106.96708851377154,4229.997860102957,0.025287740573742983,4241.675476537372,0.7393269088452001,0 days 01:29:00
973,105,GRID_BUY,CLOSED,2025-08-23 02:26:00+00:00,116000.0,116000.0,113000.0,117000.0,2025-09-17 02:52:00+00:00,106.96708851377154,4271.720423123489,0.025040751247376116,4302.652552249458,0.706459525438845,25 days 00:26:00
974,105,GRID_BUY,CLOSED,2025-08-23 13:29:00+00:00,115000.0,115000.0,113000.0,116000.0,2025-09-12 00:44:00+00:00,106.96708851377154,4263.595233463795,0.025088471737236235,4291.884270942989,0.7144620187899449,19 days 11:15:00
975,105,GRID_BUY,CLOSED,2025-08-24 19:34:00+00:00,114000.0,114000.0,113000.0,115000.0,2025-09-11 22:24:00+00:00,106.96708851377154,4254.540825356924,0.025141864399620094,4283.044627415544,0.7226049067612621,18 days 02:50:00
976,105,GRID_BUY,CLOSED,2025-08-24 19:36:00+00:00,113000.0,113000.0,113000.0,114000.0,2025-09-10 13:44:00+00:00,106.96708851377154,4244.549047763867,0.025201048994857166,4273.267622697217,0.7308919166435572,16 days 18:08:00
977,105,GRID_BUY,CLOSED,2025-08-24 19:37:00+00:00,112000.0,112000.0,113000.0,113000.0,2025-08-24 19:44:00+00:00,106.96708851377154,4233.611605379436,0.02526615535016341,4246.037135696739,0.7393269088452001,0 days 00:07:00
978,105,GRID_BUY,CLOSED,2025-08-24 19:37:00+00:00,111000.0,111000.0,113000.0,112000.0,2025-08-24 19:38:00+00:00,106.96708851377154,4221.720054767993,0.025337323916815223,4234.3603749990325,0.7479138828882839,0 days 00:01:00
979,105,GRID_BUY,CLOSED,2025-08-24 19:56:00+00:00,112000.0,112000.0,113000.0,113000.0,2025-08-24 21:32:00+00:00,106.96708851377154,4235.0988461711695,0.02525728262764809,4246.776462605583,0.7393269088452001,0 days 01:36:00
980,105,GRID_BUY,CLOSED,2025-08-25 06:45:00+00:00,112000.0,112000.0,113000.0,113000.0,2025-08-28 04:50:00+00:00,106.96708851377154,4235.838173080014,0.025252874199391886,4252.7775764210455,0.7393269088452001,2 days 22:05:00
981,105,GRID_BUY,CLOSED,2025-08-25 08:07:00+00:00,111000.0,111000.0,113000.0,112000.0,2025-08-25 14:17:00+00:00,106.96708851377154,4223.946622468572,0.02532396786095216,4236.5869426996105,0.7479138828882839,0 days 06:10:00
982,105,GRID_BUY,CLOSED,2025-08-25 19:56:00+00:00,111000.0,111000.0,113000.0,112000.0,2025-08-26 23:03:00+00:00,106.96708851377154,4224.694536351461,0.025319484661759872,4238.857074074675,0.7479138828882839,1 days 03:07:00
983,105,GRID_BUY,CLOSED,2025-08-25 20:11:00+00:00,110000.0,110000.0,113000.0,111000.0,2025-08-26 19:21:00+00:00,106.96708851377154,4211.840281943394,0.025396758032908036,4226.217618332197,0.756656983732185,0 days 23:10:00
984,105,GRID_BUY,CLOSED,2025-08-26 00:45:00+00:00,109000.0,109000.0,113000.0,110000.0,2025-08-26 02:09:00+00:00,106.96708851377154,4198.014571886008,0.025480399527464077,4212.606715852837,0.7655605084447359,0 days 01:24:00
985,105,GRID_BUY,CLOSED,2025-08-27 03:11:00+00:00,111000.0,111000.0,113000.0,112000.0,2025-08-27 14:26:00+00:00,106.96708851377154,4226.964667726525,0.025305886592921028,4239.604987957564,0.7479138828882839,0 days 11:15:00
986,105,GRID_BUY,CLOSED,2025-08-27 20:21:00+00:00,111000.0,111000.0,113000.0,112000.0,2025-08-27 20:26:00+00:00,106.96708851377154,4227.712581609413,0.025301409792869864,4240.3529018404515,0.7479138828882839,0 days 00:05:00
987,105,GRID_BUY,CLOSED,2025-08-28 00:24:00+00:00,111000.0,111000.0,113000.0,112000.0,2025-08-28 03:32:00+00:00,106.96708851377154,4228.460495492302,0.025296934576497166,4241.100815723339,0.7479138828882839,0 days 03:08:00
988,105,GRID_BUY,CLOSED,2025-08-28 19:55:00+00:00,112000.0,112000.0,113000.0,113000.0,2025-09-05 12:30:00+00:00,106.96708851377154,4241.839286895476,0.02521714786418954,4258.813823063753,0.7393269088452001,7 days 16:35:00
989,105,GRID_BUY,CLOSED,2025-08-29 06:29:00+00:00,111000.0,111000.0,113000.0,112000.0,2025-09-03 14:39:00+00:00,106.96708851377154,4229.947736284034,0.025288040227121347,4245.632491499427,0.7479138828882839,5 days 08:10:00
990,105,GRID_BUY,CLOSED,2025-08-29 07:56:00+00:00,110000.0,110000.0,113000.0,111000.0,2025-08-29 12:30:00+00:00,106.96708851377154,4217.093481875968,0.02536512149267969,4230.705257756327,0.756656983732185,0 days 04:34:00
991,105,GRID_BUY,CLOSED,2025-08-29 13:35:00+00:00,110000.0,110000.0,113000.0,111000.0,2025-09-02 13:50:00+00:00,106.96708851377154,4217.850138859701,0.025360571142219433,4232.993035756948,0.756656983732185,4 days 00:15:00
992,105,GRID_BUY,CLOSED,2025-08-29 13:56:00+00:00,109000.0,109000.0,113000.0,110000.0,2025-09-02 02:58:00+00:00,106.96708851377154,4204.024428802313,0.0254439740599332,4218.616572769143,0.7655605084447359,3 days 13:02:00
993,106,GRID_BUY,CLOSED,2025-09-02 12:43:00+00:00,109000.0,109000.0,108000.0,110000.0,2025-09-02 13:36:00+00:00,106.96708851377154,4204.789989310759,0.02543934150949246,4219.382133277588,0.7655605084447359,0 days 00:53:00
994,106,GRID_BUY,CLOSED,2025-09-04 04:58:00+00:00,111000.0,111000.0,108000.0,112000.0,2025-09-05 07:01:00+00:00,106.96708851377154,4233.740085151276,0.02526538860732862,4247.137062366047,0.7479138828882839,1 days 02:03:00
995,106,GRID_BUY,CLOSED,2025-09-04 14:05:00+00:00,110000.0,110000.0,108000.0,111000.0,2025-09-04 22:56:00+00:00,106.96708851377154,4220.88583074321,0.025342331634432495,4234.497606623569,0.756656983732185,0 days 08:51:00
996,107,GRID_BUY,CLOSED,2025-09-05 14:15:00+00:00,112000.0,112000.0,113000.0,113000.0,2025-09-09 06:47:00+00:00,106.96708851377154,4247.875533538184,0.025181314205003417,4261.057720839219,0.7393269088452001,3 days 16:32:00
997,107,GRID_BUY,CLOSED,2025-09-05 14:26:00+00:00,111000.0,111000.0,113000.0,112000.0,2025-09-08 09:14:00+00:00,106.96708851377154,4235.983982926742,0.025252004952073834,4249.380960141512,0.7479138828882839,2 days 18:48:00
998,107,GRID_BUY,CLOSED,2025-09-06 16:21:00+00:00,110000.0,110000.0,113000.0,111000.0,2025-09-07 08:21:00+00:00,106.96708851377154,4223.129728518676,0.025328866359805576,4236.741504399035,0.756656983732185,0 days 16:00:00
999,107,GRID_BUY,CLOSED,2025-09-09 14:33:00+00:00,112000.0,112000.0,113000.0,113000.0,2025-09-10 12:30:00+00:00,106.96708851377154,4250.119431313649,0.025168019450387442,4262.5449616309525,0.7393269088452001,0 days 21:57:00
1000,107,GRID_BUY,CLOSED,2025-09-09 15:37:00+00:00,111000.0,111000.0,113000.0,112000.0,2025-09-10 07:23:00+00:00,106.96708851377154,4238.227880702207,0.02523863546856966,4250.868200933246,0.7479138828882839,0 days 15:46:00
1001,107,GRID_BUY,CLOSED,2025-09-12 08:06:00+00:00,115000.0,115000.0,113000.0,116000.0,2025-09-12 18:09:00+00:00,106.96708851377154,4283.758259031936,0.024970383958581376,4292.598732961779,0.7144620187899449,0 days 10:03:00
1002,107,GRID_BUY,CLOSED,2025-09-15 00:10:00+00:00,115000.0,115000.0,113000.0,116000.0,2025-09-15 04:22:00+00:00,106.96708851377154,4284.472721050726,0.02496621999440316,4293.313194980569,0.7144620187899449,0 days 04:12:00
1003,107,GRID_BUY,CLOSED,2025-09-15 08:50:00+00:00,115000.0,115000.0,113000.0,116000.0,2025-09-16 06:11:00+00:00,106.96708851377154,4285.187183069516,0.024962057418726362,4294.027656999359,0.7144620187899449,0 days 21:21:00
1004,107,GRID_BUY,CLOSED,2025-09-16 13:45:00+00:00,115000.0,115000.0,113000.0,116000.0,2025-09-16 16:00:00+00:00,106.96708851377154,4285.901645088306,0.0249578962308566,4294.742119018149,0.7144620187899449,0 days 02:15:00
1005,107,GRID_BUY,CLOSED,2025-09-17 13:36:00+00:00,116000.0,116000.0,113000.0,117000.0,2025-09-18 03:01:00+00:00,106.96708851377154,4295.447756292229,0.024902430336180843,4304.7879358124765,0.706459525438845,0 days 13:25:00
1006,107,GRID_BUY,CLOSED,2025-09-17 18:15:00+00:00,115000.0,115000.0,113000.0,116000.0,2025-09-17 18:28:00+00:00,106.96708851377154,4287.322566632535,0.0249496245853478,4296.163040562378,0.7144620187899449,0 days 00:13:00
1007,107,GRID_BUY,CLOSED,2025-09-17 18:43:00+00:00,115000.0,115000.0,113000.0,116000.0,2025-09-17 20:08:00+00:00,106.96708851377154,4288.037028651325,0.024945467541220106,4296.877502581168,0.7144620187899449,0 days 01:25:00
1008,107,GRID_BUY,CLOSED,2025-09-19 14:47:00+00:00,116000.0,116000.0,113000.0,117000.0,2025-10-01 14:02:00+00:00,106.96708851377154,4297.583139855248,0.024890056813973452,4313.620685107199,0.706459525438845,11 days 23:15:00
1009,107,GRID_BUY,CLOSED,2025-09-22 00:32:00+00:00,115000.0,115000.0,113000.0,116000.0,2025-10-01 08:48:00+00:00,106.96708851377154,4289.457950195554,0.024937204130627968,4305.710251875891,0.7144620187899449,9 days 08:16:00
1010,107,GRID_BUY,CLOSED,2025-09-22 05:59:00+00:00,114000.0,114000.0,113000.0,115000.0,2025-10-01 08:27:00+00:00,106.96708851377154,4280.403542088683,0.024989954209218193,4296.870608348446,0.7226049067612621,9 days 02:28:00
1011,107,GRID_BUY,CLOSED,2025-09-22 06:02:00+00:00,113000.0,113000.0,113000.0,114000.0,2025-09-29 14:41:00+00:00,106.96708851377154,4270.411764495626,0.025048424932485477,4286.362711713476,0.7308919166435572,7 days 08:39:00
1012,107,GRID_BUY,CLOSED,2025-09-22 06:02:00+00:00,112000.0,112000.0,113000.0,113000.0,2025-09-22 06:12:00+00:00,106.96708851377154,4259.474322111195,0.02511274406761857,4271.15193854561,0.7393269088452001,0 days 00:10:00
1013,107,GRID_BUY,CLOSED,2025-09-22 19:44:00+00:00,112000.0,112000.0,113000.0,113000.0,2025-09-23 06:35:00+00:00,106.96708851377154,4260.213649020041,0.025108385946412976,4271.891265454455,0.7393269088452001,0 days 10:51:00
1014,107,GRID_BUY,CLOSED,2025-09-23 17:46:00+00:00,112000.0,112000.0,113000.0,113000.0,2025-09-24 11:05:00+00:00,106.96708851377154,4260.952975928885,0.02510402933758094,4272.630592363301,0.7393269088452001,0 days 17:19:00
1015,107,GRID_BUY,CLOSED,2025-09-25 04:19:00+00:00,112000.0,112000.0,113000.0,113000.0,2025-09-29 13:43:00+00:00,106.96708851377154,4261.692302837731,0.025099674240335327,4275.640050647211,0.7393269088452001,4 days 09:24:00
1016,107,GRID_BUY,CLOSED,2025-09-25 13:04:00+00:00,111000.0,111000.0,113000.0,112000.0,2025-09-28 22:46:00+00:00,106.96708851377154,4249.800752226289,0.02516990672038826,4263.9632899495045,0.7479138828882839,3 days 09:42:00
1017,107,GRID_BUY,CLOSED,2025-09-25 17:21:00+00:00,110000.0,110000.0,113000.0,111000.0,2025-09-28 22:05:00+00:00,106.96708851377154,4236.946497818222,0.02524626840788603,4251.323834207026,0.756656983732185,3 days 04:44:00
1018,107,GRID_BUY,CLOSED,2025-09-25 17:56:00+00:00,109000.0,109000.0,113000.0,110000.0,2025-09-26 17:27:00+00:00,106.96708851377154,4223.120787760836,0.025328919983481493,4237.712931727665,0.7655605084447359,0 days 23:31:00
1019,107,GRID_BUY,CLOSED,2025-09-30 09:38:00+00:00,113000.0,113000.0,113000.0,114000.0,2025-09-30 19:30:00+00:00,106.96708851377154,4276.370095422715,0.02501352458438187,4287.093603630119,0.7308919166435572,0 days 09:52:00
1020,108,GRID_BUY,CLOSED,2025-10-01 17:49:00+00:00,117000.0,117000.0,118000.0,118000.0,2025-10-01 22:08:00+00:00,106.96708851377154,4314.31846469319,0.024793507801788673,4321.308512232536,0.6985938268458654,0 days 04:19:00
1021,108,GRID_BUY,CLOSED,2025-10-03 01:50:00+00:00,120000.0,120000.0,118000.0,121000.0,2025-10-03 15:18:00+00:00,106.96708851377154,4333.229731608906,0.024685302912397216,4337.502866314071,0.6757833009262413,0 days 13:28:00
1022,109,GRID_BUY,CLOSED,2025-10-03 17:00:00+00:00,122000.0,122000.0,123000.0,123000.0,2025-10-03 17:11:00+00:00,106.96708851377154,4341.545139821084,0.024638022885598666,4344.04463201499,0.6611995220596043,0 days 00:11:00
1023,109,GRID_BUY,CLOSED,2025-10-03 17:51:00+00:00,122000.0,122000.0,123000.0,123000.0,2025-10-05 02:30:00+00:00,106.96708851377154,4342.206339343144,0.024634271187111003,4344.70583153705,0.6611995220596043,1 days 08:39:00
1024,109,GRID_BUY,CLOSED,2025-10-05 05:06:00+00:00,125000.0,125000.0,123000.0,126000.0,2025-10-06 18:56:00+00:00,106.96708851377154,4346.974976534062,0.024607247359647498,4349.024062088211,0.6401988804916243,1 days 13:50:00
1025,109,GRID_BUY,CLOSED,2025-10-05 09:29:00+00:00,124000.0,124000.0,123000.0,125000.0,2025-10-06 13:57:00+00:00,106.96708851377154,4346.0131284741465,0.02461269337014794,4348.276903013407,0.647086187672528,1 days 04:28:00
1026,109,GRID_BUY,CLOSED,2025-10-05 09:41:00+00:00,123000.0,123000.0,123000.0,124000.0,2025-10-06 00:16:00+00:00,106.96708851377154,4344.189505241447,0.024623025396270416,4346.667975772121,0.6540854835880623,0 days 14:35:00
1027,109,GRID_BUY,OPEN,2025-10-06 18:57:00+00:00,126000.0,126000.0,123000.0,127000.0,,106.96708851377154,4348.916347085815,0.024596262603544812,,-32.632966038313555,86 days 05:02:00
1028,109,GRID_BUY,OPEN,2025-10-06 21:16:00+00:00,125000.0,125000.0,123000.0,126000.0,,106.96708851377154,4347.961283795514,0.024601665362667533,,-32.03829305850989,86 days 02:43:00
1029,109,GRID_BUY,CLOSED,2025-10-07 06:25:00+00:00,124000.0,124000.0,123000.0,125000.0,2025-10-07 12:56:00+00:00,106.96708851377154,4346.151339533811,0.024611910666977682,4348.609124791271,0.647086187672528,0 days 06:31:00
1030,109,GRID_BUY,OPEN,2025-10-07 13:42:00+00:00,124000.0,124000.0,123000.0,125000.0,,106.96708851377154,4346.798425721483,0.024608246814669606,,-31.434028579031974,85 days 10:17:00
1031,109,GRID_BUY,CLOSED,2025-10-07 14:08:00+00:00,123000.0,123000.0,123000.0,124000.0,2025-10-08 17:31:00+00:00,106.96708851377154,4344.126706286995,0.02462338134819237,4350.773733881524,0.6540854835880623,1 days 03:23:00
1032,109,GRID_BUY,CLOSED,2025-10-07 15:07:00+00:00,122000.0,122000.0,123000.0,123000.0,2025-10-08 10:38:00+00:00,106.96708851377154,4340.5862053775045,0.02464346598651841,4346.125537040488,0.6611995220596043,0 days 19:31:00
1033,109,GRID_BUY,CLOSED,2025-10-07 16:24:00+00:00,121000.0,121000.0,123000.0,122000.0,2025-10-07 16:46:00+00:00,106.96708851377154,4336.169801833381,0.024668565439606324,4341.255412699859,0.6684311479438776,0 days 00:22:00
1034,109,GRID_BUY,CLOSED,2025-10-07 18:02:00+00:00,121000.0,121000.0,123000.0,122000.0,2025-10-07 19:52:00+00:00,106.96708851377154,4336.838232981325,0.024664763306201962,4341.923843847803,0.6684311479438776,0 days 01:50:00
1035,109,GRID_BUY,CLOSED,2025-10-08 13:43:00+00:00,122000.0,122000.0,123000.0,123000.0,2025-10-08 14:01:00+00:00,106.96708851377154,4342.584267195452,0.024632127307653493,4346.786736562548,0.6611995220596043,0 days 00:18:00
1036,109,GRID_BUY,CLOSED,2025-10-08 15:48:00+00:00,122000.0,122000.0,123000.0,123000.0,2025-10-08 16:51:00+00:00,106.96708851377154,4343.245466717512,0.024628377404285626,4347.447936084607,0.6611995220596043,0 days 01:03:00
1037,109,GRID_BUY,OPEN,2025-10-08 20:58:00+00:00,123000.0,123000.0,123000.0,124000.0,,106.96708851377154,4348.101252632649,0.024600873415495113,,-30.819938660863357,84 days 03:01:00
1038,109,GRID_BUY,CLOSED,2025-10-09 02:19:00+00:00,122000.0,122000.0,123000.0,123000.0,2025-10-09 12:05:00+00:00,106.96708851377154,4344.560751723159,0.02462092133740926,4348.763221090255,0.6611995220596043,0 days 09:46:00
1039,109,GRID_BUY,OPEN,2025-10-09 14:08:00+00:00,122000.0,122000.0,123000.0,123000.0,,106.96708851377154,4345.221951245219,0.02461717484491621,,-30.19578169485591,83 days 09:51:00
1040,109,GRID_BUY,CLOSED,2025-10-09 14:46:00+00:00,121000.0,121000.0,123000.0,122000.0,2025-10-10 13:26:00+00:00,106.96708851377154,4340.805547701096,0.024642220744124706,4346.566941868499,0.6684311479438776,0 days 22:40:00
1041,109,GRID_BUY,CLOSED,2025-10-09 16:58:00+00:00,120000.0,120000.0,123000.0,121000.0,2025-10-09 17:59:00+00:00,106.96708851377154,4335.50600265759,0.024672342385918176,4341.482114535946,0.6757833009262413,0 days 01:01:00
1042,109,GRID_BUY,OPEN,2025-10-10 14:57:00+00:00,121000.0,121000.0,123000.0,122000.0,,106.96708851377154,4342.149762149966,0.024634592165887897,,-29.561308084782226,82 days 09:02:00
1043,109,GRID_BUY,OPEN,2025-10-10 15:04:00+00:00,120000.0,120000.0,123000.0,121000.0,,106.96708851377154,4336.85021710646,0.02466469514945338,,-28.91625991454066,82 days 08:55:00
1044,109,GRID_BUY,OPEN,2025-10-10 15:30:00+00:00,119000.0,119000.0,123000.0,120000.0,,106.96708851377154,4330.660171051077,0.024699949727944134,,-28.260370598580735,82 days 08:29:00
1045,109,GRID_BUY,OPEN,2025-10-10 17:05:00+00:00,118000.0,118000.0,123000.0,119000.0,,106.96708851377154,4323.5721407820365,0.02474044263187051,,-27.593364514553684,82 days 06:54:00
1046,110,GRID_BUY,OPEN,2025-10-10 19:10:00+00:00,117000.0,117000.0,118000.0,118000.0,,106.96708851377154,4315.578516263629,0.02478626865683404,,-26.914956617124474,82 days 04:49:00
1047,110,GRID_BUY,CLOSED,2025-10-10 19:21:00+00:00,116000.0,116000.0,118000.0,117000.0,2025-10-10 19:45:00+00:00,106.96708851377154,4306.671557374067,0.024837531046596282,4316.285790029923,0.706459525438845,0 days 00:24:00
1048,110,GRID_BUY,OPEN,2025-10-10 20:52:00+00:00,116000.0,116000.0,118000.0,117000.0,,106.96708851377154,4307.378016899505,0.024833457405897135,,-26.224852031808553,82 days 03:07:00
1049,110,GRID_BUY,CLOSED,2025-10-10 20:55:00+00:00,115000.0,115000.0,118000.0,116000.0,2025-10-27 06:50:00+00:00,106.96708851377154,4297.549850066621,0.024890249617956925,4341.658841447346,0.7144620187899449,16 days 09:55:00
1050,110,GRID_BUY,CLOSED,2025-10-10 20:56:00+00:00,114000.0,114000.0,118000.0,115000.0,2025-10-10 21:04:00+00:00,106.96708851377154,4286.79246478656,0.02495270983898621,4298.27328537578,0.7226049067612621,0 days 00:08:00
1051,110,GRID_BUY,CLOSED,2025-10-10 21:11:00+00:00,114000.0,114000.0,118000.0,115000.0,2025-10-12 20:28:00+00:00,106.96708851377154,4287.5150696933215,0.024948504384247613,4319.31952631783,0.7226049067612621,1 days 23:17:00
1052,110,GRID_BUY,CLOSED,2025-10-10 21:13:00+00:00,113000.0,113000.0,118000.0,114000.0,2025-10-10 22:48:00+00:00,106.96708851377154,4275.820314927075,0.025016740797162308,4302.6639521007155,0.7308919166435572,0 days 01:35:00
1053,110,GRID_BUY,CLOSED,2025-10-10 21:13:00+00:00,112000.0,112000.0,118000.0,113000.0,2025-10-10 21:46:00+00:00,106.96708851377154,4263.179895369454,0.02509091596860742,4287.263832277794,0.7393269088452001,0 days 00:33:00
1054,110,GRID_BUY,CLOSED,2025-10-10 21:13:00+00:00,111000.0,111000.0,118000.0,112000.0,2025-10-10 21:14:00+00:00,106.96708851377154,4249.585367584822,0.02517118242398421,4263.928664989051,0.7479138828882839,0 days 00:01:00
1055,111,GRID_BUY,CLOSED,2025-10-10 21:14:00+00:00,110000.0,110000.0,112000.0,111000.0,2025-10-10 21:15:00+00:00,106.96708851377154,4236.845720771592,0.025246868912255617,4251.197770028517,0.756656983732185,0 days 00:01:00
1056,111,GRID_BUY,CLOSED,2025-10-10 21:16:00+00:00,111000.0,111000.0,112000.0,112000.0,2025-10-10 21:18:00+00:00,106.96708851377154,4251.089938451442,0.025162273690388395,4265.433235855671,0.7479138828882839,0 days 00:02:00
1057,111,GRID_BUY,CLOSED,2025-10-10 21:18:00+00:00,108000.0,108000.0,112000.0,109000.0,2025-10-10 21:19:00+00:00,106.96708851377154,4211.375170245976,0.025399562895633415,4225.745209422332,0.7746289132445838,0 days 00:01:00
1058,111,GRID_BUY,CLOSED,2025-10-10 21:19:00+00:00,107000.0,107000.0,112000.0,108000.0,2025-10-10 21:22:00+00:00,106.96708851377154,4198.662238463102,0.025476469036701147,4213.0415247943065,0.7838668209379165,0 days 00:03:00
1059,112,GRID_BUY,CLOSED,2025-10-10 21:23:00+00:00,107000.0,107000.0,104000.0,108000.0,2025-10-10 21:24:00+00:00,106.96708851377154,4199.44610528404,0.0254717136098444,4213.825391615244,0.7838668209379165,0 days 00:01:00
1060,112,GRID_BUY,CLOSED,2025-10-10 21:24:00+00:00,106000.0,106000.0,104000.0,107000.0,2025-10-10 21:25:00+00:00,106.96708851377154,4186.742411408859,0.02554900158707796,4201.131119369533,0.7932790287763822,0 days 00:01:00
1061,112,GRID_BUY,CLOSED,2025-10-10 21:25:00+00:00,108000.0,108000.0,104000.0,109000.0,2025-10-10 21:29:00+00:00,106.96708851377154,4214.510811829872,0.025380665346384095,4228.880851006229,0.7746289132445838,0 days 00:04:00
1062,112,GRID_BUY,CLOSED,2025-10-10 21:30:00+00:00,108000.0,108000.0,104000.0,109000.0,2025-10-10 21:31:00+00:00,106.96708851377154,4215.285440743117,0.025376001226363975,4229.655479919474,0.7746289132445838,0 days 00:01:00
1063,113,GRID_BUY,CLOSED,2025-10-10 21:32:00+00:00,109000.0,109000.0,109000.0,110000.0,2025-10-10 21:33:00+00:00,106.96708851377154,4229.54763035248,0.025290432420276864,4243.908592046555,0.7655605084447359,0 days 00:01:00
1064,113,GRID_BUY,CLOSED,2025-10-10 21:33:00+00:00,110000.0,110000.0,109000.0,111000.0,2025-10-10 21:34:00+00:00,106.96708851377154,4243.8007515570425,0.02520549261756116,4258.152800813968,0.756656983732185,0 days 00:01:00
1065,113,GRID_BUY,CLOSED,2025-10-10 21:35:00+00:00,111000.0,111000.0,109000.0,112000.0,2025-10-10 21:38:00+00:00,106.96708851377154,4258.044969236893,0.025121173986319287,4272.388266641122,0.7479138828882839,0 days 00:03:00
1066,113,GRID_BUY,CLOSED,2025-10-10 21:39:00+00:00,111000.0,111000.0,109000.0,112000.0,2025-10-10 21:40:00+00:00,106.96708851377154,4258.792883119781,0.02511676229613043,4273.136180524009,0.7479138828882839,0 days 00:01:00
1067,113,GRID_BUY,CLOSED,2025-10-10 21:44:00+00:00,111000.0,111000.0,109000.0,112000.0,2025-10-10 21:45:00+00:00,106.96708851377154,4259.540797002669,0.025112352155199823,4273.884094406898,0.7479138828882839,0 days 00:01:00
1068,113,GRID_BUY,CLOSED,2025-10-10 21:46:00+00:00,111000.0,111000.0,109000.0,112000.0,2025-10-10 21:47:00+00:00,106.96708851377154,4262.089113109928,0.025097337403093535,4275.478302287145,0.7479138828882839,0 days 00:01:00
1069,113,GRID_BUY,CLOSED,2025-10-10 22:05:00+00:00,112000.0,112000.0,109000.0,113000.0,2025-10-10 22:10:00+00:00,106.96708851377154,4275.3704794619225,0.025019372947355407,4289.498986952415,0.7393269088452001,0 days 00:05:00
1070,113,GRID_BUY,CLOSED,2025-10-10 22:05:00+00:00,111000.0,111000.0,109000.0,112000.0,2025-10-10 22:06:00+00:00,106.96708851377154,4261.77595167729,0.025099181591578725,4276.119249081519,0.7479138828882839,0 days 00:01:00
1071,113,GRID_BUY,CLOSED,2025-10-10 22:27:00+00:00,112000.0,112000.0,109000.0,113000.0,2025-10-10 22:34:00+00:00,106.96708851377154,4276.857720253656,0.02501067267382171,4290.23831386126,0.7393269088452001,0 days 00:07:00
1072,113,GRID_BUY,CLOSED,2025-10-10 23:06:00+00:00,113000.0,113000.0,109000.0,114000.0,2025-10-10 23:34:00+00:00,106.96708851377154,4290.9683586367655,0.024928426306959493,4303.394844017359,0.7308919166435572,0 days 00:28:00
1073,114,GRID_BUY,CLOSED,2025-10-10 23:54:00+00:00,113000.0,113000.0,114000.0,114000.0,2025-10-12 16:05:00+00:00,106.96708851377154,4291.699250553409,0.024924180905728257,4307.839544426313,0.7308919166435572,1 days 16:11:00
1074,114,GRID_BUY,CLOSED,2025-10-11 00:16:00+00:00,112000.0,112000.0,114000.0,113000.0,2025-10-11 00:48:00+00:00,106.96708851377154,4279.0588309957875,0.024997807400764117,4292.439424603393,0.7393269088452001,0 days 00:32:00
1075,114,GRID_BUY,CLOSED,2025-10-11 01:12:00+00:00,112000.0,112000.0,114000.0,113000.0,2025-10-11 02:43:00+00:00,106.96708851377154,4279.798157904634,0.02499348907756483,4293.178751512238,0.7393269088452001,0 days 01:31:00
1076,114,GRID_BUY,CLOSED,2025-10-11 03:24:00+00:00,112000.0,112000.0,114000.0,113000.0,2025-10-12 15:05:00+00:00,106.96708851377154,4280.537484813478,0.024989172246071938,4295.413906186859,0.7393269088452001,1 days 11:41:00
1077,114,GRID_BUY,CLOSED,2025-10-11 07:09:00+00:00,111000.0,111000.0,114000.0,112000.0,2025-10-11 10:21:00+00:00,106.96708851377154,4266.942957028847,0.025068788027167523,4281.286254433075,0.7479138828882839,0 days 03:12:00
1078,114,GRID_BUY,CLOSED,2025-10-11 19:20:00+00:00,111000.0,111000.0,114000.0,112000.0,2025-10-12 06:27:00+00:00,106.96708851377154,4267.690870911734,0.025064394715852388,4282.034168315962,0.7479138828882839,0 days 11:07:00
1079,114,GRID_BUY,CLOSED,2025-10-13 11:27:00+00:00,114000.0,114000.0,114000.0,115000.0,2025-10-13 13:31:00+00:00,106.96708851377154,4308.561310635372,0.024826637200155658,4320.042131224592,0.7226049067612621,0 days 02:04:00
1080,114,GRID_BUY,CLOSED,2025-10-13 14:30:00+00:00,114000.0,114000.0,114000.0,115000.0,2025-10-13 16:09:00+00:00,106.96708851377154,4309.283915542133,0.024822474130325307,4320.764736131353,0.7226049067612621,0 days 01:39:00
1081,114,GRID_BUY,CLOSED,2025-10-14 02:18:00+00:00,114000.0,114000.0,114000.0,115000.0,2025-10-26 22:03:00+00:00,106.96708851377154,4310.006520448895,0.02481831245643469,4331.1162207467105,0.7226049067612621,12 days 19:45:00
1082,114,GRID_BUY,CLOSED,2025-10-14 04:47:00+00:00,113000.0,113000.0,114000.0,114000.0,2025-10-21 16:36:00+00:00,106.96708851377154,4298.311765682648,0.024885837590420404,4315.939300347286,0.7308919166435572,7 days 11:49:00
1083,114,GRID_BUY,CLOSED,2025-10-14 06:43:00+00:00,112000.0,112000.0,114000.0,113000.0,2025-10-14 16:20:00+00:00,106.96708851377154,4285.671346125027,0.02495923739240712,4299.799853615519,0.7393269088452001,0 days 09:37:00
1084,114,GRID_BUY,CLOSED,2025-10-14 10:13:00+00:00,111000.0,111000.0,114000.0,112000.0,2025-10-14 14:17:00+00:00,106.96708851377154,4272.076818340394,0.02503866223906663,4286.420115744623,0.7479138828882839,0 days 04:04:00
1085,114,GRID_BUY,CLOSED,2025-10-14 17:01:00+00:00,112000.0,112000.0,114000.0,113000.0,2025-10-14 18:06:00+00:00,106.96708851377154,4287.15858691676,0.024950578884626744,4300.539180524364,0.7393269088452001,0 days 01:05:00
1086,114,GRID_BUY,CLOSED,2025-10-15 03:22:00+00:00,112000.0,112000.0,114000.0,113000.0,2025-10-15 08:16:00+00:00,106.96708851377154,4287.897913825605,0.024946276861880074,4301.27850743321,0.7393269088452001,0 days 04:54:00
1087,114,GRID_BUY,CLOSED,2025-10-15 11:17:00+00:00,112000.0,112000.0,114000.0,113000.0,2025-10-21 15:24:00+00:00,106.96708851377154,4288.637240734451,0.02494197632240233,4303.513662107831,0.7393269088452001,6 days 04:07:00
1088,114,GRID_BUY,CLOSED,2025-10-15 13:46:00+00:00,111000.0,111000.0,114000.0,112000.0,2025-10-15 14:08:00+00:00,106.96708851377154,4275.042712949818,0.02502129117675254,4289.386010354046,0.7479138828882839,0 days 00:22:00
1089,114,GRID_BUY,CLOSED,2025-10-15 14:48:00+00:00,111000.0,111000.0,114000.0,112000.0,2025-10-21 14:57:00+00:00,106.96708851377154,4275.790626832706,0.025016914495882944,4290.133924236935,0.7479138828882839,6 days 00:09:00
1090,117,GRID_BUY,CLOSED,2025-10-21 16:56:00+00:00,113000.0,113000.0,109000.0,114000.0,2025-10-26 13:44:00+00:00,106.96708851377154,4304.243706883337,0.024851540897349752,4318.905346938551,0.7308919166435572,4 days 20:48:00
1091,117,GRID_BUY,CLOSED,2025-10-21 17:18:00+00:00,112000.0,112000.0,109000.0,113000.0,2025-10-26 11:42:00+00:00,106.96708851377154,4291.603287325715,0.024924738227709624,4306.479708699096,0.7393269088452001,4 days 18:24:00
1092,117,GRID_BUY,CLOSED,2025-10-21 20:16:00+00:00,111000.0,111000.0,109000.0,112000.0,2025-10-24 12:30:00+00:00,106.96708851377154,4278.008759541083,0.02500394331245976,4292.352056945312,0.7479138828882839,2 days 16:14:00
1093,117,GRID_BUY,CLOSED,2025-10-24 13:38:00+00:00,111000.0,111000.0,109000.0,112000.0,2025-10-26 09:21:00+00:00,106.96708851377154,4278.756673423972,0.024999572697872934,4293.0999708282,0.7479138828882839,1 days 19:43:00
1094,117,GRID_BUY,CLOSED,2025-10-26 21:28:00+00:00,113000.0,113000.0,109000.0,114000.0,2025-10-26 22:02:00+00:00,106.96708851377154,4307.209753474601,0.02483442753803244,4319.636238855194,0.7308919166435572,0 days 00:34:00
1095,118,GRID_BUY,CLOSED,2025-10-27 08:50:00+00:00,115000.0,115000.0,115000.0,116000.0,2025-10-28 14:19:00+00:00,106.96708851377154,4331.829852363104,0.02469328024401022,4343.095908372898,0.7144620187899449,1 days 05:29:00
1096,118,GRID_BUY,CLOSED,2025-10-27 23:01:00+00:00,114000.0,114000.0,115000.0,115000.0,2025-10-28 13:20:00+00:00,106.96708851377154,4321.072467083042,0.024754754595907095,4332.553287672262,0.7226049067612621,0 days 14:19:00
1097,118,GRID_BUY,OPEN,2025-10-28 14:42:00+00:00,115000.0,115000.0,115000.0,116000.0,,106.96708851377154,4333.266919288655,0.024685091065502873,,-25.522745627617567,64 days 09:17:00
1098,118,GRID_BUY,OPEN,2025-10-28 19:20:00+00:00,114000.0,114000.0,115000.0,115000.0,,106.96708851377154,4322.509534008594,0.024746524599235015,,-24.808321567212715,64 days 04:39:00
1099,118,GRID_BUY,OPEN,2025-10-28 20:09:00+00:00,113000.0,113000.0,115000.0,114000.0,,106.96708851377154,4310.814779242348,0.024813659132107656,,-24.08125283317237,64 days 03:50:00
1100,118,GRID_BUY,OPEN,2025-10-29 15:29:00+00:00,112000.0,112000.0,115000.0,113000.0,,106.96708851377154,4298.174359684726,0.024886633152224575,,-23.341200728881304,63 days 08:30:00
1101,118,GRID_BUY,CLOSED,2025-10-29 16:13:00+00:00,111000.0,111000.0,115000.0,112000.0,2025-10-29 18:02:00+00:00,106.96708851377154,4284.579831900094,0.02496559586015102,4298.923129304323,0.7479138828882839,0 days 01:49:00
1102,118,GRID_BUY,OPEN,2025-10-29 18:35:00+00:00,111000.0,111000.0,115000.0,112000.0,,106.96708851377154,4285.327745782983,0.024961238640156175,,-22.58781435244086,63 days 05:24:00
