Trade ID,Status,Buy Time,Buy Price,Sell Target,Sell Time,Order Size (USDT),Portfolio Value at Buy,Order % of Portfolio,Portfolio Value at Sell,Net P&L,Holding Time
1,CLOSED,2024-01-01 00:00:00+00:00,42283.58,43000.0,2024-01-01 18:07:00+00:00,33.70786516853933,3000.0,1.1235955056179776,3045.631467291864,0.5025960857087526,0 days 18:07:00
2,CLOSED,2024-01-01 00:00:00+00:00,42283.58,44000.0,2024-01-01 23:28:00+00:00,33.70786516853933,3000.0,1.1235955056179776,3112.493857484915,1.2981882079005658,0 days 23:28:00
3,CLOSED,2024-01-01 00:00:00+00:00,42283.58,45000.0,2024-01-02 00:57:00+00:00,33.70786516853933,3000.0,1.1235955056179776,3178.5590627787533,2.093780330092386,1 days 00:57:00
4,CLOSED,2024-01-01 00:00:00+00:00,42283.58,46000.0,2024-01-08 18:04:00+00:00,33.70786516853933,3000.0,1.1235955056179776,3248.1744484661745,2.8893724522841993,7 days 18:04:00
5,CLOSED,2024-01-01 00:00:00+00:00,42283.58,47000.0,2024-01-08 19:11:00+00:00,33.70786516853933,3000.0,1.1235955056179776,3312.6452839615863,3.6849645744760124,7 days 19:11:00
6,CLOSED,2024-01-01 00:00:00+00:00,42283.58,48000.0,2024-01-11 14:36:00+00:00,33.70786516853933,3000.0,1.1235955056179776,3381.0314701220245,4.480556696667833,10 days 14:36:00
7,CLOSED,2024-01-01 00:00:00+00:00,42283.58,49000.0,2024-02-12 15:10:00+00:00,33.70786516853933,3000.0,1.1235955056179776,3453.970315106291,5.276148818859646,42 days 15:10:00
8,CLOSED,2024-01-01 00:00:00+00:00,42283.58,50000.0,2024-02-12 17:19:00+00:00,33.70786516853933,3000.0,1.1235955056179776,3516.049595904063,6.071740941051459,42 days 17:19:00
9,CLOSED,2024-01-01 00:00:00+00:00,42283.58,51000.0,2024-02-14 09:10:00+00:00,33.70786516853933,3000.0,1.1235955056179776,3577.9508502525186,6.867333063243279,44 days 09:10:00
10,CLOSED,2024-01-01 00:00:00+00:00,42283.58,52000.0,2024-02-14 14:37:00+00:00,33.70786516853933,3000.0,1.1235955056179776,3638.4357612518643,7.6629251854351,44 days 14:37:00
11,CLOSED,2024-01-01 00:00:00+00:00,42283.58,53000.0,2024-02-26 16:07:00+00:00,33.70786516853933,3000.0,1.1235955056179776,3701.084663822585,8.458517307626906,56 days 16:07:00
12,CLOSED,2024-01-01 00:00:00+00:00,42283.58,54000.0,2024-02-26 19:15:00+00:00,33.70786516853933,3000.0,1.1235955056179776,3759.975205023504,9.254109429818726,56 days 19:15:00
13,CLOSED,2024-01-01 00:00:00+00:00,42283.58,55000.0,2024-02-27 01:43:00+00:00,33.70786516853933,3000.0,1.1235955056179776,3818.0685613252094,10.049701552010546,57 days 01:43:00
14,CLOSED,2024-01-01 00:00:00+00:00,42283.58,56000.0,2024-02-27 02:06:00+00:00,33.70786516853933,3000.0,1.1235955056179776,3875.3647327277026,10.845293674202352,57 days 02:06:00
15,CLOSED,2024-01-01 00:00:00+00:00,42283.58,57000.0,2024-02-27 02:08:00+00:00,33.70786516853933,3000.0,1.1235955056179776,3931.863719230982,11.640885796394173,57 days 02:08:00
16,CLOSED,2024-01-01 00:00:00+00:00,42283.58,58000.0,2024-02-28 07:50:00+00:00,33.70786516853933,3000.0,1.1235955056179776,3988.098861725899,12.436477918585993,58 days 07:50:00
17,CLOSED,2024-01-01 00:00:00+00:00,42283.58,59000.0,2024-02-28 08:46:00+00:00,33.70786516853933,3000.0,1.1235955056179776,4043.003478430752,13.232070040777806,58 days 08:46:00
18,CLOSED,2024-01-01 00:00:00+00:00,42283.58,60000.0,2024-02-28 13:22:00+00:00,33.70786516853933,3000.0,1.1235955056179776,4097.110910236392,14.02766216296962,58 days 13:22:00
19,CLOSED,2024-01-01 00:00:00+00:00,42283.58,61000.0,2024-02-28 14:57:00+00:00,33.70786516853933,3000.0,1.1235955056179776,4150.421157142819,14.82325428516144,58 days 14:57:00
20,CLOSED,2024-01-01 00:00:00+00:00,42283.58,62000.0,2024-02-28 16:54:00+00:00,33.70786516853933,3000.0,1.1235955056179776,4202.934219150032,15.618846407353253,58 days 16:54:00
21,CLOSED,2024-01-01 00:00:00+00:00,42283.58,63000.0,2024-02-28 17:12:00+00:00,33.70786516853933,3000.0,1.1235955056179776,4254.650096258032,16.414438529545066,58 days 17:12:00
22,CLOSED,2024-01-01 00:00:00+00:00,42283.58,64000.0,2024-02-28 17:16:00+00:00,33.70786516853933,3000.0,1.1235955056179776,4305.568788466819,17.210030651736886,58 days 17:16:00
23,CLOSED,2024-01-01 00:00:00+00:00,42283.58,65000.0,2024-03-04 08:27:00+00:00,33.70786516853933,3000.0,1.1235955056179776,4361.977373191321,18.0056227739287,63 days 08:27:00
24,CLOSED,2024-01-01 00:00:00+00:00,42283.58,66000.0,2024-03-04 14:38:00+00:00,33.70786516853933,3000.0,1.1235955056179776,4411.301695601681,18.801214896120513,63 days 14:38:00
25,CLOSED,2024-01-01 00:00:00+00:00,42283.58,67000.0,2024-03-04 17:25:00+00:00,33.70786516853933,3000.0,1.1235955056179776,4459.828833112829,19.596807018312333,63 days 17:25:00
26,CLOSED,2024-01-01 00:00:00+00:00,42283.58,68000.0,2024-03-04 23:03:00+00:00,33.70786516853933,3000.0,1.1235955056179776,4507.558785724763,20.392399140504146,63 days 23:03:00
27,CLOSED,2024-01-01 00:00:00+00:00,42283.58,69000.0,2024-03-05 15:04:00+00:00,33.70786516853933,3000.0,1.1235955056179776,4555.810912713626,21.18799126269596,64 days 15:04:00
28,CLOSED,2024-01-01 00:00:00+00:00,42283.58,70000.0,2024-03-11 07:12:00+00:00,33.70786516853933,3000.0,1.1235955056179776,4611.422525245041,21.98358338488778,70 days 07:12:00
29,CLOSED,2024-01-01 00:00:00+00:00,42283.58,71000.0,2024-03-11 07:36:00+00:00,33.70786516853933,3000.0,1.1235955056179776,4656.760923159335,22.7791755070796,70 days 07:36:00
30,CLOSED,2024-01-01 00:00:00+00:00,42283.58,72000.0,2024-03-11 11:44:00+00:00,33.70786516853933,3000.0,1.1235955056179776,4701.302136174416,23.574767629271406,70 days 11:44:00
31,CLOSED,2024-01-01 00:00:00+00:00,42283.58,73000.0,2024-03-12 14:07:00+00:00,33.70786516853933,3000.0,1.1235955056179776,4745.046164290285,24.370359751463226,71 days 14:07:00
32,CLOSED,2024-01-01 00:00:00+00:00,42283.58,74000.0,2024-11-06 03:06:00+00:00,33.70786516853933,3000.0,1.1235955056179776,4956.16577973833,25.165951873655047,310 days 03:06:00
33,CLOSED,2024-01-01 00:00:00+00:00,42283.58,75000.0,2024-11-06 03:08:00+00:00,33.70786516853933,3000.0,1.1235955056179776,4998.315438055771,25.96154399584686,310 days 03:08:00
34,CLOSED,2024-01-01 00:00:00+00:00,42283.58,76000.0,2024-11-06 20:54:00+00:00,33.70786516853933,3000.0,1.1235955056179776,5040.835796190022,26.757136118038673,310 days 20:54:00
35,CLOSED,2024-01-01 00:00:00+00:00,42283.58,77000.0,2024-11-08 19:15:00+00:00,33.70786516853933,3000.0,1.1235955056179776,5081.772242461846,27.552728240230493,312 days 19:15:00
36,CLOSED,2024-01-01 00:00:00+00:00,42283.58,78000.0,2024-11-10 04:45:00+00:00,33.70786516853933,3000.0,1.1235955056179776,5121.90560199531,28.348320362422307,314 days 04:45:00
37,CLOSED,2024-01-01 00:00:00+00:00,42283.58,79000.0,2024-11-10 04:54:00+00:00,33.70786516853933,3000.0,1.1235955056179776,5160.866520715897,29.14391248461412,314 days 04:54:00
38,CLOSED,2024-01-01 00:00:00+00:00,42283.58,80000.0,2024-11-10 11:56:00+00:00,33.70786516853933,3000.0,1.1235955056179776,5199.030254537272,29.93950460680594,314 days 11:56:00
39,CLOSED,2024-01-01 00:00:00+00:00,42283.58,81000.0,2024-11-10 18:27:00+00:00,33.70786516853933,3000.0,1.1235955056179776,5236.396803459435,30.73509672899776,314 days 18:27:00
40,CLOSED,2024-01-01 00:00:00+00:00,42283.58,82000.0,2024-11-11 10:07:00+00:00,33.70786516853933,3000.0,1.1235955056179776,5274.030862394204,31.530688851189566,315 days 10:07:00
41,CLOSED,2024-01-01 00:00:00+00:00,42283.58,83000.0,2024-11-11 15:15:00+00:00,33.70786516853933,3000.0,1.1235955056179776,5309.80304151794,32.32628097338139,315 days 15:15:00
42,CLOSED,2024-01-01 00:00:00+00:00,42283.58,84000.0,2024-11-11 15:36:00+00:00,33.70786516853933,3000.0,1.1235955056179776,5344.778035742463,33.12187309557321,315 days 15:36:00
43,CLOSED,2024-01-01 00:00:00+00:00,42283.58,85000.0,2024-11-11 18:39:00+00:00,33.70786516853933,3000.0,1.1235955056179776,5378.955845067772,33.91746521776501,315 days 18:39:00
44,CLOSED,2024-01-01 00:00:00+00:00,42283.58,86000.0,2024-11-11 19:06:00+00:00,33.70786516853933,3000.0,1.1235955056179776,5412.336469493868,34.71305733995683,315 days 19:06:00
45,CLOSED,2024-01-01 00:00:00+00:00,42283.58,87000.0,2024-11-11 20:11:00+00:00,33.70786516853933,3000.0,1.1235955056179776,5444.919909020751,35.508649462148654,315 days 20:11:00
46,CLOSED,2024-01-01 00:00:00+00:00,42283.58,88000.0,2024-11-11 21:24:00+00:00,33.70786516853933,3000.0,1.1235955056179776,5476.706163648421,36.30424158434046,315 days 21:24:00
47,CLOSED,2024-01-01 00:00:00+00:00,42283.58,89000.0,2024-11-11 23:12:00+00:00,33.70786516853933,3000.0,1.1235955056179776,5508.014523574475,37.09983370653228,315 days 23:12:00
48,CLOSED,2024-01-01 00:00:00+00:00,42283.58,90000.0,2024-11-13 14:31:00+00:00,33.70786516853933,3000.0,1.1235955056179776,5542.033803330707,37.8954258287241,317 days 14:31:00
49,CLOSED,2024-01-01 00:00:00+00:00,42283.58,91000.0,2024-11-13 14:33:00+00:00,33.70786516853933,3000.0,1.1235955056179776,5571.428503260737,38.69101795091591,317 days 14:33:00
50,CLOSED,2024-01-01 00:00:00+00:00,42283.58,92000.0,2024-11-13 15:44:00+00:00,33.70786516853933,3000.0,1.1235955056179776,5600.332419415148,39.48661007310773,317 days 15:44:00
51,CLOSED,2024-01-01 00:00:00+00:00,42283.58,93000.0,2024-11-13 16:11:00+00:00,33.70786516853933,3000.0,1.1235955056179776,5628.132749546752,40.28220219529955,317 days 16:11:00
52,CLOSED,2024-01-01 00:00:00+00:00,42283.58,94000.0,2024-11-20 13:15:00+00:00,33.70786516853933,3000.0,1.1235955056179776,5662.512383157868,41.07779431749135,324 days 13:15:00
53,CLOSED,2024-01-01 00:00:00+00:00,42283.58,95000.0,2024-11-21 03:25:00+00:00,33.70786516853933,3000.0,1.1235955056179776,5688.718343491045,41.87338643968317,325 days 03:25:00
54,CLOSED,2024-01-01 00:00:00+00:00,42283.58,96000.0,2024-11-21 04:03:00+00:00,33.70786516853933,3000.0,1.1235955056179776,5714.127118925009,42.668978561874994,325 days 04:03:00
55,CLOSED,2024-01-01 00:00:00+00:00,42283.58,97000.0,2024-11-21 04:55:00+00:00,33.70786516853933,3000.0,1.1235955056179776,5738.73870945976,43.4645706840668,325 days 04:55:00
56,CLOSED,2024-01-01 00:00:00+00:00,42283.58,98000.0,2024-11-21 11:02:00+00:00,33.70786516853933,3000.0,1.1235955056179776,5762.5531150952975,44.26016280625862,325 days 11:02:00
57,CLOSED,2024-01-01 00:00:00+00:00,42283.58,99000.0,2024-11-22 03:15:00+00:00,33.70786516853933,3000.0,1.1235955056179776,5786.132802590715,45.05575492845044,326 days 03:15:00
58,CLOSED,2024-01-01 00:00:00+00:00,42283.58,100000.0,2024-12-05 02:36:00+00:00,33.70786516853933,3000.0,1.1235955056179776,5817.7895294422015,45.85134705064225,339 days 02:36:00
59,CLOSED,2024-01-01 00:00:00+00:00,42283.58,101000.0,2024-12-05 02:41:00+00:00,33.70786516853933,3000.0,1.1235955056179776,5839.212380380099,46.64693917283407,339 days 02:41:00
60,CLOSED,2024-01-01 00:00:00+00:00,42283.58,102000.0,2024-12-05 03:03:00+00:00,33.70786516853933,3000.0,1.1235955056179776,5859.838046418783,47.44253129502589,339 days 03:03:00
61,CLOSED,2024-01-01 00:00:00+00:00,42283.58,103000.0,2024-12-05 03:06:00+00:00,33.70786516853933,3000.0,1.1235955056179776,5879.6665275582545,48.23812341721769,339 days 03:06:00
62,CLOSED,2024-01-01 00:00:00+00:00,42283.58,104000.0,2024-12-05 03:08:00+00:00,33.70786516853933,3000.0,1.1235955056179776,5898.697823798513,49.03371553940953,339 days 03:08:00
63,CLOSED,2024-01-01 00:00:00+00:00,42283.58,105000.0,2024-12-15 23:27:00+00:00,33.70786516853933,3000.0,1.1235955056179776,5928.880686905127,49.829307661601334,349 days 23:27:00
64,CLOSED,2024-01-01 00:00:00+00:00,42283.58,106000.0,2024-12-16 00:33:00+00:00,33.70786516853933,3000.0,1.1235955056179776,5946.317613346959,50.62489978379314,350 days 00:33:00
65,CLOSED,2024-01-01 00:00:00+00:00,42283.58,107000.0,2024-12-16 16:37:00+00:00,33.70786516853933,3000.0,1.1235955056179776,5963.466442582501,51.420491905984974,350 days 16:37:00
66,CLOSED,2024-01-01 00:00:00+00:00,42283.58,108000.0,2024-12-17 14:50:00+00:00,33.70786516853933,3000.0,1.1235955056179776,5979.558980251983,52.21608402817678,351 days 14:50:00
67,CLOSED,2024-01-01 00:00:00+00:00,42283.58,109000.0,2025-01-20 06:55:00+00:00,33.70786516853933,3000.0,1.1235955056179776,6025.942688869061,53.01167615036859,385 days 06:55:00
68,CLOSED,2024-01-01 00:00:00+00:00,42283.58,110000.0,2025-05-21 23:25:00+00:00,33.70786516853933,3000.0,1.1235955056179776,6149.527340247622,53.80726827256042,506 days 23:25:00
69,CLOSED,2024-01-01 00:00:00+00:00,42283.58,111000.0,2025-05-22 03:42:00+00:00,33.70786516853933,3000.0,1.1235955056179776,6162.978342193388,54.60286039475223,507 days 03:42:00
70,CLOSED,2024-01-01 00:00:00+00:00,42283.58,112000.0,2025-07-10 16:24:00+00:00,33.70786516853933,3000.0,1.1235955056179776,6193.037687489603,55.39845251694403,556 days 16:24:00
71,CLOSED,2024-01-01 00:00:00+00:00,42283.58,113000.0,2025-07-10 17:07:00+00:00,33.70786516853933,3000.0,1.1235955056179776,6204.894319636941,56.19404463913587,556 days 17:07:00
72,CLOSED,2024-01-01 00:00:00+00:00,42283.58,114000.0,2025-07-10 21:17:00+00:00,33.70786516853933,3000.0,1.1235955056179776,6215.953766885067,56.989636761327674,556 days 21:17:00
73,CLOSED,2024-01-01 00:00:00+00:00,42283.58,115000.0,2025-07-10 21:18:00+00:00,33.70786516853933,3000.0,1.1235955056179776,6226.2160292339795,57.785228883519494,556 days 21:18:00
74,CLOSED,2024-01-01 00:00:00+00:00,42283.58,116000.0,2025-07-10 21:19:00+00:00,33.70786516853933,3000.0,1.1235955056179776,6235.681106683679,58.580821005711314,556 days 21:19:00
75,CLOSED,2024-01-01 00:00:00+00:00,42283.58,117000.0,2025-07-11 05:05:00+00:00,33.70786516853933,3000.0,1.1235955056179776,6244.348999234166,59.37641312790312,557 days 05:05:00
76,CLOSED,2024-01-01 00:00:00+00:00,42283.58,118000.0,2025-07-11 05:44:00+00:00,33.70786516853933,3000.0,1.1235955056179776,6252.219706885438,60.17200525009494,557 days 05:44:00
77,CLOSED,2024-01-01 00:00:00+00:00,42283.58,119000.0,2025-07-13 14:18:00+00:00,33.70786516853933,3000.0,1.1235955056179776,6259.733516586505,60.96759737228676,559 days 14:18:00
78,CLOSED,2024-01-01 00:00:00+00:00,42283.58,120000.0,2025-07-14 03:42:00+00:00,33.70786516853933,3000.0,1.1235955056179776,6266.009854439351,61.76318949447857,560 days 03:42:00
79,CLOSED,2024-01-01 00:00:00+00:00,42283.58,121000.0,2025-07-14 03:42:00+00:00,33.70786516853933,3000.0,1.1235955056179776,6271.489007392984,62.55878161667039,560 days 03:42:00
80,CLOSED,2024-01-01 00:00:00+00:00,42283.58,122000.0,2025-07-14 05:22:00+00:00,33.70786516853933,3000.0,1.1235955056179776,6276.170975447404,63.35437373886221,560 days 05:22:00
81,CLOSED,2024-01-01 00:00:00+00:00,42283.58,123000.0,2025-07-14 07:38:00+00:00,33.70786516853933,3000.0,1.1235955056179776,6280.055758602611,64.14996586105401,560 days 07:38:00
82,CLOSED,2024-01-01 00:00:00+00:00,42283.58,124000.0,2025-08-14 00:22:00+00:00,33.70786516853933,3000.0,1.1235955056179776,6294.368796017507,64.94555798324583,591 days 00:22:00
83,CLOSED,2024-01-01 00:00:00+00:00,42283.58,125000.0,2025-10-05 04:46:00+00:00,33.70786516853933,3000.0,1.1235955056179776,6313.363763149945,65.74115010543765,643 days 04:46:00
84,CLOSED,2024-01-01 00:00:00+00:00,42283.58,126000.0,2025-10-06 18:56:00+00:00,33.70786516853933,3000.0,1.1235955056179776,6315.267021644464,66.53674222762946,644 days 18:56:00
85,OPEN,2024-01-01 00:00:00+00:00,42283.58,127000.0,,33.70786516853933,3000.0,1.1235955056179776,,36.09417022298736,730 days 23:59:00
86,CLOSED,2024-01-03 11:55:00+00:00,44000.0,45000.0,2024-01-08 12:03:00+00:00,33.70786516853933,3113.2193674181653,1.082733376302156,3182.9050300676286,0.6971744126659871,5 days 00:08:00
87,CLOSED,2024-01-03 12:01:00+00:00,43000.0,44000.0,2024-01-04 15:16:00+00:00,33.70786516853933,3047.116479918496,1.1062217473695308,3116.1553529154894,0.7149547948785013,1 days 03:15:00
88,CLOSED,2024-01-03 12:08:00+00:00,42000.0,43000.0,2024-01-03 15:56:00+00:00,33.70786516853933,2980.2304724815385,1.1310489399993253,3048.6039474046956,0.7335818619582639,0 days 03:48:00
89,CLOSED,2024-01-03 12:09:00+00:00,41000.0,42000.0,2024-01-03 12:15:00+00:00,33.70786516853933,2912.5426993945007,1.1573346263918116,2980.98437766104,0.7531175664565666,0 days 00:06:00
90,CLOSED,2024-01-03 18:56:00+00:00,42000.0,43000.0,2024-01-03 19:35:00+00:00,33.70786516853933,2981.7171719099533,1.1304849932144165,3049.337529266654,0.7335818619582639,0 days 00:39:00
91,CLOSED,2024-01-05 01:48:00+00:00,43000.0,44000.0,2024-01-05 09:01:00+00:00,33.70786516853933,3050.051716003748,1.1051571680464551,3116.870307710368,0.7149547948785013,0 days 07:13:00
92,CLOSED,2024-01-09 12:56:00+00:00,46000.0,47000.0,2024-01-09 13:53:00+00:00,33.70786516853933,3248.8967728453817,1.0375172720251742,3313.306192734314,0.6639328285295605,0 days 00:57:00
93,CLOSED,2024-01-09 21:17:00+00:00,46000.0,47000.0,2024-01-10 23:03:00+00:00,33.70786516853933,3249.5607056739113,1.0373052920563552,3316.690862641495,0.6639328285295605,1 days 01:46:00
94,CLOSED,2024-01-09 21:25:00+00:00,45000.0,46000.0,2024-01-09 21:29:00+00:00,33.70786516853933,3185.0838700546424,1.0583038483052896,3250.2416045503155,0.6801842696629166,0 days 00:04:00
95,CLOSED,2024-01-10 11:53:00+00:00,45000.0,46000.0,2024-01-10 17:41:00+00:00,33.70786516853933,3185.764054324305,1.0580778925791698,3250.9217888199787,0.6801842696629166,0 days 05:48:00
96,CLOSED,2024-01-10 20:12:00+00:00,45000.0,46000.0,2024-01-10 20:15:00+00:00,33.70786516853933,3186.444238593968,1.0578520333189032,3251.6019730896414,0.6801842696629166,0 days 00:03:00
97,CLOSED,2024-01-10 20:44:00+00:00,45000.0,46000.0,2024-01-10 20:57:00+00:00,33.70786516853933,3187.124422863631,1.0576262704627268,3252.2821573593046,0.6801842696629166,0 days 00:13:00
98,CLOSED,2024-01-11 05:44:00+00:00,46000.0,47000.0,2024-01-11 11:17:00+00:00,33.70786516853933,3252.9453755810923,1.0362259821998363,3317.354795470025,0.6639328285295605,0 days 05:33:00
99,CLOSED,2024-01-11 15:42:00+00:00,47000.0,48000.0,2024-02-09 18:24:00+00:00,33.70786516853933,3318.0785511280124,1.0158850867795164,3390.4416404514445,0.6483729380827157,29 days 02:42:00
100,CLOSED,2024-01-11 16:16:00+00:00,46000.0,47000.0,2024-02-09 11:44:00+00:00,33.70786516853933,3254.413679485358,1.035758464912481,3326.8448828781607,0.6639328285295605,28 days 19:28:00
101,CLOSED,2024-01-12 15:19:00+00:00,45000.0,46000.0,2024-02-09 02:45:00+00:00,33.70786516853933,3190.016760944805,1.056667337338876,3262.5160946746855,0.6801842696629166,27 days 11:26:00
102,CLOSED,2024-01-12 16:17:00+00:00,44000.0,45000.0,2024-02-08 13:58:00+00:00,33.70786516853933,3124.8715277975093,1.0786960317788652,3197.43900887162,0.6971744126659871,26 days 21:41:00
103,CLOSED,2024-01-12 22:03:00+00:00,43000.0,44000.0,2024-02-07 20:16:00+00:00,33.70786516853933,3058.96097289332,1.1019383858518705,3131.596619109839,0.7149547948785013,25 days 22:13:00
104,CLOSED,2024-01-12 22:21:00+00:00,42000.0,43000.0,2024-01-13 05:42:00+00:00,33.70786516853933,2992.2672980518428,1.1264991329646687,3059.6953228130637,0.7335818619582639,0 days 07:21:00
105,CLOSED,2024-01-14 21:38:00+00:00,42000.0,43000.0,2024-01-15 18:25:00+00:00,33.70786516853933,2993.000879913801,1.1262230290259763,3060.428904675022,0.7335818619582639,0 days 20:47:00
106,CLOSED,2024-01-18 16:40:00+00:00,42000.0,43000.0,2024-01-29 16:21:00+00:00,33.70786516853933,2993.7344617757594,1.1259470603997797,3064.2375461945257,0.7335818619582639,10 days 23:41:00
107,CLOSED,2024-01-18 19:57:00+00:00,41000.0,42000.0,2024-01-19 20:09:00+00:00,33.70786516853933,2926.2390212842015,1.1519176978832846,2994.4883669552605,0.7531175664565666,1 days 00:12:00
108,CLOSED,2024-01-22 04:18:00+00:00,41000.0,42000.0,2024-01-26 17:01:00+00:00,33.70786516853933,2926.992138850658,1.1516213084800218,2996.8103090463496,0.7531175664565666,4 days 12:43:00
109,CLOSED,2024-01-22 19:17:00+00:00,40000.0,41000.0,2024-01-26 11:29:00+00:00,33.70786516853933,2858.675377449262,1.1791428097938201,2928.5617715213584,0.7736300561797762,3 days 16:12:00
110,CLOSED,2024-01-23 09:29:00+00:00,39000.0,40000.0,2024-01-24 00:44:00+00:00,33.70786516853933,2789.516762115282,1.2083765054338214,2859.4714016497805,0.7951944684528911,0 days 15:15:00
111,CLOSED,2024-02-01 01:21:00+00:00,42000.0,43000.0,2024-02-01 17:19:00+00:00,33.70786516853933,2997.5431032952633,1.1245164458680694,3064.9711280564843,0.7335818619582639,0 days 15:58:00
112,CLOSED,2024-02-10 10:48:00+00:00,47000.0,48000.0,2024-02-10 20:46:00+00:00,33.70786516853933,3327.492557477211,1.0130109860890406,3391.0900133895275,0.6483729380827157,0 days 09:58:00
113,CLOSED,2024-02-13 14:21:00+00:00,49000.0,50000.0,2024-02-14 08:52:00+00:00,33.70786516853933,3454.6878611544344,0.9757137699055495,3516.6632963134284,0.6191584498968083,0 days 18:31:00
114,CLOSED,2024-02-17 14:32:00+00:00,51000.0,52000.0,2024-02-17 21:34:00+00:00,33.70786516853933,3578.665210746619,0.941911667716658,3639.0209187783225,0.5922352941176499,0 days 07:02:00
115,CLOSED,2024-02-20 17:22:00+00:00,51000.0,52000.0,2024-02-20 19:50:00+00:00,33.70786516853933,3579.257446040737,0.9417558160234023,3639.61315407244,0.5922352941176499,0 days 02:28:00
116,CLOSED,2024-02-21 10:08:00+00:00,51000.0,52000.0,2024-02-22 09:49:00+00:00,33.70786516853933,3579.8496813348543,0.9416000158970458,3640.205389366558,0.5922352941176499,0 days 23:41:00
117,CLOSED,2024-02-22 13:47:00+00:00,51000.0,52000.0,2024-02-22 20:31:00+00:00,33.70786516853933,3580.4419166289717,0.9414442673119993,3640.7976246606754,0.5922352941176499,0 days 06:44:00
118,CLOSED,2024-02-23 03:06:00+00:00,51000.0,52000.0,2024-02-26 15:15:00+00:00,33.70786516853933,3581.0341519230897,0.9412885702426911,3641.389859954793,0.5922352941176499,3 days 12:09:00
119,CLOSED,2024-02-27 03:51:00+00:00,56000.0,57000.0,2024-02-27 12:26:00+00:00,33.70786516853933,3876.071129336696,0.8696400051437572,3932.385941458264,0.5333408908507238,0 days 08:35:00
120,CLOSED,2024-02-28 17:23:00+00:00,63000.0,64000.0,2024-03-04 00:39:00+00:00,33.70786516853933,4255.345343427875,0.7921299553419112,4311.372511784317,0.46659390048154137,4 days 07:16:00
121,CLOSED,2024-02-28 17:25:00+00:00,62000.0,63000.0,2024-02-29 06:08:00+00:00,33.70786516853933,4204.604648955061,0.8016892902622008,4258.781127019226,0.4752064153678788,0 days 12:43:00
122,CLOSED,2024-02-28 17:31:00+00:00,61000.0,62000.0,2024-02-28 23:13:00+00:00,33.70786516853933,4153.320822912839,0.8115882833462181,4207.56523503484,0.48410130779148375,0 days 05:42:00
123,CLOSED,2024-02-28 17:31:00+00:00,60000.0,61000.0,2024-02-28 17:34:00+00:00,33.70786516853933,4101.484961504986,0.8218453922154738,4154.317438795528,0.4932926966292186,0 days 00:03:00
124,CLOSED,2024-02-28 17:31:00+00:00,59000.0,60000.0,2024-02-28 17:32:00+00:00,33.70786516853933,4049.0878641420777,0.8324804573160668,4101.98829420352,0.5027956579699122,0 days 00:01:00
125,CLOSED,2024-02-28 17:37:00+00:00,60000.0,61000.0,2024-02-28 17:43:00+00:00,33.70786516853933,4102.481049859585,0.8216458469611465,4154.810731492156,0.4932926966292186,0 days 00:06:00
126,CLOSED,2024-02-28 18:20:00+00:00,60000.0,61000.0,2024-02-28 18:55:00+00:00,33.70786516853933,4102.974342556215,0.8215470620647074,4155.304024188786,0.4932926966292186,0 days 00:35:00
127,CLOSED,2024-02-28 20:27:00+00:00,60000.0,61000.0,2024-02-28 22:09:00+00:00,33.70786516853933,4103.467635252843,0.8214483009188485,4155.797316885415,0.4932926966292186,0 days 01:42:00
128,CLOSED,2024-02-29 16:40:00+00:00,62000.0,63000.0,2024-03-01 20:57:00+00:00,33.70786516853933,4208.0399231227075,0.8010348234416311,4260.2245360501765,0.4752064153678788,1 days 04:17:00
129,CLOSED,2024-02-29 17:41:00+00:00,61000.0,62000.0,2024-02-29 20:18:00+00:00,33.70786516853933,4156.756097080484,0.8109175612255479,4208.524542757999,0.48410130779148375,0 days 02:37:00
130,CLOSED,2024-02-29 21:10:00+00:00,61000.0,62000.0,2024-03-01 08:35:00+00:00,33.70786516853933,4157.2401983882755,0.8108231316922115,4209.008644065791,0.48410130779148375,0 days 11:25:00
131,CLOSED,2024-03-02 01:21:00+00:00,62000.0,63000.0,2024-03-03 22:15:00+00:00,33.70786516853933,4209.483332153658,0.8007601529400449,4260.699742465545,0.4752064153678788,1 days 20:54:00
132,CLOSED,2024-03-04 00:49:00+00:00,63000.0,64000.0,2024-03-04 07:40:00+00:00,33.70786516853933,4261.1658269423215,0.7910479558296615,4311.839105684799,0.46659390048154137,0 days 06:51:00
133,CLOSED,2024-03-05 04:52:00+00:00,67000.0,68000.0,2024-03-05 13:18:00+00:00,33.70786516853933,4460.517709174586,0.7556940105675969,4508.8581673388435,0.43471474090222983,0 days 08:26:00
134,CLOSED,2024-03-05 05:03:00+00:00,66000.0,67000.0,2024-03-05 05:27:00+00:00,33.70786516853933,4412.994479815232,0.7638320265914007,4460.960507948846,0.44232226762001403,0 days 00:24:00
135,CLOSED,2024-03-05 08:06:00+00:00,66000.0,67000.0,2024-03-05 10:32:00+00:00,33.70786516853933,4413.436802082852,0.7637554740249465,4461.402830216466,0.44232226762001403,0 days 02:26:00
136,CLOSED,2024-03-05 15:05:00+00:00,68000.0,69000.0,2024-03-08 15:27:00+00:00,33.70786516853933,4509.565428285641,0.7474748000574798,4563.54945335398,0.4273309649702526,3 days 00:22:00
137,CLOSED,2024-03-05 15:30:00+00:00,67000.0,68000.0,2024-03-08 14:11:00+00:00,33.70786516853933,4462.845978604089,0.7552997645480617,4516.897888294262,0.43471474090222983,2 days 22:41:00
138,CLOSED,2024-03-05 16:06:00+00:00,66000.0,67000.0,2024-03-06 08:10:00+00:00,33.70786516853933,4415.6239295598,0.7633771740135423,4467.966600812006,0.44232226762001403,0 days 16:04:00
139,CLOSED,2024-03-05 16:12:00+00:00,65000.0,66000.0,2024-03-05 16:31:00+00:00,33.70786516853933,4367.8916660109135,0.7717193498831413,4416.0745777879765,0.4501638720829746,0 days 00:19:00
140,CLOSED,2024-03-05 16:48:00+00:00,65000.0,66000.0,2024-03-06 05:31:00+00:00,33.70786516853933,4368.3418298829965,0.7716398231006151,4420.302237349551,0.4501638720829746,0 days 12:43:00
141,CLOSED,2024-03-05 17:08:00+00:00,64000.0,65000.0,2024-03-05 17:46:00+00:00,33.70786516853933,4320.091502375599,0.7802581299494125,4368.800572860526,0.4582505266853829,0 days 00:38:00
142,CLOSED,2024-03-05 18:51:00+00:00,64000.0,65000.0,2024-03-06 05:10:00+00:00,33.70786516853933,4320.549752902284,0.7801753734208574,4372.119818023331,0.4582505266853829,0 days 10:19:00
143,CLOSED,2024-03-05 19:17:00+00:00,63000.0,64000.0,2024-03-05 23:41:00+00:00,33.70786516853933,4271.77326668702,0.789083667698532,4322.94465444049,0.46659390048154137,0 days 04:24:00
144,CLOSED,2024-03-05 19:36:00+00:00,62000.0,63000.0,2024-03-05 20:14:00+00:00,33.70786516853933,4222.462270038368,0.7982987890199202,4273.226376530513,0.4752064153678788,0 days 00:38:00
145,CLOSED,2024-03-05 19:55:00+00:00,61000.0,62000.0,2024-03-05 20:01:00+00:00,33.70786516853933,4172.608141820308,0.8078368258619705,4223.44018237029,0.48410130779148375,0 days 00:06:00
146,CLOSED,2024-03-05 19:56:00+00:00,60000.0,61000.0,2024-03-05 19:57:00+00:00,33.70786516853933,4122.201978236619,0.8177150306196,4173.101962045027,0.4932926966292186,0 days 00:01:00
147,CLOSED,2024-03-05 20:37:00+00:00,62000.0,63000.0,2024-03-05 21:11:00+00:00,33.70786516853933,4223.914870458157,0.7980242548042434,4273.7015829458815,0.4752064153678788,0 days 00:34:00
148,CLOSED,2024-03-06 02:01:00+00:00,63000.0,64000.0,2024-03-06 04:52:00+00:00,33.70786516853933,4274.167667422658,0.7886416208109429,4323.411248340972,0.46659390048154137,0 days 02:51:00
149,CLOSED,2024-03-06 12:44:00+00:00,66000.0,67000.0,2024-03-06 14:21:00+00:00,33.70786516853933,4420.744075261077,0.7624930236783416,4468.859086951709,0.44232226762001403,0 days 01:37:00
150,CLOSED,2024-03-06 12:46:00+00:00,65000.0,66000.0,2024-03-06 12:51:00+00:00,33.70786516853933,4373.011811712191,0.770815781431459,4421.194723489254,0.4501638720829746,0 days 00:05:00
151,CLOSED,2024-03-06 14:58:00+00:00,66000.0,67000.0,2024-03-06 16:56:00+00:00,33.70786516853933,4421.636561400781,0.762339118117402,4469.30140921933,0.44232226762001403,0 days 01:58:00
152,CLOSED,2024-03-06 22:46:00+00:00,66000.0,67000.0,2024-03-07 08:19:00+00:00,33.70786516853933,4422.0788836684005,0.7622628644873126,4469.743731486949,0.44232226762001403,0 days 09:33:00
153,CLOSED,2024-03-08 15:32:00+00:00,68000.0,69000.0,2024-03-08 20:01:00+00:00,33.70786516853933,4517.324750367735,0.7461908769298758,4564.411499059853,0.4273309649702526,0 days 04:29:00
154,CLOSED,2024-03-08 16:02:00+00:00,67000.0,68000.0,2024-03-08 17:02:00+00:00,33.70786516853933,4470.605300686183,0.7539888427047136,4517.759934000134,0.43471474090222983,0 days 01:00:00
155,CLOSED,2024-03-08 21:55:00+00:00,68000.0,69000.0,2024-03-10 01:18:00+00:00,33.70786516853933,4518.186796073607,0.7460485077295194,4564.838830024823,0.4273309649702526,1 days 03:23:00
156,CLOSED,2024-03-11 00:50:00+00:00,68000.0,69000.0,2024-03-11 06:53:00+00:00,33.70786516853933,4518.614127038578,0.745977952993098,4565.266160989794,0.4273309649702526,0 days 06:03:00
157,CLOSED,2024-03-12 14:09:00+00:00,72000.0,73000.0,2024-03-13 07:12:00+00:00,33.70786516853933,4701.983048351067,0.7168861482892905,4747.068229411371,0.39984691011236606,0 days 17:03:00
158,CLOSED,2024-03-12 15:00:00+00:00,71000.0,72000.0,2024-03-12 15:23:00+00:00,33.70786516853933,4658.476664278749,0.7235812819888444,4702.389916526412,0.406427599303683,0 days 00:23:00
159,CLOSED,2024-03-12 16:20:00+00:00,71000.0,72000.0,2024-03-13 01:30:00+00:00,33.70786516853933,4658.883091878053,0.7235181588330278,4703.629701645431,0.406427599303683,0 days 09:10:00
160,CLOSED,2024-03-12 17:06:00+00:00,70000.0,71000.0,2024-03-12 17:59:00+00:00,33.70786516853933,4614.902423900054,0.7304133884601793,4659.7168967492935,0.413196308186194,0 days 00:53:00
161,CLOSED,2024-03-12 17:22:00+00:00,69000.0,70000.0,2024-03-12 17:37:00+00:00,33.70786516853933,4570.440696532007,0.7375189266566009,4615.323039434983,0.42016121152906294,0 days 00:15:00
162,CLOSED,2024-03-13 13:54:00+00:00,72000.0,73000.0,2024-03-13 15:16:00+00:00,33.70786516853933,4704.029107979502,0.7165743322327717,4747.468076321484,0.39984691011236606,0 days 01:22:00
163,CLOSED,2024-03-14 13:36:00+00:00,72000.0,73000.0,2024-10-29 18:24:00+00:00,33.70786516853933,4704.428954889615,0.7165134279157214,4909.012414583106,0.39984691011236606,229 days 04:48:00
164,CLOSED,2024-03-14 15:27:00+00:00,71000.0,72000.0,2024-03-15 00:28:00+00:00,33.70786516853933,4660.922570817297,0.723201569139747,4706.082376892861,0.406427599303683,0 days 09:01:00
165,CLOSED,2024-03-14 16:30:00+00:00,70000.0,71000.0,2024-03-14 16:46:00+00:00,33.70786516853933,4616.941902839299,0.7300907370701345,4661.336214477008,0.413196308186194,0 days 00:16:00
166,CLOSED,2024-03-14 18:50:00+00:00,70000.0,71000.0,2024-03-14 20:39:00+00:00,33.70786516853933,4617.355099147485,0.7300254029576999,4662.169571996724,0.413196308186194,0 days 01:49:00
167,CLOSED,2024-03-14 19:31:00+00:00,69000.0,70000.0,2024-03-14 20:05:00+00:00,33.70786516853933,4572.893371779437,0.7371233577533141,4617.775714682414,0.42016121152906294,0 days 00:34:00
168,CLOSED,2024-03-15 02:23:00+00:00,71000.0,72000.0,2024-04-08 08:55:00+00:00,33.70786516853933,4662.575552244503,0.7229451789218257,4735.1753615683665,0.406427599303683,24 days 06:32:00
169,CLOSED,2024-03-15 02:39:00+00:00,70000.0,71000.0,2024-03-25 19:56:00+00:00,33.70786516853933,4618.594884266504,0.7298294397581181,4682.694219242796,0.413196308186194,10 days 17:17:00
170,CLOSED,2024-03-15 02:47:00+00:00,69000.0,70000.0,2024-03-15 18:53:00+00:00,33.70786516853933,4574.133156898456,0.7369235658936377,4622.0513429626035,0.42016121152906294,0 days 16:06:00
171,CLOSED,2024-03-15 02:53:00+00:00,68000.0,69000.0,2024-03-15 02:56:00+00:00,33.70786516853933,4529.183398265142,0.7442371439728138,4574.560949363758,0.4273309649702526,0 days 00:03:00
172,CLOSED,2024-03-15 03:22:00+00:00,68000.0,69000.0,2024-03-15 18:42:00+00:00,33.70786516853933,4529.610729230113,0.7441669314102092,4577.169461559957,0.4273309649702526,0 days 15:20:00
173,CLOSED,2024-03-15 03:28:00+00:00,67000.0,68000.0,2024-03-15 03:32:00+00:00,33.70786516853933,4484.165762401162,0.7517087225270098,4530.045912862513,0.43471474090222983,0 days 00:04:00
174,CLOSED,2024-03-15 04:44:00+00:00,67000.0,68000.0,2024-03-15 05:02:00+00:00,33.70786516853933,4484.600477142065,0.7516358556430559,4530.480627603416,0.43471474090222983,0 days 00:18:00
175,CLOSED,2024-03-15 09:00:00+00:00,67000.0,68000.0,2024-03-15 09:55:00+00:00,33.70786516853933,4485.0351918829665,0.7515630028844356,4531.357664611938,0.43471474090222983,0 days 00:55:00
176,CLOSED,2024-03-15 09:10:00+00:00,66000.0,67000.0,2024-03-15 09:22:00+00:00,33.70786516853933,4439.087625691279,0.7593421894502512,4485.477990657227,0.44232226762001403,0 days 00:12:00
177,CLOSED,2024-03-15 11:08:00+00:00,67000.0,68000.0,2024-03-15 12:35:00+00:00,33.70786516853933,4485.91222889149,0.7514160654201845,4531.792379352841,0.43471474090222983,0 days 01:27:00
178,CLOSED,2024-03-15 19:48:00+00:00,69000.0,70000.0,2024-03-16 00:19:00+00:00,33.70786516853933,4577.589161271156,0.7363672007467563,4622.8988351391035,0.42016121152906294,0 days 04:31:00
179,CLOSED,2024-03-15 20:09:00+00:00,68000.0,69000.0,2024-03-15 22:55:00+00:00,33.70786516853933,4532.639402637842,0.7436696850166924,4578.016953736457,0.4273309649702526,0 days 02:46:00
180,CLOSED,2024-03-16 02:33:00+00:00,69000.0,70000.0,2024-03-25 15:55:00+00:00,33.70786516853933,4578.436653447655,0.7362308953899499,4638.300361928486,0.42016121152906294,9 days 13:22:00
181,CLOSED,2024-03-16 11:25:00+00:00,68000.0,69000.0,2024-03-25 14:20:00+00:00,33.70786516853933,4533.486894814342,0.7435306630553247,4593.418480525841,0.4273309649702526,9 days 02:55:00
182,CLOSED,2024-03-16 18:07:00+00:00,67000.0,68000.0,2024-03-17 15:47:00+00:00,33.70786516853933,4488.04192798539,0.751059497870383,4535.264728458528,0.43471474090222983,0 days 21:40:00
183,CLOSED,2024-03-16 22:03:00+00:00,66000.0,67000.0,2024-03-17 10:19:00+00:00,33.70786516853933,4442.094361793703,0.7588282108200918,4489.385054503817,0.44232226762001403,0 days 12:16:00
184,CLOSED,2024-03-16 23:17:00+00:00,65000.0,66000.0,2024-03-17 00:04:00+00:00,33.70786516853933,4395.636581097418,0.7668483175677776,4442.545010021879,0.4501638720829746,0 days 00:47:00
185,CLOSED,2024-03-17 06:59:00+00:00,65000.0,66000.0,2024-03-17 08:33:00+00:00,33.70786516853933,4396.086744969501,0.7667697914994893,4442.995173893962,0.4501638720829746,0 days 01:34:00
186,CLOSED,2024-03-18 01:02:00+00:00,67000.0,68000.0,2024-03-18 02:49:00+00:00,33.70786516853933,4489.819292738079,0.7507621792943668,4535.69944319943,0.43471474090222983,0 days 01:47:00
187,CLOSED,2024-03-18 14:32:00+00:00,67000.0,68000.0,2024-03-18 16:19:00+00:00,33.70786516853933,4490.254007478981,0.7506894957923405,4536.134157940332,0.43471474090222983,0 days 01:47:00
188,CLOSED,2024-03-18 16:56:00+00:00,67000.0,68000.0,2024-03-19 00:16:00+00:00,33.70786516853933,4490.688722219884,0.7506168263623605,4536.568872681235,0.43471474090222983,0 days 07:20:00
189,CLOSED,2024-03-19 00:54:00+00:00,67000.0,68000.0,2024-03-20 22:15:00+00:00,33.70786516853933,4491.123436960786,0.7505441710003404,4543.038834643117,0.43471474090222983,1 days 21:21:00
190,CLOSED,2024-03-19 01:33:00+00:00,66000.0,67000.0,2024-03-20 20:30:00+00:00,33.70786516853933,4445.175870769098,0.7583021718037726,4497.159160688405,0.44232226762001403,1 days 18:57:00
191,CLOSED,2024-03-19 03:40:00+00:00,65000.0,66000.0,2024-03-19 03:53:00+00:00,33.70786516853933,4398.718090072813,0.7663111042422215,4445.626518997275,0.4501638720829746,0 days 00:13:00
192,CLOSED,2024-03-19 05:24:00+00:00,65000.0,66000.0,2024-03-20 19:56:00+00:00,33.70786516853933,4399.168253944896,0.7662326881521807,4450.769280078551,0.4501638720829746,1 days 14:32:00
193,CLOSED,2024-03-19 07:10:00+00:00,64000.0,65000.0,2024-03-19 16:52:00+00:00,33.70786516853933,4352.192409290098,0.7745031009333878,4400.560184723388,0.4582505266853829,0 days 09:42:00
194,CLOSED,2024-03-19 09:11:00+00:00,63000.0,64000.0,2024-03-19 09:17:00+00:00,33.70786516853933,4304.690405927435,0.7830496967244048,4352.659503993148,0.46659390048154137,0 days 00:06:00
195,CLOSED,2024-03-19 10:47:00+00:00,63000.0,64000.0,2024-03-19 15:43:00+00:00,33.70786516853933,4305.1569998279165,0.7829648296191448,4353.12609789363,0.46659390048154137,0 days 04:56:00
196,CLOSED,2024-03-19 20:04:00+00:00,64000.0,65000.0,2024-03-20 18:53:00+00:00,33.70786516853933,4353.583847617747,0.7742555638840872,4403.861343604933,0.4582505266853829,0 days 22:49:00
197,CLOSED,2024-03-19 22:31:00+00:00,63000.0,64000.0,2024-03-20 12:19:00+00:00,33.70786516853933,4306.0818442550835,0.7827966673116151,4355.960662874692,0.46659390048154137,0 days 13:48:00
198,CLOSED,2024-03-19 23:13:00+00:00,62000.0,63000.0,2024-03-20 00:25:00+00:00,33.70786516853933,4258.045330459034,0.7916276730878647,4306.557560094156,0.4752064153678788,0 days 01:12:00
199,CLOSED,2024-03-20 01:22:00+00:00,62000.0,63000.0,2024-03-20 02:29:00+00:00,33.70786516853933,4258.520536874401,0.7915393357074115,4307.032766509524,0.4752064153678788,0 days 01:07:00
200,CLOSED,2024-03-20 03:55:00+00:00,62000.0,63000.0,2024-03-20 07:44:00+00:00,33.70786516853933,4258.995743289769,0.7914510180398164,4307.992074232683,0.4752064153678788,0 days 03:49:00
201,CLOSED,2024-03-20 05:23:00+00:00,61000.0,62000.0,2024-03-20 06:30:00+00:00,33.70786516853933,4210.41609792431,0.8005827544018024,4259.480362925062,0.48410130779148375,0 days 01:07:00
202,CLOSED,2024-03-20 16:25:00+00:00,63000.0,64000.0,2024-03-20 17:15:00+00:00,33.70786516853933,4308.458158709461,0.782364918651921,4356.427256775174,0.46659390048154137,0 days 00:50:00
203,CLOSED,2024-03-21 03:44:00+00:00,67000.0,68000.0,2024-03-25 13:59:00+00:00,33.70786516853933,4497.593398922668,0.7494644841975611,4548.041398318724,0.43471474090222983,4 days 10:15:00
204,CLOSED,2024-03-21 15:13:00+00:00,66000.0,67000.0,2024-03-21 17:07:00+00:00,33.70786516853933,4451.64583273098,0.7572000656633626,4498.036197696928,0.44232226762001403,0 days 01:54:00
205,CLOSED,2024-03-21 17:45:00+00:00,66000.0,67000.0,2024-03-24 22:10:00+00:00,33.70786516853933,4452.0881549986,0.757124836593671,4502.161724364012,0.44232226762001403,3 days 04:25:00
206,CLOSED,2024-03-21 18:43:00+00:00,65000.0,66000.0,2024-03-22 03:30:00+00:00,33.70786516853933,4405.6303743023145,0.765108788180565,4452.5388032267765,0.4501638720829746,0 days 08:47:00
207,CLOSED,2024-03-22 10:25:00+00:00,65000.0,66000.0,2024-03-24 18:34:00+00:00,33.70786516853933,4406.080538174398,0.7650306179492975,4455.771843754157,0.4501638720829746,2 days 08:09:00
208,CLOSED,2024-03-22 12:03:00+00:00,64000.0,65000.0,2024-03-23 14:30:00+00:00,33.70786516853933,4359.1046935196,0.7732749621418967,4408.405656753854,0.4582505266853829,1 days 02:27:00
209,CLOSED,2024-03-22 13:58:00+00:00,63000.0,64000.0,2024-03-22 15:29:00+00:00,33.70786516853933,4311.602690156937,0.7817943254718678,4359.57178822265,0.46659390048154137,0 days 01:31:00
210,CLOSED,2024-03-22 16:36:00+00:00,63000.0,64000.0,2024-03-22 19:47:00+00:00,33.70786516853933,4312.069284057418,0.7817097302486312,4360.038382123132,0.46659390048154137,0 days 03:11:00
211,CLOSED,2024-03-22 21:16:00+00:00,63000.0,64000.0,2024-03-23 01:26:00+00:00,33.70786516853933,4312.5358779579,0.781625153330919,4360.504976023613,0.46659390048154137,0 days 04:10:00
212,CLOSED,2024-03-23 03:36:00+00:00,63000.0,64000.0,2024-03-23 04:18:00+00:00,33.70786516853933,4313.002471858382,0.7815405947127899,4360.971569924095,0.46659390048154137,0 days 00:42:00
213,CLOSED,2024-03-23 23:56:00+00:00,64000.0,65000.0,2024-03-24 08:12:00+00:00,33.70786516853933,4361.429319648212,0.772862809370442,4408.863907280539,0.4582505266853829,0 days 08:16:00
214,CLOSED,2024-03-25 21:18:00+00:00,70000.0,71000.0,2024-03-26 07:18:00+00:00,33.70786516853933,4638.713103913273,0.7266641504537752,4683.107415550983,0.413196308186194,0 days 10:00:00
215,CLOSED,2024-03-26 14:23:00+00:00,70000.0,71000.0,2024-03-27 13:07:00+00:00,33.70786516853933,4639.126300221459,0.7265994281494386,4683.520611859169,0.413196308186194,0 days 22:44:00
216,CLOSED,2024-03-27 13:45:00+00:00,70000.0,71000.0,2024-03-28 13:27:00+00:00,33.70786516853933,4639.5394965296455,0.7265347173734087,4684.774130590414,0.413196308186194,0 days 23:42:00
217,CLOSED,2024-03-27 14:03:00+00:00,69000.0,70000.0,2024-03-27 14:23:00+00:00,33.70786516853933,4595.077769161598,0.7335646285414132,4639.960112064575,0.42016121152906294,0 days 00:20:00
218,CLOSED,2024-03-27 15:52:00+00:00,69000.0,70000.0,2024-03-28 06:15:00+00:00,33.70786516853933,4595.497930373127,0.7334975595517774,4640.380273276104,0.42016121152906294,0 days 14:23:00
219,CLOSED,2024-03-29 07:37:00+00:00,70000.0,71000.0,2024-03-31 18:40:00+00:00,33.70786516853933,4640.79301526089,0.7263384739998878,4685.1873268986,0.413196308186194,2 days 11:03:00
220,CLOSED,2024-04-01 05:46:00+00:00,70000.0,71000.0,2024-04-08 08:10:00+00:00,33.70786516853933,4641.206211569077,0.7262738096944745,4691.262556672229,0.413196308186194,7 days 02:24:00
221,CLOSED,2024-04-01 05:57:00+00:00,69000.0,70000.0,2024-04-01 13:28:00+00:00,33.70786516853933,4596.744484201028,0.7332986483019227,4641.626827104006,0.42016121152906294,0 days 07:31:00
222,CLOSED,2024-04-01 14:52:00+00:00,69000.0,70000.0,2024-04-07 16:18:00+00:00,33.70786516853933,4597.164645412558,0.7332316279377965,4646.44853814639,0.42016121152906294,6 days 01:26:00
223,CLOSED,2024-04-02 02:36:00+00:00,68000.0,69000.0,2024-04-04 18:00:00+00:00,33.70786516853933,4552.214886779245,0.7404717485203804,4600.262288770251,0.4273309649702526,2 days 15:24:00
224,CLOSED,2024-04-02 02:37:00+00:00,67000.0,68000.0,2024-04-04 16:22:00+00:00,33.70786516853933,4506.769919950293,0.7479384518682308,4554.885206563134,0.43471474090222983,2 days 13:45:00
225,CLOSED,2024-04-02 02:39:00+00:00,66000.0,67000.0,2024-04-02 02:41:00+00:00,33.70786516853933,4460.8223537586055,0.7556424016781953,4507.212718724553,0.44232226762001403,0 days 00:02:00
226,CLOSED,2024-04-02 09:03:00+00:00,66000.0,67000.0,2024-04-04 13:14:00+00:00,33.70786516853933,4461.264676026225,0.7555674817877849,4509.005532608422,0.44232226762001403,2 days 04:11:00
227,CLOSED,2024-04-02 13:19:00+00:00,65000.0,66000.0,2024-04-02 14:30:00+00:00,33.70786516853933,4414.80689532994,0.7635184497921325,4461.715324254402,0.4501638720829746,0 days 01:11:00
228,CLOSED,2024-04-02 15:54:00+00:00,65000.0,66000.0,2024-04-02 18:49:00+00:00,33.70786516853933,4415.257059202023,0.7634406041724648,4462.165488126485,0.4501638720829746,0 days 02:55:00
229,CLOSED,2024-04-03 00:33:00+00:00,65000.0,66000.0,2024-04-03 02:01:00+00:00,33.70786516853933,4415.707223074106,0.7633627744249029,4462.615651998568,0.4501638720829746,0 days 01:28:00
230,CLOSED,2024-04-04 20:07:00+00:00,68000.0,69000.0,2024-04-06 22:52:00+00:00,33.70786516853933,4555.312068636606,0.7399682976852123,4601.566656743744,0.4273309649702526,2 days 02:45:00
231,CLOSED,2024-04-05 05:18:00+00:00,67000.0,68000.0,2024-04-05 14:42:00+00:00,33.70786516853933,4509.867101807656,0.7474248000573778,4556.189574536626,0.43471474090222983,0 days 09:24:00
232,CLOSED,2024-04-05 12:32:00+00:00,66000.0,67000.0,2024-04-05 13:31:00+00:00,33.70786516853933,4463.919535615967,0.7551181176003893,4510.309900581915,0.44232226762001403,0 days 00:59:00
233,CLOSED,2024-04-07 19:52:00+00:00,69000.0,70000.0,2024-04-08 07:22:00+00:00,33.70786516853933,4601.986356454941,0.7324633877121179,4646.8686993579195,0.42016121152906294,0 days 11:30:00
234,CLOSED,2024-04-09 01:10:00+00:00,71000.0,72000.0,2024-10-29 15:22:00+00:00,33.70786516853933,4691.668536920008,0.7184622038680488,4865.573886817166,0.406427599303683,203 days 14:12:00
235,CLOSED,2024-04-09 08:07:00+00:00,70000.0,71000.0,2024-04-10 22:25:00+00:00,33.70786516853933,4647.687868942009,0.7252609495097725,4692.929672756219,0.413196308186194,1 days 14:18:00
236,CLOSED,2024-04-09 14:42:00+00:00,69000.0,70000.0,2024-04-10 19:52:00+00:00,33.70786516853933,4603.226141573961,0.7322661136307708,4648.535815441908,0.42016121152906294,1 days 05:10:00
237,CLOSED,2024-04-10 12:37:00+00:00,68000.0,69000.0,2024-04-10 16:34:00+00:00,33.70786516853933,4558.276382940648,0.7394870853968187,4603.653934039263,0.4273309649702526,0 days 03:57:00
238,CLOSED,2024-04-11 11:57:00+00:00,70000.0,71000.0,2024-04-11 12:41:00+00:00,33.70786516853933,4648.948557426695,0.7250642753336347,4693.342869064405,0.413196308186194,0 days 00:44:00
239,CLOSED,2024-04-11 13:40:00+00:00,70000.0,71000.0,2024-04-12 04:45:00+00:00,33.70786516853933,4649.361753734881,0.7249998376973237,4693.756065372591,0.413196308186194,0 days 15:05:00
240,CLOSED,2024-04-12 13:40:00+00:00,70000.0,71000.0,2024-05-20 23:24:00+00:00,33.70786516853933,4649.774950043067,0.724935411513349,4727.069637513219,0.413196308186194,38 days 09:44:00
241,CLOSED,2024-04-12 16:18:00+00:00,69000.0,70000.0,2024-05-20 19:59:00+00:00,33.70786516853933,4605.3132226750195,0.731934258077672,4682.255618987379,0.42016121152906294,38 days 03:41:00
242,CLOSED,2024-04-12 17:28:00+00:00,68000.0,69000.0,2024-05-20 19:22:00+00:00,33.70786516853933,4560.363464041707,0.7391486541440078,4637.373737584734,0.4273309649702526,38 days 01:54:00
243,CLOSED,2024-04-12 18:32:00+00:00,67000.0,68000.0,2024-05-20 16:39:00+00:00,33.70786516853933,4514.918497212755,0.7465885638765922,4591.996655377617,0.43471474090222983,37 days 22:07:00
244,CLOSED,2024-04-12 18:35:00+00:00,66000.0,67000.0,2024-04-12 18:37:00+00:00,33.70786516853933,4468.970931021067,0.7542645877277564,4515.361295987015,0.44232226762001403,0 days 00:02:00
245,CLOSED,2024-04-12 18:38:00+00:00,66000.0,67000.0,2024-04-12 19:31:00+00:00,33.70786516853933,4469.413253288687,0.7541899407877842,4515.803618254635,0.44232226762001403,0 days 00:53:00
246,CLOSED,2024-04-13 01:51:00+00:00,66000.0,67000.0,2024-04-13 03:35:00+00:00,33.70786516853933,4469.8555755563075,0.7541153086214453,4516.245940522255,0.44232226762001403,0 days 01:44:00
247,CLOSED,2024-04-13 19:49:00+00:00,66000.0,67000.0,2024-04-22 22:53:00+00:00,33.70786516853933,4470.297897823927,0.7540406912243545,4530.372278488635,0.44232226762001403,9 days 03:04:00
248,CLOSED,2024-04-13 19:54:00+00:00,65000.0,66000.0,2024-04-15 06:18:00+00:00,33.70786516853933,4423.840117127642,0.7619593899434488,4474.965936845929,0.4501638720829746,1 days 10:24:00
249,CLOSED,2024-04-13 19:56:00+00:00,64000.0,65000.0,2024-04-13 23:05:00+00:00,33.70786516853933,4376.864272472844,0.7701373190970583,4426.19996814418,0.4582505266853829,0 days 03:09:00
250,CLOSED,2024-04-13 20:07:00+00:00,63000.0,64000.0,2024-04-13 22:41:00+00:00,33.70786516853933,4329.362269110181,0.778587308552198,4378.765881314422,0.46659390048154137,0 days 02:34:00
251,CLOSED,2024-04-13 20:07:00+00:00,62000.0,63000.0,2024-04-13 20:11:00+00:00,33.70786516853933,4281.32575531413,0.787323065214086,4330.322086257045,0.4752064153678788,0 days 00:04:00
252,CLOSED,2024-04-13 20:09:00+00:00,61000.0,62000.0,2024-04-13 20:10:00+00:00,33.70786516853933,4232.746109948672,0.7963592498333921,4281.810374949423,0.48410130779148375,0 days 00:01:00
253,CLOSED,2024-04-13 20:13:00+00:00,62000.0,63000.0,2024-04-13 22:31:00+00:00,33.70786516853933,4282.2850630372905,0.7871466908985129,4330.797292672412,0.4752064153678788,0 days 02:18:00
254,CLOSED,2024-04-13 23:56:00+00:00,64000.0,65000.0,2024-04-14 22:05:00+00:00,33.70786516853933,4379.22363103854,0.7697223985007008,4428.058000372311,0.4582505266853829,0 days 22:09:00
255,CLOSED,2024-04-14 00:25:00+00:00,63000.0,64000.0,2024-04-14 00:42:00+00:00,33.70786516853933,4331.721627675875,0.7781632354483686,4379.690725741589,0.46659390048154137,0 days 00:17:00
256,CLOSED,2024-04-14 03:01:00+00:00,63000.0,64000.0,2024-04-14 04:22:00+00:00,33.70786516853933,4332.188221576357,0.7780794241731727,4380.15731964207,0.46659390048154137,0 days 01:21:00
257,CLOSED,2024-04-14 17:22:00+00:00,63000.0,64000.0,2024-04-14 17:31:00+00:00,33.70786516853933,4332.654815476839,0.7779956309496477,4380.623913542552,0.46659390048154137,0 days 00:09:00
258,CLOSED,2024-04-15 14:39:00+00:00,65000.0,66000.0,2024-04-22 03:50:00+00:00,33.70786516853933,4428.507671793551,0.7611563006480602,4483.982397878781,0.4501638720829746,6 days 13:11:00
259,CLOSED,2024-04-15 15:01:00+00:00,64000.0,65000.0,2024-04-19 07:05:00+00:00,33.70786516853933,4381.531827138753,0.7693169078393157,4436.149616977995,0.4582505266853829,3 days 16:04:00
260,CLOSED,2024-04-15 19:00:00+00:00,63000.0,64000.0,2024-04-16 21:46:00+00:00,33.70786516853933,4334.029823776089,0.7777488051332984,4383.424541087907,0.46659390048154137,1 days 02:46:00
261,CLOSED,2024-04-16 04:44:00+00:00,62000.0,63000.0,2024-04-16 06:22:00+00:00,33.70786516853933,4285.993309980039,0.7864656505657567,4334.505539615162,0.4752064153678788,0 days 01:38:00
262,CLOSED,2024-04-16 10:25:00+00:00,62000.0,63000.0,2024-04-16 11:52:00+00:00,33.70786516853933,4286.468516395407,0.7863784614213163,4334.980746030529,0.4752064153678788,0 days 01:27:00
263,CLOSED,2024-04-16 15:01:00+00:00,62000.0,63000.0,2024-04-16 17:18:00+00:00,33.70786516853933,4286.9437228107745,0.7862912916066566,4335.455952445897,0.4752064153678788,0 days 02:17:00
264,CLOSED,2024-04-17 10:10:00+00:00,63000.0,64000.0,2024-04-18 15:09:00+00:00,33.70786516853933,4335.922036922675,0.777409392546706,4386.796335827966,0.46659390048154137,1 days 04:59:00
265,CLOSED,2024-04-17 14:06:00+00:00,62000.0,63000.0,2024-04-18 11:25:00+00:00,33.70786516853933,4287.885523126624,0.7861185889114025,4338.352540770589,0.4752064153678788,0 days 21:19:00
266,CLOSED,2024-04-17 14:34:00+00:00,61000.0,62000.0,2024-04-18 03:06:00+00:00,33.70786516853933,4239.305877761166,0.7951269887215806,4289.356728155175,0.48410130779148375,0 days 12:32:00
267,CLOSED,2024-04-17 15:44:00+00:00,60000.0,61000.0,2024-04-17 16:13:00+00:00,33.70786516853933,4190.174197030077,0.8044502109824189,4239.799697985884,0.4932926966292186,0 days 00:29:00
268,CLOSED,2024-04-17 16:46:00+00:00,60000.0,61000.0,2024-04-17 17:54:00+00:00,33.70786516853933,4190.667489726706,0.8043555173769605,4240.292990682514,0.4932926966292186,0 days 01:08:00
269,CLOSED,2024-04-18 05:59:00+00:00,61000.0,62000.0,2024-04-18 11:01:00+00:00,33.70786516853933,4240.776564462216,0.7948512414214851,4289.840829462967,0.48410130779148375,0 days 05:02:00
270,CLOSED,2024-04-18 12:30:00+00:00,62000.0,63000.0,2024-04-18 14:09:00+00:00,33.70786516853933,4290.315517550835,0.7856733387240892,4338.827747185957,0.4752064153678788,0 days 01:39:00
271,CLOSED,2024-04-18 17:52:00+00:00,63000.0,64000.0,2024-04-19 06:47:00+00:00,33.70786516853933,4339.293831662734,0.7768053161687629,4388.715530148236,0.46659390048154137,0 days 12:55:00
272,CLOSED,2024-04-19 01:20:00+00:00,62000.0,63000.0,2024-04-19 06:40:00+00:00,33.70786516853933,4291.257317866684,0.7855009073493766,4340.746941506228,0.4752064153678788,0 days 05:20:00
273,CLOSED,2024-04-19 01:43:00+00:00,61000.0,62000.0,2024-04-19 03:24:00+00:00,33.70786516853933,4242.677672501225,0.7944950752920907,4292.235230198606,0.48410130779148375,0 days 01:41:00
274,CLOSED,2024-04-19 02:21:00+00:00,60000.0,61000.0,2024-04-19 02:55:00+00:00,33.70786516853933,4193.545991770136,0.8038033977614947,4243.171492725944,0.4932926966292186,0 days 00:34:00
275,CLOSED,2024-04-19 14:27:00+00:00,64000.0,65000.0,2024-04-20 17:09:00+00:00,33.70786516853933,4389.173279872354,0.7679775442704696,4437.074461405162,0.4582505266853829,1 days 02:42:00
276,CLOSED,2024-04-19 23:04:00+00:00,63000.0,64000.0,2024-04-19 23:45:00+00:00,33.70786516853933,4341.671276509691,0.7763799473007866,4389.640374575403,0.46659390048154137,0 days 00:41:00
277,CLOSED,2024-04-23 08:11:00+00:00,66000.0,67000.0,2024-04-23 14:33:00+00:00,33.70786516853933,4484.424235790308,0.7516653955153478,4530.8146007562555,0.44232226762001403,0 days 06:22:00
278,CLOSED,2024-04-23 20:23:00+00:00,66000.0,67000.0,2024-04-24 04:48:00+00:00,33.70786516853933,4484.866558057927,0.7515912621296759,4531.256923023875,0.44232226762001403,0 days 08:25:00
279,CLOSED,2024-04-24 13:11:00+00:00,66000.0,67000.0,2024-05-17 15:19:00+00:00,33.70786516853933,4485.308880325548,0.7515171433654483,4545.674659155286,0.44232226762001403,23 days 02:08:00
280,CLOSED,2024-04-24 14:35:00+00:00,65000.0,66000.0,2024-05-15 19:39:00+00:00,33.70786516853933,4438.8510996292625,0.7593826513206231,4498.8346146733475,0.4501638720829746,21 days 05:04:00
281,CLOSED,2024-04-24 19:01:00+00:00,64000.0,65000.0,2024-04-25 21:15:00+00:00,33.70786516853933,4391.875254974465,0.7675050681450949,4439.776436507273,0.4582505266853829,1 days 02:14:00
282,CLOSED,2024-04-25 13:10:00+00:00,63000.0,64000.0,2024-04-25 15:50:00+00:00,33.70786516853933,4344.373251611801,0.7758970791939531,4392.342349677514,0.46659390048154137,0 days 02:40:00
283,CLOSED,2024-04-26 01:11:00+00:00,64000.0,65000.0,2024-05-06 08:21:00+00:00,33.70786516853933,4392.800099401632,0.7673434803721404,4448.141418010393,0.4582505266853829,10 days 07:10:00
284,CLOSED,2024-04-27 00:44:00+00:00,63000.0,64000.0,2024-04-28 02:52:00+00:00,33.70786516853933,4345.298096038969,0.7757319388344454,4393.267194104681,0.46659390048154137,1 days 02:08:00
285,CLOSED,2024-04-28 22:32:00+00:00,63000.0,64000.0,2024-04-29 23:03:00+00:00,33.70786516853933,4345.764689939449,0.7756486504336936,4394.208994420531,0.46659390048154137,1 days 00:31:00
286,CLOSED,2024-04-29 06:48:00+00:00,62000.0,63000.0,2024-04-29 14:35:00+00:00,33.70786516853933,4297.7281761434,0.7843182208602907,4346.2404057785225,0.4752064153678788,0 days 07:47:00
287,CLOSED,2024-04-30 02:03:00+00:00,63000.0,64000.0,2024-05-04 10:51:00+00:00,33.70786516853933,4346.706490255299,0.7754805907439941,4400.240737280153,0.46659390048154137,4 days 08:48:00
288,CLOSED,2024-04-30 08:48:00+00:00,62000.0,63000.0,2024-05-03 20:46:00+00:00,33.70786516853933,4298.6699764592495,0.7841463837217854,4352.272148638144,0.4752064153678788,3 days 11:58:00
289,CLOSED,2024-04-30 11:42:00+00:00,61000.0,62000.0,2024-05-03 14:02:00+00:00,33.70786516853933,4250.09033109379,0.7931093822155159,4303.760437330522,0.48410130779148375,3 days 02:20:00
290,CLOSED,2024-04-30 19:14:00+00:00,60000.0,61000.0,2024-04-30 22:35:00+00:00,33.70786516853933,4200.9586503627015,0.8023850738361603,4250.58415131851,0.4932926966292186,0 days 03:21:00
291,CLOSED,2024-05-01 01:09:00+00:00,60000.0,61000.0,2024-05-03 13:03:00+00:00,33.70786516853933,4201.451943059331,0.8022908657618631,4254.696699857861,0.4932926966292186,2 days 11:54:00
292,CLOSED,2024-05-01 07:08:00+00:00,59000.0,60000.0,2024-05-03 12:34:00+00:00,33.70786516853933,4151.759026373186,0.8118935842474748,4205.071735942616,0.5027956579699122,2 days 05:26:00
293,CLOSED,2024-05-01 07:25:00+00:00,58000.0,59000.0,2024-05-01 18:51:00+00:00,33.70786516853933,4101.495361258171,0.8218433083439873,4153.3178033466165,0.5126263076327007,0 days 11:26:00
294,CLOSED,2024-05-01 08:07:00+00:00,57000.0,58000.0,2024-05-01 12:10:00+00:00,33.70786516853933,4050.651107224132,0.8321591832094117,4102.018720217367,0.5228018923713833,0 days 04:03:00
295,CLOSED,2024-05-01 15:09:00+00:00,57000.0,58000.0,2024-05-01 18:04:00+00:00,33.70786516853933,4051.1739091165036,0.8320517934983066,4102.541522109739,0.5228018923713833,0 days 02:55:00
296,CLOSED,2024-05-01 19:30:00+00:00,58000.0,59000.0,2024-05-02 12:16:00+00:00,33.70786516853933,4103.053591350546,0.8215311942207454,4154.876033438992,0.5126263076327007,0 days 16:46:00
297,CLOSED,2024-05-01 19:57:00+00:00,57000.0,58000.0,2024-05-01 21:25:00+00:00,33.70786516853933,4052.209337316508,0.8318391860491015,4103.576950309744,0.5228018923713833,0 days 01:28:00
298,CLOSED,2024-05-02 01:36:00+00:00,57000.0,58000.0,2024-05-02 11:02:00+00:00,33.70786516853933,4052.7321392088797,0.8317318789077269,4104.099752202114,0.5228018923713833,0 days 09:26:00
299,CLOSED,2024-05-05 01:35:00+00:00,63000.0,64000.0,2024-05-05 13:19:00+00:00,33.70786516853933,4352.738233114921,0.7744059799437375,4400.707331180634,0.46659390048154137,0 days 11:44:00
300,CLOSED,2024-05-06 10:48:00+00:00,64000.0,65000.0,2024-05-15 15:21:00+00:00,33.70786516853933,4401.165080904752,0.7658850451846712,4451.926678199729,0.4582505266853829,9 days 04:33:00
301,CLOSED,2024-05-06 15:02:00+00:00,63000.0,64000.0,2024-05-07 08:20:00+00:00,33.70786516853933,4353.663077542089,0.7742414736321188,4401.632175607801,0.46659390048154137,0 days 17:18:00
302,CLOSED,2024-05-07 18:34:00+00:00,63000.0,64000.0,2024-05-15 12:31:00+00:00,33.70786516853933,4354.12967144257,0.774158504961832,4404.492591369971,0.46659390048154137,7 days 17:57:00
303,CLOSED,2024-05-08 13:09:00+00:00,62000.0,63000.0,2024-05-09 22:43:00+00:00,33.70786516853933,4306.09315764652,0.7827946106712249,4355.089488589434,0.4752064153678788,1 days 09:34:00
304,CLOSED,2024-05-08 23:07:00+00:00,61000.0,62000.0,2024-05-09 15:10:00+00:00,33.70786516853933,4257.513512281061,0.7917265575624577,4306.577777281813,0.48410130779148375,0 days 16:03:00
305,CLOSED,2024-05-10 14:35:00+00:00,62000.0,63000.0,2024-05-13 08:44:00+00:00,33.70786516853933,4307.052465369679,0.7826202592042524,4356.048796312594,0.4752064153678788,2 days 18:09:00
306,CLOSED,2024-05-10 14:52:00+00:00,61000.0,62000.0,2024-05-13 07:52:00+00:00,33.70786516853933,4258.472820004221,0.7915482050324774,4307.537085004972,0.48410130779148375,2 days 17:00:00
307,CLOSED,2024-05-14 06:12:00+00:00,62000.0,63000.0,2024-05-15 12:30:00+00:00,33.70786516853933,4308.01177309284,0.7824459853864217,4356.5240027279615,0.4752064153678788,1 days 06:18:00
308,CLOSED,2024-05-16 17:22:00+00:00,65000.0,66000.0,2024-05-17 06:51:00+00:00,33.70786516853933,4452.3763496209685,0.7570758292121663,4499.2847785454305,0.4501638720829746,0 days 13:29:00
309,CLOSED,2024-05-19 19:49:00+00:00,66000.0,67000.0,2024-05-20 04:37:00+00:00,33.70786516853933,4499.726616456957,0.7491091802168325,4546.116981422905,0.44232226762001403,0 days 08:48:00
310,CLOSED,2024-05-20 21:17:00+00:00,69000.0,70000.0,2024-05-20 23:13:00+00:00,33.70786516853933,4637.793437295932,0.7268082467293481,4682.675780198909,0.42016121152906294,0 days 01:56:00
311,CLOSED,2024-05-21 15:50:00+00:00,70000.0,71000.0,2024-06-04 18:22:00+00:00,33.70786516853933,4683.088522183695,0.7197785181481379,4732.611661491013,0.413196308186194,14 days 02:32:00
312,CLOSED,2024-05-22 21:09:00+00:00,69000.0,70000.0,2024-05-23 11:31:00+00:00,33.70786516853933,4638.626794815647,0.7266776712067645,4683.5091377186245,0.42016121152906294,0 days 14:22:00
313,CLOSED,2024-05-23 12:56:00+00:00,69000.0,70000.0,2024-05-27 15:21:00+00:00,33.70786516853933,4639.046956027177,0.7266118555826461,4685.660774117831,0.42016121152906294,4 days 02:25:00
314,CLOSED,2024-05-23 13:50:00+00:00,68000.0,69000.0,2024-05-24 18:04:00+00:00,33.70786516853933,4594.097197393863,0.7337212017991501,4640.778892715185,0.4273309649702526,1 days 04:14:00
315,CLOSED,2024-05-23 18:23:00+00:00,67000.0,68000.0,2024-05-23 21:02:00+00:00,33.70786516853933,4548.652230564912,0.7410517107031732,4594.5323810262635,0.43471474090222983,0 days 02:39:00
316,CLOSED,2024-05-23 21:16:00+00:00,67000.0,68000.0,2024-05-23 21:54:00+00:00,33.70786516853933,4549.086945305815,0.7409808951513301,4594.967095767166,0.43471474090222983,0 days 00:38:00
317,CLOSED,2024-05-24 06:27:00+00:00,67000.0,68000.0,2024-05-24 14:29:00+00:00,33.70786516853933,4549.5216600467165,0.7409100931325866,4595.401810508068,0.43471474090222983,0 days 08:02:00
318,CLOSED,2024-05-28 01:46:00+00:00,69000.0,70000.0,2024-06-03 13:45:00+00:00,33.70786516853933,4641.198592426383,0.7262750019692029,4687.7976429651735,0.42016121152906294,6 days 11:59:00
319,CLOSED,2024-05-28 03:35:00+00:00,68000.0,69000.0,2024-05-30 17:23:00+00:00,33.70786516853933,4596.24883379307,0.7333777257816958,4641.626384891684,0.4273309649702526,2 days 13:48:00
320,CLOSED,2024-05-31 09:19:00+00:00,68000.0,69000.0,2024-05-31 12:37:00+00:00,33.70786516853933,4596.676164758041,0.7333095471674071,4642.053715856655,0.4273309649702526,0 days 03:18:00
321,CLOSED,2024-05-31 14:00:00+00:00,68000.0,69000.0,2024-06-03 06:28:00+00:00,33.70786516853933,4597.103495723011,0.7332413812284188,4642.915761562528,0.4273309649702526,2 days 16:28:00
322,CLOSED,2024-05-31 16:06:00+00:00,67000.0,68000.0,2024-06-02 11:48:00+00:00,33.70786516853933,4551.65852889406,0.7405622577915463,4597.538679355411,0.43471474090222983,1 days 19:42:00
323,CLOSED,2024-06-03 14:46:00+00:00,69000.0,70000.0,2024-06-04 14:17:00+00:00,33.70786516853933,4643.335461273726,0.7259407692954588,4688.217804176703,0.42016121152906294,0 days 23:31:00
324,CLOSED,2024-06-07 17:58:00+00:00,70000.0,71000.0,2024-10-29 02:14:00+00:00,33.70786516853933,4688.630546161489,0.7189277303185136,4821.661081921028,0.413196308186194,143 days 08:16:00
325,CLOSED,2024-06-07 18:05:00+00:00,69000.0,70000.0,2024-06-10 15:36:00+00:00,33.70786516853933,4644.1688187934415,0.7258105052541276,4689.051161696419,0.42016121152906294,2 days 21:31:00
326,CLOSED,2024-06-11 01:53:00+00:00,69000.0,70000.0,2024-07-29 13:05:00+00:00,33.70786516853933,4644.588980004971,0.7257448466086498,4716.789999772999,0.42016121152906294,48 days 11:12:00
327,CLOSED,2024-06-11 02:18:00+00:00,68000.0,69000.0,2024-06-12 12:30:00+00:00,33.70786516853933,4599.639221371657,0.7328371540950405,4645.451487211174,0.4273309649702526,1 days 10:12:00
328,CLOSED,2024-06-11 09:51:00+00:00,67000.0,68000.0,2024-06-12 10:04:00+00:00,33.70786516853933,4554.194254542706,0.7401499208101738,4600.074405004058,0.43471474090222983,1 days 00:13:00
329,CLOSED,2024-06-12 19:45:00+00:00,68000.0,69000.0,2024-07-27 13:35:00+00:00,33.70786516853933,4600.50126707753,0.7326998344672179,4670.184026958608,0.4273309649702526,44 days 17:50:00
330,CLOSED,2024-06-13 03:39:00+00:00,67000.0,68000.0,2024-06-13 12:30:00+00:00,33.70786516853933,4555.056300248579,0.7400098472262532,4600.93645070993,0.43471474090222983,0 days 08:51:00
331,CLOSED,2024-06-13 15:22:00+00:00,67000.0,68000.0,2024-07-21 20:22:00+00:00,33.70786516853933,4555.491014989481,0.7399392306477233,4621.267419327155,0.43471474090222983,38 days 05:00:00
332,CLOSED,2024-06-14 16:08:00+00:00,66000.0,67000.0,2024-06-17 18:17:00+00:00,33.70786516853933,4509.543448797793,0.747478443245193,4555.933813763741,0.44232226762001403,3 days 02:09:00
333,CLOSED,2024-06-18 00:45:00+00:00,66000.0,67000.0,2024-07-19 19:05:00+00:00,33.70786516853933,4509.985771065413,0.7474051333997086,4574.945423104823,0.44232226762001403,31 days 18:20:00
334,CLOSED,2024-06-18 01:43:00+00:00,65000.0,66000.0,2024-06-20 10:56:00+00:00,33.70786516853933,4463.527990369128,0.7551843573350535,4510.43641929359,0.4501638720829746,2 days 09:13:00
335,CLOSED,2024-06-20 14:04:00+00:00,65000.0,66000.0,2024-07-17 01:17:00+00:00,33.70786516853933,4463.978154241211,0.7551082017844016,4527.188877569514,0.4501638720829746,26 days 11:13:00
336,CLOSED,2024-06-21 08:49:00+00:00,64000.0,65000.0,2024-07-16 16:03:00+00:00,33.70786516853933,4417.0023095864135,0.7631389527549414,4480.280941095896,0.4582505266853829,25 days 07:14:00
337,CLOSED,2024-06-24 00:05:00+00:00,63000.0,64000.0,2024-07-15 22:11:00+00:00,33.70786516853933,4369.50030622375,0.7714352398723288,4432.380260365656,0.46659390048154137,21 days 22:06:00
338,CLOSED,2024-06-24 09:30:00+00:00,62000.0,63000.0,2024-06-30 23:01:00+00:00,33.70786516853933,4321.463792427699,0.7800103573146686,4372.424414340797,0.4752064153678788,6 days 13:31:00
339,CLOSED,2024-06-24 09:33:00+00:00,61000.0,62000.0,2024-06-25 14:29:00+00:00,33.70786516853933,4272.884147062241,0.7888785187802174,4322.944500417591,0.48410130779148375,1 days 04:56:00
340,CLOSED,2024-06-24 16:56:00+00:00,60000.0,61000.0,2024-06-25 03:06:00+00:00,33.70786516853933,4223.752466331152,0.7980549389964311,4273.880762944929,0.4932926966292186,0 days 10:10:00
341,CLOSED,2024-06-24 20:29:00+00:00,59000.0,60000.0,2024-06-24 21:32:00+00:00,33.70786516853933,4174.059549645008,0.8075559240980664,4224.2557990296855,0.5027956579699122,0 days 01:03:00
342,CLOSED,2024-06-26 17:05:00+00:00,61000.0,62000.0,2024-06-27 14:00:00+00:00,33.70786516853933,4274.364336724631,0.7886053343400544,4323.428601725383,0.48410130779148375,0 days 20:55:00
343,CLOSED,2024-06-28 14:36:00+00:00,61000.0,62000.0,2024-06-30 18:55:00+00:00,33.70786516853933,4274.8484380324235,0.7885160294490811,4323.912703033175,0.48410130779148375,2 days 04:19:00
344,CLOSED,2024-07-02 14:39:00+00:00,62000.0,63000.0,2024-07-15 07:43:00+00:00,33.70786516853933,4324.387391121041,0.7794830138888413,4384.4116717236475,0.4752064153678788,12 days 17:04:00
345,CLOSED,2024-07-03 03:12:00+00:00,61000.0,62000.0,2024-07-15 02:28:00+00:00,33.70786516853933,4275.807745755583,0.7883391202983748,4335.899960416025,0.48410130779148375,11 days 23:16:00
346,CLOSED,2024-07-03 10:33:00+00:00,60000.0,61000.0,2024-07-14 21:48:00+00:00,33.70786516853933,4226.676065024494,0.797502923100022,4286.836222943363,0.4932926966292186,11 days 11:15:00
347,CLOSED,2024-07-04 01:54:00+00:00,59000.0,60000.0,2024-07-14 04:22:00+00:00,33.70786516853933,4176.98314833835,0.8069906909236322,4237.2112590281195,0.5027956579699122,10 days 02:28:00
348,CLOSED,2024-07-04 02:00:00+00:00,58000.0,59000.0,2024-07-04 02:35:00+00:00,33.70786516853933,4126.7194832233345,0.8168198809144761,4177.496321527036,0.5126263076327007,0 days 00:35:00
349,CLOSED,2024-07-04 08:30:00+00:00,58000.0,59000.0,2024-07-10 04:07:00+00:00,33.70786516853933,4127.232109530967,0.8167184271196708,4185.467502016858,0.5126263076327007,5 days 19:37:00
350,CLOSED,2024-07-04 09:22:00+00:00,57000.0,58000.0,2024-07-04 11:07:00+00:00,33.70786516853933,4076.387855496928,0.8269052495356874,4127.755468490163,0.5228018923713833,0 days 01:45:00
351,CLOSED,2024-07-04 13:20:00+00:00,57000.0,58000.0,2024-07-04 15:50:00+00:00,33.70786516853933,4076.9106573892996,0.8267992114922768,4128.278270382534,0.5228018923713833,0 days 02:30:00
352,CLOSED,2024-07-04 23:41:00+00:00,57000.0,58000.0,2024-07-06 16:43:00+00:00,33.70786516853933,4077.4334592816713,0.8266932006409174,4130.967607069887,0.5228018923713833,1 days 17:02:00
353,CLOSED,2024-07-05 02:58:00+00:00,56000.0,57000.0,2024-07-05 17:32:00+00:00,33.70786516853933,4025.9984305580992,0.837254801509364,4079.067220802174,0.5333408908507238,0 days 14:34:00
354,CLOSED,2024-07-05 03:11:00+00:00,55000.0,56000.0,2024-07-05 15:04:00+00:00,33.70786516853933,3973.962077596968,0.8482180884051687,4027.098862120919,0.544263125638409,0 days 11:53:00
355,CLOSED,2024-07-05 04:19:00+00:00,54000.0,55000.0,2024-07-05 10:12:00+00:00,33.70786516853933,3921.3134672303204,0.8596064928302626,3974.5182573722486,0.5555898876404441,0 days 05:53:00
356,CLOSED,2024-07-05 18:15:00+00:00,56000.0,57000.0,2024-07-06 13:49:00+00:00,33.70786516853933,4027.6316244622294,0.8369152969157156,4079.6005616930247,0.5333408908507238,0 days 19:34:00
357,CLOSED,2024-07-07 13:18:00+00:00,57000.0,58000.0,2024-07-08 09:02:00+00:00,33.70786516853933,4080.122795969023,0.826148301267824,4132.568012978748,0.5228018923713833,0 days 19:44:00
358,CLOSED,2024-07-07 23:46:00+00:00,56000.0,57000.0,2024-07-08 08:39:00+00:00,33.70786516853933,4028.687767245452,0.8366958949411588,4081.2009676018856,0.5333408908507238,0 days 08:53:00
359,CLOSED,2024-07-08 01:01:00+00:00,55000.0,56000.0,2024-07-08 08:05:00+00:00,33.70786516853933,3976.65141428432,0.8476444540112087,4029.232608920631,0.544263125638409,0 days 07:04:00
360,CLOSED,2024-07-08 10:54:00+00:00,57000.0,58000.0,2024-07-09 14:15:00+00:00,33.70786516853933,4081.723201877884,0.8258243761613061,4134.168418887609,0.5228018923713833,1 days 03:21:00
361,CLOSED,2024-07-08 14:28:00+00:00,56000.0,57000.0,2024-07-09 01:12:00+00:00,33.70786516853933,4030.288173154313,0.8363636474698483,4082.8013735107465,0.5333408908507238,0 days 10:44:00
362,CLOSED,2024-07-08 14:34:00+00:00,55000.0,56000.0,2024-07-08 14:41:00+00:00,33.70786516853933,3978.2518201931807,0.8473034561925368,4030.8330148294917,0.544263125638409,0 days 00:07:00
363,CLOSED,2024-07-09 15:00:00+00:00,57000.0,58000.0,2024-07-09 18:38:00+00:00,33.70786516853933,4083.323607786745,0.8255007049713055,4134.6912207799805,0.5228018923713833,0 days 03:38:00
364,CLOSED,2024-07-10 12:33:00+00:00,58000.0,59000.0,2024-07-11 12:30:00+00:00,33.70786516853933,4135.203290020789,0.815144088559909,4185.980128324491,0.5126263076327007,0 days 23:57:00
365,CLOSED,2024-07-11 14:17:00+00:00,58000.0,59000.0,2024-07-13 22:41:00+00:00,33.70786516853933,4135.715916328421,0.8150430505987044,4187.015556524495,0.5126263076327007,2 days 08:24:00
366,CLOSED,2024-07-12 01:15:00+00:00,57000.0,58000.0,2024-07-12 13:57:00+00:00,33.70786516853933,4084.8716622943825,0.8251878628080659,4136.239275287618,0.5228018923713833,0 days 12:42:00
367,CLOSED,2024-07-16 06:54:00+00:00,63000.0,64000.0,2024-07-16 12:26:00+00:00,33.70786516853933,4384.877756200424,0.7687298721355416,4432.846854266138,0.46659390048154137,0 days 05:32:00
368,CLOSED,2024-07-17 08:18:00+00:00,65000.0,66000.0,2024-07-19 16:01:00+00:00,33.70786516853933,4480.730612517136,0.752285019643332,4528.555542494969,0.4501638720829746,2 days 07:43:00
369,CLOSED,2024-07-17 16:41:00+00:00,64000.0,65000.0,2024-07-18 02:02:00+00:00,33.70786516853933,4433.754767862339,0.7602555155478528,4481.189355494665,0.4582505266853829,0 days 09:21:00
370,CLOSED,2024-07-18 14:42:00+00:00,64000.0,65000.0,2024-07-19 13:55:00+00:00,33.70786516853933,4434.213018389024,0.7601769474932802,4481.64760602135,0.4582505266853829,0 days 23:13:00
371,CLOSED,2024-07-21 18:10:00+00:00,66000.0,67000.0,2024-07-21 18:29:00+00:00,33.70786516853933,4528.997380406496,0.7442677117537637,4575.3877453724435,0.44232226762001403,0 days 00:19:00
372,CLOSED,2024-07-22 09:00:00+00:00,67000.0,68000.0,2024-07-22 19:45:00+00:00,33.70786516853933,4575.8219836067055,0.7366515849895559,4621.702134068057,0.43471474090222983,0 days 10:45:00
373,CLOSED,2024-07-23 04:42:00+00:00,67000.0,68000.0,2024-07-26 14:03:00+00:00,33.70786516853933,4576.256698347608,0.7365816078610832,4624.372230010588,0.43471474090222983,3 days 09:21:00
374,CLOSED,2024-07-23 13:54:00+00:00,66000.0,67000.0,2024-07-23 14:32:00+00:00,33.70786516853933,4530.30913215592,0.7440522089162193,4576.699497121868,0.44232226762001403,0 days 00:38:00
375,CLOSED,2024-07-23 16:53:00+00:00,66000.0,67000.0,2024-07-24 14:31:00+00:00,33.70786516853933,4530.75145442354,0.74397956956189,4577.141819389488,0.44232226762001403,0 days 21:38:00
376,CLOSED,2024-07-24 16:09:00+00:00,66000.0,67000.0,2024-07-26 02:42:00+00:00,33.70786516853933,4531.193776691161,0.7439069443892558,4578.492556055877,0.44232226762001403,1 days 10:33:00
377,CLOSED,2024-07-25 01:07:00+00:00,65000.0,66000.0,2024-07-25 21:53:00+00:00,33.70786516853933,4484.735995994875,0.7516131428615279,4532.102675446022,0.4501638720829746,0 days 20:46:00
378,CLOSED,2024-07-25 02:46:00+00:00,64000.0,65000.0,2024-07-25 15:18:00+00:00,33.70786516853933,4437.760151340078,0.7595693327040333,4485.194738972404,0.4582505266853829,0 days 12:32:00
379,CLOSED,2024-07-26 14:33:00+00:00,67000.0,68000.0,2024-07-26 19:46:00+00:00,33.70786516853933,4578.92679429014,0.7361520872221103,4624.806944751491,0.43471474090222983,0 days 05:13:00
380,CLOSED,2024-07-27 19:41:00+00:00,68000.0,69000.0,2024-07-27 21:22:00+00:00,33.70786516853933,4625.233806824964,0.7287818643632724,4671.480787405383,0.4273309649702526,0 days 01:41:00
381,CLOSED,2024-07-27 20:22:00+00:00,67000.0,68000.0,2024-07-27 20:45:00+00:00,33.70786516853933,4579.788839996012,0.736013522592205,4625.668990457363,0.43471474090222983,0 days 00:23:00
382,CLOSED,2024-07-27 20:49:00+00:00,67000.0,68000.0,2024-07-27 20:53:00+00:00,33.70786516853933,4580.223554736915,0.7359436666290733,4626.103705198266,0.43471474090222983,0 days 00:04:00
383,CLOSED,2024-07-27 23:55:00+00:00,68000.0,69000.0,2024-07-29 02:17:00+00:00,33.70786516853933,4626.530567271739,0.7285775956391622,4671.908118370353,0.4273309649702526,1 days 02:22:00
384,CLOSED,2024-07-29 14:02:00+00:00,69000.0,70000.0,2024-10-28 22:07:00+00:00,33.70786516853933,4672.327818081551,0.7214362193956612,4777.267224606719,0.42016121152906294,91 days 08:05:00
385,CLOSED,2024-07-29 15:07:00+00:00,68000.0,69000.0,2024-10-18 18:46:00+00:00,33.70786516853933,4627.378059448238,0.7284441585600336,4730.203938222057,0.4273309649702526,81 days 03:39:00
386,CLOSED,2024-07-29 16:31:00+00:00,67000.0,68000.0,2024-10-16 11:26:00+00:00,33.70786516853933,4581.933092619287,0.7356690830522373,4684.392141274038,0.43471474090222983,78 days 18:55:00
387,CLOSED,2024-07-30 00:21:00+00:00,66000.0,67000.0,2024-07-30 07:47:00+00:00,33.70786516853933,4535.985526427599,0.743121091814563,4582.375891393547,0.44232226762001403,0 days 07:26:00
388,CLOSED,2024-07-30 14:04:00+00:00,66000.0,67000.0,2024-10-15 13:51:00+00:00,33.70786516853933,4536.427848695219,0.7430486341413869,4637.619981179623,0.44232226762001403,76 days 23:47:00
389,CLOSED,2024-07-31 19:53:00+00:00,65000.0,66000.0,2024-09-27 14:10:00+00:00,33.70786516853933,4489.970067998934,0.7507369683549376,4584.052412659794,0.4501638720829746,57 days 18:17:00
390,CLOSED,2024-08-01 02:03:00+00:00,64000.0,65000.0,2024-08-01 21:43:00+00:00,33.70786516853933,4442.994223344136,0.7586745215970193,4490.895404876945,0.4582505266853829,0 days 19:40:00
391,CLOSED,2024-08-01 15:21:00+00:00,63000.0,64000.0,2024-08-01 20:36:00+00:00,33.70786516853933,4395.492219981472,0.7668735031609591,4443.461318047186,0.46659390048154137,0 days 05:15:00
392,CLOSED,2024-08-02 02:26:00+00:00,64000.0,65000.0,2024-08-02 13:31:00+00:00,33.70786516853933,4443.919067771303,0.7585166303544849,4491.35365540363,0.4582505266853829,0 days 11:05:00
393,CLOSED,2024-08-02 14:42:00+00:00,64000.0,65000.0,2024-08-25 23:28:00+00:00,33.70786516853933,4444.377318297989,0.7584384212780573,4520.4614025599385,0.4582505266853829,23 days 08:46:00
394,CLOSED,2024-08-02 15:06:00+00:00,63000.0,64000.0,2024-08-23 21:20:00+00:00,33.70786516853933,4396.875314935325,0.7666322730153459,4473.02731573018,0.46659390048154137,21 days 06:14:00
395,CLOSED,2024-08-02 21:14:00+00:00,62000.0,63000.0,2024-08-23 17:57:00+00:00,33.70786516853933,4348.838801139274,0.7751003591972369,4425.0587270881715,0.4752064153678788,20 days 20:43:00
396,CLOSED,2024-08-03 00:55:00+00:00,61000.0,62000.0,2024-08-03 11:45:00+00:00,33.70786516853933,4300.259155773816,0.7838565990442901,4349.323420774567,0.48410130779148375,0 days 10:50:00
397,CLOSED,2024-08-03 15:56:00+00:00,61000.0,62000.0,2024-08-08 22:54:00+00:00,33.70786516853933,4300.743257081607,0.7837683663872734,4367.019145264803,0.48410130779148375,5 days 06:58:00
398,CLOSED,2024-08-03 19:28:00+00:00,60000.0,61000.0,2024-08-04 02:29:00+00:00,33.70786516853933,4251.611576350519,0.7928256042023799,4301.237077306327,0.4932926966292186,0 days 07:01:00
399,CLOSED,2024-08-04 14:37:00+00:00,60000.0,61000.0,2024-08-08 21:58:00+00:00,33.70786516853933,4252.104869047149,0.7927336273832988,4317.955407792142,0.4932926966292186,4 days 07:21:00
400,CLOSED,2024-08-04 15:58:00+00:00,59000.0,60000.0,2024-08-08 21:42:00+00:00,33.70786516853933,4202.411952361004,0.8021075884671787,4268.330443876898,0.5027956579699122,4 days 05:44:00
401,CLOSED,2024-08-04 17:40:00+00:00,58000.0,59000.0,2024-08-04 19:17:00+00:00,33.70786516853933,4152.148287245988,0.8118174698162544,4202.925125549691,0.5126263076327007,0 days 01:37:00
402,CLOSED,2024-08-05 00:08:00+00:00,58000.0,59000.0,2024-08-08 15:01:00+00:00,33.70786516853933,4152.660913553621,0.8117172547973336,4218.134741373274,0.5126263076327007,3 days 14:53:00
403,CLOSED,2024-08-05 00:37:00+00:00,57000.0,58000.0,2024-08-08 12:32:00+00:00,33.70786516853933,4101.816659519583,0.8217789327640815,4166.835658244025,0.5228018923713833,3 days 11:55:00
404,CLOSED,2024-08-05 00:57:00+00:00,56000.0,57000.0,2024-08-06 18:16:00+00:00,33.70786516853933,4050.3816307960105,0.8322145476922581,4113.857667959822,0.5333408908507238,1 days 17:19:00
405,CLOSED,2024-08-05 01:08:00+00:00,55000.0,56000.0,2024-08-06 00:59:00+00:00,33.70786516853933,3998.345277834879,0.8430453806828879,4061.345046152929,0.544263125638409,0 days 23:51:00
406,CLOSED,2024-08-05 01:10:00+00:00,54000.0,55000.0,2024-08-05 01:36:00+00:00,33.70786516853933,3945.6966674682317,0.8542943872613524,4000.036145759408,0.5555898876404441,0 days 00:26:00
407,CLOSED,2024-08-05 01:10:00+00:00,53000.0,54000.0,2024-08-05 01:11:00+00:00,33.70786516853933,3892.424461595965,0.8659863666235026,3946.2646131964484,0.5673440746237048,0 days 00:01:00
408,CLOSED,2024-08-05 01:13:00+00:00,53000.0,54000.0,2024-08-05 01:15:00+00:00,33.70786516853933,3892.991805670589,0.8658601623419797,3946.8319572710725,0.5673440746237048,0 days 00:02:00
409,CLOSED,2024-08-05 02:04:00+00:00,54000.0,55000.0,2024-08-05 16:13:00+00:00,33.70786516853933,3947.38694550512,0.8539285769012941,4006.530327666713,0.5555898876404441,0 days 14:09:00
410,CLOSED,2024-08-05 05:04:00+00:00,53000.0,54000.0,2024-08-05 14:40:00+00:00,33.70786516853933,3894.1147396328533,0.8656104768940986,3953.326139178378,0.5673440746237048,0 days 09:36:00
411,CLOSED,2024-08-05 06:06:00+00:00,52000.0,53000.0,2024-08-05 07:41:00+00:00,33.70786516853933,3840.2071723020335,0.8777616325405944,3896.5117252351224,0.5795503457216995,0 days 01:35:00
412,CLOSED,2024-08-05 06:19:00+00:00,51000.0,52000.0,2024-08-05 07:09:00+00:00,33.70786516853933,3785.652025023072,0.890411082311082,3842.0246202562266,0.5922352941176499,0 days 00:50:00
413,CLOSED,2024-08-05 06:24:00+00:00,50000.0,51000.0,2024-08-05 06:32:00+00:00,33.70786516853933,3730.4366001499266,0.9035903509842415,3786.877250888699,0.6054276404494345,0 days 00:08:00
414,CLOSED,2024-08-05 06:24:00+00:00,49000.0,50000.0,2024-08-05 06:25:00+00:00,33.70786516853933,3674.5476921307136,0.9173337235689428,3731.0564121196585,0.6191584498968083,0 days 00:01:00
415,CLOSED,2024-08-05 09:47:00+00:00,52000.0,53000.0,2024-08-05 14:00:00+00:00,33.70786516853933,3842.6035440322194,0.877214232024783,3899.486601449978,0.5795503457216995,0 days 04:13:00
416,CLOSED,2024-08-05 10:36:00+00:00,51000.0,52000.0,2024-08-05 13:37:00+00:00,33.70786516853933,3788.0483967532573,0.889847795963494,3844.4072611769643,0.5922352941176499,0 days 03:01:00
417,CLOSED,2024-08-05 12:32:00+00:00,50000.0,51000.0,2024-08-05 12:41:00+00:00,33.70786516853933,3732.832971880112,0.9030102718890667,3788.654464168988,0.6054276404494345,0 days 00:09:00
418,CLOSED,2024-08-05 12:53:00+00:00,50000.0,51000.0,2024-08-05 13:33:00+00:00,33.70786516853933,3733.4383995205612,0.9028638365338506,3789.2598918094372,0.6054276404494345,0 days 00:40:00
419,CLOSED,2024-08-05 13:42:00+00:00,51000.0,52000.0,2024-08-05 13:46:00+00:00,33.70786516853933,3789.851487328274,0.8894244347369483,3844.9994964710822,0.5922352941176499,0 days 00:04:00
420,CLOSED,2024-08-05 17:06:00+00:00,54000.0,55000.0,2024-08-05 17:52:00+00:00,33.70786516853933,3953.881127412425,0.852526013866256,4007.0859175543537,0.5555898876404441,0 days 00:46:00
421,CLOSED,2024-08-05 18:22:00+00:00,54000.0,55000.0,2024-08-05 21:16:00+00:00,33.70786516853933,3954.4367173000655,0.8524062357875773,4008.208851516618,0.5555898876404441,0 days 02:54:00
422,CLOSED,2024-08-05 18:59:00+00:00,53000.0,54000.0,2024-08-05 20:06:00+00:00,33.70786516853933,3901.1645114277994,0.8640462372144999,3955.0046630282827,0.5673440746237048,0 days 01:07:00
423,CLOSED,2024-08-05 23:49:00+00:00,54000.0,55000.0,2024-08-06 00:14:00+00:00,33.70786516853933,3955.5596512623297,0.8521642483076245,4008.764441404259,0.5555898876404441,0 days 00:25:00
424,CLOSED,2024-08-06 08:34:00+00:00,55000.0,56000.0,2024-08-06 14:07:00+00:00,33.70786516853933,4009.3081146422564,0.8407402026657915,4061.8893092785675,0.544263125638409,0 days 05:33:00
425,CLOSED,2024-08-06 22:27:00+00:00,56000.0,57000.0,2024-08-07 01:55:00+00:00,33.70786516853933,4062.422071619878,0.8297479822203315,4114.391008850673,0.5333408908507238,0 days 03:28:00
426,CLOSED,2024-08-07 14:33:00+00:00,56000.0,57000.0,2024-08-08 01:44:00+00:00,33.70786516853933,4062.955412510729,0.8296390618697275,4115.468612867162,0.5333408908507238,0 days 11:11:00
427,CLOSED,2024-08-07 18:29:00+00:00,55000.0,56000.0,2024-08-08 01:43:00+00:00,33.70786516853933,4010.9190595495966,0.8404025279015361,4063.5002541859076,0.544263125638409,0 days 07:14:00
428,CLOSED,2024-08-08 13:48:00+00:00,57000.0,58000.0,2024-08-08 14:27:00+00:00,33.70786516853933,4115.990847143161,0.8189489826474076,4167.358460136396,0.5228018923713833,0 days 00:39:00
429,CLOSED,2024-08-09 01:00:00+00:00,61000.0,62000.0,2024-08-23 14:13:00+00:00,33.70786516853933,4318.438981571844,0.7805567083935083,4376.062914472757,0.48410130779148375,14 days 13:13:00
430,CLOSED,2024-08-09 13:35:00+00:00,60000.0,61000.0,2024-08-09 14:03:00+00:00,33.70786516853933,4269.3073008407555,0.789539445003203,4318.932801796564,0.4932926966292186,0 days 00:28:00
431,CLOSED,2024-08-09 14:32:00+00:00,60000.0,61000.0,2024-08-10 00:16:00+00:00,33.70786516853933,4269.800593537385,0.7894482290240515,4319.426094493192,0.4932926966292186,0 days 09:44:00
432,CLOSED,2024-08-11 15:09:00+00:00,60000.0,61000.0,2024-08-13 16:49:00+00:00,33.70786516853933,4270.293886234014,0.7893570341189421,4321.950231121027,0.4932926966292186,2 days 01:40:00
433,CLOSED,2024-08-11 20:08:00+00:00,59000.0,60000.0,2024-08-12 14:36:00+00:00,33.70786516853933,4220.60096954787,0.7986508417105886,4271.822471547814,0.5027956579699122,0 days 18:28:00
434,CLOSED,2024-08-12 07:16:00+00:00,58000.0,59000.0,2024-08-12 08:07:00+00:00,33.70786516853933,4170.337304432855,0.8082767102006257,4221.1141427365565,0.5126263076327007,0 days 00:51:00
435,CLOSED,2024-08-12 13:58:00+00:00,58000.0,59000.0,2024-08-12 14:13:00+00:00,33.70786516853933,4170.849930740487,0.8081773674018254,4221.626769044189,0.5126263076327007,0 days 00:15:00
436,CLOSED,2024-08-12 18:36:00+00:00,59000.0,60000.0,2024-08-13 16:21:00+00:00,33.70786516853933,4222.129017821106,0.7983617986627701,4272.325267205783,0.5027956579699122,0 days 21:45:00
437,CLOSED,2024-08-14 13:49:00+00:00,60000.0,61000.0,2024-08-20 04:16:00+00:00,33.70786516853933,4272.818022861849,0.7888907271075978,4325.509795948867,0.4932926966292186,5 days 14:27:00
438,CLOSED,2024-08-14 14:11:00+00:00,59000.0,60000.0,2024-08-18 02:58:00+00:00,33.70786516853933,4223.125106175705,0.798173492877265,4274.86941006802,0.5027956579699122,3 days 12:47:00
439,CLOSED,2024-08-15 06:22:00+00:00,58000.0,59000.0,2024-08-15 12:36:00+00:00,33.70786516853933,4172.86144106069,0.8077877888984305,4223.638279364392,0.5126263076327007,0 days 06:14:00
440,CLOSED,2024-08-15 18:12:00+00:00,58000.0,59000.0,2024-08-16 17:33:00+00:00,33.70786516853933,4173.374067368322,0.8076885662395246,4224.673707564396,0.5126263076327007,0 days 23:21:00
441,CLOSED,2024-08-15 19:28:00+00:00,57000.0,58000.0,2024-08-16 02:31:00+00:00,33.70786516853933,4122.529813334283,0.8176500036339716,4173.897426327519,0.5228018923713833,0 days 07:03:00
442,CLOSED,2024-08-18 23:21:00+00:00,59000.0,60000.0,2024-08-20 00:26:00+00:00,33.70786516853933,4225.1759563413125,0.7977860689552875,4275.884832033623,0.5027956579699122,1 days 01:05:00
443,CLOSED,2024-08-19 09:55:00+00:00,58000.0,59000.0,2024-08-19 17:32:00+00:00,33.70786516853933,4174.9122912262965,0.8073909777548481,4225.689129529999,0.5126263076327007,0 days 07:37:00
444,CLOSED,2024-08-20 14:20:00+00:00,60000.0,61000.0,2024-08-21 19:07:00+00:00,33.70786516853933,4276.377587689689,0.7882340714153351,4326.505884303467,0.4932926966292186,1 days 04:47:00
445,CLOSED,2024-08-20 15:04:00+00:00,59000.0,60000.0,2024-08-21 13:59:00+00:00,33.70786516853933,4226.684671003544,0.7975012992993407,4276.880920388223,0.5027956579699122,0 days 22:55:00
446,CLOSED,2024-08-22 02:51:00+00:00,60000.0,61000.0,2024-08-22 07:56:00+00:00,33.70786516853933,4277.373676044288,0.7880505123347638,4326.999177000096,0.4932926966292186,0 days 05:05:00
447,CLOSED,2024-08-23 14:48:00+00:00,61000.0,62000.0,2024-08-23 17:40:00+00:00,33.70786516853933,4327.482750779798,0.7789254656755196,4376.547015780549,0.48410130779148375,0 days 02:52:00
448,CLOSED,2024-08-26 00:51:00+00:00,64000.0,65000.0,2024-09-26 14:20:00+00:00,33.70786516853933,4473.485065454298,0.7535034693385341,4537.144476186176,0.4582505266853829,31 days 13:29:00
449,CLOSED,2024-08-26 21:22:00+00:00,63000.0,64000.0,2024-09-20 04:08:00+00:00,33.70786516853933,4425.983062091634,0.7615904691828993,4487.84401375449,0.46659390048154137,24 days 06:46:00
450,CLOSED,2024-08-27 14:07:00+00:00,62000.0,63000.0,2024-09-19 12:06:00+00:00,33.70786516853933,4377.946548295584,0.7699469328071725,4439.875425112482,0.4752064153678788,22 days 21:59:00
451,CLOSED,2024-08-27 21:37:00+00:00,61000.0,62000.0,2024-09-19 00:02:00+00:00,33.70786516853933,4329.3669029301245,0.7785864752124791,4391.36371380486,0.48410130779148375,22 days 02:25:00
452,CLOSED,2024-08-27 21:48:00+00:00,60000.0,61000.0,2024-08-29 15:11:00+00:00,33.70786516853933,4280.235222199036,0.7875236621042849,4331.378940778417,0.4932926966292186,1 days 17:23:00
453,CLOSED,2024-08-27 22:13:00+00:00,59000.0,60000.0,2024-08-28 09:56:00+00:00,33.70786516853933,4230.542305512891,0.7967740950046532,4280.73855489757,0.5027956579699122,0 days 11:43:00
454,CLOSED,2024-08-28 14:49:00+00:00,59000.0,60000.0,2024-08-29 11:24:00+00:00,33.70786516853933,4231.045101170861,0.7966794104655448,4281.753976863172,0.5027956579699122,0 days 20:35:00
455,CLOSED,2024-08-28 16:22:00+00:00,58000.0,59000.0,2024-08-28 16:51:00+00:00,33.70786516853933,4180.781436055846,0.8062575306576985,4231.558274359548,0.5126263076327007,0 days 00:29:00
456,CLOSED,2024-08-29 18:10:00+00:00,60000.0,61000.0,2024-09-17 15:13:00+00:00,33.70786516853933,4282.246732519238,0.7871537366719888,4340.8200982423095,0.4932926966292186,18 days 21:03:00
457,CLOSED,2024-08-29 18:51:00+00:00,59000.0,60000.0,2024-09-13 21:10:00+00:00,33.70786516853933,4232.553815833094,0.7963954301642968,4290.179712361463,0.5027956579699122,15 days 02:19:00
458,CLOSED,2024-08-30 15:30:00+00:00,58000.0,59000.0,2024-08-30 18:29:00+00:00,33.70786516853933,4182.290150718078,0.8059666822195934,4233.0669890217805,0.5126263076327007,0 days 02:59:00
459,CLOSED,2024-09-01 05:25:00+00:00,58000.0,59000.0,2024-09-02 20:52:00+00:00,33.70786516853933,4182.802777025711,0.8058679064115035,4233.579615329413,0.5126263076327007,1 days 15:27:00
460,CLOSED,2024-09-03 14:13:00+00:00,58000.0,59000.0,2024-09-13 15:28:00+00:00,33.70786516853933,4183.315403333344,0.8057691548115228,4239.984009857839,0.5126263076327007,10 days 01:15:00
461,CLOSED,2024-09-04 01:00:00+00:00,57000.0,58000.0,2024-09-04 15:45:00+00:00,33.70786516853933,4132.471149299305,0.8156830126752314,4184.372103183391,0.5228018923713833,0 days 14:45:00
462,CLOSED,2024-09-04 01:04:00+00:00,56000.0,57000.0,2024-09-04 14:43:00+00:00,33.70786516853933,4081.0361205757335,0.8259634115608853,4133.005057806529,0.5333408908507238,0 days 13:39:00
463,CLOSED,2024-09-05 03:36:00+00:00,57000.0,58000.0,2024-09-09 21:15:00+00:00,33.70786516853933,4133.527292082527,0.8154746004242989,4187.628783945367,0.5228018923713833,4 days 17:39:00
464,CLOSED,2024-09-05 15:28:00+00:00,56000.0,57000.0,2024-09-06 13:22:00+00:00,33.70786516853933,4082.092263358956,0.8257497134766562,4134.061200589751,0.5333408908507238,0 days 21:54:00
465,CLOSED,2024-09-06 13:41:00+00:00,56000.0,57000.0,2024-09-09 19:42:00+00:00,33.70786516853933,4082.625604249807,0.8256418402277971,4136.261738568505,0.5333408908507238,3 days 06:01:00
466,CLOSED,2024-09-06 14:16:00+00:00,55000.0,56000.0,2024-09-09 16:13:00+00:00,33.70786516853933,4030.589251288675,0.8363011725335725,4084.2933798872505,0.544263125638409,3 days 01:57:00
467,CLOSED,2024-09-06 15:19:00+00:00,54000.0,55000.0,2024-09-08 22:20:00+00:00,33.70786516853933,3977.9406409220273,0.8473697375415423,4031.71277513858,0.5555898876404441,2 days 07:01:00
468,CLOSED,2024-09-06 20:50:00+00:00,53000.0,54000.0,2024-09-07 00:02:00+00:00,33.70786516853933,3924.6684350497617,0.8588716658841,3978.508586650245,0.5673440746237048,0 days 03:12:00
469,CLOSED,2024-09-09 23:54:00+00:00,57000.0,58000.0,2024-09-10 19:49:00+00:00,33.70786516853933,4136.783972844503,0.814832618522291,4188.151585837739,0.5228018923713833,0 days 19:55:00
470,CLOSED,2024-09-11 01:32:00+00:00,57000.0,58000.0,2024-09-12 01:59:00+00:00,33.70786516853933,4137.306774736875,0.8147296539469951,4189.2077286209615,0.5228018923713833,1 days 00:27:00
471,CLOSED,2024-09-11 13:50:00+00:00,56000.0,57000.0,2024-09-11 15:46:00+00:00,33.70786516853933,4085.871746013304,0.824985884626188,4137.840683244099,0.5333408908507238,0 days 01:56:00
472,CLOSED,2024-09-15 23:09:00+00:00,59000.0,60000.0,2024-09-17 14:21:00+00:00,33.70786516853933,4240.486258634755,0.7949056573382632,4291.195134327066,0.5027956579699122,1 days 15:12:00
473,CLOSED,2024-09-16 14:29:00+00:00,58000.0,59000.0,2024-09-17 09:53:00+00:00,33.70786516853933,4190.222593519739,0.8044409196940802,4240.999431823442,0.5126263076327007,0 days 19:24:00
474,CLOSED,2024-09-17 19:46:00+00:00,60000.0,61000.0,2024-09-18 18:01:00+00:00,33.70786516853933,4291.687889983132,0.7854221004098183,4341.31339093894,0.4932926966292186,0 days 22:15:00
475,CLOSED,2024-09-18 18:08:00+00:00,60000.0,61000.0,2024-09-18 18:33:00+00:00,33.70786516853933,4292.181182679761,0.7853318332543994,4341.806683635568,0.4932926966292186,0 days 00:25:00
476,CLOSED,2024-09-18 19:21:00+00:00,60000.0,61000.0,2024-09-18 23:21:00+00:00,33.70786516853933,4292.674475376391,0.785241586845081,4342.299976332199,0.4932926966292186,0 days 04:00:00
477,CLOSED,2024-09-20 13:11:00+00:00,63000.0,64000.0,2024-09-22 22:58:00+00:00,33.70786516853933,4440.341509589259,0.7591277629377066,4488.310607654972,0.46659390048154137,2 days 09:47:00
478,CLOSED,2024-09-23 00:15:00+00:00,63000.0,64000.0,2024-09-23 03:08:00+00:00,33.70786516853933,4440.8081034897405,0.7590480016925416,4488.777201555454,0.46659390048154137,0 days 02:53:00
479,CLOSED,2024-09-24 00:40:00+00:00,63000.0,64000.0,2024-09-24 17:56:00+00:00,33.70786516853933,4441.274697390222,0.7589682572065788,4489.2437954559355,0.46659390048154137,0 days 17:16:00
480,CLOSED,2024-09-25 17:36:00+00:00,63000.0,64000.0,2024-09-26 10:18:00+00:00,33.70786516853933,4441.741291290704,0.7588885294745369,4489.710389356417,0.46659390048154137,0 days 16:42:00
481,CLOSED,2024-09-30 01:47:00+00:00,65000.0,66000.0,2024-10-14 14:29:00+00:00,33.70786516853933,4537.594147607416,0.7428576481727177,4591.230100569768,0.4501638720829746,14 days 12:42:00
482,CLOSED,2024-09-30 08:47:00+00:00,64000.0,65000.0,2024-10-14 11:30:00+00:00,33.70786516853933,4490.618302952618,0.7506285970993377,4544.32216409615,0.4582505266853829,14 days 02:43:00
483,CLOSED,2024-09-30 23:41:00+00:00,63000.0,64000.0,2024-10-01 06:26:00+00:00,33.70786516853933,4443.116299589954,0.758653676736982,4491.085397655668,0.46659390048154137,0 days 06:45:00
484,CLOSED,2024-10-01 13:37:00+00:00,63000.0,64000.0,2024-10-07 14:17:00+00:00,33.70786516853933,4443.582893490437,0.7585740150795698,4494.466087288151,0.46659390048154137,6 days 00:40:00
485,CLOSED,2024-10-01 15:06:00+00:00,62000.0,63000.0,2024-10-07 00:38:00+00:00,33.70786516853933,4395.546379694386,0.7668640541311493,4446.497498646142,0.4752064153678788,5 days 09:32:00
486,CLOSED,2024-10-01 20:19:00+00:00,61000.0,62000.0,2024-10-02 16:03:00+00:00,33.70786516853933,4346.9667343289275,0.7754341642953256,4396.030999329678,0.48410130779148375,0 days 19:44:00
487,CLOSED,2024-10-02 18:16:00+00:00,61000.0,62000.0,2024-10-04 13:00:00+00:00,33.70786516853933,4347.450835636719,0.7753478174435191,4397.501686030729,0.48410130779148375,1 days 18:44:00
488,CLOSED,2024-10-02 19:46:00+00:00,60000.0,61000.0,2024-10-03 00:37:00+00:00,33.70786516853933,4298.31915490563,0.7842103844259417,4347.944655861438,0.4932926966292186,0 days 04:51:00
489,CLOSED,2024-10-03 13:17:00+00:00,60000.0,61000.0,2024-10-03 19:54:00+00:00,33.70786516853933,4298.812447602259,0.784120395560418,4348.437948558067,0.4932926966292186,0 days 06:37:00
490,CLOSED,2024-10-04 14:26:00+00:00,61000.0,62000.0,2024-10-04 16:29:00+00:00,33.70786516853933,4348.921522337769,0.7750856159487473,4397.985787338521,0.48410130779148375,0 days 02:03:00
491,CLOSED,2024-10-07 18:47:00+00:00,63000.0,64000.0,2024-10-14 03:42:00+00:00,33.70786516853933,4446.96358312292,0.7579973287046277,4496.8880772663915,0.46659390048154137,6 days 08:55:00
492,CLOSED,2024-10-08 15:34:00+00:00,62000.0,63000.0,2024-10-11 19:05:00+00:00,33.70786516853933,4398.927069326869,0.7662746992006249,4448.919488624383,0.4752064153678788,3 days 03:31:00
493,CLOSED,2024-10-09 19:12:00+00:00,61000.0,62000.0,2024-10-11 15:09:00+00:00,33.70786516853933,4350.347423961411,0.7748315682301316,4400.407777316761,0.48410130779148375,1 days 19:57:00
494,CLOSED,2024-10-10 17:10:00+00:00,60000.0,61000.0,2024-10-11 09:51:00+00:00,33.70786516853933,4301.215743230322,0.7836822698696779,4351.3440398441,0.4932926966292186,0 days 16:41:00
495,CLOSED,2024-10-10 18:09:00+00:00,59000.0,60000.0,2024-10-10 20:15:00+00:00,33.70786516853933,4251.522826544177,0.7928421543002403,4301.719075928855,0.5027956579699122,0 days 02:06:00
496,CLOSED,2024-10-15 14:39:00+00:00,66000.0,67000.0,2024-10-15 16:39:00+00:00,33.70786516853933,4591.671938481295,0.7341087433979065,4638.512467319326,0.44232226762001403,0 days 02:00:00
497,CLOSED,2024-10-15 15:06:00+00:00,65000.0,66000.0,2024-10-15 15:31:00+00:00,33.70786516853933,4545.214157785011,0.741612254084986,4592.122586709472,0.4501638720829746,0 days 00:25:00
498,CLOSED,2024-10-17 10:32:00+00:00,67000.0,68000.0,2024-10-18 01:56:00+00:00,33.70786516853933,4638.946705553589,0.7266275581089436,4684.82685601494,0.43471474090222983,0 days 15:24:00
499,CLOSED,2024-10-21 13:17:00+00:00,68000.0,69000.0,2024-10-28 12:34:00+00:00,33.70786516853933,4685.253718088413,0.7194458869623855,4732.385343204072,0.4273309649702526,6 days 23:17:00
500,CLOSED,2024-10-21 15:02:00+00:00,67000.0,68000.0,2024-10-24 19:27:00+00:00,33.70786516853933,4639.808751259462,0.7264925555259025,4686.131223988433,0.43471474090222983,3 days 04:25:00
501,CLOSED,2024-10-23 15:40:00+00:00,66000.0,67000.0,2024-10-24 00:47:00+00:00,33.70786516853933,4593.8611850677735,0.7337588971583615,4640.251550033721,0.44232226762001403,0 days 09:07:00
502,CLOSED,2024-10-25 17:56:00+00:00,67000.0,68000.0,2024-10-27 17:33:00+00:00,33.70786516853933,4640.685788267984,0.7263552566682158,4687.008260996956,0.43471474090222983,1 days 23:37:00
503,CLOSED,2024-10-25 23:13:00+00:00,66000.0,67000.0,2024-10-26 02:46:00+00:00,33.70786516853933,4594.738222076296,0.7336188383177842,4641.128587042243,0.44232226762001403,0 days 03:33:00
504,CLOSED,2024-10-29 20:24:00+00:00,72000.0,73000.0,2024-11-06 02:53:00+00:00,33.70786516853933,4865.973293151238,0.6927260619367247,4913.1949420143255,0.39984691011236606,7 days 06:29:00
505,CLOSED,2024-10-31 14:03:00+00:00,71000.0,72000.0,2024-11-06 02:17:00+00:00,33.70786516853933,4822.46690907892,0.6989755617623813,4869.756414248385,0.406427599303683,5 days 12:14:00
506,CLOSED,2024-10-31 20:48:00+00:00,70000.0,71000.0,2024-11-01 13:55:00+00:00,33.70786516853933,4778.486241100921,0.7054088568595175,4823.300713950161,0.413196308186194,0 days 17:07:00
507,CLOSED,2024-11-01 02:09:00+00:00,69000.0,70000.0,2024-11-01 10:29:00+00:00,33.70786516853933,4734.024513732873,0.7120340224423554,4778.90685663585,0.42016121152906294,0 days 08:20:00
508,CLOSED,2024-11-01 15:40:00+00:00,70000.0,71000.0,2024-11-06 00:42:00+00:00,33.70786516853933,4779.3195986206365,0.7052858565530497,4825.843609352248,0.413196308186194,4 days 09:02:00
509,CLOSED,2024-11-01 19:02:00+00:00,69000.0,70000.0,2024-11-05 14:44:00+00:00,33.70786516853933,4734.857871252589,0.7119087010656572,4781.029590826409,0.42016121152906294,3 days 19:42:00
510,CLOSED,2024-11-03 02:42:00+00:00,68000.0,69000.0,2024-11-03 21:01:00+00:00,33.70786516853933,4689.908112619276,0.7187318889647447,4735.28566371789,0.4273309649702526,0 days 18:19:00
511,CLOSED,2024-11-04 16:42:00+00:00,68000.0,69000.0,2024-11-05 08:05:00+00:00,33.70786516853933,4690.335443584246,0.718666406144729,4736.147709423763,0.4273309649702526,0 days 15:23:00
512,CLOSED,2024-11-04 21:37:00+00:00,67000.0,68000.0,2024-11-04 22:56:00+00:00,33.70786516853933,4644.890476755295,0.7256977389935377,4690.770627216646,0.43471474090222983,0 days 01:19:00
513,CLOSED,2024-11-05 19:57:00+00:00,69000.0,70000.0,2024-11-06 00:23:00+00:00,33.70786516853933,4736.567409134961,0.7116517565765077,4781.449752037938,0.42016121152906294,0 days 04:26:00
514,CLOSED,2024-11-06 03:10:00+00:00,74000.0,75000.0,2024-11-06 06:05:00+00:00,33.70786516853933,4956.843506360938,0.6800268179796931,4998.677057232075,0.38721910112359126,0 days 02:55:00
515,CLOSED,2024-11-06 07:38:00+00:00,74000.0,75000.0,2024-11-06 18:31:00+00:00,33.70786516853933,4957.230725462061,0.6799736997393325,4999.457722846974,0.38721910112359126,0 days 10:53:00
516,CLOSED,2024-11-06 07:42:00+00:00,73000.0,74000.0,2024-11-06 09:38:00+00:00,33.70786516853933,4915.3297588605865,0.6857701684770197,4957.624599557798,0.3934465137755865,0 days 01:56:00
517,CLOSED,2024-11-07 04:02:00+00:00,75000.0,76000.0,2024-11-07 15:59:00+00:00,33.70786516853933,5000.159456617381,0.6741358042877852,5041.190551562086,0.38115775280898845,0 days 11:57:00
518,CLOSED,2024-11-09 17:07:00+00:00,76000.0,77000.0,2024-11-10 00:57:00+00:00,33.70786516853933,5041.891495011397,0.6685559417907135,5082.120293698503,0.37525591366055266,0 days 07:50:00
519,CLOSED,2024-11-10 19:44:00+00:00,80000.0,81000.0,2024-11-10 22:21:00+00:00,33.70786516853933,5199.698424497753,0.6482657726788305,5237.077961969304,0.3531240168539327,0 days 02:37:00
520,CLOSED,2024-11-10 20:55:00+00:00,79000.0,80000.0,2024-11-10 21:54:00+00:00,33.70786516853933,5162.609918173976,0.6529229537540162,5200.057263923155,0.35844687811122355,0 days 00:59:00
521,CLOSED,2024-11-10 23:40:00+00:00,80000.0,81000.0,2024-11-11 01:38:00+00:00,33.70786516853933,5200.409995392718,0.6481770706233292,5237.431085986158,0.3531240168539327,0 days 01:58:00
522,CLOSED,2024-11-11 22:17:00+00:00,87000.0,88000.0,2024-11-11 22:59:00+00:00,33.70786516853933,5445.576929542081,0.6189952984719623,5476.989432873659,0.31929019759783017,0 days 00:42:00
523,CLOSED,2024-11-12 00:12:00+00:00,88000.0,89000.0,2024-11-12 00:59:00+00:00,33.70786516853933,5477.680881590328,0.6153674501526085,5508.6118882079,0.3148961950970417,0 days 00:47:00
524,CLOSED,2024-11-12 00:19:00+00:00,87000.0,88000.0,2024-11-12 00:29:00+00:00,33.70786516853933,5447.001749440015,0.6188333824567744,5478.0005251393395,0.31929019759783017,0 days 00:10:00
525,CLOSED,2024-11-12 02:23:00+00:00,88000.0,89000.0,2024-11-12 06:41:00+00:00,33.70786516853933,5478.315067983022,0.6152962133473955,5509.2460746005945,0.3148961950970417,0 days 04:18:00
526,CLOSED,2024-11-12 02:53:00+00:00,87000.0,88000.0,2024-11-12 03:09:00+00:00,33.70786516853933,5447.63593583271,0.6187613409850018,5478.634711532035,0.31929019759783017,0 days 00:16:00
527,CLOSED,2024-11-12 09:46:00+00:00,88000.0,89000.0,2024-11-12 19:08:00+00:00,33.70786516853933,5478.949254375717,0.6152249930334512,5511.170910349498,0.3148961950970417,0 days 09:22:00
528,CLOSED,2024-11-12 10:07:00+00:00,87000.0,88000.0,2024-11-12 10:13:00+00:00,33.70786516853933,5448.270122225405,0.6186893162846886,5479.26889792473,0.31929019759783017,0 days 00:06:00
529,CLOSED,2024-11-12 10:35:00+00:00,87000.0,88000.0,2024-11-12 18:24:00+00:00,33.70786516853933,5448.5894124230035,0.618653060766224,5480.559547280937,0.31929019759783017,0 days 07:49:00
530,CLOSED,2024-11-12 10:47:00+00:00,86000.0,87000.0,2024-11-12 10:57:00+00:00,33.70786516853933,5417.523220993344,0.6222006587423309,5448.913556661311,0.32378638620329525,0 days 00:10:00
531,CLOSED,2024-11-12 13:02:00+00:00,86000.0,87000.0,2024-11-12 14:53:00+00:00,33.70786516853933,5417.847007379547,0.6221634742108162,5449.2373430475145,0.32378638620329525,0 days 01:51:00
532,CLOSED,2024-11-12 16:11:00+00:00,86000.0,87000.0,2024-11-12 16:41:00+00:00,33.70786516853933,5418.17079376575,0.6221262941235488,5449.561129433718,0.32378638620329525,0 days 00:30:00
533,CLOSED,2024-11-12 22:05:00+00:00,88000.0,89000.0,2024-11-13 13:43:00+00:00,33.70786516853933,5480.87409012462,0.6150089313176123,5511.805096742193,0.3148961950970417,0 days 15:38:00
534,CLOSED,2024-11-13 04:31:00+00:00,87000.0,88000.0,2024-11-13 11:18:00+00:00,33.70786516853933,5450.194957974309,0.6184708148691187,5481.193733673632,0.31929019759783017,0 days 06:47:00
535,CLOSED,2024-11-13 14:36:00+00:00,90000.0,91000.0,2024-11-13 14:50:00+00:00,33.70786516853933,5542.686045520972,0.6081503605238214,5571.696481344465,0.3064011235954993,0 days 00:14:00
536,CLOSED,2024-11-13 16:37:00+00:00,92000.0,93000.0,2024-11-13 18:49:00+00:00,33.70786516853933,5600.981476051372,0.6018206864755244,5628.391000999039,0.2982754030288248,0 days 02:12:00
537,CLOSED,2024-11-13 19:05:00+00:00,92000.0,93000.0,2024-11-19 17:34:00+00:00,33.70786516853933,5601.279751454401,0.6017886387443317,5635.170938571705,0.2982754030288248,5 days 22:29:00
538,CLOSED,2024-11-13 19:13:00+00:00,91000.0,92000.0,2024-11-18 06:59:00+00:00,33.70786516853933,5573.802810776397,0.6047552508202928,5605.935665741583,0.3022936164958665,4 days 11:46:00
539,CLOSED,2024-11-13 19:36:00+00:00,90000.0,91000.0,2024-11-13 20:34:00+00:00,33.70786516853933,5545.955824413741,0.6077918078639323,5574.109552349431,0.3064011235954993,0 days 00:58:00
540,CLOSED,2024-11-13 20:55:00+00:00,90000.0,91000.0,2024-11-14 08:03:00+00:00,33.70786516853933,5546.262225537337,0.6077582306392594,5575.04145060235,0.3064011235954993,0 days 11:08:00
541,CLOSED,2024-11-13 21:04:00+00:00,89000.0,90000.0,2024-11-13 23:18:00+00:00,33.70786516853933,5518.04108187131,0.6108665134676403,5546.888067320113,0.3106009342254765,0 days 02:14:00
542,CLOSED,2024-11-13 21:21:00+00:00,88000.0,89000.0,2024-11-13 21:30:00+00:00,33.70786516853933,5489.441576887268,0.6140490739616001,5518.356327019421,0.3148961950970417,0 days 00:09:00
543,CLOSED,2024-11-14 14:41:00+00:00,90000.0,91000.0,2024-11-15 20:18:00+00:00,33.70786516853933,5547.194123790255,0.6076561305827821,5577.233032377285,0.3064011235954993,1 days 05:37:00
544,CLOSED,2024-11-14 14:47:00+00:00,89000.0,90000.0,2024-11-15 12:10:00+00:00,33.70786516853933,5518.972980124228,0.6107633664801995,5548.454151965725,0.3106009342254765,0 days 21:23:00
545,CLOSED,2024-11-14 15:59:00+00:00,88000.0,89000.0,2024-11-14 16:54:00+00:00,33.70786516853933,5490.373475140185,0.613944849492751,5519.288225272338,0.3148961950970417,0 days 00:55:00
546,CLOSED,2024-11-14 20:11:00+00:00,88000.0,89000.0,2024-11-15 09:23:00+00:00,33.70786516853933,5490.688371335282,0.6139096391722902,5519.922411665033,0.3148961950970417,0 days 13:12:00
547,CLOSED,2024-11-14 23:13:00+00:00,87000.0,88000.0,2024-11-15 00:08:00+00:00,33.70786516853933,5461.706205472792,0.6171673081712642,5491.008014884295,0.31929019759783017,0 days 00:55:00
548,CLOSED,2024-11-15 14:34:00+00:00,89000.0,90000.0,2024-11-15 19:38:00+00:00,33.70786516853933,5520.232663646246,0.6106239939943849,5549.079649095048,0.3106009342254765,0 days 05:04:00
549,CLOSED,2024-11-15 15:22:00+00:00,88000.0,89000.0,2024-11-15 16:11:00+00:00,33.70786516853933,5491.633158662203,0.6138040214024562,5520.547908794356,0.3148961950970417,0 days 00:49:00
550,CLOSED,2024-11-17 02:03:00+00:00,90000.0,91000.0,2024-11-17 08:53:00+00:00,33.70786516853933,5549.38570556519,0.6074161530119535,5577.5394335008805,0.3064011235954993,0 days 06:50:00
551,CLOSED,2024-11-17 14:30:00+00:00,90000.0,91000.0,2024-11-18 06:21:00+00:00,33.70786516853933,5549.692106688786,0.6073826172791243,5578.156435558702,0.3064011235954993,0 days 15:51:00
552,CLOSED,2024-11-17 22:02:00+00:00,89000.0,90000.0,2024-11-18 00:30:00+00:00,33.70786516853933,5521.470963022759,0.6104870494525932,5550.003052276465,0.3106009342254765,0 days 02:28:00
553,CLOSED,2024-11-18 11:25:00+00:00,91000.0,92000.0,2024-11-18 15:42:00+00:00,33.70786516853933,5578.4583887257595,0.6042505441407251,5606.85076160527,0.3022936164958665,0 days 04:17:00
554,CLOSED,2024-11-18 13:04:00+00:00,90000.0,91000.0,2024-11-18 14:37:00+00:00,33.70786516853933,5550.6114023631035,0.607282022196485,5578.765130298793,0.3064011235954993,0 days 01:33:00
555,CLOSED,2024-11-18 14:55:00+00:00,90000.0,91000.0,2024-11-18 15:34:00+00:00,33.70786516853933,5550.917803486698,0.6072485012724635,5579.071531422389,0.3064011235954993,0 days 00:39:00
556,CLOSED,2024-11-18 17:47:00+00:00,91000.0,92000.0,2024-11-19 07:06:00+00:00,33.70786516853933,5579.373484589447,0.6041514385377212,5607.459456345361,0.3022936164958665,0 days 13:19:00
557,CLOSED,2024-11-18 19:11:00+00:00,90000.0,91000.0,2024-11-18 20:19:00+00:00,33.70786516853933,5551.526498226791,0.6071819197711824,5579.680226162481,0.3064011235954993,0 days 01:08:00
558,CLOSED,2024-11-19 14:05:00+00:00,91000.0,92000.0,2024-11-19 14:45:00+00:00,33.70786516853933,5579.982179329538,0.6040855344199234,5607.761749961857,0.3022936164958665,0 days 00:40:00
559,CLOSED,2024-11-19 21:19:00+00:00,92000.0,93000.0,2024-11-20 08:15:00+00:00,33.70786516853933,5608.059689027067,0.6010610984489583,5635.469213974734,0.2982754030288248,0 days 10:56:00
560,CLOSED,2024-11-21 14:34:00+00:00,97000.0,98000.0,2024-11-21 17:59:00+00:00,33.70786516853933,5739.379802210875,0.5873084955199284,5763.071557093906,0.2794270821267162,0 days 03:25:00
561,CLOSED,2024-11-21 15:38:00+00:00,96000.0,97000.0,2024-11-21 16:21:00+00:00,33.70786516853933,5715.903671274475,0.589720665481815,5739.663158952449,0.28303967696629684,0 days 00:43:00
562,CLOSED,2024-11-22 13:19:00+00:00,98000.0,99000.0,2024-11-22 16:56:00+00:00,33.70786516853933,5763.755081828484,0.5848247312730349,5786.363866113021,0.27588821371244876,0 days 03:37:00
563,CLOSED,2024-11-23 16:17:00+00:00,98000.0,99000.0,2024-12-04 20:51:00+00:00,33.70786516853933,5764.030970042197,0.5847967393605549,5794.972892486258,0.27588821371244876,11 days 04:34:00
564,CLOSED,2024-11-24 12:31:00+00:00,97000.0,98000.0,2024-11-24 22:59:00+00:00,33.70786516853933,5741.354770027324,0.5871064673535042,5764.593750249686,0.2794270821267162,0 days 10:28:00
565,CLOSED,2024-11-24 15:55:00+00:00,96000.0,97000.0,2024-11-24 22:00:00+00:00,33.70786516853933,5718.331413751592,0.5894702970079311,5741.638126768898,0.28303967696629684,0 days 06:05:00
566,CLOSED,2024-11-25 01:24:00+00:00,97000.0,98000.0,2024-11-25 04:12:00+00:00,33.70786516853933,5741.917236786418,0.5870489555750656,5764.873177331813,0.2794270821267162,0 days 02:48:00
567,CLOSED,2024-11-25 14:34:00+00:00,97000.0,98000.0,2024-11-29 14:59:00+00:00,33.70786516853933,5742.196663868544,0.5870203885672941,5769.232311364989,0.2794270821267162,4 days 00:25:00
568,CLOSED,2024-11-25 14:51:00+00:00,96000.0,97000.0,2024-11-27 20:15:00+00:00,33.70786516853933,5719.173307592811,0.5893835237304061,5745.420191554365,0.28303967696629684,2 days 05:24:00
569,CLOSED,2024-11-25 15:10:00+00:00,95000.0,96000.0,2024-11-25 15:29:00+00:00,33.70786516853933,5695.799178845168,0.5918022056278615,5719.460356676194,0.28672832643405854,0 days 00:19:00
570,CLOSED,2024-11-25 17:21:00+00:00,95000.0,96000.0,2024-11-27 16:32:00+00:00,33.70786516853933,5696.085907171602,0.5917724156178854,5722.113799294008,0.28672832643405854,1 days 23:11:00
571,CLOSED,2024-11-25 21:44:00+00:00,94000.0,95000.0,2024-11-27 15:34:00+00:00,33.70786516853933,5672.3573136102395,0.5942479167816308,5698.452945990832,0.29049545780539887,1 days 17:50:00
572,CLOSED,2024-11-25 22:38:00+00:00,93000.0,94000.0,2024-11-25 22:48:00+00:00,33.70786516853933,5648.270484332883,0.5967820638554381,5672.651985592842,0.2943436027546227,0 days 00:10:00
573,CLOSED,2024-11-25 23:42:00+00:00,93000.0,94000.0,2024-11-26 00:27:00+00:00,33.70786516853933,5648.564827935638,0.5967509658707135,5672.946329195596,0.2943436027546227,0 days 00:45:00
574,CLOSED,2024-11-26 08:16:00+00:00,93000.0,94000.0,2024-11-26 16:25:00+00:00,33.70786516853933,5648.859171538394,0.5967198711268178,5673.538948201381,0.2943436027546227,0 days 08:09:00
575,CLOSED,2024-11-26 11:24:00+00:00,92000.0,93000.0,2024-11-26 14:41:00+00:00,33.70786516853933,5624.410254548098,0.5993137705643352,5649.157779257006,0.2982754030288248,0 days 03:17:00
576,CLOSED,2024-11-26 18:12:00+00:00,93000.0,94000.0,2024-11-27 13:55:00+00:00,33.70786516853933,5649.451790544177,0.5966572761087754,5674.433860823661,0.2943436027546227,0 days 19:43:00
577,CLOSED,2024-11-26 18:34:00+00:00,92000.0,93000.0,2024-11-27 02:26:00+00:00,33.70786516853933,5625.002873553882,0.5992506301999926,5650.052691879286,0.2982754030288248,0 days 07:52:00
578,CLOSED,2024-11-26 20:36:00+00:00,91000.0,92000.0,2024-11-26 22:04:00+00:00,33.70786516853933,5600.1879331146365,0.6019059640698905,5625.305503508198,0.3022936164958665,0 days 01:28:00
579,CLOSED,2024-11-27 23:10:00+00:00,96000.0,97000.0,2024-11-29 11:30:00+00:00,33.70786516853933,5722.3965182140255,0.5890515461703734,5746.276687884199,0.28303967696629684,1 days 12:20:00
580,CLOSED,2024-11-28 03:31:00+00:00,95000.0,96000.0,2024-11-28 14:08:00+00:00,33.70786516853933,5699.022389466382,0.5914674985457551,5722.683567297408,0.28672832643405854,0 days 10:37:00
581,CLOSED,2024-11-28 15:48:00+00:00,95000.0,96000.0,2024-11-28 23:30:00+00:00,33.70786516853933,5699.309117792816,0.5914377422222266,5722.970295623842,0.28672832643405854,0 days 07:42:00
582,CLOSED,2024-11-29 17:29:00+00:00,97000.0,98000.0,2024-12-02 01:26:00+00:00,33.70786516853933,5746.555797901719,0.5865750956572513,5769.794778124082,0.2794270821267162,2 days 07:57:00
583,CLOSED,2024-12-01 02:31:00+00:00,96000.0,97000.0,2024-12-01 08:26:00+00:00,33.70786516853933,5723.532441625986,0.5889346397932416,5746.839154643292,0.28303967696629684,0 days 05:55:00
584,CLOSED,2024-12-02 03:43:00+00:00,97000.0,98000.0,2024-12-04 20:13:00+00:00,33.70786516853933,5747.118264660812,0.586517687930835,5772.364421650118,0.2794270821267162,2 days 16:30:00
585,CLOSED,2024-12-02 07:23:00+00:00,96000.0,97000.0,2024-12-02 15:23:00+00:00,33.70786516853933,5724.09490838508,0.5888767693065595,5747.68834972882,0.28303967696629684,0 days 08:00:00
586,CLOSED,2024-12-02 08:40:00+00:00,95000.0,96000.0,2024-12-02 14:30:00+00:00,33.70786516853933,5700.720779637437,0.5912912852869656,5724.381957468462,0.28672832643405854,0 days 05:50:00
587,CLOSED,2024-12-02 16:41:00+00:00,96000.0,97000.0,2024-12-04 19:54:00+00:00,33.70786516853933,5724.66467638848,0.58881815921146,5749.408798169328,0.28303967696629684,2 days 03:13:00
588,CLOSED,2024-12-02 17:57:00+00:00,95000.0,96000.0,2024-12-02 20:04:00+00:00,33.70786516853933,5701.290547640838,0.5912321936037351,5724.951725471863,0.28672832643405854,0 days 02:07:00
589,CLOSED,2024-12-03 10:53:00+00:00,95000.0,96000.0,2024-12-03 15:13:00+00:00,33.70786516853933,5701.577275967271,0.591202460950962,5725.528949256102,0.28672832643405854,0 days 04:20:00
590,CLOSED,2024-12-03 13:54:00+00:00,94000.0,95000.0,2024-12-03 14:49:00+00:00,33.70786516853933,5677.848682405909,0.5936731859901573,5701.868095952927,0.29049545780539887,0 days 00:55:00
591,CLOSED,2024-12-03 16:48:00+00:00,95000.0,96000.0,2024-12-03 21:20:00+00:00,33.70786516853933,5702.154499751511,0.5911426140769818,5725.815677582537,0.28672832643405854,0 days 04:32:00
592,CLOSED,2024-12-04 16:20:00+00:00,95000.0,96000.0,2024-12-04 18:45:00+00:00,33.70786516853933,5702.441228077945,0.5911128904330829,5726.1024059089705,0.28672832643405854,0 days 02:25:00
593,CLOSED,2024-12-04 21:38:00+00:00,98000.0,99000.0,2024-12-04 23:32:00+00:00,33.70786516853933,5772.639996415434,0.5839246027722236,5795.248780699971,0.27588821371244876,0 days 01:54:00
594,CLOSED,2024-12-05 01:09:00+00:00,98000.0,99000.0,2024-12-05 02:29:00+00:00,33.70786516853933,5772.915884629147,0.583896696958451,5795.524668913684,0.27588821371244876,0 days 01:20:00
595,CLOSED,2024-12-05 03:10:00+00:00,103000.0,104000.0,2024-12-15 23:19:00+00:00,33.70786516853933,5880.298063647242,0.5732339552126734,5910.597752249838,0.2592246100141793,10 days 20:09:00
596,CLOSED,2024-12-05 05:46:00+00:00,102000.0,103000.0,2024-12-05 09:11:00+00:00,33.70786516853933,5861.620486469864,0.5750605186116331,5880.560786713997,0.2624266358228695,0 days 03:25:00
597,CLOSED,2024-12-05 15:27:00+00:00,102000.0,103000.0,2024-12-15 12:38:00+00:00,33.70786516853933,5861.882913105686,0.5750347741197128,5891.9878872337285,0.2624266358228695,9 days 21:11:00
598,CLOSED,2024-12-05 15:50:00+00:00,101000.0,102000.0,2024-12-12 16:01:00+00:00,33.70786516853933,5842.875197131216,0.5769054452008404,5871.978456935084,0.26569206808321155,7 days 00:11:00
599,CLOSED,2024-12-05 19:44:00+00:00,100000.0,101000.0,2024-12-06 17:50:00+00:00,33.70786516853933,5823.534073658692,0.5788214637741792,5846.856131084908,0.2690228089887654,0 days 22:06:00
600,CLOSED,2024-12-05 19:55:00+00:00,99000.0,100000.0,2024-12-06 17:41:00+00:00,33.70786516853933,5803.856208613135,0.5807839470336226,5827.245988204826,0.2724208375893724,0 days 21:46:00
601,CLOSED,2024-12-05 20:18:00+00:00,98000.0,99000.0,2024-12-05 20:43:00+00:00,33.70786516853933,5783.8382005645135,0.5827940547377237,5804.132406732833,0.27588821371244876,0 days 00:25:00
602,CLOSED,2024-12-05 22:22:00+00:00,98000.0,99000.0,2024-12-06 14:25:00+00:00,33.70786516853933,5784.114088778227,0.5827662568747742,5807.295705792526,0.27588821371244876,0 days 16:03:00
603,CLOSED,2024-12-05 22:26:00+00:00,97000.0,98000.0,2024-12-06 01:32:00+00:00,33.70786516853933,5763.75246687957,0.5848249966013613,5787.001813072602,0.2794270821267162,0 days 03:06:00
604,CLOSED,2024-12-05 22:28:00+00:00,96000.0,97000.0,2024-12-05 22:48:00+00:00,33.70786516853933,5743.043688720055,0.5869338106332909,5765.794688354097,0.28303967696629684,0 days 00:20:00
605,CLOSED,2024-12-05 22:28:00+00:00,95000.0,96000.0,2024-12-05 22:31:00+00:00,33.70786516853933,5721.984138088629,0.5890939987785269,5744.516145883523,0.28672832643405854,0 days 00:03:00
606,CLOSED,2024-12-05 22:28:00+00:00,94000.0,95000.0,2024-12-05 22:30:00+00:00,33.70786516853933,5700.570122643484,0.5913069121743953,5723.169870696565,0.29049545780539887,0 days 00:02:00
607,CLOSED,2024-12-05 22:28:00+00:00,93000.0,94000.0,2024-12-05 22:29:00+00:00,33.70786516853933,5678.797871482345,0.593573955815767,5701.465363645611,0.2943436027546227,0 days 00:01:00
608,CLOSED,2024-12-05 22:28:00+00:00,92000.0,93000.0,2024-12-05 22:29:00+00:00,33.70786516853933,5656.663532608267,0.59589659123665,5679.398772817454,0.2982754030288248,0 days 00:01:00
609,CLOSED,2024-12-05 22:28:00+00:00,91000.0,92000.0,2024-12-05 22:29:00+00:00,33.70786516853933,5634.163170285239,0.5982763393562279,5656.966162562583,0.3022936164958665,0 days 00:01:00
610,CLOSED,2024-12-05 22:35:00+00:00,95000.0,96000.0,2024-12-05 22:36:00+00:00,33.70786516853933,5723.456274495149,0.5889424772710894,5744.802874209958,0.28672832643405854,0 days 00:01:00
611,CLOSED,2024-12-05 23:02:00+00:00,96000.0,97000.0,2024-12-05 23:21:00+00:00,33.70786516853933,5745.085593129976,0.586725204039562,5766.077728031064,0.28303967696629684,0 days 00:19:00
612,CLOSED,2024-12-06 00:11:00+00:00,96000.0,97000.0,2024-12-06 00:18:00+00:00,33.70786516853933,5745.368632806942,0.5866962996257927,5766.360767708031,0.28303967696629684,0 days 00:07:00
613,CLOSED,2024-12-06 23:21:00+00:00,100000.0,101000.0,2024-12-08 23:49:00+00:00,33.70786516853933,5827.514704578676,0.5784260851723818,5847.669995569076,0.2690228089887654,2 days 00:28:00
614,CLOSED,2024-12-07 05:45:00+00:00,99000.0,100000.0,2024-12-07 18:46:00+00:00,33.70786516853933,5807.836839533119,0.5803858837613117,5827.787431851404,0.2724208375893724,0 days 13:01:00
615,CLOSED,2024-12-08 08:57:00+00:00,99000.0,100000.0,2024-12-08 12:50:00+00:00,33.70786516853933,5808.109260370708,0.5803586616135367,5828.0598526889935,0.2724208375893724,0 days 03:53:00
616,CLOSED,2024-12-09 00:28:00+00:00,100000.0,101000.0,2024-12-11 16:23:00+00:00,33.70786516853933,5828.328569062844,0.5783453140830619,5852.436029417617,0.2690228089887654,2 days 15:55:00
617,CLOSED,2024-12-09 03:25:00+00:00,99000.0,100000.0,2024-12-09 14:48:00+00:00,33.70786516853933,5808.650704017286,0.5803045644529259,5828.877184549284,0.2724208375893724,0 days 11:23:00
618,CLOSED,2024-12-09 12:01:00+00:00,98000.0,99000.0,2024-12-09 13:23:00+00:00,33.70786516853933,5788.632695968665,0.5823113494835188,5808.926902136984,0.27588821371244876,0 days 01:22:00
619,CLOSED,2024-12-09 15:16:00+00:00,99000.0,100000.0,2024-12-11 15:19:00+00:00,33.70786516853933,5809.199013068588,0.5802497916271911,5832.825886537535,0.2724208375893724,2 days 00:03:00
620,CLOSED,2024-12-09 15:34:00+00:00,98000.0,99000.0,2024-12-11 14:45:00+00:00,33.70786516853933,5789.1810050199665,0.5822561971945645,5812.8756041252345,0.27588821371244876,1 days 23:11:00
621,CLOSED,2024-12-09 19:55:00+00:00,97000.0,98000.0,2024-12-10 00:35:00+00:00,33.70786516853933,5768.819383121311,0.5843113283657904,5790.60028155729,0.2794270821267162,0 days 04:40:00
622,CLOSED,2024-12-09 21:02:00+00:00,96000.0,97000.0,2024-12-09 21:17:00+00:00,33.70786516853933,5748.110604961796,0.5864164328960988,5769.389468189318,0.28303967696629684,0 days 00:15:00
623,CLOSED,2024-12-09 21:04:00+00:00,95000.0,96000.0,2024-12-09 21:07:00+00:00,33.70786516853933,5727.05105433037,0.5885728073447495,5748.397654045178,0.28672832643405854,0 days 00:03:00
624,CLOSED,2024-12-09 22:22:00+00:00,96000.0,97000.0,2024-12-09 22:26:00+00:00,33.70786516853933,5748.680372965196,0.586358311501543,5769.959236192719,0.28303967696629684,0 days 00:04:00
625,CLOSED,2024-12-09 22:22:00+00:00,95000.0,96000.0,2024-12-09 22:23:00+00:00,33.70786516853933,5727.62082233377,0.5885142577368584,5748.967422048578,0.28672832643405854,0 days 00:01:00
626,CLOSED,2024-12-10 02:57:00+00:00,97000.0,98000.0,2024-12-10 14:07:00+00:00,33.70786516853933,5770.238346210239,0.5841676399845405,5791.162748316384,0.2794270821267162,0 days 11:10:00
627,CLOSED,2024-12-10 03:23:00+00:00,96000.0,97000.0,2024-12-10 04:42:00+00:00,33.70786516853933,5749.529568050722,0.5862717074427951,5770.521702951812,0.28303967696629684,0 days 01:19:00
628,CLOSED,2024-12-10 15:26:00+00:00,97000.0,98000.0,2024-12-11 08:31:00+00:00,33.70786516853933,5770.800812969332,0.584110702500493,5792.581711405312,0.2794270821267162,0 days 17:05:00
629,CLOSED,2024-12-10 15:52:00+00:00,96000.0,97000.0,2024-12-10 21:30:00+00:00,33.70786516853933,5750.092034809816,0.5862143590829362,5771.657626363773,0.28303967696629684,0 days 05:38:00
630,CLOSED,2024-12-10 16:35:00+00:00,95000.0,96000.0,2024-12-10 16:53:00+00:00,33.70786516853933,5729.03248417839,0.5883692449227477,5750.379083893198,0.28672832643405854,0 days 00:18:00
631,CLOSED,2024-12-10 17:06:00+00:00,95000.0,96000.0,2024-12-10 19:42:00+00:00,33.70786516853933,5729.3192125048245,0.5883397995169909,5750.665812219633,0.28672832643405854,0 days 02:36:00
632,CLOSED,2024-12-11 00:42:00+00:00,96000.0,97000.0,2024-12-11 02:37:00+00:00,33.70786516853933,5750.948531139651,0.5861270534073015,5771.940666040739,0.28303967696629684,0 days 01:55:00
633,CLOSED,2024-12-11 17:57:00+00:00,100000.0,101000.0,2024-12-11 19:42:00+00:00,33.70786516853933,5833.094602911385,0.577872766742292,5852.705052226605,0.2690228089887654,0 days 01:45:00
634,CLOSED,2024-12-12 18:37:00+00:00,101000.0,102000.0,2024-12-14 01:02:00+00:00,33.70786516853933,5852.970441260981,0.5759103946760614,5872.782194621144,0.26569206808321155,1 days 06:25:00
635,CLOSED,2024-12-12 19:29:00+00:00,100000.0,101000.0,2024-12-13 14:57:00+00:00,33.70786516853933,5833.629317788457,0.5778197984872658,5853.239767103678,0.2690228089887654,0 days 19:28:00
636,CLOSED,2024-12-13 15:52:00+00:00,100000.0,101000.0,2024-12-13 16:46:00+00:00,33.70786516853933,5833.898340597446,0.5777931530614798,5853.5087899126665,0.2690228089887654,0 days 00:54:00
637,CLOSED,2024-12-14 13:18:00+00:00,101000.0,102000.0,2024-12-15 01:48:00+00:00,33.70786516853933,5853.774178947041,0.5758313207531794,5873.047886689228,0.26569206808321155,0 days 12:30:00
638,CLOSED,2024-12-16 01:27:00+00:00,105000.0,106000.0,2024-12-16 14:54:00+00:00,33.70786516853933,5929.509037440072,0.5684764953675139,5946.776278721311,0.25300353130015907,0 days 13:27:00
639,CLOSED,2024-12-16 11:50:00+00:00,104000.0,105000.0,2024-12-16 14:36:00+00:00,33.70786516853933,5912.4304645901175,0.5701185894771642,5929.765411683804,0.2560841616248979,0 days 02:46:00
640,CLOSED,2024-12-16 19:16:00+00:00,106000.0,107000.0,2024-12-17 03:43:00+00:00,33.70786516853933,5947.453458797806,0.566761310568589,5963.665201875965,0.24998102607590056,0 days 08:27:00
641,CLOSED,2024-12-17 15:13:00+00:00,107000.0,108000.0,2025-01-20 06:54:00+00:00,33.70786516853933,5964.341588589478,0.5651565167398633,6010.845296034768,0.24701501627637867,33 days 15:41:00
642,CLOSED,2024-12-17 15:27:00+00:00,106000.0,107000.0,2024-12-17 16:14:00+00:00,33.70786516853933,5948.861787270463,0.5666271359786563,5964.5918535884175,0.24998102607590056,0 days 00:47:00
643,CLOSED,2024-12-17 22:22:00+00:00,106000.0,107000.0,2025-01-20 06:51:00+00:00,33.70786516853933,5949.111768296538,0.566603326368353,5995.433194418954,0.24998102607590056,33 days 08:29:00
644,CLOSED,2024-12-18 01:55:00+00:00,105000.0,106000.0,2025-01-19 19:58:00+00:00,33.70786516853933,5933.3142862482455,0.5681119108533434,5977.078264419747,0.25300353130015907,32 days 18:03:00
645,CLOSED,2024-12-18 04:26:00+00:00,104000.0,105000.0,2024-12-18 11:58:00+00:00,33.70786516853933,5917.196097939921,0.5696594233250908,5933.570660491979,0.2560841616248979,0 days 07:32:00
646,CLOSED,2024-12-18 14:33:00+00:00,104000.0,105000.0,2025-01-17 16:54:00+00:00,33.70786516853933,5917.452182101545,0.5696347706956577,5960.256388990607,0.2560841616248979,30 days 02:21:00
647,CLOSED,2024-12-18 19:57:00+00:00,103000.0,104000.0,2025-01-17 15:09:00+00:00,33.70786516853933,5901.01020381915,0.5712219434347615,5943.882119664249,0.2592246100141793,29 days 19:12:00
648,CLOSED,2024-12-18 20:07:00+00:00,102000.0,103000.0,2025-01-17 14:36:00+00:00,33.70786516853933,5884.241291970702,0.5728498118276548,5927.180919977071,0.2624266358228695,29 days 18:29:00
649,CLOSED,2024-12-18 20:08:00+00:00,101000.0,102000.0,2024-12-18 20:11:00+00:00,33.70786516853933,5867.142241325162,0.5745193108003807,5884.507283738417,0.26569206808321155,0 days 00:03:00
650,CLOSED,2024-12-18 20:37:00+00:00,101000.0,102000.0,2024-12-19 10:19:00+00:00,33.70786516853933,5867.407933393245,0.574493295015289,5885.314419453078,0.26569206808321155,0 days 13:42:00
651,CLOSED,2024-12-18 23:58:00+00:00,100000.0,101000.0,2024-12-19 03:11:00+00:00,33.70786516853933,5849.975475249652,0.5762052389989005,5867.9496800735305,0.2690228089887654,0 days 03:13:00
652,CLOSED,2024-12-19 02:14:00+00:00,99000.0,100000.0,2024-12-19 02:52:00+00:00,33.70786516853933,5832.206275533026,0.5779607849254037,5850.24820252238,0.2724208375893724,0 days 00:38:00
653,CLOSED,2024-12-19 14:49:00+00:00,101000.0,102000.0,2025-01-06 15:45:00+00:00,33.70786516853933,5868.215069107906,0.5744142771110746,5900.658735316664,0.26569206808321155,18 days 00:56:00
654,CLOSED,2024-12-19 15:23:00+00:00,100000.0,101000.0,2024-12-19 16:37:00+00:00,33.70786516853933,5850.782610964313,0.5761257494915484,5868.484394950602,0.2690228089887654,0 days 01:14:00
655,CLOSED,2024-12-19 17:18:00+00:00,100000.0,101000.0,2025-01-06 14:54:00+00:00,33.70786516853933,5851.051633773302,0.576099260070986,5883.293995937117,0.2690228089887654,17 days 21:36:00
656,CLOSED,2024-12-19 17:38:00+00:00,99000.0,100000.0,2025-01-06 14:48:00+00:00,33.70786516853933,5833.282434056676,0.5778541592935978,5865.592518385966,0.2724208375893724,17 days 21:10:00
657,CLOSED,2024-12-19 17:54:00+00:00,98000.0,99000.0,2024-12-19 17:59:00+00:00,33.70786516853933,5815.173091336986,0.5796536859539884,5833.558632176373,0.27588821371244876,0 days 00:05:00
658,CLOSED,2024-12-19 18:10:00+00:00,98000.0,99000.0,2024-12-19 19:04:00+00:00,33.70786516853933,5815.448979550698,0.5796261868527923,5834.113947472213,0.27588821371244876,0 days 00:54:00
659,CLOSED,2024-12-19 18:23:00+00:00,97000.0,98000.0,2024-12-19 18:27:00+00:00,33.70786516853933,5796.996022980973,0.5814712488142406,5815.728720081221,0.2794270821267162,0 days 00:04:00
660,CLOSED,2024-12-19 19:31:00+00:00,98000.0,99000.0,2024-12-21 07:32:00+00:00,33.70786516853933,5816.004294846538,0.5795708438249829,5838.088417838905,0.27588821371244876,1 days 12:01:00
661,CLOSED,2024-12-19 19:44:00+00:00,97000.0,98000.0,2024-12-19 21:25:00+00:00,33.70786516853933,5797.551338276813,0.5814155529075178,5817.133154407959,0.2794270821267162,0 days 01:41:00
662,CLOSED,2024-12-19 20:10:00+00:00,96000.0,97000.0,2024-12-19 20:21:00+00:00,33.70786516853933,5778.751225446229,0.5833070823348421,5797.834695018386,0.28303967696629684,0 days 00:11:00
663,CLOSED,2024-12-19 20:35:00+00:00,96000.0,97000.0,2024-12-19 20:43:00+00:00,33.70786516853933,5779.034265123195,0.583278513712373,5798.117734695353,0.28303967696629684,0 days 00:08:00
664,CLOSED,2024-12-19 21:03:00+00:00,96000.0,97000.0,2024-12-19 21:09:00+00:00,33.70786516853933,5779.317304800161,0.5832499478881769,5798.400774372319,0.28303967696629684,0 days 00:06:00
665,CLOSED,2024-12-20 00:29:00+00:00,97000.0,98000.0,2024-12-20 07:05:00+00:00,33.70786516853933,5798.67988438984,0.5813023971073411,5817.695621167053,0.2794270821267162,0 days 06:36:00
666,CLOSED,2024-12-20 02:01:00+00:00,96000.0,97000.0,2024-12-20 02:17:00+00:00,33.70786516853933,5779.879771559255,0.5831931891456258,5798.963241131412,0.28303967696629684,0 days 00:16:00
667,CLOSED,2024-12-20 08:16:00+00:00,97000.0,98000.0,2024-12-21 05:46:00+00:00,33.70786516853933,5799.242351148932,0.5812460167639175,5819.703190447913,0.2794270821267162,0 days 21:30:00
668,CLOSED,2024-12-20 08:41:00+00:00,96000.0,97000.0,2024-12-20 15:26:00+00:00,33.70786516853933,5780.442238318348,0.5831364414489099,5800.687770735306,0.28303967696629684,0 days 06:45:00
669,CLOSED,2024-12-20 09:47:00+00:00,95000.0,96000.0,2024-12-20 14:38:00+00:00,33.70786516853933,5761.291353015853,0.5850748226939492,5781.604621920097,0.28672832643405854,0 days 04:51:00
670,CLOSED,2024-12-20 10:14:00+00:00,94000.0,95000.0,2024-12-20 10:28:00+00:00,33.70786516853933,5741.786002899639,0.5870623731277452,5761.58217300151,0.29049545780539887,0 days 00:14:00
671,CLOSED,2024-12-20 11:20:00+00:00,94000.0,95000.0,2024-12-20 13:33:00+00:00,33.70786516853933,5742.0764983574445,0.5870326732529889,5762.16701206207,0.29049545780539887,0 days 02:13:00
672,CLOSED,2024-12-20 11:35:00+00:00,93000.0,94000.0,2024-12-20 12:46:00+00:00,33.70786516853933,5722.212912525238,0.5890704467629447,5742.371170340048,0.2943436027546227,0 days 01:11:00
673,CLOSED,2024-12-20 21:10:00+00:00,96000.0,97000.0,2024-12-20 22:18:00+00:00,33.70786516853933,5781.887340840114,0.5829906945859229,5800.970810412272,0.28303967696629684,0 days 01:08:00
674,CLOSED,2024-12-21 11:23:00+00:00,98000.0,99000.0,2024-12-24 17:27:00+00:00,33.70786516853933,5819.97876521323,0.5791750542118062,5842.10009358684,0.27588821371244876,3 days 06:04:00
675,CLOSED,2024-12-21 13:22:00+00:00,97000.0,98000.0,2024-12-21 20:19:00+00:00,33.70786516853933,5801.525808643505,0.5810172406424371,5820.258505743752,0.2794270821267162,0 days 06:57:00
676,CLOSED,2024-12-21 21:38:00+00:00,97000.0,98000.0,2024-12-24 15:36:00+00:00,33.70786516853933,5801.805235725632,0.5809892576361793,5823.714866195847,0.2794270821267162,2 days 17:58:00
677,CLOSED,2024-12-22 05:08:00+00:00,96000.0,97000.0,2024-12-22 09:38:00+00:00,33.70786516853933,5783.005122895047,0.5828780098272632,5802.088592467205,0.28303967696629684,0 days 04:30:00
678,CLOSED,2024-12-22 14:23:00+00:00,96000.0,97000.0,2024-12-24 14:37:00+00:00,33.70786516853933,5783.288162572014,0.5828494832176642,5804.9824861602065,0.28303967696629684,2 days 00:14:00
679,CLOSED,2024-12-22 19:53:00+00:00,95000.0,96000.0,2024-12-23 03:58:00+00:00,33.70786516853933,5764.1372772695195,0.5847859540310393,5784.156202571008,0.28672832643405854,0 days 08:05:00
680,CLOSED,2024-12-23 01:17:00+00:00,94000.0,95000.0,2024-12-23 01:37:00+00:00,33.70786516853933,5744.631927153305,0.5867715389947171,5764.428097255175,0.29049545780539887,0 days 00:20:00
681,CLOSED,2024-12-23 02:15:00+00:00,94000.0,95000.0,2024-12-23 03:08:00+00:00,33.70786516853933,5744.922422611111,0.5867418685389114,5764.718592712981,0.29049545780539887,0 days 00:53:00
682,CLOSED,2024-12-23 06:35:00+00:00,95000.0,96000.0,2024-12-23 09:05:00+00:00,33.70786516853933,5765.004996511565,0.5846979350223658,5784.442930897442,0.28672832643405854,0 days 02:30:00
683,CLOSED,2024-12-23 13:41:00+00:00,95000.0,96000.0,2024-12-24 13:54:00+00:00,33.70786516853933,5765.291724837999,0.5846688559283008,5785.899337344998,0.28672832643405854,1 days 00:13:00
684,CLOSED,2024-12-23 14:48:00+00:00,94000.0,95000.0,2024-12-23 22:58:00+00:00,33.70786516853933,5745.786374721784,0.5866536444312462,5766.1712320291645,0.29049545780539887,0 days 08:10:00
685,CLOSED,2024-12-23 16:19:00+00:00,93000.0,94000.0,2024-12-23 16:48:00+00:00,33.70786516853933,5725.922788889577,0.588688782774807,5746.0810467043875,0.2943436027546227,0 days 00:29:00
686,CLOSED,2024-12-23 18:48:00+00:00,93000.0,94000.0,2024-12-23 21:12:00+00:00,33.70786516853933,5726.217132492332,0.5886585225221455,5746.375390307142,0.2943436027546227,0 days 02:24:00
687,CLOSED,2024-12-24 02:11:00+00:00,94000.0,95000.0,2024-12-24 13:33:00+00:00,33.70786516853933,5746.6655573851,0.5865638922595904,5766.461727486971,0.29049545780539887,0 days 11:22:00
688,CLOSED,2024-12-24 19:38:00+00:00,98000.0,99000.0,2024-12-24 22:18:00+00:00,33.70786516853933,5823.990440961164,0.5787761073827646,5842.375981800552,0.27588821371244876,0 days 02:40:00
689,CLOSED,2024-12-25 01:36:00+00:00,98000.0,99000.0,2024-12-25 10:19:00+00:00,33.70786516853933,5824.266329174877,0.5787486914822234,5842.651870014264,0.27588821371244876,0 days 08:43:00
690,CLOSED,2024-12-25 11:59:00+00:00,98000.0,99000.0,2024-12-25 19:14:00+00:00,33.70786516853933,5824.542217388589,0.5787212781788733,5842.927758227977,0.27588821371244876,0 days 07:15:00
691,CLOSED,2024-12-26 07:05:00+00:00,98000.0,99000.0,2025-01-06 02:05:00+00:00,33.70786516853933,5824.818105602302,0.5786938674723447,5847.550901302598,0.27588821371244876,10 days 19:00:00
692,CLOSED,2024-12-26 08:06:00+00:00,97000.0,98000.0,2025-01-03 16:22:00+00:00,33.70786516853933,5806.365149032577,0.5805329892860001,5829.165673911605,0.2794270821267162,8 days 08:16:00
693,CLOSED,2024-12-26 08:32:00+00:00,96000.0,97000.0,2024-12-27 09:05:00+00:00,33.70786516853933,5787.565036201993,0.5824187712395822,5806.935234100584,0.28303967696629684,1 days 00:33:00
694,CLOSED,2024-12-27 07:39:00+00:00,95000.0,96000.0,2024-12-27 08:11:00+00:00,33.70786516853933,5768.414150899498,0.5843523763508397,5787.852085285375,0.28672832643405854,0 days 00:32:00
695,CLOSED,2024-12-27 14:33:00+00:00,96000.0,97000.0,2025-01-02 14:31:00+00:00,33.70786516853933,5788.134804205393,0.5823614395443717,5810.433293875964,0.28303967696629684,5 days 23:58:00
696,CLOSED,2024-12-27 15:17:00+00:00,95000.0,96000.0,2024-12-31 13:28:00+00:00,33.70786516853933,5768.983918902899,0.5842946633650806,5790.478577673761,0.28672832643405854,3 days 22:11:00
697,CLOSED,2024-12-27 17:04:00+00:00,94000.0,95000.0,2024-12-28 14:15:00+00:00,33.70786516853933,5749.478568786684,0.5862769078144893,5769.274738888555,0.29049545780539887,0 days 21:11:00
698,CLOSED,2024-12-29 16:20:00+00:00,94000.0,95000.0,2024-12-30 20:24:00+00:00,33.70786516853933,5749.76906424449,0.5862472873589833,5770.157853352144,0.29049545780539887,1 days 04:04:00
699,CLOSED,2024-12-30 13:49:00+00:00,93000.0,94000.0,2024-12-30 17:44:00+00:00,33.70786516853933,5729.905478412283,0.5882796024390885,5750.362011630122,0.2943436027546227,0 days 03:55:00
700,CLOSED,2024-12-30 14:59:00+00:00,92000.0,93000.0,2024-12-30 17:36:00+00:00,33.70786516853933,5709.679804867136,0.5903634935851487,5730.204086130896,0.2982754030288248,0 days 02:37:00
701,CLOSED,2024-12-30 21:11:00+00:00,94000.0,95000.0,2024-12-31 13:12:00+00:00,33.70786516853933,5750.65217870808,0.5861572587078638,5771.040967815734,0.29049545780539887,0 days 16:01:00
702,CLOSED,2024-12-30 21:40:00+00:00,93000.0,94000.0,2024-12-31 08:29:00+00:00,33.70786516853933,5730.788592875872,0.5881889485583652,5751.245126093711,0.2943436027546227,0 days 10:49:00
703,CLOSED,2024-12-30 21:54:00+00:00,92000.0,93000.0,2024-12-30 22:42:00+00:00,33.70786516853933,5710.562919330726,0.5902721963615081,5731.087200594486,0.2982754030288248,0 days 00:48:00
704,CLOSED,2024-12-31 15:08:00+00:00,95000.0,96000.0,2025-01-02 04:47:00+00:00,33.70786516853933,5771.327371614318,0.5840574099873109,5791.3501450607555,0.28672832643405854,1 days 13:39:00
705,CLOSED,2024-12-31 17:35:00+00:00,94000.0,95000.0,2025-01-01 21:21:00+00:00,33.70786516853933,5751.822021498104,0.5860380422508252,5771.9125352027295,0.29049545780539887,1 days 03:46:00
706,CLOSED,2025-01-01 09:26:00+00:00,93000.0,94000.0,2025-01-01 13:58:00+00:00,33.70786516853933,5731.958435665896,0.5880689043172275,5752.116693480706,0.2943436027546227,0 days 04:32:00
707,CLOSED,2025-01-07 11:37:00+00:00,101000.0,102000.0,2025-01-17 02:15:00+00:00,33.70786516853933,5883.559384971492,0.5729162053609943,5909.883892693419,0.26569206808321155,9 days 14:38:00
708,CLOSED,2025-01-07 14:57:00+00:00,100000.0,101000.0,2025-01-17 01:38:00+00:00,33.70786516853933,5866.126926827899,0.57461874911675,5892.519153313871,0.2690228089887654,9 days 10:41:00
709,CLOSED,2025-01-07 15:07:00+00:00,99000.0,100000.0,2025-01-15 20:03:00+00:00,33.70786516853933,5848.357727111274,0.5763646264707704,5874.269366711417,0.2724208375893724,8 days 04:56:00
710,CLOSED,2025-01-07 15:35:00+00:00,98000.0,99000.0,2025-01-15 13:48:00+00:00,33.70786516853933,5830.248384391583,0.5781548734489623,5856.2277496280485,0.27588821371244876,7 days 22:13:00
711,CLOSED,2025-01-07 17:38:00+00:00,97000.0,98000.0,2025-01-15 13:30:00+00:00,33.70786516853933,5811.7954278218585,0.5799905655174161,5837.842522237056,0.2794270821267162,7 days 19:52:00
712,CLOSED,2025-01-08 06:32:00+00:00,96000.0,97000.0,2025-01-14 09:47:00+00:00,33.70786516853933,5792.995314991274,0.5818728194257153,5818.544062847483,0.28303967696629684,6 days 03:15:00
713,CLOSED,2025-01-08 11:34:00+00:00,95000.0,96000.0,2025-01-08 15:06:00+00:00,33.70786516853933,5773.844429688779,0.5838027951569912,5793.2823640746565,0.28672832643405854,0 days 03:32:00
714,CLOSED,2025-01-08 15:15:00+00:00,95000.0,96000.0,2025-01-14 09:24:00+00:00,33.70786516853933,5774.131158015213,0.5837738050294997,5799.460914032274,0.28672832643405854,5 days 18:09:00
715,CLOSED,2025-01-08 17:09:00+00:00,94000.0,95000.0,2025-01-08 18:28:00+00:00,33.70786516853933,5754.6258078989995,0.5857525110020314,5774.716321603624,0.29049545780539887,0 days 01:19:00
716,CLOSED,2025-01-08 17:29:00+00:00,93000.0,94000.0,2025-01-08 17:57:00+00:00,33.70786516853933,5734.762222066792,0.5877813911592503,5754.920479881602,0.2943436027546227,0 days 00:28:00
717,CLOSED,2025-01-08 18:53:00+00:00,94000.0,95000.0,2025-01-08 22:38:00+00:00,33.70786516853933,5755.21064695956,0.5856929873860824,5775.00681706143,0.29049545780539887,0 days 03:45:00
718,CLOSED,2025-01-09 02:07:00+00:00,94000.0,95000.0,2025-01-10 07:47:00+00:00,33.70786516853933,5755.501142417365,0.5856634259025045,5776.482550530804,0.29049545780539887,1 days 05:40:00
719,CLOSED,2025-01-09 08:07:00+00:00,93000.0,94000.0,2025-01-09 15:48:00+00:00,33.70786516853933,5735.637556585158,0.5876916879072825,5756.094089802998,0.2943436027546227,0 days 07:41:00
720,CLOSED,2025-01-09 13:53:00+00:00,92000.0,93000.0,2025-01-09 15:15:00+00:00,33.70786516853933,5715.411883040011,0.5897714085762479,5735.936164303771,0.2982754030288248,0 days 01:22:00
721,CLOSED,2025-01-09 17:48:00+00:00,93000.0,94000.0,2025-01-10 05:33:00+00:00,33.70786516853933,5736.230175590942,0.5876309725501343,5756.686708808781,0.2943436027546227,0 days 11:45:00
722,CLOSED,2025-01-09 19:58:00+00:00,92000.0,93000.0,2025-01-10 01:41:00+00:00,33.70786516853933,5716.004502045796,0.5897102627626528,5736.528783309555,0.2982754030288248,0 days 05:43:00
723,CLOSED,2025-01-10 13:30:00+00:00,94000.0,95000.0,2025-01-10 17:54:00+00:00,33.70786516853933,5756.976875886739,0.585513297955489,5777.36173319412,0.29049545780539887,0 days 04:24:00
724,CLOSED,2025-01-10 13:37:00+00:00,93000.0,94000.0,2025-01-10 14:08:00+00:00,33.70786516853933,5737.113290054532,0.5875405184515528,5757.271547869342,0.2943436027546227,0 days 00:31:00
725,CLOSED,2025-01-10 15:09:00+00:00,93000.0,94000.0,2025-01-10 15:39:00+00:00,33.70786516853933,5737.407633657287,0.5875103761287462,5757.565891472097,0.2943436027546227,0 days 00:30:00
726,CLOSED,2025-01-11 04:32:00+00:00,94000.0,95000.0,2025-01-11 21:54:00+00:00,33.70786516853933,5757.8560585500545,0.5854238943414583,5777.652228651925,0.29049545780539887,0 days 17:22:00
727,CLOSED,2025-01-12 09:25:00+00:00,94000.0,95000.0,2025-01-12 15:19:00+00:00,33.70786516853933,5758.146554007861,0.5853943600146394,5777.942724109731,0.29049545780539887,0 days 05:54:00
728,CLOSED,2025-01-12 22:13:00+00:00,94000.0,95000.0,2025-01-13 00:27:00+00:00,33.70786516853933,5758.437049465666,0.5853648286676527,5778.233219567537,0.29049545780539887,0 days 02:14:00
729,CLOSED,2025-01-13 02:47:00+00:00,94000.0,95000.0,2025-01-14 01:11:00+00:00,33.70786516853933,5758.727544923472,0.585335300300047,5780.023304174247,0.29049545780539887,0 days 22:24:00
730,CLOSED,2025-01-13 08:22:00+00:00,93000.0,94000.0,2025-01-13 21:31:00+00:00,33.70786516853933,5738.863959091264,0.587361286289785,5760.227462452224,0.2943436027546227,0 days 13:09:00
731,CLOSED,2025-01-13 10:28:00+00:00,92000.0,93000.0,2025-01-13 15:21:00+00:00,33.70786516853933,5718.638285546118,0.5894386650356274,5739.7712615499695,0.2982754030288248,0 days 04:53:00
732,CLOSED,2025-01-13 11:42:00+00:00,91000.0,92000.0,2025-01-13 14:52:00+00:00,33.70786516853933,5698.046588552021,0.5915687884381641,5719.247316624029,0.3022936164958665,0 days 03:10:00
733,CLOSED,2025-01-13 14:34:00+00:00,90000.0,91000.0,2025-01-13 14:43:00+00:00,33.70786516853933,5677.084845873273,0.5937530631243234,5698.353330125055,0.3064011235954993,0 days 00:09:00
734,CLOSED,2025-01-13 15:30:00+00:00,92000.0,93000.0,2025-01-13 20:45:00+00:00,33.70786516853933,5719.545255689239,0.5893451954945207,5740.0695369529985,0.2982754030288248,0 days 05:15:00
735,CLOSED,2025-01-14 12:24:00+00:00,96000.0,97000.0,2025-01-14 13:30:00+00:00,33.70786516853933,5799.743632952292,0.5811957786723881,5818.827102524449,0.28303967696629684,0 days 01:06:00
736,CLOSED,2025-01-14 16:02:00+00:00,96000.0,97000.0,2025-01-14 19:26:00+00:00,33.70786516853933,5800.0266726292575,0.5811674164811891,5819.110142201415,0.28303967696629684,0 days 03:24:00
737,CLOSED,2025-01-16 08:47:00+00:00,99000.0,100000.0,2025-01-16 17:33:00+00:00,33.70786516853933,5856.499860559654,0.57556332231037,5874.81767576272,0.2724208375893724,0 days 08:46:00
738,CLOSED,2025-01-16 14:45:00+00:00,98000.0,99000.0,2025-01-16 15:57:00+00:00,33.70786516853933,5838.390517839963,0.5773485871755333,5856.776058679351,0.27588821371244876,0 days 01:12:00
739,CLOSED,2025-01-17 02:49:00+00:00,101000.0,102000.0,2025-01-17 08:31:00+00:00,33.70786516853933,5892.784542348247,0.5720193047327486,5910.1495847615015,0.26569206808321155,0 days 05:42:00
740,CLOSED,2025-01-18 03:37:00+00:00,104000.0,105000.0,2025-01-19 02:24:00+00:00,33.70786516853933,5944.137910600173,0.567077441262393,5960.771697762245,0.2560841616248979,0 days 22:47:00
741,CLOSED,2025-01-18 04:19:00+00:00,103000.0,104000.0,2025-01-18 12:21:00+00:00,33.70786516853933,5927.695932317778,0.5686503753467542,5944.397428435888,0.2592246100141793,0 days 08:02:00
742,CLOSED,2025-01-19 09:14:00+00:00,104000.0,105000.0,2025-01-19 09:51:00+00:00,33.70786516853933,5944.653219371811,0.5670282844875741,5961.027781923869,0.2560841616248979,0 days 00:37:00
743,CLOSED,2025-01-19 21:26:00+00:00,105000.0,106000.0,2025-01-20 06:48:00+00:00,33.70786516853933,5961.28049537306,0.5654467223057564,5979.703415099393,0.25300353130015907,0 days 09:22:00
744,CLOSED,2025-01-19 21:47:00+00:00,104000.0,105000.0,2025-01-20 06:45:00+00:00,33.70786516853933,5945.162307064736,0.5669797295270427,5963.652932603515,0.2560841616248979,0 days 08:58:00
745,CLOSED,2025-01-19 22:08:00+00:00,103000.0,104000.0,2025-01-19 22:14:00+00:00,33.70786516853933,5928.72032878234,0.5685521208497004,5945.42182490045,0.2592246100141793,0 days 00:06:00
746,CLOSED,2025-01-19 22:43:00+00:00,103000.0,104000.0,2025-01-20 06:43:00+00:00,33.70786516853933,5928.979553392354,0.5685272628281012,5947.278663277159,0.2592246100141793,0 days 08:00:00
747,CLOSED,2025-01-19 22:48:00+00:00,102000.0,103000.0,2025-01-19 22:54:00+00:00,33.70786516853933,5912.210641543907,0.570139787166597,5929.242276459108,0.2624266358228695,0 days 00:06:00
748,CLOSED,2025-01-19 23:01:00+00:00,102000.0,103000.0,2025-01-20 06:37:00+00:00,33.70786516853933,5912.473068179729,0.5701144813656962,5930.57746358998,0.2624266358228695,0 days 07:36:00
749,CLOSED,2025-01-19 23:12:00+00:00,101000.0,102000.0,2025-01-20 02:34:00+00:00,33.70786516853933,5895.374017534189,0.5717680518366509,5913.54612837441,0.26569206808321155,0 days 03:22:00
750,CLOSED,2025-01-19 23:32:00+00:00,100000.0,101000.0,2025-01-19 23:34:00+00:00,33.70786516853933,5877.941559390596,0.5734637683610118,5895.643343376885,0.2690228089887654,0 days 00:02:00
751,CLOSED,2025-01-19 23:39:00+00:00,100000.0,101000.0,2025-01-19 23:43:00+00:00,33.70786516853933,5878.210582199585,0.5734375231573633,5895.912366185874,0.2690228089887654,0 days 00:04:00
752,CLOSED,2025-01-20 00:39:00+00:00,100000.0,101000.0,2025-01-20 02:02:00+00:00,33.70786516853933,5878.479605008573,0.5734112803558866,5896.181388994863,0.2690228089887654,0 days 01:23:00
753,CLOSED,2025-01-20 06:56:00+00:00,108000.0,109000.0,2025-01-20 07:04:00+00:00,33.70786516853933,6011.52088932875,0.56072108521448,6026.380987425312,0.24410393258426666,0 days 00:08:00
754,CLOSED,2025-01-20 06:58:00+00:00,107000.0,108000.0,2025-01-20 07:00:00+00:00,33.70786516853933,5996.840390518128,0.5620937522672163,6011.768185348911,0.24701501627637867,0 days 00:02:00
755,CLOSED,2025-01-20 07:22:00+00:00,108000.0,109000.0,2025-01-20 09:06:00+00:00,33.70786516853933,6012.01200827761,0.5606752801246706,6026.872106374172,0.24410393258426666,0 days 01:44:00
756,CLOSED,2025-01-20 07:59:00+00:00,107000.0,108000.0,2025-01-20 08:14:00+00:00,33.70786516853933,5997.331509466987,0.5620477226468196,6012.259304297771,0.24701501627637867,0 days 00:15:00
757,CLOSED,2025-01-20 09:27:00+00:00,108000.0,109000.0,2025-05-21 14:59:00+00:00,33.70786516853933,6012.5031272264705,0.5606294825178503,6134.735214061173,0.24410393258426666,121 days 05:32:00
758,CLOSED,2025-01-20 12:16:00+00:00,107000.0,108000.0,2025-01-20 13:36:00+00:00,33.70786516853933,5997.822628415848,0.5620017005644978,6013.000404272707,0.24701501627637867,0 days 01:20:00
759,CLOSED,2025-01-20 12:18:00+00:00,106000.0,107000.0,2025-01-20 12:30:00+00:00,33.70786516853933,5982.827417854725,0.563410287716874,5998.072893414786,0.24998102607590056,0 days 00:12:00
760,CLOSED,2025-01-20 15:17:00+00:00,107000.0,108000.0,2025-05-21 14:49:00+00:00,33.70786516853933,5998.3196244581995,0.561955135419847,6120.122411984772,0.24701501627637867,120 days 23:32:00
761,CLOSED,2025-01-20 15:45:00+00:00,106000.0,107000.0,2025-01-20 16:43:00+00:00,33.70786516853933,5983.324413897077,0.5633634888699712,5999.078977150062,0.24998102607590056,0 days 00:58:00
762,CLOSED,2025-01-20 15:56:00+00:00,105000.0,106000.0,2025-01-20 16:38:00+00:00,33.70786516853933,5968.011522606677,0.5648089827047884,5983.833788588396,0.25300353130015907,0 days 00:42:00
763,CLOSED,2025-01-20 16:13:00+00:00,104000.0,105000.0,2025-01-20 16:15:00+00:00,33.70786516853933,5952.377925056247,0.5662924228424359,5968.267896850411,0.2560841616248979,0 days 00:02:00
764,CLOSED,2025-01-20 17:04:00+00:00,106000.0,107000.0,2025-01-21 18:36:00+00:00,33.70786516853933,5984.083482616076,0.5632920273666232,6004.52385892868,0.24998102607590056,1 days 01:32:00
765,CLOSED,2025-01-20 17:04:00+00:00,105000.0,106000.0,2025-01-21 16:11:00+00:00,33.70786516853933,5968.770591325678,0.5647371540384958,5989.025666835712,0.25300353130015907,0 days 23:07:00
766,CLOSED,2025-01-20 17:05:00+00:00,104000.0,105000.0,2025-01-20 17:09:00+00:00,33.70786516853933,5953.136993775246,0.5662202163965846,5969.5486168152465,0.2560841616248979,0 days 00:04:00
767,CLOSED,2025-01-20 17:06:00+00:00,103000.0,104000.0,2025-01-20 17:08:00+00:00,33.70786516853933,5937.179606250744,0.5677420493234064,5953.658938246783,0.2592246100141793,0 days 00:02:00
768,CLOSED,2025-01-20 17:06:00+00:00,102000.0,103000.0,2025-01-20 17:07:00+00:00,33.70786516853933,5920.89528516019,0.5693035182200045,5937.442329317498,0.2624266358228695,0 days 00:01:00
769,CLOSED,2025-01-20 17:14:00+00:00,104000.0,105000.0,2025-01-20 17:21:00+00:00,33.70786516853933,5953.914729182707,0.5661462533771693,5969.804700976871,0.2560841616248979,0 days 00:07:00
770,CLOSED,2025-01-20 17:33:00+00:00,104000.0,105000.0,2025-01-21 14:22:00+00:00,33.70786516853933,5954.170813344331,0.5661219038760889,5972.944466326089,0.2560841616248979,0 days 20:49:00
771,CLOSED,2025-01-20 17:37:00+00:00,103000.0,104000.0,2025-01-20 17:52:00+00:00,33.70786516853933,5938.213425819828,0.567643207668738,5955.224141952033,0.2592246100141793,0 days 00:15:00
772,CLOSED,2025-01-20 17:39:00+00:00,102000.0,103000.0,2025-01-20 17:50:00+00:00,33.70786516853933,5921.9291047292745,0.5692041321740935,5939.007533022748,0.2624266358228695,0 days 00:11:00
773,CLOSED,2025-01-20 17:42:00+00:00,101000.0,102000.0,2025-01-20 17:43:00+00:00,33.70786516853933,5905.314644841628,0.5708055742293698,5922.195096496989,0.26569206808321155,0 days 00:01:00
774,CLOSED,2025-01-20 17:44:00+00:00,101000.0,102000.0,2025-01-20 17:46:00+00:00,33.70786516853933,5905.580336909711,0.5707798936857419,5922.460788565073,0.26569206808321155,0 days 00:02:00
775,CLOSED,2025-01-20 17:57:00+00:00,103000.0,104000.0,2025-01-20 18:10:00+00:00,33.70786516853933,5939.266461201831,0.5675425641993915,5955.483366562047,0.2592246100141793,0 days 00:13:00
776,CLOSED,2025-01-20 19:32:00+00:00,103000.0,104000.0,2025-01-20 20:23:00+00:00,33.70786516853933,5939.525685811845,0.5675177943764034,5955.742591172061,0.2592246100141793,0 days 00:51:00
777,CLOSED,2025-01-20 21:48:00+00:00,103000.0,104000.0,2025-01-21 12:15:00+00:00,33.70786516853933,5939.7849104218585,0.5674930267154288,5957.0547877576255,0.2592246100141793,0 days 14:27:00
778,CLOSED,2025-01-20 22:03:00+00:00,102000.0,103000.0,2025-01-20 22:16:00+00:00,33.70786516853933,5923.500589331305,0.5690531242497024,5940.0476334886125,0.2624266358228695,0 days 00:13:00
779,CLOSED,2025-01-20 23:52:00+00:00,102000.0,103000.0,2025-01-21 03:21:00+00:00,33.70786516853933,5923.763015967127,0.5690279148183666,5940.575752192518,0.2624266358228695,0 days 03:29:00
780,CLOSED,2025-01-21 01:26:00+00:00,101000.0,102000.0,2025-01-21 02:10:00+00:00,33.70786516853933,5907.148556079481,0.5706283640665866,5924.029007734842,0.26569206808321155,0 days 00:44:00
781,CLOSED,2025-01-21 04:35:00+00:00,102000.0,103000.0,2025-01-21 10:27:00+00:00,33.70786516853933,5924.2911346710325,0.5689771890390238,5940.8381788283405,0.2624266358228695,0 days 05:52:00
782,CLOSED,2025-01-21 14:35:00+00:00,104000.0,105000.0,2025-01-21 16:09:00+00:00,33.70786516853933,5957.310578693549,0.5658235326708706,5973.459775097727,0.2560841616248979,0 days 01:34:00
783,CLOSED,2025-01-21 15:02:00+00:00,103000.0,104000.0,2025-01-21 15:41:00+00:00,33.70786516853933,5941.353191169047,0.5673432311454089,5957.5700965292635,0.2592246100141793,0 days 00:39:00
784,CLOSED,2025-01-21 16:37:00+00:00,105000.0,106000.0,2025-01-21 17:46:00+00:00,33.70786516853933,5973.712488546918,0.5642699616555974,5989.278670367012,0.25300353130015907,0 days 01:09:00
785,CLOSED,2025-01-21 20:43:00+00:00,106000.0,107000.0,2025-01-24 18:27:00+00:00,33.70786516853933,5989.528364394693,0.5627799572487019,6008.874687656878,0.24998102607590056,2 days 21:44:00
786,CLOSED,2025-01-22 08:02:00+00:00,105000.0,106000.0,2025-01-23 14:50:00+00:00,33.70786516853933,5974.215473104294,0.5642224543170722,5990.815474493473,0.25300353130015907,1 days 06:48:00
787,CLOSED,2025-01-22 13:53:00+00:00,104000.0,105000.0,2025-01-22 15:15:00+00:00,33.70786516853933,5958.581875553863,0.5657028110469006,5974.471847348027,0.2560841616248979,0 days 01:22:00
788,CLOSED,2025-01-22 15:36:00+00:00,104000.0,105000.0,2025-01-23 14:40:00+00:00,33.70786516853933,5958.837959715487,0.565678499674268,5975.249582755488,0.2560841616248979,0 days 23:04:00
789,CLOSED,2025-01-23 01:49:00+00:00,103000.0,104000.0,2025-01-23 14:34:00+00:00,33.70786516853933,5942.880572190985,0.5671974181387952,5959.359904187024,0.2592246100141793,0 days 12:45:00
790,CLOSED,2025-01-23 04:18:00+00:00,102000.0,103000.0,2025-01-23 14:31:00+00:00,33.70786516853933,5926.596251100431,0.568755888546998,5943.143295257739,0.2624266358228695,0 days 10:13:00
791,CLOSED,2025-01-23 14:54:00+00:00,105000.0,106000.0,2025-01-23 16:10:00+00:00,33.70786516853933,5975.502296204679,0.5641009491360881,5991.583786796411,0.25300353130015907,0 days 01:16:00
792,CLOSED,2025-01-23 15:07:00+00:00,104000.0,105000.0,2025-01-23 15:36:00+00:00,33.70786516853933,5959.868698654248,0.5655806675095147,5976.017895058426,0.2560841616248979,0 days 00:29:00
793,CLOSED,2025-01-23 15:08:00+00:00,103000.0,104000.0,2025-01-23 15:21:00+00:00,33.70786516853933,5943.911311129746,0.5670990599308345,5960.128216489962,0.2592246100141793,0 days 00:13:00
794,CLOSED,2025-01-23 17:00:00+00:00,105000.0,106000.0,2025-01-23 17:51:00+00:00,33.70786516853933,5976.270608507617,0.5640284280392851,5991.83679032771,0.25300353130015907,0 days 00:51:00
795,CLOSED,2025-01-23 19:05:00+00:00,105000.0,106000.0,2025-01-23 20:20:00+00:00,33.70786516853933,5976.523612038918,0.5640045510845013,5992.60196218226,0.25300353130015907,0 days 01:15:00
796,CLOSED,2025-01-23 19:49:00+00:00,104000.0,105000.0,2025-01-23 20:12:00+00:00,33.70786516853933,5960.8900144884865,0.5654837631060008,5976.7799862826505,0.2560841616248979,0 days 00:23:00
797,CLOSED,2025-01-23 20:17:00+00:00,104000.0,105000.0,2025-01-23 20:20:00+00:00,33.70786516853933,5961.146098650111,0.5654594705567174,5977.036070444275,0.2560841616248979,0 days 00:03:00
798,CLOSED,2025-01-23 20:30:00+00:00,105000.0,106000.0,2025-01-24 14:44:00+00:00,33.70786516853933,5977.288783893466,0.5639323510580463,5993.629499095212,0.25300353130015907,0 days 18:14:00
799,CLOSED,2025-01-23 20:49:00+00:00,104000.0,105000.0,2025-01-24 05:11:00+00:00,33.70786516853933,5961.655186343035,0.5654111838899596,5978.063607357227,0.2560841616248979,0 days 08:22:00
800,CLOSED,2025-01-23 20:54:00+00:00,103000.0,104000.0,2025-01-23 22:21:00+00:00,33.70786516853933,5945.697798818533,0.56692866521466,5961.914704178749,0.2592246100141793,0 days 01:27:00
801,CLOSED,2025-01-24 02:47:00+00:00,103000.0,104000.0,2025-01-24 03:36:00+00:00,33.70786516853933,5945.957023428547,0.566903948947528,5962.173928788763,0.2592246100141793,0 days 00:49:00
802,CLOSED,2025-01-24 19:09:00+00:00,106000.0,107000.0,2025-05-19 00:08:00+00:00,33.70786516853933,5993.8791931228925,0.5623714473126888,6103.41119660464,0.24998102607590056,114 days 04:59:00
803,CLOSED,2025-01-24 20:35:00+00:00,105000.0,106000.0,2025-01-30 14:52:00+00:00,33.70786516853933,5978.566301832494,0.5638118483056299,5998.912918827349,0.25300353130015907,5 days 18:17:00
804,CLOSED,2025-01-26 23:01:00+00:00,104000.0,105000.0,2025-01-30 03:47:00+00:00,33.70786516853933,5962.932704282062,0.5652900483739026,5983.347027089364,0.2560841616248979,3 days 04:46:00
805,CLOSED,2025-01-26 23:17:00+00:00,103000.0,104000.0,2025-01-29 20:24:00+00:00,33.70786516853933,5946.97531675756,0.5668068786758931,5967.4573485209,0.2592246100141793,2 days 21:07:00
806,CLOSED,2025-01-27 00:47:00+00:00,102000.0,103000.0,2025-01-28 04:28:00+00:00,33.70786516853933,5930.690995667006,0.5683632007327051,5949.66291434442,0.2624266358228695,1 days 03:41:00
807,CLOSED,2025-01-27 02:02:00+00:00,101000.0,102000.0,2025-01-27 14:51:00+00:00,33.70786516853933,5914.07653577936,0.5699599077660108,5932.043342104,0.26569206808321155,0 days 12:49:00
808,CLOSED,2025-01-27 05:50:00+00:00,100000.0,101000.0,2025-01-27 13:08:00+00:00,33.70786516853933,5897.1286683936605,0.571597926109371,5914.894170673358,0.2690228089887654,0 days 07:18:00
809,CLOSED,2025-01-27 06:45:00+00:00,99000.0,100000.0,2025-01-27 12:54:00+00:00,33.70786516853933,5879.844059434928,0.5732782166977871,5897.677283880099,0.2724208375893724,0 days 06:09:00
810,CLOSED,2025-01-27 07:29:00+00:00,98000.0,99000.0,2025-01-27 07:42:00+00:00,33.70786516853933,5862.21930747313,0.5750017766406094,5880.120257554624,0.27588821371244876,0 days 00:13:00
811,CLOSED,2025-01-27 13:53:00+00:00,100000.0,101000.0,2025-01-27 14:31:00+00:00,33.70786516853933,5897.946000253951,0.5715187146014554,5915.163193482346,0.2690228089887654,0 days 00:38:00
812,CLOSED,2025-01-27 15:19:00+00:00,101000.0,102000.0,2025-01-27 21:08:00+00:00,33.70786516853933,5915.428582516722,0.5698296361512035,5932.850477818662,0.26569206808321155,0 days 05:49:00
813,CLOSED,2025-01-27 16:38:00+00:00,100000.0,101000.0,2025-01-27 20:45:00+00:00,33.70786516853933,5898.480715131022,0.5714669047246445,5915.970329197007,0.2690228089887654,0 days 04:07:00
814,CLOSED,2025-01-27 18:50:00+00:00,99000.0,100000.0,2025-01-27 20:20:00+00:00,33.70786516853933,5881.19610617229,0.5731464239589473,5898.753442403749,0.2724208375893724,0 days 01:30:00
815,CLOSED,2025-01-27 21:43:00+00:00,101000.0,102000.0,2025-01-27 23:08:00+00:00,33.70786516853933,5916.235718231383,0.5697518958662462,5933.116169886744,0.26569206808321155,0 days 01:25:00
816,CLOSED,2025-01-28 14:13:00+00:00,102000.0,103000.0,2025-01-28 15:01:00+00:00,33.70786516853933,5933.378296822934,0.5681057819385698,5949.925340980242,0.2624266358228695,0 days 00:48:00
817,CLOSED,2025-01-28 16:25:00+00:00,102000.0,103000.0,2025-01-28 17:10:00+00:00,33.70786516853933,5933.640723458757,0.5680806563713011,5950.187767616065,0.2624266358228695,0 days 00:45:00
818,CLOSED,2025-01-28 19:05:00+00:00,102000.0,103000.0,2025-01-29 08:05:00+00:00,33.70786516853933,5933.903150094579,0.568055533026387,5950.71588631997,0.2624266358228695,0 days 13:00:00
819,CLOSED,2025-01-28 21:37:00+00:00,101000.0,102000.0,2025-01-29 02:04:00+00:00,33.70786516853933,5917.288690206933,0.5696505094356067,5934.169141862294,0.26569206808321155,0 days 04:27:00
820,CLOSED,2025-01-29 13:05:00+00:00,102000.0,103000.0,2025-01-29 18:55:00+00:00,33.70786516853933,5934.431268798485,0.5680049804564338,5950.978312955793,0.2624266358228695,0 days 05:50:00
821,CLOSED,2025-01-29 19:03:00+00:00,102000.0,103000.0,2025-01-29 19:40:00+00:00,33.70786516853933,5934.693695434307,0.5679798638044545,5951.240739591615,0.2624266358228695,0 days 00:37:00
822,CLOSED,2025-01-30 17:38:00+00:00,105000.0,106000.0,2025-01-31 15:55:00+00:00,33.70786516853933,5983.599740538555,0.5633375665182018,5999.4220065202735,0.25300353130015907,0 days 22:17:00
823,CLOSED,2025-01-31 03:05:00+00:00,104000.0,105000.0,2025-01-31 13:06:00+00:00,33.70786516853933,5967.966142988124,0.5648132774369595,5983.856114782288,0.2560841616248979,0 days 10:01:00
824,CLOSED,2025-01-31 16:26:00+00:00,105000.0,106000.0,2025-05-18 23:50:00+00:00,33.70786516853933,5984.1088282314795,0.5632896415505401,6088.166008042974,0.25300353130015907,107 days 07:24:00
825,CLOSED,2025-01-31 18:29:00+00:00,104000.0,105000.0,2025-05-12 01:07:00+00:00,33.70786516853933,5968.475230681049,0.564765101064062,6069.482768794496,0.2560841616248979,100 days 06:38:00
826,CLOSED,2025-01-31 18:45:00+00:00,103000.0,104000.0,2025-05-08 21:21:00+00:00,33.70786516853933,5952.517843156546,0.5662791117424768,6053.074641006005,0.2592246100141793,97 days 02:36:00
827,CLOSED,2025-01-31 20:16:00+00:00,102000.0,103000.0,2025-05-08 21:18:00+00:00,33.70786516853933,5936.2335220659925,0.5678325329224574,6036.85803207672,0.2624266358228695,97 days 01:02:00
828,CLOSED,2025-02-01 20:47:00+00:00,101000.0,102000.0,2025-02-03 22:06:00+00:00,33.70786516853933,5919.619062178346,0.5694262555492084,5940.200628413153,0.26569206808321155,2 days 01:19:00
829,CLOSED,2025-02-02 03:10:00+00:00,100000.0,101000.0,2025-02-03 19:35:00+00:00,33.70786516853933,5902.671194792647,0.5710612035831591,5923.320479791499,0.2690228089887654,1 days 16:25:00
830,CLOSED,2025-02-02 11:28:00+00:00,99000.0,100000.0,2025-02-03 19:00:00+00:00,33.70786516853933,5885.386585833914,0.5727383354846041,5906.103592998241,0.2724208375893724,1 days 07:32:00
831,CLOSED,2025-02-02 17:17:00+00:00,98000.0,99000.0,2025-02-03 15:43:00+00:00,33.70786516853933,5867.761833872117,0.5744586457813953,5888.546566672765,0.27588821371244876,0 days 22:26:00
832,CLOSED,2025-02-02 18:44:00+00:00,97000.0,98000.0,2025-02-02 19:39:00+00:00,33.70786516853933,5849.793468060285,0.5762231667251736,5868.041574402639,0.2794270821267162,0 days 00:55:00
833,CLOSED,2025-02-02 21:29:00+00:00,97000.0,98000.0,2025-02-02 22:59:00+00:00,33.70786516853933,5850.072895142412,0.5761956435881088,5868.3210014847655,0.2794270821267162,0 days 01:30:00
834,CLOSED,2025-02-02 23:24:00+00:00,97000.0,98000.0,2025-02-03 15:25:00+00:00,33.70786516853933,5850.3523222245385,0.5761681230801883,5870.645930039666,0.2794270821267162,0 days 16:01:00
835,CLOSED,2025-02-03 00:43:00+00:00,96000.0,97000.0,2025-02-03 15:17:00+00:00,33.70786516853933,5832.036800151848,0.5779775801082339,5852.398140761919,0.28303967696629684,0 days 14:34:00
836,CLOSED,2025-02-03 01:35:00+00:00,95000.0,96000.0,2025-02-03 14:33:00+00:00,33.70786516853933,5813.370505607247,0.5798334225562716,5833.799582704604,0.28672832643405854,0 days 12:58:00
837,CLOSED,2025-02-03 01:44:00+00:00,94000.0,95000.0,2025-02-03 07:48:00+00:00,33.70786516853933,5794.349746248926,0.5817368064528846,5814.846563604471,0.29049545780539887,0 days 06:04:00
838,CLOSED,2025-02-03 01:49:00+00:00,93000.0,94000.0,2025-02-03 02:12:00+00:00,33.70786516853933,5774.970751174612,0.5836889331722286,5795.240969037587,0.2943436027546227,0 days 00:23:00
839,CLOSED,2025-02-03 01:55:00+00:00,92000.0,93000.0,2025-02-03 01:56:00+00:00,33.70786516853933,5755.229668387359,0.5856910516306888,5775.269358893225,0.2982754030288248,0 days 00:01:00
840,CLOSED,2025-02-03 02:07:00+00:00,92000.0,93000.0,2025-02-03 02:08:00+00:00,33.70786516853933,5755.527943790388,0.5856606986837164,5775.567634296254,0.2982754030288248,0 days 00:01:00
841,CLOSED,2025-02-03 04:34:00+00:00,93000.0,94000.0,2025-02-03 05:56:00+00:00,33.70786516853933,5775.861645583425,0.5835989024133639,5795.5353126403415,0.2943436027546227,0 days 01:22:00
842,CLOSED,2025-02-04 00:55:00+00:00,101000.0,102000.0,2025-05-08 20:39:00+00:00,33.70786516853933,5923.585868825874,0.569044931819662,6020.311287619044,0.26569206808321155,93 days 19:44:00
843,CLOSED,2025-02-04 05:01:00+00:00,100000.0,101000.0,2025-05-08 15:40:00+00:00,33.70786516853933,5906.638001440175,0.5706776877188101,6003.43113899739,0.2690228089887654,93 days 10:39:00
844,CLOSED,2025-02-04 05:16:00+00:00,99000.0,100000.0,2025-02-04 14:33:00+00:00,33.70786516853933,5889.353392481442,0.5723525644015859,5907.186616926614,0.2724208375893724,0 days 09:17:00
845,CLOSED,2025-02-04 08:43:00+00:00,98000.0,99000.0,2025-02-04 11:04:00+00:00,33.70786516853933,5871.728640519645,0.5740705545540368,5889.629590601138,0.27588821371244876,0 days 02:21:00
846,CLOSED,2025-02-04 15:16:00+00:00,99000.0,100000.0,2025-02-04 19:15:00+00:00,33.70786516853933,5889.901701532744,0.5722992823423088,5907.4590377642035,0.2724208375893724,0 days 03:59:00
847,CLOSED,2025-02-04 19:52:00+00:00,99000.0,100000.0,2025-02-07 14:45:00+00:00,33.70786516853933,5890.174122370333,0.5722728134728648,5909.956332379988,0.2724208375893724,2 days 18:53:00
848,CLOSED,2025-02-04 20:25:00+00:00,98000.0,99000.0,2025-02-04 20:54:00+00:00,33.70786516853933,5872.549370408536,0.5739903241749055,5890.450320490029,0.27588821371244876,0 days 00:29:00
849,CLOSED,2025-02-04 21:01:00+00:00,98000.0,99000.0,2025-02-05 14:41:00+00:00,33.70786516853933,5872.825258622248,0.5739633597824282,5891.005635785868,0.27588821371244876,0 days 17:40:00
850,CLOSED,2025-02-04 21:32:00+00:00,97000.0,98000.0,2025-02-04 23:52:00+00:00,33.70786516853933,5854.856892810416,0.5757248347082837,5873.10499915277,0.2794270821267162,0 days 02:20:00
851,CLOSED,2025-02-05 15:04:00+00:00,98000.0,99000.0,2025-02-06 10:50:00+00:00,33.70786516853933,5873.380573918087,0.5739090928012702,5891.560951081708,0.27588821371244876,0 days 19:46:00
852,CLOSED,2025-02-05 18:13:00+00:00,97000.0,98000.0,2025-02-06 06:16:00+00:00,33.70786516853933,5855.412208106255,0.5756702341446437,5873.660314448609,0.2794270821267162,0 days 12:03:00
853,CLOSED,2025-02-06 14:31:00+00:00,98000.0,99000.0,2025-02-07 14:06:00+00:00,33.70786516853933,5873.935889213926,0.573854836080791,5892.399306054513,0.27588821371244876,0 days 23:35:00
854,CLOSED,2025-02-06 15:45:00+00:00,97000.0,98000.0,2025-02-07 12:47:00+00:00,33.70786516853933,5855.967523402094,0.5756156439364325,5874.498669421415,0.2794270821267162,0 days 21:02:00
855,CLOSED,2025-02-06 18:31:00+00:00,96000.0,97000.0,2025-02-06 20:47:00+00:00,33.70786516853933,5837.652001329404,0.5774216270662085,5856.250880143667,0.28303967696629684,0 days 02:16:00
856,CLOSED,2025-02-07 15:02:00+00:00,99000.0,100000.0,2025-05-08 15:21:00+00:00,33.70786516853933,5892.671416986118,0.5720302861512623,5986.214252204132,0.2724208375893724,90 days 00:19:00
857,CLOSED,2025-02-07 15:19:00+00:00,98000.0,99000.0,2025-02-07 15:51:00+00:00,33.70786516853933,5875.046665024321,0.5737463392284355,5892.947615105814,0.27588821371244876,0 days 00:32:00
858,CLOSED,2025-02-07 15:57:00+00:00,98000.0,99000.0,2025-02-21 13:01:00+00:00,33.70786516853933,5875.322553238033,0.5737193977539515,5898.3187523145925,0.27588821371244876,13 days 21:04:00
859,CLOSED,2025-02-07 19:40:00+00:00,97000.0,98000.0,2025-02-10 13:55:00+00:00,33.70786516853933,5857.354187426201,0.5754793732791326,5876.738141125888,0.2794270821267162,2 days 18:15:00
860,CLOSED,2025-02-07 20:37:00+00:00,96000.0,97000.0,2025-02-09 02:00:00+00:00,33.70786516853933,5839.038665353511,0.5772845000761536,5857.637544167774,0.28303967696629684,1 days 05:23:00
861,CLOSED,2025-02-09 13:48:00+00:00,96000.0,97000.0,2025-02-10 00:06:00+00:00,33.70786516853933,5839.321705030477,0.5772565183298699,5858.207312171175,0.28303967696629684,0 days 10:18:00
862,CLOSED,2025-02-09 21:44:00+00:00,95000.0,96000.0,2025-02-09 22:41:00+00:00,33.70786516853933,5820.655410485875,0.5791077257006971,5839.6087541138595,0.28672832643405854,0 days 00:57:00
863,CLOSED,2025-02-10 01:41:00+00:00,96000.0,97000.0,2025-02-10 03:36:00+00:00,33.70786516853933,5839.891473033877,0.5772001983973134,5858.490351848141,0.28303967696629684,0 days 01:55:00
864,CLOSED,2025-02-10 15:26:00+00:00,97000.0,98000.0,2025-02-11 00:42:00+00:00,33.70786516853933,5858.769461865661,0.5753403575262958,5877.017568208014,0.2794270821267162,0 days 09:16:00
865,CLOSED,2025-02-11 13:50:00+00:00,97000.0,98000.0,2025-02-12 22:32:00+00:00,33.70786516853933,5859.048888947787,0.5753129186568853,5878.153491619976,0.2794270821267162,1 days 08:42:00
866,CLOSED,2025-02-11 17:53:00+00:00,96000.0,97000.0,2025-02-12 16:57:00+00:00,33.70786516853933,5840.733366875097,0.5771169997197403,5859.905702342228,0.28303967696629684,0 days 23:04:00
867,CLOSED,2025-02-11 19:27:00+00:00,95000.0,96000.0,2025-02-11 21:35:00+00:00,33.70786516853933,5822.067072330496,0.5789673109184316,5841.020415958479,0.28672832643405854,0 days 02:08:00
868,CLOSED,2025-02-12 13:32:00+00:00,95000.0,96000.0,2025-02-12 16:50:00+00:00,33.70786516853933,5822.35380065693,0.5789387990255093,5841.307144284913,0.28672832643405854,0 days 03:18:00
869,CLOSED,2025-02-13 04:52:00+00:00,97000.0,98000.0,2025-02-14 17:43:00+00:00,33.70786516853933,5860.184812359748,0.5752014014548804,5878.715958379069,0.2794270821267162,1 days 12:51:00
870,CLOSED,2025-02-13 06:46:00+00:00,96000.0,97000.0,2025-02-14 03:49:00+00:00,33.70786516853933,5841.869290287058,0.5770047820923256,5860.468169101321,0.28303967696629684,0 days 21:03:00
871,CLOSED,2025-02-14 21:08:00+00:00,97000.0,98000.0,2025-02-20 14:33:00+00:00,33.70786516853933,5860.747279118841,0.5751461983122275,5880.138688599368,0.2794270821267162,5 days 17:25:00
872,CLOSED,2025-02-17 05:00:00+00:00,96000.0,97000.0,2025-02-17 14:17:00+00:00,33.70786516853933,5842.431757046151,0.5769492322762112,5861.030635860414,0.28303967696629684,0 days 09:17:00
873,CLOSED,2025-02-17 15:47:00+00:00,96000.0,97000.0,2025-02-20 01:03:00+00:00,33.70786516853933,5842.714796723117,0.5769212830214537,5861.890899321621,0.28303967696629684,2 days 09:16:00
874,CLOSED,2025-02-18 16:36:00+00:00,95000.0,96000.0,2025-02-19 09:56:00+00:00,33.70786516853933,5824.048502178515,0.5787703374367629,5843.292341264305,0.28672832643405854,0 days 17:20:00
875,CLOSED,2025-02-18 18:00:00+00:00,94000.0,95000.0,2025-02-18 21:07:00+00:00,33.70786516853933,5805.027742820195,0.5806667368683993,5824.339322164172,0.29049545780539887,0 days 03:07:00
876,CLOSED,2025-02-20 14:57:00+00:00,97000.0,98000.0,2025-02-20 18:00:00+00:00,33.70786516853933,5862.17000933914,0.5750066121391678,5880.418115681494,0.2794270821267162,0 days 03:03:00
877,CLOSED,2025-02-21 15:25:00+00:00,98000.0,99000.0,2025-05-08 03:44:00+00:00,33.70786516853933,5880.693690446811,0.573195390593082,5968.657225878656,0.27588821371244876,75 days 12:19:00
878,CLOSED,2025-02-21 17:45:00+00:00,97000.0,98000.0,2025-05-08 01:00:00+00:00,33.70786516853933,5862.725324634979,0.5749521477136237,5950.756589245559,0.2794270821267162,75 days 07:15:00
879,CLOSED,2025-02-21 19:26:00+00:00,96000.0,97000.0,2025-05-01 15:09:00+00:00,33.70786516853933,5844.409802562289,0.5767539633131343,5931.075001371833,0.28303967696629684,68 days 19:43:00
880,CLOSED,2025-02-21 20:56:00+00:00,95000.0,96000.0,2025-02-21 23:25:00+00:00,33.70786516853933,5825.743508017687,0.578601943634299,5844.696851645671,0.28672832643405854,0 days 02:29:00
881,CLOSED,2025-02-24 14:50:00+00:00,95000.0,96000.0,2025-05-01 10:17:00+00:00,33.70786516853933,5826.0302363441215,0.5785734677149783,5912.476443314518,0.28672832643405854,65 days 19:27:00
882,CLOSED,2025-02-24 15:46:00+00:00,94000.0,95000.0,2025-02-24 17:20:00+00:00,33.70786516853933,5807.009476985801,0.5804685751268277,5826.321056329778,0.29049545780539887,0 days 01:34:00
883,CLOSED,2025-02-24 19:42:00+00:00,94000.0,95000.0,2025-03-02 17:47:00+00:00,33.70786516853933,5807.299972443607,0.5804395386580258,5838.978279131761,0.29049545780539887,5 days 22:05:00
884,CLOSED,2025-02-24 22:17:00+00:00,93000.0,94000.0,2025-03-02 17:40:00+00:00,33.70786516853933,5787.920977369293,0.5823829540924402,5819.6670281676315,0.2943436027546227,5 days 19:23:00
885,CLOSED,2025-02-24 23:33:00+00:00,92000.0,93000.0,2025-03-02 17:31:00+00:00,33.70786516853933,5768.179894582039,0.584376107967794,5799.993693426299,0.2982754030288248,5 days 17:58:00
886,CLOSED,2025-02-25 00:14:00+00:00,91000.0,92000.0,2025-02-25 00:20:00+00:00,33.70786516853933,5748.072788345837,0.5864202909344103,5768.482524536355,0.3022936164958665,0 days 00:06:00
887,CLOSED,2025-02-25 07:06:00+00:00,91000.0,92000.0,2025-03-02 17:17:00+00:00,33.70786516853933,5748.375081962333,0.5863894524612756,5779.954339258253,0.3022936164958665,5 days 10:11:00
888,CLOSED,2025-02-25 07:24:00+00:00,90000.0,91000.0,2025-03-02 16:39:00+00:00,33.70786516853933,5727.897930041478,0.5884857862384297,5759.544943517172,0.3064011235954993,5 days 09:15:00
889,CLOSED,2025-02-25 07:25:00+00:00,89000.0,90000.0,2025-02-25 08:16:00+00:00,33.70786516853933,5707.046620817251,0.590635882412195,5728.208875629156,0.3106009342254765,0 days 00:51:00
890,CLOSED,2025-02-25 09:21:00+00:00,89000.0,90000.0,2025-03-02 16:35:00+00:00,33.70786516853933,5707.357221751477,0.5906037393291994,5738.761394676736,0.3106009342254765,5 days 07:14:00
891,CLOSED,2025-02-25 10:01:00+00:00,88000.0,89000.0,2025-02-25 11:47:00+00:00,33.70786516853933,5686.127551209235,0.5928088117082578,5707.991757097185,0.3148961950970417,0 days 01:46:00
892,CLOSED,2025-02-25 10:23:00+00:00,87000.0,88000.0,2025-02-25 10:30:00+00:00,33.70786516853933,5664.515219788545,0.595070608174615,5686.447194758247,0.31929019759783017,0 days 00:07:00
893,CLOSED,2025-02-25 14:41:00+00:00,88000.0,89000.0,2025-02-25 20:35:00+00:00,33.70786516853933,5686.76173760193,0.5927427018026206,5708.62594348988,0.3148961950970417,0 days 05:54:00
894,CLOSED,2025-02-25 15:00:00+00:00,87000.0,88000.0,2025-02-25 19:56:00+00:00,33.70786516853933,5665.149406181241,0.5950039928648784,5687.081381150942,0.31929019759783017,0 days 04:56:00
895,CLOSED,2025-02-25 20:59:00+00:00,88000.0,89000.0,2025-02-25 22:03:00+00:00,33.70786516853933,5687.395923994625,0.5926766066404626,5708.940839684978,0.3148961950970417,0 days 01:04:00
896,CLOSED,2025-02-26 12:50:00+00:00,88000.0,89000.0,2025-03-02 16:17:00+00:00,33.70786516853933,5687.710820189722,0.5926437935080348,5717.599488817845,0.3148961950970417,4 days 03:27:00
897,CLOSED,2025-02-26 14:00:00+00:00,87000.0,88000.0,2025-02-26 15:01:00+00:00,33.70786516853933,5666.098488769033,0.594904328531402,5688.354250124938,0.31929019759783017,0 days 01:01:00
898,CLOSED,2025-02-26 14:21:00+00:00,86000.0,87000.0,2025-02-26 14:47:00+00:00,33.70786516853933,5644.099098068995,0.5972231277808665,5666.42263300734,0.32378638620329525,0 days 00:26:00
899,CLOSED,2025-02-26 16:10:00+00:00,87000.0,88000.0,2025-03-02 15:37:00+00:00,33.70786516853933,5666.741565352834,0.5948368172396185,5695.735636281309,0.31929019759783017,3 days 23:27:00
900,CLOSED,2025-02-26 17:52:00+00:00,86000.0,87000.0,2025-02-27 10:56:00+00:00,33.70786516853933,5644.742174652796,0.5971550892067569,5669.397522560724,0.32378638620329525,0 days 17:04:00
901,CLOSED,2025-02-26 18:36:00+00:00,85000.0,86000.0,2025-02-27 06:20:00+00:00,33.70786516853933,5622.351223984114,0.5995332526496493,5647.07435008107,0.3283883674818213,0 days 11:44:00
902,CLOSED,2025-02-26 18:38:00+00:00,84000.0,85000.0,2025-02-26 18:45:00+00:00,33.70786516853933,5599.564106758922,0.6019730201472726,5622.684691078817,0.33309991974317654,0 days 00:07:00
903,CLOSED,2025-02-26 18:52:00+00:00,84000.0,85000.0,2025-02-26 19:17:00+00:00,33.70786516853933,5599.897206678665,0.6019372128534424,5623.0177909985605,0.33309991974317654,0 days 00:25:00
904,CLOSED,2025-02-26 19:44:00+00:00,84000.0,85000.0,2025-02-26 21:21:00+00:00,33.70786516853933,5600.230306598409,0.601901409819225,5623.688815921689,0.33309991974317654,0 days 01:37:00
905,CLOSED,2025-02-26 20:16:00+00:00,83000.0,84000.0,2025-02-26 20:41:00+00:00,33.70786516853933,5577.0423065481755,0.6044039710611823,5600.568603606666,0.33792500338432063,0 days 00:25:00
906,CLOSED,2025-02-26 21:34:00+00:00,84000.0,85000.0,2025-02-26 22:03:00+00:00,33.70786516853933,5600.901331521536,0.6018292980601798,5624.021915841431,0.33309991974317654,0 days 00:29:00
907,CLOSED,2025-02-26 23:22:00+00:00,84000.0,85000.0,2025-02-27 01:24:00+00:00,33.70786516853933,5601.234431441279,0.6017935078619054,5624.355015761175,0.33309991974317654,0 days 02:02:00
908,CLOSED,2025-02-27 13:50:00+00:00,86000.0,87000.0,2025-03-02 15:28:00+00:00,33.70786516853933,5647.397774008582,0.5968742864842179,5673.804019163711,0.32378638620329525,3 days 01:38:00
909,CLOSED,2025-02-27 14:58:00+00:00,85000.0,86000.0,2025-02-27 15:39:00+00:00,33.70786516853933,5625.0068233399,0.5992502094161901,5647.726524834756,0.3283883674818213,0 days 00:41:00
910,CLOSED,2025-02-27 16:26:00+00:00,85000.0,86000.0,2025-03-01 04:32:00+00:00,33.70786516853933,5625.335211707382,0.5992152271812515,5651.152458316576,0.3283883674818213,1 days 12:06:00
911,CLOSED,2025-02-27 19:30:00+00:00,84000.0,85000.0,2025-02-28 18:52:00+00:00,33.70786516853933,5602.54809448219,0.6016524017301585,5628.100024076936,0.33309991974317654,0 days 23:22:00
912,CLOSED,2025-02-27 20:16:00+00:00,83000.0,84000.0,2025-02-27 21:16:00+00:00,33.70786516853933,5579.360094431957,0.6041528884679592,5602.886391490448,0.33792500338432063,0 days 01:00:00
913,CLOSED,2025-02-28 01:30:00+00:00,83000.0,84000.0,2025-02-28 15:24:00+00:00,33.70786516853933,5579.698019435342,0.6041162989668484,5604.979811761914,0.33792500338432063,0 days 13:54:00
914,CLOSED,2025-02-28 01:32:00+00:00,82000.0,83000.0,2025-02-28 15:10:00+00:00,33.70786516853933,5556.104306646515,0.6066816479347974,5581.453891656014,0.3428677719923243,0 days 13:38:00
915,CLOSED,2025-02-28 02:32:00+00:00,81000.0,82000.0,2025-02-28 14:06:00+00:00,33.70786516853933,5532.099933402768,0.6093141044870058,5557.517316165076,0.3479325842696639,0 days 11:34:00
916,CLOSED,2025-02-28 02:44:00+00:00,80000.0,81000.0,2025-02-28 03:00:00+00:00,33.70786516853933,5507.679829821944,0.6120156982623491,5532.453444638724,0.3531240168539327,0 days 00:16:00
917,CLOSED,2025-02-28 04:02:00+00:00,80000.0,81000.0,2025-02-28 13:05:00+00:00,33.70786516853933,5508.032953838798,0.6119764614887933,5533.165015533689,0.3531240168539327,0 days 09:03:00
918,CLOSED,2025-02-28 07:36:00+00:00,79000.0,80000.0,2025-02-28 09:27:00+00:00,33.70786516853933,5483.191923291681,0.6147489571786455,5508.3917932642,0.35844687811122355,0 days 01:51:00
919,CLOSED,2025-02-28 20:19:00+00:00,84000.0,85000.0,2025-03-01 02:27:00+00:00,33.70786516853933,5605.312539676785,0.6013556769571854,5628.43312399668,0.33309991974317654,0 days 06:08:00
920,CLOSED,2025-03-01 06:32:00+00:00,85000.0,86000.0,2025-03-01 21:57:00+00:00,33.70786516853933,5628.761145189202,0.5988505161095496,5651.480846684057,0.3283883674818213,0 days 15:25:00
921,CLOSED,2025-03-02 15:49:00+00:00,87000.0,88000.0,2025-03-02 16:03:00+00:00,33.70786516853933,5674.122951509205,0.594063002451748,5696.054926478907,0.31929019759783017,0 days 00:14:00
922,CLOSED,2025-03-02 17:48:00+00:00,94000.0,95000.0,2025-04-25 14:12:00+00:00,33.70786516853933,5819.95719524559,0.5791772007545998,5891.482259719846,0.29049545780539887,53 days 20:24:00
923,CLOSED,2025-03-02 18:34:00+00:00,93000.0,94000.0,2025-03-02 20:22:00+00:00,33.70786516853933,5800.578200171276,0.5811121582249166,5820.251867228192,0.2943436027546227,0 days 01:48:00
924,CLOSED,2025-03-03 01:13:00+00:00,93000.0,94000.0,2025-04-23 07:58:00+00:00,33.70786516853933,5800.87254377403,0.581082671859725,5870.691427141394,0.2943436027546227,51 days 06:45:00
925,CLOSED,2025-03-03 06:44:00+00:00,92000.0,93000.0,2025-03-03 12:02:00+00:00,33.70786516853933,5781.131460986778,0.5830669203081182,5801.171151492644,0.2982754030288248,0 days 05:18:00
926,CLOSED,2025-03-03 14:38:00+00:00,92000.0,93000.0,2025-04-22 21:49:00+00:00,33.70786516853933,5781.429736389807,0.5830368387316609,5851.0180924000615,0.2982754030288248,50 days 07:11:00
927,CLOSED,2025-03-03 14:43:00+00:00,91000.0,92000.0,2025-03-06 02:56:00+00:00,33.70786516853933,5761.322630153603,0.5850716464326984,5788.458036661044,0.3022936164958665,2 days 12:13:00
928,CLOSED,2025-03-03 14:56:00+00:00,90000.0,91000.0,2025-03-03 15:23:00+00:00,33.70786516853933,5740.845478232748,0.5871585517559671,5761.629371726638,0.3064011235954993,0 days 00:27:00
929,CLOSED,2025-03-03 15:59:00+00:00,90000.0,91000.0,2025-03-03 17:43:00+00:00,33.70786516853933,5741.151879356344,0.5871272155287139,5761.935772850233,0.3064011235954993,0 days 01:44:00
930,CLOSED,2025-03-03 18:05:00+00:00,90000.0,91000.0,2025-03-05 23:45:00+00:00,33.70786516853933,5741.458280479939,0.5870958826460657,5767.742239796368,0.3064011235954993,2 days 05:40:00
931,CLOSED,2025-03-03 18:18:00+00:00,89000.0,90000.0,2025-03-05 10:33:00+00:00,33.70786516853933,5720.606971255713,0.589235816022862,5745.707696697287,0.3106009342254765,1 days 16:15:00
932,CLOSED,2025-03-03 18:27:00+00:00,88000.0,89000.0,2025-03-05 10:25:00+00:00,33.70786516853933,5699.377300713471,0.5914306667207248,5724.545790838396,0.3148961950970417,1 days 15:58:00
933,CLOSED,2025-03-03 18:39:00+00:00,87000.0,88000.0,2025-03-04 19:14:00+00:00,33.70786516853933,5677.764969292783,0.5936819391229212,5702.362648104262,0.31929019759783017,1 days 00:35:00
934,CLOSED,2025-03-03 19:54:00+00:00,86000.0,87000.0,2025-03-03 22:54:00+00:00,33.70786516853933,5655.7655785927445,0.595991200486185,5678.089113531089,0.32378638620329525,0 days 03:00:00
935,CLOSED,2025-03-03 23:05:00+00:00,86000.0,87000.0,2025-03-04 19:02:00+00:00,33.70786516853933,5656.089364978948,0.5959570825957908,5680.431030986664,0.32378638620329525,0 days 19:57:00
936,CLOSED,2025-03-04 01:38:00+00:00,85000.0,86000.0,2025-03-04 18:13:00+00:00,33.70786516853933,5633.698414310265,0.5983256945902061,5658.10785850701,0.3283883674818213,0 days 16:35:00
937,CLOSED,2025-03-04 01:41:00+00:00,84000.0,85000.0,2025-03-04 17:36:00+00:00,33.70786516853933,5610.911297085073,0.600755623886817,5635.388524187115,0.33309991974317654,0 days 15:55:00
938,CLOSED,2025-03-04 01:45:00+00:00,83000.0,84000.0,2025-03-04 02:53:00+00:00,33.70786516853933,5587.723297034841,0.6032486466612726,5611.249594093331,0.33792500338432063,0 days 01:08:00
939,CLOSED,2025-03-04 13:20:00+00:00,83000.0,84000.0,2025-03-04 14:36:00+00:00,33.70786516853933,5588.061222038225,0.6032121666026505,5611.587519096716,0.33792500338432063,0 days 01:16:00
940,CLOSED,2025-03-04 15:00:00+00:00,83000.0,84000.0,2025-03-04 17:15:00+00:00,33.70786516853933,5588.3991470416095,0.6031756909558549,5612.268311872092,0.33792500338432063,0 days 02:15:00
941,CLOSED,2025-03-04 15:20:00+00:00,82000.0,83000.0,2025-03-04 15:41:00+00:00,33.70786516853933,5564.805434252783,0.6057330407467421,5588.742391766193,0.3428677719923243,0 days 00:21:00
942,CLOSED,2025-03-04 20:58:00+00:00,87000.0,88000.0,2025-03-04 21:24:00+00:00,33.70786516853933,5680.749963332159,0.5933699843526875,5702.68193830186,0.31929019759783017,0 days 00:26:00
943,CLOSED,2025-03-05 00:17:00+00:00,87000.0,88000.0,2025-03-05 09:07:00+00:00,33.70786516853933,5681.069253529757,0.5933366354862861,5703.001228499458,0.31929019759783017,0 days 08:50:00
944,CLOSED,2025-03-05 14:36:00+00:00,89000.0,90000.0,2025-03-05 17:29:00+00:00,33.70786516853933,5724.856042819608,0.5887984766152743,5746.648090021707,0.3106009342254765,0 days 02:53:00
945,CLOSED,2025-03-05 15:28:00+00:00,88000.0,89000.0,2025-03-05 16:19:00+00:00,33.70786516853933,5703.6263722773665,0.5909900643628646,5725.171287967718,0.3148961950970417,0 days 00:51:00
946,CLOSED,2025-03-05 16:20:00+00:00,88000.0,89000.0,2025-03-05 16:58:00+00:00,33.70786516853933,5703.941268472463,0.5909574377080924,5725.486184162815,0.3148961950970417,0 days 00:38:00
947,CLOSED,2025-03-05 18:08:00+00:00,89000.0,90000.0,2025-03-05 19:04:00+00:00,33.70786516853933,5725.796436144027,0.5887017735342248,5746.958690955932,0.3106009342254765,0 days 00:56:00
948,CLOSED,2025-03-06 00:57:00+00:00,90000.0,91000.0,2025-03-06 01:46:00+00:00,33.70786516853933,5747.264747426074,0.5865027391270861,5768.048640919964,0.3064011235954993,0 days 00:49:00
949,CLOSED,2025-03-06 09:05:00+00:00,91000.0,92000.0,2025-04-22 21:49:00+00:00,33.70786516853933,5768.350594087022,0.5843588148593524,5830.9787382320155,0.3022936164958665,47 days 12:44:00
950,CLOSED,2025-03-06 12:49:00+00:00,90000.0,91000.0,2025-03-06 15:08:00+00:00,33.70786516853933,5747.873442166167,0.5864406290030639,5768.657335660056,0.3064011235954993,0 days 02:19:00
951,CLOSED,2025-03-06 16:28:00+00:00,90000.0,91000.0,2025-03-07 00:13:00+00:00,33.70786516853933,5748.179843289761,0.5864093693569591,5769.589233912973,0.3064011235954993,0 days 07:45:00
952,CLOSED,2025-03-06 17:01:00+00:00,89000.0,90000.0,2025-03-06 22:00:00+00:00,33.70786516853933,5727.328534065536,0.5885442919512748,5748.805685072537,0.3106009342254765,0 days 04:59:00
953,CLOSED,2025-03-06 19:30:00+00:00,88000.0,89000.0,2025-03-06 19:48:00+00:00,33.70786516853933,5706.098863523294,0.5907339843692443,5727.643779213646,0.3148961950970417,0 days 00:18:00
954,CLOSED,2025-03-07 00:15:00+00:00,90000.0,91000.0,2025-03-07 14:48:00+00:00,33.70786516853933,5749.11174154268,0.5863143157397455,5772.122488248999,0.3064011235954993,0 days 14:33:00
955,CLOSED,2025-03-07 00:15:00+00:00,89000.0,90000.0,2025-03-07 13:30:00+00:00,33.70786516853933,5728.260432318453,0.5884485450131048,5751.028338474337,0.3106009342254765,0 days 13:15:00
956,CLOSED,2025-03-07 00:20:00+00:00,88000.0,89000.0,2025-03-07 09:28:00+00:00,33.70786516853933,5707.030761776212,0.5906375237067822,5729.866432615446,0.3148961950970417,0 days 09:08:00
957,CLOSED,2025-03-07 00:23:00+00:00,87000.0,88000.0,2025-03-07 01:41:00+00:00,33.70786516853933,5685.418430355523,0.5928827505213454,5708.00258007891,0.31929019759783017,0 days 01:18:00
958,CLOSED,2025-03-07 00:36:00+00:00,86000.0,87000.0,2025-03-07 01:18:00+00:00,33.70786516853933,5663.419039655485,0.5951857867573548,5686.070962961312,0.32378638620329525,0 days 00:42:00
959,CLOSED,2025-03-07 00:54:00+00:00,85000.0,86000.0,2025-03-07 01:05:00+00:00,33.70786516853933,5641.028088986803,0.5975482595867321,5663.747790481659,0.3283883674818213,0 days 00:11:00
960,CLOSED,2025-03-07 03:36:00+00:00,87000.0,88000.0,2025-03-07 05:08:00+00:00,33.70786516853933,5686.3898953068065,0.5927814622131294,5708.321870276508,0.31929019759783017,0 days 01:32:00
961,CLOSED,2025-03-07 14:27:00+00:00,89000.0,90000.0,2025-03-07 14:43:00+00:00,33.70786516853933,5730.176684596658,0.5882517594815141,5751.3389394085625,0.3106009342254765,0 days 00:16:00
962,CLOSED,2025-03-07 15:13:00+00:00,90000.0,91000.0,2025-04-22 15:02:00+00:00,33.70786516853933,5751.644995878705,0.5860560794814774,5810.569342490935,0.3064011235954993,45 days 23:49:00
963,CLOSED,2025-03-07 15:30:00+00:00,89000.0,90000.0,2025-04-22 13:41:00+00:00,33.70786516853933,5730.793686654479,0.588188425750453,5789.785793650499,0.3106009342254765,45 days 22:11:00
964,CLOSED,2025-03-07 16:21:00+00:00,88000.0,89000.0,2025-03-07 18:53:00+00:00,33.70786516853933,5709.564016112237,0.5903754660323737,5731.428222000188,0.3148961950970417,0 days 02:32:00
965,CLOSED,2025-03-07 16:42:00+00:00,87000.0,88000.0,2025-03-07 17:45:00+00:00,33.70786516853933,5687.9516846915485,0.592618697153495,5709.883659661249,0.31929019759783017,0 days 01:03:00
966,CLOSED,2025-03-07 19:36:00+00:00,88000.0,89000.0,2025-04-22 12:56:00+00:00,33.70786516853933,5710.198202504932,0.5903098977151523,5768.623887791608,0.3148961950970417,45 days 17:20:00
967,CLOSED,2025-03-07 20:39:00+00:00,87000.0,88000.0,2025-03-07 20:52:00+00:00,33.70786516853933,5688.585871084243,0.5925526296417605,5710.517846053945,0.31929019759783017,0 days 00:13:00
968,CLOSED,2025-03-07 20:56:00+00:00,87000.0,88000.0,2025-03-24 14:04:00+00:00,33.70786516853933,5688.905161281841,0.592519372584235,5724.881384677607,0.31929019759783017,16 days 17:08:00
969,CLOSED,2025-03-07 21:06:00+00:00,86000.0,87000.0,2025-03-07 21:24:00+00:00,33.70786516853933,5666.905770581803,0.5948195811464613,5689.229305520148,0.32378638620329525,0 days 00:18:00
970,CLOSED,2025-03-07 21:55:00+00:00,86000.0,87000.0,2025-03-19 23:43:00+00:00,33.70786516853933,5667.229556968006,0.5947855972605632,5701.636104519098,0.32378638620329525,12 days 01:48:00
971,CLOSED,2025-03-09 10:48:00+00:00,85000.0,86000.0,2025-03-19 22:41:00+00:00,33.70786516853933,5644.838606299324,0.5971448879144788,5679.312932039444,0.3283883674818213,10 days 11:53:00
972,CLOSED,2025-03-09 13:50:00+00:00,84000.0,85000.0,2025-03-14 15:32:00+00:00,33.70786516853933,5622.051489074132,0.5995652162568598,5653.889962322539,0.33309991974317654,5 days 01:42:00
973,CLOSED,2025-03-09 14:17:00+00:00,83000.0,84000.0,2025-03-10 09:24:00+00:00,33.70786516853933,5598.863489023899,0.6020483484660907,5623.433710455507,0.33792500338432063,0 days 19:07:00
974,CLOSED,2025-03-09 21:24:00+00:00,82000.0,83000.0,2025-03-10 09:17:00+00:00,33.70786516853933,5575.269776235073,0.6045961275671566,5599.907790349605,0.3428677719923243,0 days 11:53:00
975,CLOSED,2025-03-09 22:32:00+00:00,81000.0,82000.0,2025-03-10 02:14:00+00:00,33.70786516853933,5551.2654029913265,0.6072104776394889,5575.971214858669,0.3479325842696639,0 days 03:42:00
976,CLOSED,2025-03-09 23:07:00+00:00,80000.0,81000.0,2025-03-09 23:17:00+00:00,33.70786516853933,5526.845299410501,0.6098934083089795,5551.6189142272815,0.3531240168539327,0 days 00:10:00
977,CLOSED,2025-03-10 09:30:00+00:00,83000.0,84000.0,2025-03-12 12:30:00+00:00,33.70786516853933,5600.2453384004,0.601899794235931,5628.359175271369,0.33792500338432063,2 days 03:00:00
978,CLOSED,2025-03-10 10:25:00+00:00,82000.0,83000.0,2025-03-10 11:54:00+00:00,33.70786516853933,5576.651625611574,0.6044463135142083,5600.588583124983,0.3428677719923243,0 days 01:29:00
979,CLOSED,2025-03-10 13:51:00+00:00,82000.0,83000.0,2025-03-11 18:46:00+00:00,33.70786516853933,5576.994493383567,0.6044091527888302,5604.490387393475,0.3428677719923243,1 days 04:55:00
980,CLOSED,2025-03-10 14:02:00+00:00,81000.0,82000.0,2025-03-11 11:33:00+00:00,33.70786516853933,5552.99012013982,0.6070218826121483,5579.504822717144,0.3479325842696639,0 days 21:31:00
981,CLOSED,2025-03-10 14:16:00+00:00,80000.0,81000.0,2025-03-10 15:37:00+00:00,33.70786516853933,5528.570016558995,0.609703143264508,5553.343631375776,0.3531240168539327,0 days 01:21:00
982,CLOSED,2025-03-10 16:00:00+00:00,80000.0,81000.0,2025-03-11 08:28:00+00:00,33.70786516853933,5528.923140575849,0.6096642024404879,5555.152522085757,0.3531240168539327,0 days 16:28:00
983,CLOSED,2025-03-10 16:52:00+00:00,79000.0,80000.0,2025-03-11 04:19:00+00:00,33.70786516853933,5504.082110028732,0.6124157397129267,5530.379299816267,0.35844687811122355,0 days 11:27:00
984,CLOSED,2025-03-10 18:53:00+00:00,78000.0,79000.0,2025-03-10 19:31:00+00:00,33.70786516853933,5478.814824325876,0.6152400884015424,5504.446414263823,0.3639062229904937,0 days 00:38:00
985,CLOSED,2025-03-11 00:21:00+00:00,78000.0,79000.0,2025-03-11 01:51:00+00:00,33.70786516853933,5479.178730548866,0.6151992264936156,5505.179827855849,0.3639062229904937,0 days 01:30:00
986,CLOSED,2025-03-11 00:34:00+00:00,77000.0,78000.0,2025-03-11 01:30:00+00:00,33.70786516853933,5453.479724880583,0.6180982944660612,5479.548641536755,0.36950736903546044,0 days 00:56:00
987,CLOSED,2025-03-11 13:07:00+00:00,81000.0,82000.0,2025-03-11 13:27:00+00:00,33.70786516853933,5555.500067450926,0.6067476331434152,5579.852755301414,0.3479325842696639,0 days 00:20:00
988,CLOSED,2025-03-11 13:34:00+00:00,81000.0,82000.0,2025-03-11 18:03:00+00:00,33.70786516853933,5555.848000035196,0.606709635834634,5580.553811902538,0.3479325842696639,0 days 04:29:00
989,CLOSED,2025-03-11 14:28:00+00:00,80000.0,81000.0,2025-03-11 15:09:00+00:00,33.70786516853933,5531.427896454371,0.6093881326763018,5556.201511271151,0.3531240168539327,0 days 00:41:00
990,CLOSED,2025-03-12 04:02:00+00:00,82000.0,83000.0,2025-03-12 11:56:00+00:00,33.70786516853933,5580.896297652059,0.6039865887262692,5604.833255165468,0.3428677719923243,0 days 07:54:00
991,CLOSED,2025-03-12 13:49:00+00:00,83000.0,84000.0,2025-03-13 00:26:00+00:00,33.70786516853933,5605.170803216262,0.6013708832779487,5629.387900631016,0.33792500338432063,0 days 10:37:00
992,CLOSED,2025-03-12 14:32:00+00:00,82000.0,83000.0,2025-03-12 19:20:00+00:00,33.70786516853933,5581.577090427436,0.6039129196360878,5605.861980525115,0.3428677719923243,0 days 04:48:00
993,CLOSED,2025-03-12 15:05:00+00:00,81000.0,82000.0,2025-03-12 15:50:00+00:00,33.70786516853933,5557.57271718369,0.6065213517461784,5581.925405034178,0.3479325842696639,0 days 00:45:00
994,CLOSED,2025-03-13 06:07:00+00:00,83000.0,84000.0,2025-03-14 15:03:00+00:00,33.70786516853933,5606.199528575909,0.6012605330353239,5630.769750007517,0.33792500338432063,1 days 08:56:00
995,CLOSED,2025-03-13 13:53:00+00:00,82000.0,83000.0,2025-03-14 10:27:00+00:00,33.70786516853933,5582.605815787083,0.6038016345918006,5607.243829901616,0.3428677719923243,0 days 20:34:00
996,CLOSED,2025-03-13 15:40:00+00:00,81000.0,82000.0,2025-03-14 02:48:00+00:00,33.70786516853933,5558.601442543337,0.6064091033861982,5583.307254410679,0.3479325842696639,0 days 11:08:00
997,CLOSED,2025-03-13 17:46:00+00:00,80000.0,81000.0,2025-03-13 19:03:00+00:00,33.70786516853933,5534.181338962511,0.609084941456915,5558.954953779292,0.3531240168539327,0 days 01:17:00
998,CLOSED,2025-03-14 16:34:00+00:00,84000.0,85000.0,2025-03-16 16:09:00+00:00,33.70786516853933,5631.102477922386,0.5986015225383708,5654.560987245666,0.33309991974317654,1 days 23:35:00
999,CLOSED,2025-03-16 11:16:00+00:00,83000.0,84000.0,2025-03-16 16:08:00+00:00,33.70786516853933,5607.914477872155,0.6010766623054727,5631.440774930645,0.33792500338432063,0 days 04:52:00
1000,CLOSED,2025-03-16 16:11:00+00:00,84000.0,85000.0,2025-03-19 18:53:00+00:00,33.70786516853933,5631.7735028455145,0.5985301992615304,5656.593597719549,0.33309991974317654,3 days 02:42:00
1001,CLOSED,2025-03-16 19:14:00+00:00,83000.0,84000.0,2025-03-17 12:00:00+00:00,33.70786516853933,5608.585502795282,0.6010047480196129,5632.454667625765,0.33792500338432063,0 days 16:46:00
1002,CLOSED,2025-03-16 23:06:00+00:00,82000.0,83000.0,2025-03-17 00:33:00+00:00,33.70786516853933,5584.991790006456,0.6035436834276952,5608.928747519864,0.3428677719923243,0 days 01:27:00
1003,CLOSED,2025-03-17 13:02:00+00:00,83000.0,84000.0,2025-03-17 17:33:00+00:00,33.70786516853933,5609.266295570659,0.6009318044885237,5632.79259262915,0.33792500338432063,0 days 04:31:00
1004,CLOSED,2025-03-18 03:31:00+00:00,83000.0,84000.0,2025-03-19 11:38:00+00:00,33.70786516853933,5609.604220574043,0.6008956040946848,5633.473385404526,0.33792500338432063,1 days 08:07:00
1005,CLOSED,2025-03-18 13:35:00+00:00,82000.0,83000.0,2025-03-19 00:28:00+00:00,33.70786516853933,5586.010507785217,0.603433615485698,5609.947465298626,0.3428677719923243,0 days 10:53:00
1006,CLOSED,2025-03-20 00:51:00+00:00,86000.0,87000.0,2025-03-24 05:19:00+00:00,33.70786516853933,5679.636355966956,0.5934863265167718,5702.949767560009,0.32378638620329525,4 days 04:28:00
1007,CLOSED,2025-03-20 10:20:00+00:00,85000.0,86000.0,2025-03-20 14:06:00+00:00,33.70786516853933,5657.245405298274,0.5958353006389,5679.96510679313,0.3283883674818213,0 days 03:46:00
1008,CLOSED,2025-03-20 15:36:00+00:00,85000.0,86000.0,2025-03-23 23:58:00+00:00,33.70786516853933,5657.573793665756,0.5958007159584696,5680.626595080355,0.3283883674818213,3 days 08:22:00
1009,CLOSED,2025-03-20 16:30:00+00:00,84000.0,85000.0,2025-03-23 11:26:00+00:00,33.70786516853933,5634.786676440564,0.5982101382732777,5657.907260760459,0.33309991974317654,2 days 18:56:00
1010,CLOSED,2025-03-25 01:30:00+00:00,87000.0,88000.0,2025-03-25 14:41:00+00:00,33.70786516853933,5703.268699905503,0.59102712746285,5725.200674875205,0.31929019759783017,0 days 13:11:00
1011,CLOSED,2025-03-26 13:57:00+00:00,87000.0,88000.0,2025-04-02 20:14:00+00:00,33.70786516853933,5703.587990103101,0.5909940414179532,5729.190365761127,0.31929019759783017,7 days 06:17:00
1012,CLOSED,2025-03-26 19:07:00+00:00,86000.0,87000.0,2025-03-26 20:11:00+00:00,33.70786516853933,5681.588599403063,0.5932823994345675,5703.912134341408,0.32378638620329525,0 days 01:04:00
1013,CLOSED,2025-03-27 13:35:00+00:00,86000.0,87000.0,2025-03-27 14:39:00+00:00,33.70786516853933,5681.912385789266,0.5932485909646249,5704.235920727611,0.32378638620329525,0 days 01:04:00
1014,CLOSED,2025-03-28 04:55:00+00:00,86000.0,87000.0,2025-04-02 15:33:00+00:00,33.70786516853933,5682.23617217547,0.5932147863476452,5707.2587486435295,0.32378638620329525,5 days 10:38:00
1015,CLOSED,2025-03-28 10:55:00+00:00,85000.0,86000.0,2025-04-02 13:49:00+00:00,33.70786516853933,5659.845221506787,0.5955616072406568,5684.935576163876,0.3283883674818213,5 days 02:54:00
1016,CLOSED,2025-03-28 15:02:00+00:00,84000.0,85000.0,2025-04-01 15:16:00+00:00,33.70786516853933,5637.058104281596,0.5979690921215929,5661.883141924238,0.33309991974317654,4 days 00:14:00
1017,CLOSED,2025-03-29 10:53:00+00:00,83000.0,84000.0,2025-04-01 08:29:00+00:00,33.70786516853933,5613.870104231362,0.6004389938258916,5638.425004605831,0.33792500338432063,2 days 21:36:00
1018,CLOSED,2025-03-29 17:12:00+00:00,82000.0,83000.0,2025-03-30 01:06:00+00:00,33.70786516853933,5590.276391442536,0.6029731413662933,5614.213348955946,0.3428677719923243,0 days 07:54:00
1019,CLOSED,2025-03-30 22:02:00+00:00,82000.0,83000.0,2025-03-31 12:51:00+00:00,33.70786516853933,5590.619259214529,0.602936161552794,5614.556216727938,0.3428677719923243,0 days 14:49:00
1020,CLOSED,2025-03-31 13:32:00+00:00,82000.0,83000.0,2025-03-31 14:07:00+00:00,33.70786516853933,5590.962126986521,0.6028991862748956,5614.89908449993,0.3428677719923243,0 days 00:35:00
1021,CLOSED,2025-04-01 14:10:00+00:00,83000.0,84000.0,2025-04-01 14:51:00+00:00,33.70786516853933,5615.236632550725,0.6002928705290824,5638.7629296092155,0.33792500338432063,0 days 00:41:00
1022,CLOSED,2025-04-02 06:10:00+00:00,84000.0,85000.0,2025-04-02 09:06:00+00:00,33.70786516853933,5639.095657524085,0.5977530301966749,5662.21624184398,0.33309991974317654,0 days 02:56:00
1023,CLOSED,2025-04-02 20:26:00+00:00,87000.0,88000.0,2025-04-21 14:21:00+00:00,33.70786516853933,5707.577680989024,0.5905809268407248,5746.760035255072,0.31929019759783017,18 days 17:55:00
1024,CLOSED,2025-04-02 20:27:00+00:00,86000.0,87000.0,2025-04-21 00:46:00+00:00,33.70786516853933,5685.578290288986,0.5928660805904764,5724.828418137474,0.32378638620329525,18 days 04:19:00
1025,CLOSED,2025-04-02 21:06:00+00:00,85000.0,86000.0,2025-04-13 01:31:00+00:00,33.70786516853933,5663.187339620304,0.5952101378090614,5699.8498694043965,0.3283883674818213,10 days 04:25:00
1026,CLOSED,2025-04-02 22:09:00+00:00,84000.0,85000.0,2025-04-12 14:25:00+00:00,33.70786516853933,5640.400222395112,0.5976147762476647,5677.130535084501,0.33309991974317654,9 days 16:16:00
1027,CLOSED,2025-04-02 22:39:00+00:00,83000.0,84000.0,2025-04-04 07:51:00+00:00,33.70786516853933,5617.212222344879,0.6000817457893399,5641.081387175362,0.33792500338432063,1 days 09:12:00
1028,CLOSED,2025-04-03 12:47:00+00:00,82000.0,83000.0,2025-04-03 23:46:00+00:00,33.70786516853933,5593.618509556052,0.6026128723464663,5617.555467069462,0.3428677719923243,0 days 10:59:00
1029,CLOSED,2025-04-04 10:22:00+00:00,83000.0,84000.0,2025-04-04 17:37:00+00:00,33.70786516853933,5617.893015120257,0.6000090261209393,5642.105047722732,0.33792500338432063,0 days 07:15:00
1030,CLOSED,2025-04-04 11:22:00+00:00,82000.0,83000.0,2025-04-04 12:30:00+00:00,33.70786516853933,5594.299302331429,0.602539537963075,5618.236259844838,0.3428677719923243,0 days 01:08:00
1031,CLOSED,2025-04-04 14:49:00+00:00,82000.0,83000.0,2025-04-04 15:01:00+00:00,33.70786516853933,5594.642170103421,0.6025026113138565,5618.579127616831,0.3428677719923243,0 days 00:12:00
1032,CLOSED,2025-04-05 13:19:00+00:00,83000.0,84000.0,2025-04-11 17:44:00+00:00,33.70786516853933,5618.916675667626,0.5998997158030331,5653.672397766095,0.33792500338432063,6 days 04:25:00
1033,CLOSED,2025-04-06 16:57:00+00:00,82000.0,83000.0,2025-04-09 20:55:00+00:00,33.70786516853933,5595.322962878799,0.6024293037625946,5628.042791758862,0.3428677719923243,3 days 03:58:00
1034,CLOSED,2025-04-06 17:45:00+00:00,81000.0,82000.0,2025-04-09 17:58:00+00:00,33.70786516853933,5571.318589635052,0.6050249079499751,5604.1062162679245,0.3479325842696639,3 days 00:13:00
1035,CLOSED,2025-04-06 18:20:00+00:00,80000.0,81000.0,2025-04-07 14:17:00+00:00,33.70786516853933,5546.898486054228,0.6076885173450747,5574.259537144266,0.3531240168539327,0 days 19:57:00
1036,CLOSED,2025-04-06 18:47:00+00:00,79000.0,80000.0,2025-04-07 14:13:00+00:00,33.70786516853933,5522.057455507111,0.6104222102021539,5549.486314874776,0.35844687811122355,0 days 19:26:00
1037,CLOSED,2025-04-06 22:51:00+00:00,78000.0,79000.0,2025-04-07 01:18:00+00:00,33.70786516853933,5496.790169804254,0.6132281591119877,5522.421759742201,0.3639062229904937,0 days 02:27:00
1038,CLOSED,2025-04-07 03:33:00+00:00,78000.0,79000.0,2025-04-07 14:10:00+00:00,33.70786516853933,5497.154076027245,0.6131875640076614,5524.286842914357,0.3639062229904937,0 days 10:37:00
1039,CLOSED,2025-04-07 04:17:00+00:00,77000.0,78000.0,2025-04-07 13:56:00+00:00,33.70786516853933,5471.455070358961,0.616067659061082,5498.655656595264,0.36950736903546044,0 days 09:39:00
1040,CLOSED,2025-04-07 06:25:00+00:00,76000.0,77000.0,2025-04-07 10:12:00+00:00,33.70786516853933,5445.318737972451,0.6190246483365701,5472.211893398583,0.37525591366055266,0 days 03:47:00
1041,CLOSED,2025-04-07 06:44:00+00:00,75000.0,76000.0,2025-04-07 08:20:00+00:00,33.70786516853933,5418.739324568793,0.6220610210147302,5445.70031100616,0.38115775280898845,0 days 01:36:00
1042,CLOSED,2025-04-07 13:42:00+00:00,76000.0,77000.0,2025-04-07 13:51:00+00:00,33.70786516853933,5446.075151638921,0.6189386710610377,5472.587149312243,0.37525591366055266,0 days 00:09:00
1043,CLOSED,2025-04-07 14:20:00+00:00,80000.0,81000.0,2025-04-09 17:25:00+00:00,33.70786516853933,5549.839046344339,0.6073665359852659,5579.753915636537,0.3531240168539327,2 days 03:05:00
1044,CLOSED,2025-04-07 14:23:00+00:00,79000.0,80000.0,2025-04-07 22:50:00+00:00,33.70786516853933,5524.998015797222,0.6100973262281886,5551.289604438713,0.35844687811122355,0 days 08:27:00
1045,CLOSED,2025-04-07 14:29:00+00:00,78000.0,79000.0,2025-04-07 14:33:00+00:00,33.70786516853933,5499.730730094367,0.6129002822645638,5525.362320032314,0.3639062229904937,0 days 00:04:00
1046,CLOSED,2025-04-07 15:14:00+00:00,78000.0,79000.0,2025-04-07 15:44:00+00:00,33.70786516853933,5500.094636317357,0.6128597305574502,5525.726226255304,0.3639062229904937,0 days 00:30:00
1047,CLOSED,2025-04-07 16:18:00+00:00,78000.0,79000.0,2025-04-07 17:45:00+00:00,33.70786516853933,5500.4585425403475,0.612819184216078,5526.090132478294,0.3639062229904937,0 days 01:27:00
1048,CLOSED,2025-04-08 00:58:00+00:00,79000.0,80000.0,2025-04-08 01:36:00+00:00,33.70786516853933,5526.448181344305,0.6099372338698,5551.648051316824,0.35844687811122355,0 days 00:38:00
1049,CLOSED,2025-04-08 08:24:00+00:00,79000.0,80000.0,2025-04-08 11:58:00+00:00,33.70786516853933,5526.806628222416,0.6098976757466322,5552.006498194935,0.35844687811122355,0 days 03:34:00
1050,CLOSED,2025-04-08 14:50:00+00:00,79000.0,80000.0,2025-04-09 17:21:00+00:00,33.70786516853933,5527.165075100528,0.6098581227542991,5554.980693367048,0.35844687811122355,1 days 02:31:00
1051,CLOSED,2025-04-08 16:18:00+00:00,78000.0,79000.0,2025-04-09 17:19:00+00:00,33.70786516853933,5501.897789397672,0.6126588762425836,5529.781221406629,0.3639062229904937,1 days 01:01:00
1052,CLOSED,2025-04-08 17:12:00+00:00,77000.0,78000.0,2025-04-09 14:00:00+00:00,33.70786516853933,5476.198783729388,0.6155339953818052,5503.7805277185,0.36950736903546044,0 days 20:48:00
1053,CLOSED,2025-04-09 00:05:00+00:00,76000.0,77000.0,2025-04-09 06:01:00+00:00,33.70786516853933,5450.062451342879,0.6184858516664118,5477.336764521819,0.37525591366055266,0 days 05:56:00
1054,CLOSED,2025-04-09 01:25:00+00:00,75000.0,76000.0,2025-04-09 01:49:00+00:00,33.70786516853933,5423.48303793922,0.6215169280099275,5450.444024376587,0.38115775280898845,0 days 00:24:00
1055,CLOSED,2025-04-09 04:00:00+00:00,75000.0,76000.0,2025-04-09 04:15:00+00:00,33.70786516853933,5423.864195692029,0.6214732514009516,5450.825182129396,0.38115775280898845,0 days 00:15:00
1056,CLOSED,2025-04-09 11:06:00+00:00,76000.0,77000.0,2025-04-09 12:55:00+00:00,33.70786516853933,5451.2000227621575,0.6183567843371732,5477.71202043548,0.37525591366055266,0 days 01:49:00
1057,CLOSED,2025-04-09 14:52:00+00:00,77000.0,78000.0,2025-04-09 16:50:00+00:00,33.70786516853933,5478.0811184313625,0.6153224904816946,5504.150035087536,0.36950736903546044,0 days 01:58:00
1058,CLOSED,2025-04-10 03:06:00+00:00,82000.0,83000.0,2025-04-11 13:39:00+00:00,33.70786516853933,5604.448702017446,0.6014483664808179,5629.803609888201,0.3428677719923243,1 days 10:33:00
1059,CLOSED,2025-04-10 13:37:00+00:00,81000.0,82000.0,2025-04-11 09:27:00+00:00,33.70786516853933,5580.4443287736985,0.6040355065408676,5605.8670343972635,0.3479325842696639,0 days 19:50:00
1060,CLOSED,2025-04-10 15:33:00+00:00,80000.0,81000.0,2025-04-11 04:15:00+00:00,33.70786516853933,5556.024225192874,0.606690392307805,5581.514733765876,0.3531240168539327,0 days 12:42:00
1061,CLOSED,2025-04-10 15:48:00+00:00,79000.0,80000.0,2025-04-10 19:56:00+00:00,33.70786516853933,5531.183194645757,0.6094150922567326,5556.383064618276,0.35844687811122355,0 days 04:08:00
1062,CLOSED,2025-04-11 00:59:00+00:00,79000.0,80000.0,2025-04-11 01:47:00+00:00,33.70786516853933,5531.541641523868,0.6093756018304736,5556.741511496387,0.35844687811122355,0 days 00:48:00
1063,CLOSED,2025-04-11 14:21:00+00:00,82000.0,83000.0,2025-04-11 16:47:00+00:00,33.70786516853933,5606.209520146785,0.6012594614490393,5630.146477660193,0.3428677719923243,0 days 02:26:00
1064,CLOSED,2025-04-12 02:49:00+00:00,83000.0,84000.0,2025-04-12 08:11:00+00:00,33.70786516853933,5630.484025710988,0.5986672729132354,5654.010322769479,0.33792500338432063,0 days 05:22:00
1065,CLOSED,2025-04-13 02:17:00+00:00,85000.0,86000.0,2025-04-15 10:01:00+00:00,33.70786516853933,5677.458556277023,0.5937139801975616,5700.844457611365,0.3283883674818213,2 days 07:44:00
1066,CLOSED,2025-04-13 13:40:00+00:00,84000.0,85000.0,2025-04-14 00:22:00+00:00,33.70786516853933,5654.67143905183,0.596106520632637,5677.792023371726,0.33309991974317654,0 days 10:42:00
1067,CLOSED,2025-04-14 15:40:00+00:00,84000.0,85000.0,2025-04-14 18:04:00+00:00,33.70786516853933,5655.004538971574,0.5960714078342628,5678.125123291469,0.33309991974317654,0 days 02:24:00
1068,CLOSED,2025-04-15 14:19:00+00:00,85000.0,86000.0,2025-04-21 00:26:00+00:00,33.70786516853933,5678.453144483991,0.5936099904475378,5702.50524565782,0.3283883674818213,5 days 10:07:00
1069,CLOSED,2025-04-15 19:45:00+00:00,84000.0,85000.0,2025-04-16 15:24:00+00:00,33.70786516853933,5655.6660272588,0.596001691154966,5678.786611578695,0.33309991974317654,0 days 19:39:00
1070,CLOSED,2025-04-16 17:46:00+00:00,84000.0,85000.0,2025-04-17 07:33:00+00:00,33.70786516853933,5655.999127178542,0.5959665907048022,5679.119711498438,0.33309991974317654,0 days 13:47:00
1071,CLOSED,2025-04-17 14:29:00+00:00,84000.0,85000.0,2025-04-17 16:34:00+00:00,33.70786516853933,5656.332227098286,0.5959314943887508,5679.452811418181,0.33309991974317654,0 days 02:05:00
1072,CLOSED,2025-04-20 10:54:00+00:00,84000.0,85000.0,2025-04-20 20:19:00+00:00,33.70786516853933,5656.665327018029,0.5958964022060819,5679.7859113379245,0.33309991974317654,0 days 09:25:00
1073,CLOSED,2025-04-21 17:00:00+00:00,87000.0,88000.0,2025-04-22 01:15:00+00:00,33.70786516853933,5725.147350482968,0.5887685172975637,5747.07932545267,0.31929019759783017,0 days 08:15:00
1074,CLOSED,2025-04-23 13:58:00+00:00,93000.0,94000.0,2025-04-23 18:09:00+00:00,33.70786516853933,5851.312103687233,0.5760736151349396,5871.284046147179,0.2943436027546227,0 days 04:11:00
1075,CLOSED,2025-04-23 15:27:00+00:00,92000.0,93000.0,2025-04-23 15:56:00+00:00,33.70786516853933,5831.57102089998,0.578023744334631,5851.610711405846,0.2982754030288248,0 days 00:29:00
1076,CLOSED,2025-04-23 19:26:00+00:00,93000.0,94000.0,2025-04-24 23:35:00+00:00,33.70786516853933,5851.904722693017,0.5760152764932088,5871.876665152962,0.2943436027546227,1 days 04:09:00
1077,CLOSED,2025-04-24 08:28:00+00:00,92000.0,93000.0,2025-04-24 14:01:00+00:00,33.70786516853933,5832.163639905763,0.5779650100675842,5852.203330411629,0.2982754030288248,0 days 05:33:00
1078,CLOSED,2025-04-25 02:56:00+00:00,93000.0,94000.0,2025-04-25 11:14:00+00:00,33.70786516853933,5852.4973416988005,0.5759569496661227,5872.171008755718,0.2943436027546227,0 days 08:18:00
1079,CLOSED,2025-04-26 11:52:00+00:00,94000.0,95000.0,2025-04-27 00:20:00+00:00,33.70786516853933,5872.461175833675,0.5739989445524779,5891.7727551776525,0.29049545780539887,0 days 12:28:00
1080,CLOSED,2025-04-27 05:13:00+00:00,94000.0,95000.0,2025-04-28 10:37:00+00:00,33.70786516853933,5872.751671291481,0.5739705517145868,5892.357594238213,0.29049545780539887,1 days 05:24:00
1081,CLOSED,2025-04-28 01:31:00+00:00,93000.0,94000.0,2025-04-28 04:11:00+00:00,33.70786516853933,5853.372676217167,0.5758708189809564,5873.0463432740835,0.2943436027546227,0 days 02:40:00
1082,CLOSED,2025-04-28 13:58:00+00:00,94000.0,95000.0,2025-04-28 23:10:00+00:00,33.70786516853933,5873.336510352042,0.5739133984427347,5892.648089696018,0.29049545780539887,0 days 09:12:00
1083,CLOSED,2025-04-29 23:05:00+00:00,94000.0,95000.0,2025-04-30 03:54:00+00:00,33.70786516853933,5873.627005809847,0.5738850140670745,5892.9385851538245,0.29049545780539887,0 days 04:49:00
1084,CLOSED,2025-04-30 13:41:00+00:00,94000.0,95000.0,2025-05-01 03:11:00+00:00,33.70786516853933,5873.917501267653,0.5738566324989212,5893.523424214385,0.29049545780539887,0 days 13:30:00
1085,CLOSED,2025-04-30 14:00:00+00:00,93000.0,94000.0,2025-04-30 14:28:00+00:00,33.70786516853933,5854.538506193339,0.5757561442781663,5874.212173250256,0.2943436027546227,0 days 00:28:00
1086,CLOSED,2025-05-03 10:42:00+00:00,96000.0,97000.0,2025-05-07 00:07:00+00:00,33.70786516853933,5912.759162234536,0.5700868958748614,5932.225760290845,0.28303967696629684,3 days 13:25:00
1087,CLOSED,2025-05-04 22:32:00+00:00,95000.0,96000.0,2025-05-06 22:42:00+00:00,33.70786516853933,5894.092867689935,0.5718923322928641,5913.62720223353,0.28672832643405854,2 days 00:10:00
1088,CLOSED,2025-05-05 01:31:00+00:00,94000.0,95000.0,2025-05-05 22:36:00+00:00,33.70786516853933,5875.072108331614,0.5737438544922232,5894.383687675591,0.29049545780539887,0 days 21:05:00
1089,CLOSED,2025-05-06 10:45:00+00:00,94000.0,95000.0,2025-05-06 18:56:00+00:00,33.70786516853933,5875.36260378942,0.5737154868841429,5894.674183133397,0.29049545780539887,0 days 08:11:00
1090,CLOSED,2025-05-07 18:09:00+00:00,96000.0,97000.0,2025-05-07 21:28:00+00:00,33.70786516853933,5913.909921153548,0.5699759654432542,5932.508799967811,0.28303967696629684,0 days 03:19:00
1091,CLOSED,2025-05-08 21:42:00+00:00,103000.0,104000.0,2025-05-09 07:43:00+00:00,33.70786516853933,6037.116960255802,0.5583437490187547,6053.333865616019,0.2592246100141793,0 days 10:01:00
1092,CLOSED,2025-05-09 08:40:00+00:00,103000.0,104000.0,2025-05-10 07:06:00+00:00,33.70786516853933,6037.376184865816,0.5583197756177007,6053.5930902260325,0.2592246100141793,0 days 22:26:00
1093,CLOSED,2025-05-12 01:35:00+00:00,104000.0,105000.0,2025-05-12 07:00:00+00:00,33.70786516853933,6053.848881161956,0.5568005715079817,6069.73885295612,0.2560841616248979,0 days 05:25:00
1094,CLOSED,2025-05-12 11:48:00+00:00,104000.0,105000.0,2025-05-18 14:38:00+00:00,33.70786516853933,6054.1049653235805,0.5567770192556896,6072.3440321433645,0.2560841616248979,6 days 02:50:00
1095,CLOSED,2025-05-12 14:29:00+00:00,103000.0,104000.0,2025-05-13 16:12:00+00:00,33.70786516853933,6038.147577799078,0.5582484484558746,6055.155028499023,0.2592246100141793,1 days 01:43:00
1096,CLOSED,2025-05-12 18:07:00+00:00,102000.0,103000.0,2025-05-12 23:20:00+00:00,33.70786516853933,6021.863256708524,0.5597580637685159,6038.675992933915,0.2624266358228695,0 days 05:13:00
1097,CLOSED,2025-05-12 18:47:00+00:00,101000.0,102000.0,2025-05-12 19:05:00+00:00,33.70786516853933,6005.248796820878,0.5613067219860058,6022.12924847624,0.26569206808321155,0 days 00:18:00
1098,CLOSED,2025-05-13 02:16:00+00:00,102000.0,103000.0,2025-05-13 09:16:00+00:00,33.70786516853933,6022.39137541243,0.5597089771707326,6038.938419569738,0.2624266358228695,0 days 07:00:00
1099,CLOSED,2025-05-14 09:04:00+00:00,103000.0,104000.0,2025-05-14 11:38:00+00:00,33.70786516853933,6039.19734774882,0.5581514103211799,6055.4142531090365,0.2592246100141793,0 days 02:34:00
1100,CLOSED,2025-05-14 14:31:00+00:00,103000.0,104000.0,2025-05-15 17:20:00+00:00,33.70786516853933,6039.456572358834,0.5581274534336792,6055.935904354873,0.2592246100141793,1 days 02:49:00
1101,CLOSED,2025-05-15 07:23:00+00:00,102000.0,103000.0,2025-05-15 15:44:00+00:00,33.70786516853933,6023.17225126828,0.5596364135434043,6039.719295425588,0.2624266358228695,0 days 08:21:00
1102,CLOSED,2025-05-15 18:48:00+00:00,103000.0,104000.0,2025-05-16 00:35:00+00:00,33.70786516853933,6039.97822360467,0.5580792499682624,6056.195128964887,0.2592246100141793,0 days 05:47:00
1103,CLOSED,2025-05-17 01:05:00+00:00,103000.0,104000.0,2025-05-18 08:00:00+00:00,33.70786516853933,6040.237448214684,0.5580552992747392,6056.454353574901,0.2592246100141793,1 days 06:55:00
1104,CLOSED,2025-05-18 18:10:00+00:00,104000.0,105000.0,2025-05-18 22:28:00+00:00,33.70786516853933,6056.710144510825,0.5565375321632099,6072.600116304989,0.2560841616248979,0 days 04:18:00
1105,CLOSED,2025-05-19 00:30:00+00:00,106000.0,107000.0,2025-05-20 19:56:00+00:00,33.70786516853933,6088.415702070654,0.5536393508261167,6104.944920100777,0.24998102607590056,1 days 19:26:00
1106,CLOSED,2025-05-19 01:06:00+00:00,105000.0,106000.0,2025-05-20 00:13:00+00:00,33.70786516853933,6073.102810780256,0.5550353125704558,6089.44672800781,0.25300353130015907,0 days 23:07:00
1107,CLOSED,2025-05-19 03:40:00+00:00,104000.0,105000.0,2025-05-19 16:24:00+00:00,33.70786516853933,6057.469213229824,0.5564677917787781,6073.880836269825,0.2560841616248979,0 days 12:44:00
1108,CLOSED,2025-05-19 04:06:00+00:00,103000.0,104000.0,2025-05-19 14:48:00+00:00,33.70786516853933,6041.511825705322,0.5579375848462247,6057.991157701361,0.2592246100141793,0 days 10:42:00
1109,CLOSED,2025-05-19 06:38:00+00:00,102000.0,103000.0,2025-05-19 07:43:00+00:00,33.70786516853933,6025.227504614768,0.5594455170816739,6041.774548772076,0.2624266358228695,0 days 01:05:00
1110,CLOSED,2025-05-20 07:48:00+00:00,105000.0,106000.0,2025-05-20 17:12:00+00:00,33.70786516853933,6074.133549719016,0.554941126872303,6089.699731539109,0.25300353130015907,0 days 09:24:00
1111,CLOSED,2025-05-20 22:22:00+00:00,106000.0,107000.0,2025-05-20 23:18:00+00:00,33.70786516853933,6089.9494255667905,0.5534999195071664,6105.194901126852,0.24998102607590056,0 days 00:56:00
1112,CLOSED,2025-05-21 17:24:00+00:00,108000.0,109000.0,2025-05-21 22:45:00+00:00,33.70786516853933,6120.366234913471,0.5507491524976672,6135.226333010033,0.24410393258426666,0 days 05:21:00
1113,CLOSED,2025-05-21 17:29:00+00:00,107000.0,108000.0,2025-05-21 19:37:00+00:00,33.70786516853933,6105.685736102849,0.5520733726799123,6120.613530933632,0.24701501627637867,0 days 02:08:00
1114,CLOSED,2025-05-23 11:47:00+00:00,110000.0,111000.0,2025-07-09 19:40:00+00:00,33.70786516853933,6150.147726897459,0.5480822033122741,6180.329451604368,0.2384405515832526,47 days 07:53:00
1115,CLOSED,2025-05-23 11:59:00+00:00,109000.0,110000.0,2025-05-26 07:04:00+00:00,33.70786516853933,6137.065674158292,0.5492505206596541,6151.615590220393,0.24124626327182597,2 days 19:05:00
1116,CLOSED,2025-05-23 12:13:00+00:00,108000.0,109000.0,2025-05-23 13:32:00+00:00,33.70786516853933,6123.674684196158,0.5504515982132726,6137.310056180763,0.24410393258426666,0 days 01:19:00
1117,CLOSED,2025-05-23 22:46:00+00:00,108000.0,109000.0,2025-05-24 10:40:00+00:00,33.70786516853933,6123.918788128742,0.5504296568054144,6137.8011751296235,0.24410393258426666,0 days 11:54:00
1118,CLOSED,2025-05-23 23:42:00+00:00,107000.0,108000.0,2025-05-24 03:04:00+00:00,33.70786516853933,6110.2160004137995,0.5516640519133291,6124.166084148903,0.24701501627637867,0 days 03:22:00
1119,CLOSED,2025-05-24 22:59:00+00:00,108000.0,109000.0,2025-05-25 22:52:00+00:00,33.70786516853933,6124.409907077603,0.5503855176248936,6138.292294078484,0.24410393258426666,0 days 23:53:00
1120,CLOSED,2025-05-25 08:49:00+00:00,107000.0,108000.0,2025-05-25 22:09:00+00:00,33.70786516853933,6110.70711936266,0.5516197145454914,6124.657203097763,0.24701501627637867,0 days 13:20:00
1121,CLOSED,2025-05-26 17:46:00+00:00,109000.0,110000.0,2025-05-27 13:08:00+00:00,33.70786516853933,6138.533262251867,0.5491192069581439,6152.100940416248,0.24124626327182597,0 days 19:22:00
1122,CLOSED,2025-05-27 01:20:00+00:00,108000.0,109000.0,2025-05-27 03:12:00+00:00,33.70786516853933,6125.142272289733,0.5503197096504091,6138.777644274339,0.24410393258426666,0 days 01:52:00
1123,CLOSED,2025-05-27 14:32:00+00:00,109000.0,110000.0,2025-05-27 15:40:00+00:00,33.70786516853933,6139.018612447722,0.5490757936487096,6152.342186679519,0.24124626327182597,0 days 01:08:00
1124,CLOSED,2025-05-27 21:38:00+00:00,109000.0,110000.0,2025-06-09 21:28:00+00:00,33.70786516853933,6139.259858710993,0.5490542173534364,6156.895260567195,0.24124626327182597,12 days 23:50:00
1125,CLOSED,2025-05-28 14:01:00+00:00,108000.0,109000.0,2025-06-09 21:10:00+00:00,33.70786516853933,6125.868868748859,0.5502544355870906,6143.571964425286,0.24410393258426666,12 days 07:09:00
1126,CLOSED,2025-05-28 19:50:00+00:00,107000.0,108000.0,2025-05-28 23:21:00+00:00,33.70786516853933,6112.166081033917,0.5514880440362216,6126.1161647690205,0.24701501627637867,0 days 03:31:00
1127,CLOSED,2025-05-29 04:45:00+00:00,107000.0,108000.0,2025-05-29 07:15:00+00:00,33.70786516853933,6112.413096050193,0.5514657572853046,6126.363179785297,0.24701501627637867,0 days 02:30:00
1128,CLOSED,2025-05-29 14:24:00+00:00,107000.0,108000.0,2025-06-09 14:48:00+00:00,33.70786516853933,6112.66011106647,0.5514434723356203,6129.936873444565,0.24701501627637867,11 days 00:24:00
1129,CLOSED,2025-05-29 18:58:00+00:00,106000.0,107000.0,2025-06-09 10:13:00+00:00,33.70786516853933,6098.642611601028,0.5527109443078232,6115.987073682326,0.24998102607590056,10 days 15:15:00
1130,CLOSED,2025-05-30 00:57:00+00:00,105000.0,106000.0,2025-05-30 02:10:00+00:00,33.70786516853933,6084.307431406309,0.5540131814270962,6098.895902130722,0.25300353130015907,0 days 01:13:00
1131,CLOSED,2025-05-30 07:45:00+00:00,105000.0,106000.0,2025-05-30 12:49:00+00:00,33.70786516853933,6084.560434937609,0.5539901448753539,6099.148905662022,0.25300353130015907,0 days 05:04:00
1132,CLOSED,2025-05-30 16:27:00+00:00,105000.0,106000.0,2025-06-03 00:11:00+00:00,33.70786516853933,6084.813438468909,0.5539671102393087,6099.914077516571,0.25300353130015907,3 days 07:44:00
1133,CLOSED,2025-05-30 16:50:00+00:00,104000.0,105000.0,2025-06-01 16:08:00+00:00,33.70786516853933,6070.157552014159,0.5553046173794058,6085.0698127126425,0.2560841616248979,1 days 23:18:00
1134,CLOSED,2025-06-02 11:43:00+00:00,104000.0,105000.0,2025-06-02 21:05:00+00:00,33.70786516853933,6070.413636175783,0.5552811915099493,6085.325896874267,0.2560841616248979,0 days 09:22:00
1135,CLOSED,2025-06-03 08:17:00+00:00,105000.0,106000.0,2025-06-03 14:41:00+00:00,33.70786516853933,6085.578610323458,0.5538974570365085,6100.167081047871,0.25300353130015907,0 days 06:24:00
1136,CLOSED,2025-06-04 12:01:00+00:00,105000.0,106000.0,2025-06-08 13:48:00+00:00,33.70786516853933,6085.831613854758,0.5538744301074872,6101.719596216339,0.25300353130015907,4 days 01:47:00
1137,CLOSED,2025-06-05 14:18:00+00:00,104000.0,105000.0,2025-06-06 15:14:00+00:00,33.70786516853933,6071.175727400007,0.5552114892081174,6086.875331412411,0.2560841616248979,1 days 00:56:00
1138,CLOSED,2025-06-05 18:13:00+00:00,103000.0,104000.0,2025-06-06 12:00:00+00:00,33.70786516853933,6056.196050971186,0.556584775077317,6071.963363939627,0.2592246100141793,0 days 17:47:00
1139,CLOSED,2025-06-05 19:18:00+00:00,102000.0,103000.0,2025-06-06 06:10:00+00:00,33.70786516853933,6040.8894409763125,0.5579950684065417,6056.724466106023,0.2624266358228695,0 days 10:52:00
1140,CLOSED,2025-06-05 20:21:00+00:00,101000.0,102000.0,2025-06-06 02:55:00+00:00,33.70786516853933,6025.252692184346,0.559443178412475,6041.155432744027,0.26569206808321155,0 days 06:34:00
1141,CLOSED,2025-06-07 00:16:00+00:00,104000.0,105000.0,2025-06-07 05:47:00+00:00,33.70786516853933,6072.219154875551,0.5551160837380904,6087.131415574035,0.2560841616248979,0 days 05:31:00
1142,CLOSED,2025-06-10 13:44:00+00:00,109000.0,110000.0,2025-06-10 19:26:00+00:00,33.70786516853933,6143.812932598669,0.5486473227348379,6157.136506830466,0.24124626327182597,0 days 05:42:00
1143,CLOSED,2025-06-11 17:59:00+00:00,109000.0,110000.0,2025-07-03 09:41:00+00:00,33.70786516853933,6144.05417886194,0.5486257800998593,6166.344389433187,0.24124626327182597,21 days 15:42:00
1144,CLOSED,2025-06-12 03:20:00+00:00,108000.0,109000.0,2025-07-02 16:05:00+00:00,33.70786516853933,6130.663188899807,0.5498241239148624,6153.021093291278,0.24410393258426666,20 days 12:45:00
1145,CLOSED,2025-06-12 11:38:00+00:00,107000.0,108000.0,2025-06-12 17:17:00+00:00,33.70786516853933,6116.960401184864,0.5510558015384579,6130.9104849199675,0.24701501627637867,0 days 05:39:00
1146,CLOSED,2025-06-12 19:52:00+00:00,107000.0,108000.0,2025-06-16 17:38:00+00:00,33.70786516853933,6117.20741620114,0.5510335497087382,6132.681800327858,0.24701501627637867,3 days 21:46:00
1147,CLOSED,2025-06-12 20:44:00+00:00,106000.0,107000.0,2025-06-16 07:30:00+00:00,33.70786516853933,6103.189916735699,0.5522991358356424,6118.732000565618,0.24998102607590056,3 days 10:46:00
1148,CLOSED,2025-06-13 00:02:00+00:00,105000.0,106000.0,2025-06-13 23:43:00+00:00,33.70786516853933,6088.8547365409795,0.5535994308789907,6103.958516037031,0.25300353130015907,0 days 23:41:00
1149,CLOSED,2025-06-13 00:24:00+00:00,104000.0,105000.0,2025-06-13 08:01:00+00:00,33.70786516853933,6074.198850086229,0.5549351610058142,6089.370335394727,0.2560841616248979,0 days 07:37:00
1150,CLOSED,2025-06-13 01:04:00+00:00,103000.0,104000.0,2025-06-13 03:12:00+00:00,33.70786516853933,6059.219173657408,0.5563070785603041,6074.458367921943,0.2592246100141793,0 days 02:08:00
1151,CLOSED,2025-06-14 07:06:00+00:00,105000.0,106000.0,2025-06-15 05:58:00+00:00,33.70786516853933,6089.623048843918,0.5535295846421657,6104.211519568331,0.25300353130015907,0 days 22:52:00
1152,CLOSED,2025-06-15 09:06:00+00:00,105000.0,106000.0,2025-06-16 04:14:00+00:00,33.70786516853933,6089.876052375218,0.5535065882891383,6104.464523099631,0.25300353130015907,0 days 19:08:00
1153,CLOSED,2025-06-16 23:47:00+00:00,107000.0,108000.0,2025-06-25 13:44:00+00:00,33.70786516853933,6118.978731609031,0.5508740371070974,6138.147961219377,0.24701501627637867,8 days 13:57:00
1154,CLOSED,2025-06-17 10:33:00+00:00,106000.0,107000.0,2025-06-25 10:21:00+00:00,33.70786516853933,6104.961232143589,0.5521388897780721,6124.198161457138,0.24998102607590056,7 days 23:48:00
1155,CLOSED,2025-06-17 14:06:00+00:00,105000.0,106000.0,2025-06-20 08:05:00+00:00,33.70786516853933,6090.62605194887,0.5534384294986151,6106.238859319779,0.25300353130015907,2 days 17:59:00
1156,CLOSED,2025-06-17 16:49:00+00:00,104000.0,105000.0,2025-06-17 19:17:00+00:00,33.70786516853933,6075.970165494119,0.5547733818702529,6090.882426192603,0.2560841616248979,0 days 02:28:00
1157,CLOSED,2025-06-18 13:17:00+00:00,104000.0,105000.0,2025-06-18 14:13:00+00:00,33.70786516853933,6076.226249655743,0.5547500007994122,6091.138510354227,0.2560841616248979,0 days 00:56:00
1158,CLOSED,2025-06-18 17:31:00+00:00,104000.0,105000.0,2025-06-18 21:52:00+00:00,33.70786516853933,6076.482333817367,0.5547266216992912,6091.394594515851,0.2560841616248979,0 days 04:21:00
1159,CLOSED,2025-06-19 16:57:00+00:00,104000.0,105000.0,2025-06-20 07:19:00+00:00,33.70786516853933,6076.7384179789915,0.5547032445696408,6091.650678677475,0.2560841616248979,0 days 14:22:00
1160,CLOSED,2025-06-20 14:42:00+00:00,105000.0,106000.0,2025-06-23 22:26:00+00:00,33.70786516853933,6091.903392126666,0.553322385448598,6109.67768045985,0.25300353130015907,3 days 07:44:00
1161,CLOSED,2025-06-20 14:59:00+00:00,104000.0,105000.0,2025-06-23 22:09:00+00:00,33.70786516853933,6077.247505671916,0.5546567773828475,6095.089499817546,0.2560841616248979,3 days 07:10:00
1162,CLOSED,2025-06-20 17:20:00+00:00,103000.0,104000.0,2025-06-23 21:15:00+00:00,33.70786516853933,6062.267829243094,0.5560273171360021,6080.177532344763,0.2592246100141793,3 days 03:55:00
1163,CLOSED,2025-06-21 21:24:00+00:00,102000.0,103000.0,2025-06-22 00:33:00+00:00,33.70786516853933,6046.96121924822,0.5574347832964937,6062.796244377931,0.2624266358228695,0 days 03:09:00
1164,CLOSED,2025-06-21 23:34:00+00:00,101000.0,102000.0,2025-06-21 23:57:00+00:00,33.70786516853933,6031.324470456255,0.558879982890216,6047.227211015936,0.26569206808321155,0 days 00:23:00
1165,CLOSED,2025-06-22 02:10:00+00:00,102000.0,103000.0,2025-06-23 18:12:00+00:00,33.70786516853933,6047.489337952125,0.5573861033040515,6064.938634511158,0.2624266358228695,1 days 16:02:00
1166,CLOSED,2025-06-22 13:30:00+00:00,101000.0,102000.0,2025-06-23 06:16:00+00:00,33.70786516853933,6031.85258916016,0.5588310501671695,6048.569194204008,0.26569206808321155,0 days 16:46:00
1167,CLOSED,2025-06-22 14:21:00+00:00,100000.0,101000.0,2025-06-22 23:01:00+00:00,33.70786516853933,6015.882432870141,0.5603145597454355,6032.666756678034,0.2690228089887654,0 days 08:40:00
1168,CLOSED,2025-06-22 15:59:00+00:00,99000.0,100000.0,2025-06-22 17:10:00+00:00,33.70786516853933,5999.575535007089,0.5618374995340317,6016.155160142868,0.2724208375893724,0 days 01:11:00
1169,CLOSED,2025-06-22 19:43:00+00:00,99000.0,100000.0,2025-06-22 22:05:00+00:00,33.70786516853933,5999.847955844678,0.561811989513888,6016.427580980458,0.2724208375893724,0 days 02:22:00
1170,CLOSED,2025-06-23 13:31:00+00:00,101000.0,102000.0,2025-06-23 13:44:00+00:00,33.70786516853933,6032.932145712411,0.558731050746119,6048.834886272091,0.26569206808321155,0 days 00:13:00
1171,CLOSED,2025-06-23 16:15:00+00:00,101000.0,102000.0,2025-06-23 17:28:00+00:00,33.70786516853933,6033.1978377804935,0.5587064451534687,6049.369601149163,0.26569206808321155,0 days 01:13:00
1172,CLOSED,2025-06-23 16:32:00+00:00,100000.0,101000.0,2025-06-23 17:05:00+00:00,33.70786516853933,6017.227681490474,0.5601892923584678,6033.467163623189,0.2690228089887654,0 days 00:33:00
1173,CLOSED,2025-06-23 22:43:00+00:00,105000.0,106000.0,2025-06-24 16:54:00+00:00,33.70786516853933,6095.342213266737,0.5530102164759989,6109.9306839911505,0.25300353130015907,0 days 18:11:00
1174,CLOSED,2025-06-25 15:19:00+00:00,107000.0,108000.0,2025-06-25 21:03:00+00:00,33.70786516853933,6124.44489250055,0.550382373589727,6138.394976235653,0.24701501627637867,0 days 05:44:00
1175,CLOSED,2025-06-26 13:48:00+00:00,107000.0,108000.0,2025-06-26 20:45:00+00:00,33.70786516853933,6124.691907516826,0.550360176112201,6138.6419912519295,0.24701501627637867,0 days 06:57:00
1176,CLOSED,2025-06-26 21:34:00+00:00,107000.0,108000.0,2025-06-29 10:04:00+00:00,33.70786516853933,6124.938922533102,0.5503379804250963,6138.889006268206,0.24701501627637867,2 days 12:30:00
1177,CLOSED,2025-06-30 14:53:00+00:00,107000.0,108000.0,2025-07-02 14:14:00+00:00,33.70786516853933,6125.185937549379,0.5503157865281961,6139.386002310557,0.24701501627637867,1 days 23:21:00
1178,CLOSED,2025-07-01 14:42:00+00:00,106000.0,107000.0,2025-07-02 06:50:00+00:00,33.70786516853933,6111.168438083937,0.5515780739813467,6125.436202548318,0.24998102607590056,0 days 16:08:00
1179,CLOSED,2025-07-03 12:39:00+00:00,109000.0,110000.0,2025-07-03 13:38:00+00:00,33.70786516853933,6153.262061464661,0.5478048038882948,6166.585635696458,0.24124626327182597,0 days 00:59:00
1180,CLOSED,2025-07-04 04:48:00+00:00,109000.0,110000.0,2025-07-09 19:21:00+00:00,33.70786516853933,6153.503307727932,0.5477833273642188,6167.315089824897,0.24124626327182597,5 days 14:33:00
1181,CLOSED,2025-07-04 13:58:00+00:00,108000.0,109000.0,2025-07-06 13:51:00+00:00,33.70786516853933,6140.112317765799,0.5489779897186734,6153.747689750404,0.24410393258426666,1 days 23:53:00
1182,CLOSED,2025-07-07 14:37:00+00:00,108000.0,109000.0,2025-07-08 11:06:00+00:00,33.70786516853933,6140.356421698383,0.5489561656294856,6153.991793682988,0.24410393258426666,0 days 20:29:00
1183,CLOSED,2025-07-11 15:53:00+00:00,117000.0,118000.0,2025-07-11 19:21:00+00:00,33.70786516853933,6244.958236444853,0.5397612584792661,6252.379838486293,0.22014347450303262,0 days 03:28:00
1184,CLOSED,2025-07-12 15:42:00+00:00,117000.0,118000.0,2025-07-13 07:37:00+00:00,33.70786516853933,6245.178379919356,0.539742231813955,6252.599981960796,0.22014347450303262,0 days 15:55:00
1185,CLOSED,2025-07-14 09:28:00+00:00,122000.0,123000.0,2025-08-13 21:08:00+00:00,33.70786516853933,6276.772248772984,0.5370254620139948,6291.217192149683,0.20835964265978646,30 days 11:40:00
1186,CLOSED,2025-07-14 14:32:00+00:00,121000.0,122000.0,2025-08-11 03:16:00+00:00,33.70786516853933,6273.27696918219,0.5373246763076304,6286.724718317894,0.21063849939640988,27 days 12:44:00
1187,CLOSED,2025-07-14 15:45:00+00:00,120000.0,121000.0,2025-08-11 02:13:00+00:00,33.70786516853933,6269.503390770708,0.5376480889724127,6283.018802546861,0.21295533707865388,27 days 10:28:00
1188,CLOSED,2025-07-15 01:20:00+00:00,119000.0,120000.0,2025-07-16 21:00:00+00:00,33.70786516853933,6265.449194381697,0.5379959859664264,6270.599567061498,0.2153111132093244,1 days 19:40:00
1189,CLOSED,2025-07-15 02:17:00+00:00,118000.0,119000.0,2025-07-16 09:12:00+00:00,33.70786516853933,6261.112021880894,0.5383686643960283,6266.330061957381,0.21770681774900424,1 days 06:55:00
1190,CLOSED,2025-07-15 03:37:00+00:00,117000.0,118000.0,2025-07-15 13:12:00+00:00,33.70786516853933,6256.489475165656,0.5387664328748324,6261.332419460841,0.22014347450303262,0 days 09:35:00
1191,CLOSED,2025-07-15 14:42:00+00:00,117000.0,118000.0,2025-07-16 00:47:00+00:00,33.70786516853933,6256.709618640158,0.5387474762791604,6261.775185077924,0.22014347450303262,0 days 10:05:00
1192,CLOSED,2025-07-15 14:54:00+00:00,116000.0,117000.0,2025-07-15 16:09:00+00:00,33.70786516853933,6251.799258614634,0.5391706255137951,6256.932497369332,0.22262214258039137,0 days 01:15:00
1193,CLOSED,2025-07-16 22:38:00+00:00,119000.0,120000.0,2025-07-17 21:07:00+00:00,33.70786516853933,6266.545121404241,0.5379018983427648,6271.250291810205,0.2153111132093244,0 days 22:29:00
1194,CLOSED,2025-07-17 01:47:00+00:00,118000.0,119000.0,2025-07-17 09:25:00+00:00,33.70786516853933,6262.207948903439,0.5382744463866269,6266.763079888339,0.21770681774900424,0 days 07:38:00
1195,CLOSED,2025-07-17 11:57:00+00:00,118000.0,119000.0,2025-07-17 15:41:00+00:00,33.70786516853933,6262.425655721187,0.5382557338264721,6266.980786706088,0.21770681774900424,0 days 03:44:00
1196,CLOSED,2025-07-18 08:31:00+00:00,119000.0,120000.0,2025-07-22 18:55:00+00:00,33.70786516853933,6267.195846152948,0.5378460478338257,6272.996860617919,0.2153111132093244,4 days 10:24:00
1197,CLOSED,2025-07-18 14:22:00+00:00,118000.0,119000.0,2025-07-21 06:30:00+00:00,33.70786516853933,6262.858673652145,0.5382185184913778,6267.854091586052,0.21770681774900424,2 days 16:08:00
1198,CLOSED,2025-07-18 20:27:00+00:00,117000.0,118000.0,2025-07-18 23:48:00+00:00,33.70786516853933,6258.236126936907,0.5386160650515058,6263.079071232092,0.22014347450303262,0 days 03:21:00
1199,CLOSED,2025-07-20 22:13:00+00:00,117000.0,118000.0,2025-07-21 02:28:00+00:00,33.70786516853933,6258.456270411409,0.5385971190356099,6263.299214706596,0.22014347450303262,0 days 04:15:00
1200,CLOSED,2025-07-21 12:00:00+00:00,118000.0,119000.0,2025-07-21 13:52:00+00:00,33.70786516853933,6263.5166674189,0.5381619776615015,6268.071798403801,0.21770681774900424,0 days 01:52:00
1201,CLOSED,2025-07-21 16:07:00+00:00,118000.0,119000.0,2025-07-22 11:05:00+00:00,33.70786516853933,6263.734374236648,0.5381432729201141,6268.509648696053,0.21770681774900424,0 days 18:58:00
1202,CLOSED,2025-07-21 19:00:00+00:00,117000.0,118000.0,2025-07-22 07:05:00+00:00,33.70786516853933,6259.11182752141,0.5385407082890792,6263.954771816596,0.22014347450303262,0 days 12:05:00
1203,CLOSED,2025-07-22 14:00:00+00:00,118000.0,119000.0,2025-07-22 14:58:00+00:00,33.70786516853933,6264.1722245289,0.5381056580237038,6268.727355513802,0.21770681774900424,0 days 00:58:00
1204,CLOSED,2025-07-23 02:45:00+00:00,119000.0,120000.0,2025-08-11 02:00:00+00:00,33.70786516853933,6268.942414960662,0.5376962003686047,6279.032271156434,0.2153111132093244,18 days 23:15:00
1205,CLOSED,2025-07-23 09:29:00+00:00,118000.0,119000.0,2025-07-24 00:29:00+00:00,33.70786516853933,6264.605242459858,0.5380684634376676,6269.16037344476,0.21770681774900424,0 days 15:00:00
1206,CLOSED,2025-07-24 04:41:00+00:00,118000.0,119000.0,2025-07-24 14:58:00+00:00,33.70786516853933,6264.822949277608,0.5380497651960964,6269.378080262509,0.21770681774900424,0 days 10:17:00
1207,CLOSED,2025-07-25 00:22:00+00:00,118000.0,119000.0,2025-07-27 16:12:00+00:00,33.70786516853933,6265.040656095356,0.5380310682540331,6270.488840533197,0.21770681774900424,2 days 15:50:00
1208,CLOSED,2025-07-25 02:35:00+00:00,117000.0,118000.0,2025-07-26 10:40:00+00:00,33.70786516853933,6260.418109380118,0.5384283378459038,6265.933963653741,0.22014347450303262,1 days 08:05:00
1209,CLOSED,2025-07-25 03:06:00+00:00,116000.0,117000.0,2025-07-25 20:33:00+00:00,33.70786516853933,6255.507749354593,0.5388509857096271,6261.091275945148,0.22262214258039137,0 days 17:27:00
1210,CLOSED,2025-07-25 07:12:00+00:00,115000.0,116000.0,2025-07-25 09:59:00+00:00,33.70786516853933,6250.307094869558,0.5392993441267513,6255.7331523834155,0.22514391792867627,0 days 02:47:00
1211,CLOSED,2025-07-25 14:57:00+00:00,115000.0,116000.0,2025-07-25 16:48:00+00:00,33.70786516853933,6250.532238787486,0.5392799185862319,6255.958296301344,0.22514391792867627,0 days 01:51:00
1212,CLOSED,2025-07-28 14:34:00+00:00,118000.0,119000.0,2025-07-29 06:20:00+00:00,33.70786516853933,6266.151416366045,0.53793569495465,6270.706547350946,0.21770681774900424,0 days 15:46:00
1213,CLOSED,2025-07-29 14:08:00+00:00,118000.0,119000.0,2025-08-10 15:08:00+00:00,33.70786516853933,6266.369123183793,0.5379170059393688,6274.762766052317,0.21770681774900424,12 days 01:00:00
1214,CLOSED,2025-07-29 16:38:00+00:00,117000.0,118000.0,2025-07-29 17:30:00+00:00,33.70786516853933,6261.746576468555,0.5383141070450282,6266.58952076374,0.22014347450303262,0 days 00:52:00
1215,CLOSED,2025-07-30 18:49:00+00:00,117000.0,118000.0,2025-07-31 00:27:00+00:00,33.70786516853933,6261.966719943057,0.5382951822657699,6267.032286380823,0.22014347450303262,0 days 05:38:00
1216,CLOSED,2025-07-30 19:04:00+00:00,116000.0,117000.0,2025-07-30 19:49:00+00:00,33.70786516853933,6257.056359917533,0.5387176210281666,6262.189598672231,0.22262214258039137,0 days 00:45:00
1217,CLOSED,2025-07-31 19:35:00+00:00,117000.0,118000.0,2025-08-10 03:20:00+00:00,33.70786516853933,6262.40948556014,0.538257123656045,6270.20788917286,0.22014347450303262,9 days 07:45:00
1218,CLOSED,2025-07-31 23:00:00+00:00,116000.0,117000.0,2025-08-07 19:42:00+00:00,33.70786516853933,6257.499125534616,0.5386795026624868,6265.142579321688,0.22262214258039137,6 days 20:42:00
1219,CLOSED,2025-08-01 00:50:00+00:00,115000.0,116000.0,2025-08-01 02:40:00+00:00,33.70786516853933,6252.29847104958,0.5391275756366882,6257.724528563438,0.22514391792867627,0 days 01:50:00
1220,CLOSED,2025-08-01 07:11:00+00:00,115000.0,116000.0,2025-08-01 13:12:00+00:00,33.70786516853933,6252.523614967508,0.5391081624681635,6257.949672481366,0.22514391792867627,0 days 06:01:00
1221,CLOSED,2025-08-01 13:44:00+00:00,115000.0,116000.0,2025-08-07 10:33:00+00:00,33.70786516853933,6252.7487588854365,0.5390887506976662,6260.009599677884,0.22514391792867627,5 days 20:49:00
1222,CLOSED,2025-08-01 14:03:00+00:00,114000.0,115000.0,2025-08-01 14:10:00+00:00,33.70786516853933,6247.25528564124,0.5395627940163396,6252.976730499865,0.22770993494973624,0 days 00:07:00
1223,CLOSED,2025-08-01 18:16:00+00:00,114000.0,115000.0,2025-08-04 01:03:00+00:00,33.70786516853933,6247.48299557619,0.5395431278869857,6253.898062605405,0.22770993494973624,2 days 06:47:00
1224,CLOSED,2025-08-01 22:43:00+00:00,113000.0,114000.0,2025-08-02 04:30:00+00:00,33.70786516853933,6241.694134987228,0.5400435272788051,6247.713581237917,0.2303213682012526,0 days 05:47:00
1225,CLOSED,2025-08-02 14:41:00+00:00,113000.0,114000.0,2025-08-03 11:07:00+00:00,33.70786516853933,6241.924456355428,0.540023600160981,6248.176882040308,0.2303213682012526,0 days 20:26:00
1226,CLOSED,2025-08-03 00:37:00+00:00,112000.0,113000.0,2025-08-03 01:01:00+00:00,33.70786516853933,6235.837594374401,0.5405507224714855,6242.157702743871,0.23297943418941003,0 days 00:24:00
1227,CLOSED,2025-08-05 07:36:00+00:00,114000.0,115000.0,2025-08-05 10:26:00+00:00,33.70786516853933,6248.40432768173,0.5394635718307549,6254.125772540355,0.22770993494973624,0 days 02:50:00
1228,CLOSED,2025-08-05 12:39:00+00:00,114000.0,115000.0,2025-08-06 14:57:00+00:00,33.70786516853933,6248.63203761668,0.539443912933558,6254.583803843505,0.22770993494973624,1 days 02:18:00
1229,CLOSED,2025-08-05 14:32:00+00:00,113000.0,114000.0,2025-08-05 23:03:00+00:00,33.70786516853933,6242.8431770277175,0.5399441282231279,6248.862623278407,0.2303213682012526,0 days 08:31:00
1230,CLOSED,2025-08-08 15:40:00+00:00,116000.0,117000.0,2025-08-09 08:43:00+00:00,33.70786516853933,6260.231962709569,0.5384443478984093,6265.365201464268,0.22262214258039137,0 days 17:03:00
1231,CLOSED,2025-08-11 10:57:00+00:00,121000.0,122000.0,2025-08-13 13:57:00+00:00,33.70786516853933,6283.2291941361445,0.536473589090103,6287.578934380787,0.21063849939640988,2 days 03:00:00
1232,CLOSED,2025-08-11 12:31:00+00:00,120000.0,121000.0,2025-08-13 13:49:00+00:00,33.70786516853933,6279.4556157246625,0.5367959777298206,6283.873018609754,0.21295533707865388,2 days 01:18:00
1233,CLOSED,2025-08-11 19:51:00+00:00,119000.0,120000.0,2025-08-12 16:03:00+00:00,33.70786516853933,6275.401419335652,0.5371427724874981,6279.671176106118,0.2153111132093244,0 days 20:12:00
1234,CLOSED,2025-08-13 05:51:00+00:00,119000.0,120000.0,2025-08-13 08:59:00+00:00,33.70786516853933,6275.616730448861,0.537124343572339,6279.886487219327,0.2153111132093244,0 days 03:08:00
1235,CLOSED,2025-08-13 14:52:00+00:00,121000.0,122000.0,2025-08-13 19:10:00+00:00,33.70786516853933,6284.083410199038,0.5364006644760893,6287.789572880183,0.21063849939640988,0 days 04:18:00
1236,CLOSED,2025-08-14 05:00:00+00:00,123000.0,124000.0,2025-10-05 02:34:00+00:00,33.70786516853933,6291.880878310072,0.5357359082359626,6311.008545548777,0.2061178405042483,51 days 21:34:00
1237,CLOSED,2025-08-14 06:00:00+00:00,122000.0,123000.0,2025-10-03 16:11:00+00:00,33.70786516853933,6289.184231276183,0.5359656185759314,6307.962837269725,0.20835964265978646,50 days 10:11:00
1238,CLOSED,2025-08-14 10:52:00+00:00,121000.0,122000.0,2025-10-03 15:53:00+00:00,33.70786516853933,6286.211566559479,0.5362190694925665,6305.057832874315,0.21063849939640988,50 days 05:01:00
1239,CLOSED,2025-08-14 12:33:00+00:00,120000.0,121000.0,2025-10-02 19:12:00+00:00,33.70786516853933,6282.960603022087,0.5364965228705387,6301.661576640293,0.21295533707865388,49 days 06:39:00
1240,CLOSED,2025-08-14 12:34:00+00:00,119000.0,120000.0,2025-10-02 16:11:00+00:00,33.70786516853933,6279.429021507166,0.5367982511322167,6298.197660123956,0.2153111132093244,49 days 03:37:00
1241,CLOSED,2025-08-14 12:35:00+00:00,118000.0,119000.0,2025-08-14 12:36:00+00:00,33.70786516853933,6275.614463880452,0.5371245375659434,6279.646979991263,0.21770681774900424,0 days 00:01:00
1242,CLOSED,2025-08-14 13:40:00+00:00,118000.0,119000.0,2025-08-14 14:31:00+00:00,33.70786516853933,6275.832170698201,0.5371059048698119,6279.864686809012,0.21770681774900424,0 days 00:51:00
1243,CLOSED,2025-08-14 15:37:00+00:00,118000.0,119000.0,2025-08-15 03:29:00+00:00,33.70786516853933,6276.049877515949,0.5370872734663614,6280.082393626761,0.21770681774900424,0 days 11:52:00
1244,CLOSED,2025-08-15 13:42:00+00:00,118000.0,119000.0,2025-10-02 00:02:00+00:00,33.70786516853933,6276.267584333698,0.5370686433554573,6294.450769893928,0.21770681774900424,47 days 10:20:00
1245,CLOSED,2025-08-15 15:09:00+00:00,117000.0,118000.0,2025-08-17 04:50:00+00:00,33.70786516853933,6272.167652492549,0.5374197093590742,6276.487981913646,0.22014347450303262,1 days 13:41:00
1246,CLOSED,2025-08-18 01:29:00+00:00,117000.0,118000.0,2025-10-01 16:37:00+00:00,33.70786516853933,6272.387795967052,0.5374008474127258,6290.198364414058,0.22014347450303262,44 days 15:08:00
1247,CLOSED,2025-08-18 02:07:00+00:00,116000.0,117000.0,2025-08-22 15:45:00+00:00,33.70786516853933,6268.000050815617,0.5377770404477442,6274.212616005823,0.22262214258039137,4 days 13:38:00
1248,CLOSED,2025-08-18 03:48:00+00:00,115000.0,116000.0,2025-08-18 15:50:00+00:00,33.70786516853933,6263.322011204671,0.5381787030626587,6268.2254538444395,0.22514391792867627,0 days 12:02:00
1249,CLOSED,2025-08-19 03:43:00+00:00,115000.0,116000.0,2025-08-22 14:40:00+00:00,33.70786516853933,6263.547155122599,0.5381593581677051,6269.602251236109,0.22514391792867627,3 days 10:57:00
1250,CLOSED,2025-08-19 14:42:00+00:00,114000.0,115000.0,2025-08-22 14:08:00+00:00,33.70786516853933,6258.576296752493,0.5385867898747191,6264.699070275819,0.22770993494973624,2 days 23:26:00
1251,CLOSED,2025-08-19 18:43:00+00:00,113000.0,114000.0,2025-08-20 08:56:00+00:00,33.70786516853933,6253.310051037621,0.5390403625188253,6258.806882414221,0.2303213682012526,0 days 14:13:00
1252,CLOSED,2025-08-20 13:45:00+00:00,113000.0,114000.0,2025-08-20 15:07:00+00:00,33.70786516853933,6253.5403724058215,0.5390205093626261,6259.037203782422,0.2303213682012526,0 days 01:22:00
1253,CLOSED,2025-08-21 11:55:00+00:00,113000.0,114000.0,2025-08-22 14:03:00+00:00,33.70786516853933,6253.770693774022,0.5390006576687788,6259.500504584812,0.2303213682012526,1 days 02:08:00
1254,CLOSED,2025-08-22 12:31:00+00:00,112000.0,113000.0,2025-08-22 14:00:00+00:00,33.70786516853933,6248.2064466670845,0.5394806566693994,6254.0039401624645,0.23297943418941003,0 days 01:29:00
1255,CLOSED,2025-08-23 02:26:00+00:00,116000.0,117000.0,2025-09-17 02:52:00+00:00,33.70786516853933,6269.8246142677945,0.5376205435130152,6282.4219729243905,0.22262214258039137,25 days 00:26:00
1256,CLOSED,2025-08-23 13:29:00+00:00,115000.0,116000.0,2025-09-12 00:44:00+00:00,33.70786516853933,6265.146574656848,0.5380219723013513,6276.9110324829635,0.22514391792867627,19 days 11:15:00
1257,CLOSED,2025-08-24 19:34:00+00:00,114000.0,115000.0,2025-09-11 22:24:00+00:00,33.70786516853933,6260.1757162867425,0.5384491857128466,6272.007851522674,0.22770993494973624,18 days 02:50:00
1258,CLOSED,2025-08-24 19:36:00+00:00,113000.0,114000.0,2025-09-10 13:44:00+00:00,33.70786516853933,6254.90947057187,0.5389025265214191,6266.809285831667,0.2303213682012526,16 days 18:08:00
1259,CLOSED,2025-08-24 19:37:00+00:00,112000.0,113000.0,2025-08-24 19:44:00+00:00,33.70786516853933,6249.345223464932,0.5393823506816943,6255.37840235357,0.23297943418941003,0 days 00:07:00
1260,CLOSED,2025-08-24 19:37:00+00:00,111000.0,112000.0,2025-08-24 19:38:00+00:00,33.70786516853933,6243.480314239215,0.5398890277857267,6249.581178521112,0.23568539325842863,0 days 00:01:00
1261,CLOSED,2025-08-24 19:56:00+00:00,112000.0,113000.0,2025-08-24 21:32:00+00:00,33.70786516853933,6249.8138882923795,0.5393419031514431,6255.6113817877595,0.23297943418941003,0 days 01:36:00
1262,CLOSED,2025-08-25 06:45:00+00:00,112000.0,113000.0,2025-08-28 04:50:00+00:00,33.70786516853933,6250.046867726569,0.5393217984107763,6257.5024750030925,0.23297943418941003,2 days 22:05:00
1263,CLOSED,2025-08-25 08:07:00+00:00,111000.0,112000.0,2025-08-25 14:17:00+00:00,33.70786516853933,6244.181958500852,0.5398283617063613,6250.282822782749,0.23568539325842863,0 days 06:10:00
1264,CLOSED,2025-08-25 19:56:00+00:00,111000.0,112000.0,2025-08-26 23:03:00+00:00,33.70786516853933,6244.4176438941095,0.5398079867623751,6250.998194990861,0.23568539325842863,1 days 03:07:00
1265,CLOSED,2025-08-25 20:11:00+00:00,110000.0,111000.0,2025-08-26 19:21:00+00:00,33.70786516853933,6238.249363881875,0.5403417401635247,6244.897603129801,0.2384405515832526,0 days 23:10:00
1266,CLOSED,2025-08-26 00:45:00+00:00,109000.0,110000.0,2025-08-26 02:09:00+00:00,33.70786516853933,6231.774955166882,0.5409031200748272,6238.490885374504,0.24124626327182597,0 days 01:24:00
1267,CLOSED,2025-08-27 03:11:00+00:00,111000.0,112000.0,2025-08-27 14:26:00+00:00,33.70786516853933,6245.1330161022215,0.5397461524298715,6251.2338803841185,0.23568539325842863,0 days 11:15:00
1268,CLOSED,2025-08-27 20:21:00+00:00,111000.0,112000.0,2025-08-27 20:26:00+00:00,33.70786516853933,6245.368701495479,0.5397257836910068,6251.469565777376,0.23568539325842863,0 days 00:05:00
1269,CLOSED,2025-08-28 00:24:00+00:00,111000.0,112000.0,2025-08-28 03:32:00+00:00,33.70786516853933,6245.604386888737,0.5397054164894197,6251.705251170634,0.23568539325842863,0 days 03:08:00
1270,CLOSED,2025-08-28 19:55:00+00:00,112000.0,113000.0,2025-09-05 12:30:00+00:00,33.70786516853933,6251.937960941902,0.5391586637475364,6260.136951202841,0.23297943418941003,7 days 16:35:00
1271,CLOSED,2025-08-29 06:29:00+00:00,111000.0,112000.0,2025-09-03 14:39:00+00:00,33.70786516853933,6246.073051716185,0.5396649204939683,6253.865601425542,0.23568539325842863,5 days 08:10:00
1272,CLOSED,2025-08-29 07:56:00+00:00,110000.0,111000.0,2025-08-29 12:30:00+00:00,33.70786516853933,6239.90477170395,0.5401983908695872,6246.311764688605,0.2384405515832526,0 days 04:34:00
1273,CLOSED,2025-08-29 13:35:00+00:00,110000.0,111000.0,2025-09-02 13:50:00+00:00,33.70786516853933,6240.143212255533,0.5401777494839808,6247.765009564482,0.2384405515832526,4 days 00:15:00
1274,CLOSED,2025-08-29 13:56:00+00:00,109000.0,110000.0,2025-09-02 02:58:00+00:00,33.70786516853933,6233.6688035405405,0.5407387885187974,6241.117045545914,0.24124626327182597,3 days 13:02:00
1275,CLOSED,2025-08-29 19:02:00+00:00,108000.0,109000.0,2025-08-31 00:38:00+00:00,33.70786516853933,6226.8854576025815,0.5413278499829226,6233.913185563012,0.24410393258426666,1 days 05:36:00
1276,CLOSED,2025-09-01 00:09:00+00:00,108000.0,109000.0,2025-09-01 07:50:00+00:00,33.70786516853933,6227.1295615351655,0.5413066298917566,6234.157289495596,0.24410393258426666,0 days 07:41:00
1277,CLOSED,2025-09-01 21:32:00+00:00,108000.0,109000.0,2025-09-01 23:40:00+00:00,33.70786516853933,6227.37366546775,0.5412854114641837,6234.40139342818,0.24410393258426666,0 days 02:08:00
1278,CLOSED,2025-09-02 12:43:00+00:00,109000.0,110000.0,2025-09-02 13:36:00+00:00,33.70786516853933,6234.642361601564,0.5406543505388881,6241.358291809185,0.24124626327182597,0 days 00:53:00
1279,CLOSED,2025-09-04 04:58:00+00:00,111000.0,112000.0,2025-09-05 07:01:00+00:00,33.70786516853933,6248.000422536903,0.5394984457259812,6254.339727370383,0.23568539325842863,1 days 02:03:00
1280,CLOSED,2025-09-04 14:05:00+00:00,110000.0,111000.0,2025-09-04 22:56:00+00:00,33.70786516853933,6241.832142524669,0.5400315868620158,6248.239135509323,0.2384405515832526,0 days 08:51:00
1281,CLOSED,2025-09-05 14:15:00+00:00,112000.0,113000.0,2025-09-09 06:47:00+00:00,33.70786516853933,6254.572437141651,0.5389315657833179,6260.844056581872,0.23297943418941003,3 days 16:32:00
1282,CLOSED,2025-09-05 14:26:00+00:00,111000.0,112000.0,2025-09-08 09:14:00+00:00,33.70786516853933,6248.7075279159335,0.5394373959406861,6255.046832749414,0.23568539325842863,2 days 18:48:00
1283,CLOSED,2025-09-06 16:21:00+00:00,110000.0,111000.0,2025-09-07 08:21:00+00:00,33.70786516853933,6242.539247903699,0.5399704163631608,6248.946240888354,0.2384405515832526,0 days 16:00:00
1284,CLOSED,2025-09-09 14:33:00+00:00,112000.0,113000.0,2025-09-10 12:30:00+00:00,33.70786516853933,6255.279542520681,0.5388706442199404,6261.312721409319,0.23297943418941003,0 days 21:57:00
1285,CLOSED,2025-09-09 15:37:00+00:00,111000.0,112000.0,2025-09-10 07:23:00+00:00,33.70786516853933,6249.414633294964,0.5393763599706469,6255.515497576861,0.23568539325842863,0 days 15:46:00
1286,CLOSED,2025-09-12 08:06:00+00:00,115000.0,116000.0,2025-09-12 18:09:00+00:00,33.70786516853933,6272.232733761123,0.5374141330423261,6277.136176400892,0.22514391792867627,0 days 10:03:00
1287,CLOSED,2025-09-15 00:10:00+00:00,115000.0,116000.0,2025-09-15 04:22:00+00:00,33.70786516853933,6272.457877679051,0.5373948430724574,6277.36132031882,0.22514391792867627,0 days 04:12:00
1288,CLOSED,2025-09-15 08:50:00+00:00,115000.0,116000.0,2025-09-16 06:11:00+00:00,33.70786516853933,6272.683021596979,0.5373755544873292,6277.586464236748,0.22514391792867627,0 days 21:21:00
1289,CLOSED,2025-09-16 13:45:00+00:00,115000.0,116000.0,2025-09-16 16:00:00+00:00,33.70786516853933,6272.9081655149075,0.5373562672867926,6277.811608154676,0.22514391792867627,0 days 02:15:00
1290,CLOSED,2025-09-17 13:36:00+00:00,116000.0,117000.0,2025-09-18 03:01:00+00:00,33.70786516853933,6278.033971186362,0.5369175337891576,6283.094882902827,0.22262214258039137,0 days 13:25:00
1291,CLOSED,2025-09-17 18:15:00+00:00,115000.0,116000.0,2025-09-17 18:28:00+00:00,33.70786516853933,6273.3559315754155,0.5373179130308702,6278.259374215184,0.22514391792867627,0 days 00:13:00
1292,CLOSED,2025-09-17 18:43:00+00:00,115000.0,116000.0,2025-09-17 20:08:00+00:00,33.70786516853933,6273.581075493344,0.537298629967711,6278.484518133112,0.22514391792867627,0 days 01:25:00
1293,CLOSED,2025-09-19 14:47:00+00:00,116000.0,117000.0,2025-10-01 14:02:00+00:00,33.70786516853933,6278.706881164798,0.5368599905445179,6285.8782915795555,0.22262214258039137,11 days 23:15:00
1294,CLOSED,2025-09-22 00:32:00+00:00,115000.0,116000.0,2025-10-01 08:48:00+00:00,33.70786516853933,6274.028841553852,0.5372602839388781,6281.267926809841,0.22514391792867627,9 days 08:16:00
1295,CLOSED,2025-09-22 05:59:00+00:00,114000.0,115000.0,2025-10-01 08:27:00+00:00,33.70786516853933,6269.057983183746,0.5376862880987545,6276.364745849552,0.22770993494973624,9 days 02:28:00
1296,CLOSED,2025-09-22 06:02:00+00:00,113000.0,114000.0,2025-09-29 14:41:00+00:00,33.70786516853933,6263.791737468873,0.5381383446532066,6270.935858790343,0.2303213682012526,7 days 08:39:00
1297,CLOSED,2025-09-22 06:02:00+00:00,112000.0,113000.0,2025-09-22 06:12:00+00:00,33.70786516853933,6258.227490361935,0.5386168083606989,6264.024983857315,0.23297943418941003,0 days 00:10:00
1298,CLOSED,2025-09-22 19:44:00+00:00,112000.0,113000.0,2025-09-23 06:35:00+00:00,33.70786516853933,6258.460469796125,0.5385967576405798,6264.257963291505,0.23297943418941003,0 days 10:51:00
1299,CLOSED,2025-09-23 17:46:00+00:00,112000.0,113000.0,2025-09-24 11:05:00+00:00,33.70786516853933,6258.693449230314,0.538576708413234,6264.490942725694,0.23297943418941003,0 days 17:19:00
1300,CLOSED,2025-09-25 04:19:00+00:00,112000.0,113000.0,2025-09-29 13:43:00+00:00,33.70786516853933,6258.926428664504,0.5385566606784948,6265.439294367996,0.23297943418941003,4 days 09:24:00
1301,CLOSED,2025-09-25 13:04:00+00:00,111000.0,112000.0,2025-09-28 22:46:00+00:00,33.70786516853933,6253.0615194387865,0.5390617869942949,6259.642070535538,0.23568539325842863,3 days 09:42:00
1302,CLOSED,2025-09-25 17:21:00+00:00,110000.0,111000.0,2025-09-28 22:05:00+00:00,33.70786516853933,6246.893239426552,0.5395940650273322,6253.541478674478,0.2384405515832526,3 days 04:44:00
1303,CLOSED,2025-09-25 17:56:00+00:00,109000.0,110000.0,2025-09-26 17:27:00+00:00,33.70786516853933,6240.418830711559,0.5401538916370429,6247.134760919181,0.24124626327182597,0 days 23:31:00
1304,CLOSED,2025-09-30 09:38:00+00:00,113000.0,114000.0,2025-09-30 19:30:00+00:00,33.70786516853933,6265.669348781944,0.5379770826095729,6271.166180158544,0.2303213682012526,0 days 09:52:00
1305,CLOSED,2025-10-01 17:49:00+00:00,117000.0,118000.0,2025-10-01 22:08:00+00:00,33.70786516853933,6286.098178467464,0.5362287417654878,6290.418507888561,0.22014347450303262,0 days 04:19:00
1306,CLOSED,2025-10-03 01:50:00+00:00,120000.0,121000.0,2025-10-03 15:18:00+00:00,33.70786516853933,6298.410366192788,0.535180517126495,6301.874531977372,0.21295533707865388,0 days 13:28:00
1307,CLOSED,2025-10-03 17:00:00+00:00,122000.0,123000.0,2025-10-03 17:11:00+00:00,33.70786516853933,6305.265947926018,0.5345986267181451,6308.171196912384,0.20835964265978646,0 days 00:11:00
1308,CLOSED,2025-10-03 17:51:00+00:00,122000.0,123000.0,2025-10-05 02:30:00+00:00,33.70786516853933,6305.474307568677,0.5345809613097403,6308.379556555044,0.20835964265978646,1 days 08:39:00
1309,CLOSED,2025-10-05 09:29:00+00:00,124000.0,125000.0,2025-10-06 13:57:00+00:00,33.70786516853933,6311.6714375647025,0.5340560816889603,6313.708190346147,0.20391219644798042,1 days 04:28:00
1310,CLOSED,2025-10-05 09:41:00+00:00,123000.0,124000.0,2025-10-06 00:16:00+00:00,33.70786516853933,6309.773386893424,0.5342167317538986,6311.877795470978,0.2061178405042483,0 days 14:35:00
1311,OPEN,2025-10-06 21:16:00+00:00,125000.0,126000.0,,33.70786516853933,6314.370288181413,0.5338278186128905,,-10.096025587415728,86 days 02:43:00
1312,CLOSED,2025-10-07 06:25:00+00:00,124000.0,125000.0,2025-10-07 12:56:00+00:00,33.70786516853933,6313.270798547115,0.5339207875622345,6314.574438235781,0.20391219644798042,0 days 06:31:00
1313,OPEN,2025-10-07 13:42:00+00:00,124000.0,125000.0,,33.70786516853933,6313.474710743563,0.5339035430232906,,-9.905607526277642,85 days 10:17:00
1314,CLOSED,2025-10-07 14:08:00+00:00,123000.0,124000.0,2025-10-08 17:31:00+00:00,33.70786516853933,6312.10365532456,0.5340195124981058,6314.7274245766075,0.2061178405042483,1 days 03:23:00
1315,CLOSED,2025-10-07 15:07:00+00:00,122000.0,123000.0,2025-10-08 10:38:00+00:00,33.70786516853933,6310.458826268945,0.5341587053578651,6312.733534275829,0.20835964265978646,0 days 19:31:00
1316,CLOSED,2025-10-07 16:24:00+00:00,121000.0,122000.0,2025-10-07 16:46:00+00:00,33.70786516853933,6308.537979530514,0.5343213479559314,6310.669709359296,0.21063849939640988,0 days 00:22:00
1317,CLOSED,2025-10-07 18:02:00+00:00,121000.0,122000.0,2025-10-07 19:52:00+00:00,33.70786516853933,6308.74861802991,0.5343035078653299,6310.8803478586915,0.21063849939640988,0 days 01:50:00
1318,CLOSED,2025-10-08 13:43:00+00:00,122000.0,123000.0,2025-10-08 14:01:00+00:00,33.70786516853933,6311.088462910395,0.5341054140919893,6312.941893918488,0.20835964265978646,0 days 00:18:00
1319,CLOSED,2025-10-08 15:48:00+00:00,122000.0,123000.0,2025-10-08 16:51:00+00:00,33.70786516853933,6311.296822553055,0.5340877812636893,6313.150253561147,0.20835964265978646,0 days 01:03:00
1320,OPEN,2025-10-08 20:58:00+00:00,123000.0,124000.0,,33.70786516853933,6313.356129091833,0.5339135711545573,,-9.712093236503154,84 days 03:01:00
1321,CLOSED,2025-10-09 02:19:00+00:00,122000.0,123000.0,2025-10-09 12:05:00+00:00,33.70786516853933,6311.711300036217,0.5340527087851105,6313.56473104431,0.20835964265978646,0 days 09:46:00
1322,OPEN,2025-10-09 14:08:00+00:00,122000.0,123000.0,,33.70786516853933,6311.919659678877,0.534035079436582,,-9.515406581322527,83 days 09:51:00
1323,CLOSED,2025-10-09 14:46:00+00:00,121000.0,122000.0,2025-10-10 13:26:00+00:00,33.70786516853933,6309.998812940446,0.534197646747758,6312.3434981063065,0.21063849939640988,0 days 22:40:00
1324,CLOSED,2025-10-09 16:58:00+00:00,120000.0,121000.0,2025-10-09 17:59:00+00:00,33.70786516853933,6307.799667381327,0.5343838889311635,6310.212015187637,0.21295533707865388,0 days 01:01:00
1325,OPEN,2025-10-10 14:57:00+00:00,121000.0,122000.0,,33.70786516853933,6310.422406776921,0.534161788160799,,-9.315468907048011,82 days 09:02:00
1326,OPEN,2025-10-10 15:04:00+00:00,120000.0,121000.0,,33.70786516853933,6308.223261217801,0.5343480053372751,,-9.112198938202244,82 days 08:55:00
1327,OPEN,2025-10-10 15:30:00+00:00,119000.0,120000.0,,33.70786516853933,6305.743497681155,0.5345581402246207,,-8.905512667359083,82 days 08:29:00
1328,OPEN,2025-10-10 17:05:00+00:00,118000.0,119000.0,,33.70786516853933,6302.980758032713,0.5347924492008164,,-8.695323239382972,82 days 06:54:00
1329,OPEN,2025-10-10 19:10:00+00:00,117000.0,118000.0,,33.70786516853933,6299.932644169838,0.5350511993129591,,-8.481540829732062,82 days 04:49:00
1330,CLOSED,2025-10-10 19:21:00+00:00,116000.0,117000.0,2025-10-10 19:45:00+00:00,33.70786516853933,6296.596716996677,0.5353346686083646,6300.155522899012,0.22262214258039137,0 days 00:24:00
1331,OPEN,2025-10-10 20:52:00+00:00,116000.0,117000.0,,33.70786516853933,6296.819339139257,0.5353157420131259,,-8.264072516466488,82 days 03:07:00
1332,CLOSED,2025-10-10 20:55:00+00:00,115000.0,116000.0,2025-10-27 06:50:00+00:00,33.70786516853933,6293.193117506584,0.5356241980683834,6319.957189918306,0.22514391792867627,16 days 09:55:00
1333,CLOSED,2025-10-10 20:56:00+00:00,114000.0,115000.0,2025-10-10 21:04:00+00:00,33.70786516853933,6289.274077114752,0.5359579620038287,6293.421089121012,0.22770993494973624,0 days 00:08:00
1334,CLOSED,2025-10-10 21:11:00+00:00,114000.0,115000.0,2025-10-12 20:28:00+00:00,33.70786516853933,6289.501787049701,0.5359385577716977,6304.574384101008,0.22770993494973624,1 days 23:17:00
1335,CLOSED,2025-10-10 21:13:00+00:00,113000.0,114000.0,2025-10-10 22:48:00+00:00,33.70786516853933,6285.287359313102,0.5362979167307818,6298.319803459622,0.2303213682012526,0 days 01:35:00
1336,CLOSED,2025-10-10 21:13:00+00:00,112000.0,113000.0,2025-10-10 21:46:00+00:00,33.70786516853933,6280.774930184438,0.5366832205138337,6292.937727360653,0.23297943418941003,0 days 00:33:00
1337,CLOSED,2025-10-10 21:13:00+00:00,111000.0,112000.0,2025-10-10 21:14:00+00:00,33.70786516853933,6275.961838936993,0.5370948076741123,6281.2493257922,0.23568539325842863,0 days 00:01:00
1338,CLOSED,2025-10-10 21:13:00+00:00,110000.0,111000.0,2025-10-10 21:14:00+00:00,33.70786516853933,6270.845376903032,0.537533030118924,6276.200551909414,0.2384405515832526,0 days 00:01:00
1339,CLOSED,2025-10-10 21:16:00+00:00,111000.0,112000.0,2025-10-10 21:18:00+00:00,33.70786516853933,6276.4359648818345,0.5370542351924392,6282.455816949172,0.23568539325842863,0 days 00:02:00
1340,CLOSED,2025-10-10 21:16:00+00:00,110000.0,111000.0,2025-10-10 21:18:00+00:00,33.70786516853933,6271.319502847873,0.5374923914055444,6277.407043066386,0.2384405515832526,0 days 00:02:00
1341,CLOSED,2025-10-10 21:16:00+00:00,109000.0,110000.0,2025-10-10 21:17:00+00:00,33.70786516853933,6265.896912111154,0.5379575444879482,6271.561024340503,0.24124626327182597,0 days 00:01:00
1342,CLOSED,2025-10-10 21:17:00+00:00,108000.0,109000.0,2025-10-10 21:18:00+00:00,33.70786516853933,6260.749275502875,0.5383998573530457,6266.663263278342,0.24410393258426666,0 days 00:01:00
1343,CLOSED,2025-10-10 21:17:00+00:00,107000.0,108000.0,2025-10-10 21:18:00+00:00,33.70786516853933,6255.014887013347,0.5388934443389343,6260.996571523036,0.24701501627637867,0 days 00:01:00
1344,CLOSED,2025-10-10 21:19:00+00:00,108000.0,109000.0,2025-10-10 21:29:00+00:00,33.70786516853933,6263.304305891981,0.538180224403752,6272.423332859396,0.24410393258426666,0 days 00:10:00
1345,CLOSED,2025-10-10 21:19:00+00:00,107000.0,108000.0,2025-10-10 21:22:00+00:00,33.70786516853933,6258.179416891728,0.5386209458545874,6265.0884060386015,0.24701501627637867,0 days 00:03:00
1346,CLOSED,2025-10-10 21:19:00+00:00,106000.0,107000.0,2025-10-10 21:21:00+00:00,33.70786516853933,6252.739816140976,0.5390895217089477,6259.460420829428,0.24998102607590056,0 days 00:02:00
1347,CLOSED,2025-10-10 21:19:00+00:00,105000.0,106000.0,2025-10-10 21:20:00+00:00,33.70786516853933,6246.982534660946,0.5395863519949606,6253.249190832294,0.25300353130015907,0 days 00:01:00
1348,CLOSED,2025-10-10 21:19:00+00:00,104000.0,105000.0,2025-10-10 21:20:00+00:00,33.70786516853933,6240.904546920885,0.540111852618704,6247.238908904679,0.2560841616248979,0 days 00:01:00
1349,CLOSED,2025-10-10 21:20:00+00:00,103000.0,104000.0,2025-10-10 21:21:00+00:00,33.70786516853933,6236.04447512415,0.5405327897034964,6242.323701075717,0.2592246100141793,0 days 00:01:00
1350,CLOSED,2025-10-10 21:20:00+00:00,102000.0,103000.0,2025-10-10 21:21:00+00:00,33.70786516853933,6229.960260078069,0.5410606771369185,6236.307198190904,0.2624266358228695,0 days 00:01:00
1351,CLOSED,2025-10-10 21:21:00+00:00,104000.0,105000.0,2025-10-10 21:22:00+00:00,33.70786516853933,6243.208750334645,0.5399125116028283,6248.90472532913,0.2560841616248979,0 days 00:01:00
1352,CLOSED,2025-10-10 21:23:00+00:00,107000.0,108000.0,2025-10-10 21:24:00+00:00,33.70786516853933,6259.963236034464,0.538467462149066,6265.335421054878,0.24701501627637867,0 days 00:01:00
1353,CLOSED,2025-10-10 21:24:00+00:00,106000.0,107000.0,2025-10-10 21:25:00+00:00,33.70786516853933,6255.119069915656,0.5388844687331243,6261.524962853609,0.24998102607590056,0 days 00:01:00
1354,CLOSED,2025-10-10 21:24:00+00:00,105000.0,106000.0,2025-10-10 21:25:00+00:00,33.70786516853933,6249.676500186125,0.5393537596311658,6256.15009585281,0.25300353130015907,0 days 00:01:00
1355,CLOSED,2025-10-10 21:24:00+00:00,104000.0,105000.0,2025-10-10 21:25:00+00:00,33.70786516853933,6243.913224196563,0.5398515955973539,6250.454525675695,0.2560841616248979,0 days 00:01:00
1356,CLOSED,2025-10-10 21:24:00+00:00,103000.0,104000.0,2025-10-10 21:25:00+00:00,33.70786516853933,6237.82615823293,0.5403783996777524,6244.4351686681,0.2592246100141793,0 days 00:01:00
1357,CLOSED,2025-10-10 21:24:00+00:00,102000.0,103000.0,2025-10-10 21:25:00+00:00,33.70786516853933,6231.412158703244,0.540934611771113,6238.088881299684,0.2624266358228695,0 days 00:01:00
1358,CLOSED,2025-10-10 21:25:00+00:00,107000.0,108000.0,2025-10-10 21:27:00+00:00,33.70786516853933,6261.490971015576,0.5383360820062337,6267.366140593365,0.24701501627637867,0 days 00:02:00
1359,CLOSED,2025-10-10 21:26:00+00:00,106000.0,107000.0,2025-10-10 21:27:00+00:00,33.70786516853933,6256.051370264824,0.5388041621389762,6261.994239545816,0.24998102607590056,0 days 00:01:00
1360,CLOSED,2025-10-10 21:26:00+00:00,105000.0,106000.0,2025-10-10 21:27:00+00:00,33.70786516853933,6250.294088784794,0.5393004663416235,6256.304660794518,0.25300353130015907,0 days 00:01:00
1361,CLOSED,2025-10-10 21:30:00+00:00,108000.0,109000.0,2025-10-10 21:31:00+00:00,33.70786516853933,6267.609963522065,0.5378105109399196,6272.66743679198,0.24410393258426666,0 days 00:01:00
1362,CLOSED,2025-10-10 21:32:00+00:00,109000.0,110000.0,2025-10-10 21:33:00+00:00,33.70786516853933,6272.633450836925,0.53737980120681,6277.688063576998,0.24124626327182597,0 days 00:01:00
1363,CLOSED,2025-10-10 21:33:00+00:00,110000.0,111000.0,2025-10-10 21:34:00+00:00,33.70786516853933,6277.654080482471,0.5369500252226179,6282.705884702335,0.2384405515832526,0 days 00:01:00
1364,CLOSED,2025-10-10 21:35:00+00:00,111000.0,112000.0,2025-10-10 21:38:00+00:00,33.70786516853933,6282.671904416329,0.5365211757253278,6287.720950719952,0.23568539325842863,0 days 00:03:00
1365,CLOSED,2025-10-10 21:39:00+00:00,111000.0,112000.0,2025-10-10 21:40:00+00:00,33.70786516853933,6282.907589809587,0.5365010496606858,6287.95663611321,0.23568539325842863,0 days 00:01:00
1366,CLOSED,2025-10-10 21:44:00+00:00,111000.0,112000.0,2025-10-10 21:45:00+00:00,33.70786516853933,6283.143275202845,0.5364809251059313,6288.192321506468,0.23568539325842863,0 days 00:01:00
1367,CLOSED,2025-10-10 21:46:00+00:00,111000.0,112000.0,2025-10-10 21:47:00+00:00,33.70786516853933,6283.946310014241,0.5364123674134788,6288.694694199085,0.23568539325842863,0 days 00:01:00
1368,CLOSED,2025-10-10 22:05:00+00:00,112000.0,113000.0,2025-10-10 22:10:00+00:00,33.70786516853933,6288.660716670995,0.5360102363159948,6293.6420775813585,0.23297943418941003,0 days 00:05:00
1369,CLOSED,2025-10-10 22:05:00+00:00,111000.0,112000.0,2025-10-10 22:06:00+00:00,33.70786516853933,6283.84762542355,0.5364207914934493,6288.896671727173,0.23568539325842863,0 days 00:01:00
1370,CLOSED,2025-10-10 22:27:00+00:00,112000.0,113000.0,2025-10-10 22:34:00+00:00,33.70786516853933,6289.129381498442,0.5359702929264293,6293.875057015548,0.23297943418941003,0 days 00:07:00
1371,CLOSED,2025-10-10 23:06:00+00:00,113000.0,114000.0,2025-10-10 23:34:00+00:00,33.70786516853933,6294.105111429496,0.5355465879864169,6298.550124827822,0.2303213682012526,0 days 00:28:00
1372,CLOSED,2025-10-10 23:54:00+00:00,113000.0,114000.0,2025-10-12 16:05:00+00:00,33.70786516853933,6294.335432797697,0.5355269913468356,6300.427636388274,0.2303213682012526,1 days 16:11:00
1373,CLOSED,2025-10-11 00:16:00+00:00,112000.0,113000.0,2025-10-11 00:48:00+00:00,33.70786516853933,6289.823003669033,0.5359111877850389,6294.568679186139,0.23297943418941003,0 days 00:32:00
1374,CLOSED,2025-10-11 01:12:00+00:00,112000.0,113000.0,2025-10-11 02:43:00+00:00,33.70786516853933,6290.055983103222,0.5358913379958413,6294.801658620328,0.23297943418941003,0 days 01:31:00
1375,CLOSED,2025-10-11 03:24:00+00:00,112000.0,113000.0,2025-10-12 15:05:00+00:00,33.70786516853933,6290.288962537412,0.5358714896770349,6295.9828899442,0.23297943418941003,1 days 11:41:00
1376,CLOSED,2025-10-11 07:09:00+00:00,111000.0,112000.0,2025-10-11 10:21:00+00:00,33.70786516853933,6285.4758712899675,0.5362818322556294,6290.5249175935905,0.23568539325842863,0 days 03:12:00
1377,CLOSED,2025-10-11 19:20:00+00:00,111000.0,112000.0,2025-10-12 06:27:00+00:00,33.70786516853933,6285.711556683225,0.5362617241432236,6291.237484090015,0.23568539325842863,0 days 11:07:00
1378,CLOSED,2025-10-11 20:56:00+00:00,110000.0,111000.0,2025-10-11 21:46:00+00:00,33.70786516853933,6280.595094649264,0.5366985876427005,6285.950269655646,0.2384405515832526,0 days 00:50:00
1379,CLOSED,2025-10-12 00:28:00+00:00,110000.0,111000.0,2025-10-12 03:09:00+00:00,33.70786516853933,6280.833535200847,0.5366782128458596,6286.188710207229,0.2384405515832526,0 days 02:41:00
1380,CLOSED,2025-10-13 11:27:00+00:00,114000.0,115000.0,2025-10-13 13:31:00+00:00,33.70786516853933,6300.655082029697,0.5349898499392329,6304.802094035957,0.22770993494973624,0 days 02:04:00
1381,CLOSED,2025-10-13 14:30:00+00:00,114000.0,115000.0,2025-10-13 16:09:00+00:00,33.70786516853933,6300.8827919646465,0.5349705157430654,6305.029803970907,0.22770993494973624,0 days 01:39:00
1382,CLOSED,2025-10-14 02:18:00+00:00,114000.0,115000.0,2025-10-26 22:03:00+00:00,33.70786516853933,6301.110501899596,0.5349511829442988,6316.105826936289,0.22770993494973624,12 days 19:45:00
1383,CLOSED,2025-10-14 04:47:00+00:00,113000.0,114000.0,2025-10-21 16:36:00+00:00,33.70786516853933,6296.896074162996,0.5353092185663852,6308.369930254852,0.2303213682012526,7 days 11:49:00
1384,CLOSED,2025-10-14 06:43:00+00:00,112000.0,113000.0,2025-10-14 16:20:00+00:00,33.70786516853933,6292.383645034332,0.5356931024881177,6297.6034464962795,0.23297943418941003,0 days 09:37:00
1385,CLOSED,2025-10-14 10:13:00+00:00,111000.0,112000.0,2025-10-14 14:17:00+00:00,33.70786516853933,6287.570553786888,0.5361031718083498,6292.858040642094,0.23568539325842863,0 days 04:04:00
1386,CLOSED,2025-10-14 13:37:00+00:00,110000.0,111000.0,2025-10-14 13:45:00+00:00,33.70786516853933,6282.454091752927,0.5365397769127856,6287.809266759308,0.2384405515832526,0 days 00:08:00
1387,CLOSED,2025-10-14 17:01:00+00:00,112000.0,113000.0,2025-10-14 18:06:00+00:00,33.70786516853933,6293.090750413363,0.5356329108447263,6297.836425930469,0.23297943418941003,0 days 01:05:00
1388,CLOSED,2025-10-15 03:22:00+00:00,112000.0,113000.0,2025-10-15 08:16:00+00:00,33.70786516853933,6293.323729847552,0.5356130816641759,6298.069405364658,0.23297943418941003,0 days 04:54:00
1389,CLOSED,2025-10-15 11:17:00+00:00,112000.0,113000.0,2025-10-21 15:24:00+00:00,33.70786516853933,6293.556709281742,0.5355932539517273,6303.925183810778,0.23297943418941003,6 days 04:07:00
1390,CLOSED,2025-10-15 13:46:00+00:00,111000.0,112000.0,2025-10-15 14:08:00+00:00,33.70786516853933,6288.7436180342975,0.536003170361007,6293.7926643379205,0.23568539325842863,0 days 00:22:00
1391,CLOSED,2025-10-15 14:48:00+00:00,111000.0,112000.0,2025-10-21 14:57:00+00:00,33.70786516853933,6288.979303427555,0.53598308313987,6299.179777956593,0.23568539325842863,6 days 00:09:00
1392,CLOSED,2025-10-16 09:34:00+00:00,110000.0,111000.0,2025-10-16 09:44:00+00:00,33.70786516853933,6283.862841393594,0.5364194925849752,6289.218016399976,0.2384405515832526,0 days 00:10:00
1393,CLOSED,2025-10-16 14:17:00+00:00,110000.0,111000.0,2025-10-16 14:40:00+00:00,33.70786516853933,6284.101281945177,0.5363991389729068,6289.456456951559,0.2384405515832526,0 days 00:23:00
1394,CLOSED,2025-10-16 15:27:00+00:00,110000.0,111000.0,2025-10-20 05:54:00+00:00,33.70786516853933,6284.33972249676,0.5363787869053527,6292.924668842202,0.2384405515832526,3 days 14:27:00
1395,CLOSED,2025-10-16 15:43:00+00:00,109000.0,110000.0,2025-10-20 03:51:00+00:00,33.70786516853933,6278.917131760041,0.5368420136975225,6287.569769065179,0.24124626327182597,3 days 12:08:00
1396,CLOSED,2025-10-16 16:23:00+00:00,108000.0,109000.0,2025-10-16 16:58:00+00:00,33.70786516853933,6273.185603800356,0.5373325021360563,6279.161513782513,0.24410393258426666,0 days 00:35:00
1397,CLOSED,2025-10-16 18:03:00+00:00,108000.0,109000.0,2025-10-17 01:06:00+00:00,33.70786516853933,6273.42970773294,0.5373115941187536,6279.405617715097,0.24410393258426666,0 days 07:03:00
1398,CLOSED,2025-10-17 06:19:00+00:00,108000.0,109000.0,2025-10-19 17:07:00+00:00,33.70786516853933,6273.673811665524,0.5372906877284814,6281.661830993134,0.24410393258426666,2 days 10:48:00
1399,CLOSED,2025-10-17 06:42:00+00:00,107000.0,108000.0,2025-10-19 09:49:00+00:00,33.70786516853933,6267.630485953029,0.5378087499587789,6275.439186998585,0.24701501627637867,2 days 03:07:00
1400,CLOSED,2025-10-17 07:31:00+00:00,106000.0,107000.0,2025-10-17 16:00:00+00:00,33.70786516853933,6261.2724484900355,0.5383548702894776,6269.148849238793,0.24998102607590056,0 days 08:29:00
1401,CLOSED,2025-10-17 08:15:00+00:00,105000.0,106000.0,2025-10-17 11:15:00+00:00,33.70786516853933,6254.596730297765,0.5389294725470587,6261.781823181354,0.25300353130015907,0 days 03:00:00
1402,CLOSED,2025-10-17 10:21:00+00:00,104000.0,105000.0,2025-10-17 11:04:00+00:00,33.70786516853933,6247.600305845463,0.5395329969652689,6254.853104541498,0.2560841616248979,0 days 00:43:00
1403,CLOSED,2025-10-17 13:13:00+00:00,105000.0,106000.0,2025-10-17 13:37:00+00:00,33.70786516853933,6255.1058179906895,0.5388856104015074,6262.034826712655,0.25300353130015907,0 days 00:24:00
1404,CLOSED,2025-10-17 13:47:00+00:00,105000.0,106000.0,2025-10-17 13:55:00+00:00,33.70786516853933,6255.35882152199,0.5388638146954114,6262.287830243955,0.25300353130015907,0 days 00:08:00
1405,CLOSED,2025-10-17 14:23:00+00:00,105000.0,106000.0,2025-10-17 15:17:00+00:00,33.70786516853933,6255.61182505329,0.5388420207523374,6262.540833775255,0.25300353130015907,0 days 00:54:00
1406,CLOSED,2025-10-19 10:05:00+00:00,107000.0,108000.0,2025-10-19 11:00:00+00:00,33.70786516853933,6269.395580282206,0.537657334537216,6275.686202014861,0.24701501627637867,0 days 00:55:00
1407,CLOSED,2025-10-20 00:19:00+00:00,108000.0,109000.0,2025-10-20 03:42:00+00:00,33.70786516853933,6275.930024943561,0.5370975303193005,6281.905934925718,0.24410393258426666,0 days 03:23:00
1408,CLOSED,2025-10-20 17:37:00+00:00,110000.0,111000.0,2025-10-20 19:04:00+00:00,33.70786516853933,6287.807934387403,0.5360829325621467,6293.163109393785,0.2384405515832526,0 days 01:27:00
1409,CLOSED,2025-10-21 01:54:00+00:00,110000.0,111000.0,2025-10-21 14:51:00+00:00,33.70786516853933,6288.046374938986,0.5360626044820861,6294.131004073807,0.2384405515832526,0 days 12:57:00
1410,CLOSED,2025-10-21 04:00:00+00:00,109000.0,110000.0,2025-10-21 14:18:00+00:00,33.70786516853933,6282.623784202267,0.5365252850775206,6288.776104296784,0.24124626327182597,0 days 10:18:00
1411,CLOSED,2025-10-21 04:30:00+00:00,108000.0,109000.0,2025-10-21 12:21:00+00:00,33.70786516853933,6276.892256242582,0.5370151946612707,6282.868166224739,0.24410393258426666,0 days 07:51:00
1412,CLOSED,2025-10-21 13:09:00+00:00,108000.0,109000.0,2025-10-21 14:07:00+00:00,33.70786516853933,6277.136360175166,0.5369943113295486,6283.112270157323,0.24410393258426666,0 days 00:58:00
1413,CLOSED,2025-10-21 16:56:00+00:00,113000.0,114000.0,2025-10-26 13:44:00+00:00,33.70786516853933,6304.155238224726,0.5346928160041882,6311.728757855354,0.2303213682012526,4 days 20:48:00
1414,CLOSED,2025-10-21 17:18:00+00:00,112000.0,113000.0,2025-10-26 11:42:00+00:00,33.70786516853933,6299.642809096063,0.5350758160425937,6307.2840114112805,0.23297943418941003,4 days 18:24:00
1415,CLOSED,2025-10-21 20:16:00+00:00,111000.0,112000.0,2025-10-24 12:30:00+00:00,33.70786516853933,6294.829717848618,0.5354849404895364,6302.064479612254,0.23568539325842863,2 days 16:14:00
1416,CLOSED,2025-10-21 22:21:00+00:00,110000.0,111000.0,2025-10-23 17:40:00+00:00,33.70786516853933,6289.713255814657,0.5359205387841391,6296.777265177885,0.2384405515832526,1 days 19:19:00
1417,CLOSED,2025-10-21 22:31:00+00:00,109000.0,110000.0,2025-10-23 06:17:00+00:00,33.70786516853933,6284.290665077938,0.5363829740698552,6291.181119137591,0.24124626327182597,1 days 07:46:00
1418,CLOSED,2025-10-22 00:28:00+00:00,108000.0,109000.0,2025-10-22 13:58:00+00:00,33.70786516853933,6278.559137118253,0.5368726236766903,6284.782062116686,0.24410393258426666,0 days 13:30:00
1419,CLOSED,2025-10-22 11:03:00+00:00,107000.0,108000.0,2025-10-22 11:18:00+00:00,33.70786516853933,6272.515811405758,0.5373898796276598,6278.806433138413,0.24701501627637867,0 days 00:15:00
1420,CLOSED,2025-10-22 14:06:00+00:00,108000.0,109000.0,2025-10-22 15:01:00+00:00,33.70786516853933,6279.050256067113,0.5368306319250943,6285.02616604927,0.24410393258426666,0 days 00:55:00
1421,CLOSED,2025-10-22 15:22:00+00:00,108000.0,109000.0,2025-10-23 06:08:00+00:00,33.70786516853933,6279.294359999697,0.5368097629450987,6285.51728499813,0.24410393258426666,0 days 14:46:00
1422,CLOSED,2025-10-22 21:01:00+00:00,107000.0,108000.0,2025-10-23 01:10:00+00:00,33.70786516853933,6273.251034287202,0.5373268977170684,6279.541656019857,0.24701501627637867,0 days 04:09:00
1423,CLOSED,2025-10-23 12:02:00+00:00,109000.0,110000.0,2025-10-23 15:10:00+00:00,33.70786516853933,6285.758253171513,0.5362577402898344,6291.422365400862,0.24124626327182597,0 days 03:08:00
1424,CLOSED,2025-10-23 20:02:00+00:00,110000.0,111000.0,2025-10-24 04:27:00+00:00,33.70786516853933,6291.660530723087,0.5357546708685085,6297.015705729468,0.2384405515832526,0 days 08:25:00
1425,CLOSED,2025-10-24 13:38:00+00:00,111000.0,112000.0,2025-10-26 09:21:00+00:00,33.70786516853933,6297.251118701889,0.5352790373633353,6302.538605557095,0.23568539325842863,1 days 19:43:00
1426,CLOSED,2025-10-24 14:21:00+00:00,110000.0,111000.0,2025-10-24 20:56:00+00:00,33.70786516853933,6292.134656667928,0.5357143005961941,6297.489831674309,0.2384405515832526,0 days 06:35:00
1427,CLOSED,2025-10-26 21:28:00+00:00,113000.0,114000.0,2025-10-26 22:02:00+00:00,33.70786516853933,6307.5140658252285,0.5344080856065319,6311.959079223555,0.2303213682012526,0 days 00:34:00
1428,CLOSED,2025-10-27 08:50:00+00:00,115000.0,116000.0,2025-10-28 14:19:00+00:00,33.70786516853933,6316.330709174738,0.533662132661566,6320.410043771183,0.22514391792867627,1 days 05:29:00
1429,CLOSED,2025-10-27 23:01:00+00:00,114000.0,115000.0,2025-10-28 13:20:00+00:00,33.70786516853933,6312.411668782906,0.5339934550725923,6316.558680789167,0.22770993494973624,0 days 14:19:00
1430,OPEN,2025-10-28 14:42:00+00:00,115000.0,116000.0,,33.70786516853933,6316.783563027616,0.5336238741158206,,-8.042822145578896,64 days 09:17:00
1431,OPEN,2025-10-28 19:20:00+00:00,114000.0,115000.0,,33.70786516853933,6312.864522635784,0.533955149008416,,-7.817690189237137,64 days 04:39:00
1432,OPEN,2025-10-28 20:09:00+00:00,113000.0,114000.0,,33.70786516853933,6308.650094899184,0.5343118521630101,,-7.588573596499952,64 days 03:50:00
1433,OPEN,2025-10-29 15:29:00+00:00,112000.0,113000.0,,33.70786516853933,6304.1376657705205,0.5346943064324627,,-7.355365636035309,63 days 08:30:00
1434,CLOSED,2025-10-29 16:13:00+00:00,111000.0,112000.0,2025-10-29 18:02:00+00:00,33.70786516853933,6299.324574523076,0.5351028474523614,6304.373620826699,0.23568539325842863,0 days 01:49:00
1435,OPEN,2025-10-29 18:35:00+00:00,111000.0,112000.0,,33.70786516853933,6299.560259916334,0.5350828276541799,,-7.11795573033708,63 days 05:24:00
1436,CLOSED,2025-10-29 18:39:00+00:00,110000.0,111000.0,2025-10-29 18:53:00+00:00,33.70786516853933,6294.443797882373,0.535517771719236,6299.798972888754,0.2384405515832526,0 days 00:14:00
1437,CLOSED,2025-10-29 23:39:00+00:00,110000.0,111000.0,2025-10-30 02:59:00+00:00,33.70786516853933,6294.682238433956,0.53549748647718,6300.037413440337,0.2384405515832526,0 days 03:20:00
1438,CLOSED,2025-10-30 04:11:00+00:00,110000.0,111000.0,2025-10-30 07:11:00+00:00,33.70786516853933,6294.920678985539,0.5354772027718631,6300.761204187776,0.2384405515832526,0 days 03:00:00
1439,CLOSED,2025-10-30 04:26:00+00:00,109000.0,110000.0,2025-10-30 05:46:00+00:00,33.70786516853933,6289.49808824882,0.5359388729526521,6295.406304410752,0.24124626327182597,0 days 01:20:00
1440,CLOSED,2025-10-30 04:32:00+00:00,108000.0,109000.0,2025-10-30 04:36:00+00:00,33.70786516853933,6283.766560289135,0.5364277117097159,6289.7424702712915,0.24410393258426666,0 days 00:04:00
1441,CLOSED,2025-10-30 10:02:00+00:00,110000.0,111000.0,2025-10-31 14:56:00+00:00,33.70786516853933,6295.644469732977,0.5354156406162022,6301.973256214761,0.2384405515832526,1 days 04:54:00
1442,CLOSED,2025-10-30 12:24:00+00:00,109000.0,110000.0,2025-10-31 01:10:00+00:00,33.70786516853933,6290.221878996258,0.5358772046037612,6296.377110174467,0.24124626327182597,0 days 12:46:00
1443,CLOSED,2025-10-30 13:37:00+00:00,108000.0,109000.0,2025-10-31 00:52:00+00:00,33.70786516853933,6284.490351036573,0.5363659308185508,6290.713276035006,0.24410393258426666,0 days 11:15:00
1444,CLOSED,2025-10-30 17:21:00+00:00,107000.0,108000.0,2025-10-30 23:34:00+00:00,33.70786516853933,6278.447025324078,0.5368822104029684,6284.737647056733,0.24701501627637867,0 days 06:13:00
1445,CLOSED,2025-10-31 02:38:00+00:00,109000.0,110000.0,2025-10-31 04:40:00+00:00,33.70786516853933,6290.954244208389,0.5358148201375275,6296.618356437738,0.24124626327182597,0 days 02:02:00
1446,CLOSED,2025-10-31 16:09:00+00:00,110000.0,111000.0,2025-11-02 07:53:00+00:00,33.70786516853933,6296.856521759963,0.5353125810006233,6302.452943029615,0.2384405515832526,1 days 15:44:00
1447,CLOSED,2025-10-31 16:51:00+00:00,109000.0,110000.0,2025-10-31 19:33:00+00:00,33.70786516853933,6291.4339310232435,0.5357739672402004,6297.098043252592,0.24124626327182597,0 days 02:42:00
1448,OPEN,2025-11-02 16:00:00+00:00,110000.0,111000.0,,33.70786516853933,6297.336208574817,0.5352718046503655,,-6.876229280898876,59 days 07:59:00
1449,OPEN,2025-11-03 02:32:00+00:00,109000.0,110000.0,,33.70786516853933,6291.913617838098,0.5357331205720106,,-6.630067483764563,58 days 21:27:00
1450,OPEN,2025-11-03 03:26:00+00:00,108000.0,109000.0,,33.70786516853933,6286.182089878413,0.5362215838897423,,-6.3793471348314625,58 days 20:33:00
1451,CLOSED,2025-11-03 08:46:00+00:00,107000.0,108000.0,2025-11-03 12:04:00+00:00,33.70786516853933,6280.138764165918,0.5367375854953129,6286.429385898573,0.24701501627637867,0 days 03:18:00
1452,OPEN,2025-11-03 15:26:00+00:00,107000.0,108000.0,,33.70786516853933,6280.385779182194,0.5367164749699281,,-6.123940424236061,58 days 08:33:00
1453,CLOSED,2025-11-03 15:28:00+00:00,106000.0,107000.0,2025-11-03 17:18:00+00:00,33.70786516853933,6274.0277417192,0.5372603781203994,6280.636044181133,0.24998102607590056,0 days 01:50:00
1454,CLOSED,2025-11-03 22:30:00+00:00,106000.0,107000.0,2025-11-04 01:21:00+00:00,33.70786516853933,6274.277722745275,0.5372389724851172,6280.886025207208,0.24998102607590056,0 days 02:51:00
1455,CLOSED,2025-11-04 05:21:00+00:00,106000.0,107000.0,2025-11-11 01:19:00+00:00,33.70786516853933,6274.52770377135,0.5372175685554623,6286.924426208524,0.24998102607590056,6 days 19:58:00
1456,CLOSED,2025-11-04 05:44:00+00:00,105000.0,106000.0,2025-11-10 00:39:00+00:00,33.70786516853933,6267.85198557908,0.5377897443349581,6280.063407213685,0.25300353130015907,5 days 18:55:00
1457,CLOSED,2025-11-04 08:13:00+00:00,104000.0,105000.0,2025-11-09 20:05:00+00:00,33.70786516853933,6260.8555611267775,0.5383907173618435,6273.134688573829,0.2560841616248979,5 days 11:52:00
1458,CLOSED,2025-11-04 14:37:00+00:00,103000.0,104000.0,2025-11-04 14:45:00+00:00,33.70786516853933,6253.535346700403,0.5390209425509179,6261.115078962492,0.2592246100141793,0 days 00:08:00
1459,CLOSED,2025-11-04 16:12:00+00:00,103000.0,104000.0,2025-11-05 16:51:00+00:00,33.70786516853933,6253.794571310417,0.5389985997169747,6263.254332378556,0.2592246100141793,1 days 00:39:00
1460,CLOSED,2025-11-04 17:02:00+00:00,102000.0,103000.0,2025-11-05 13:48:00+00:00,33.70786516853933,6246.1474233179915,0.5396584948139682,6255.674896547399,0.2624266358228695,0 days 20:46:00
1461,CLOSED,2025-11-04 17:17:00+00:00,101000.0,102000.0,2025-11-05 03:25:00+00:00,33.70786516853933,6238.170136528474,0.540348602728198,6247.765325187852,0.26569206808321155,0 days 10:08:00
1462,CLOSED,2025-11-04 20:17:00+00:00,100000.0,101000.0,2025-11-04 20:41:00+00:00,33.70786516853933,6229.859442240903,0.5410694331237509,6238.43946237117,0.2690228089887654,0 days 00:24:00
1463,CLOSED,2025-11-04 21:21:00+00:00,100000.0,101000.0,2025-11-04 22:09:00+00:00,33.70786516853933,6230.128465049892,0.5410460692365416,6238.980906017748,0.2690228089887654,0 days 00:48:00
1464,CLOSED,2025-11-04 21:35:00+00:00,99000.0,100000.0,2025-11-04 21:56:00+00:00,33.70786516853933,6221.481029189287,0.5417980865069318,6230.401192322619,0.2724208375893724,0 days 00:21:00
1465,CLOSED,2025-11-05 01:17:00+00:00,100000.0,101000.0,2025-11-05 01:59:00+00:00,33.70786516853933,6230.66990869647,0.5409990524693261,6239.522349664326,0.2690228089887654,0 days 00:42:00
1466,CLOSED,2025-11-05 01:39:00+00:00,99000.0,100000.0,2025-11-05 01:52:00+00:00,33.70786516853933,6222.022472835865,0.5417509389543558,6230.942635969197,0.2724208375893724,0 days 00:13:00
1467,CLOSED,2025-11-06 01:19:00+00:00,103000.0,104000.0,2025-11-06 04:45:00+00:00,33.70786516853933,6255.933824726481,0.5388142859713367,6263.51355698857,0.2592246100141793,0 days 03:26:00
1468,CLOSED,2025-11-06 07:17:00+00:00,103000.0,104000.0,2025-11-07 22:07:00+00:00,33.70786516853933,6256.193049336495,0.5387919602659039,6265.1013072476435,0.2592246100141793,1 days 14:50:00
1469,CLOSED,2025-11-06 15:00:00+00:00,102000.0,103000.0,2025-11-07 19:36:00+00:00,33.70786516853933,6248.5459013440695,0.5394513491737131,6257.521871416487,0.2624266358228695,1 days 04:36:00
1470,CLOSED,2025-11-06 16:39:00+00:00,101000.0,102000.0,2025-11-06 18:48:00+00:00,33.70786516853933,6240.568614554552,0.5401409270611052,6248.811893111785,0.26569206808321155,0 days 02:09:00
1471,CLOSED,2025-11-06 20:31:00+00:00,101000.0,102000.0,2025-11-07 03:01:00+00:00,33.70786516853933,6240.834306622635,0.5401179315523452,6249.077585179868,0.26569206808321155,0 days 06:30:00
1472,CLOSED,2025-11-07 09:26:00+00:00,101000.0,102000.0,2025-11-07 17:23:00+00:00,33.70786516853933,6241.099998690718,0.5400949380014852,6249.61230005694,0.26569206808321155,0 days 07:57:00
1473,CLOSED,2025-11-07 11:15:00+00:00,100000.0,101000.0,2025-11-07 15:10:00+00:00,33.70786516853933,6232.789304403147,0.5408150913223786,6241.369324533413,0.2690228089887654,0 days 03:55:00
1474,CLOSED,2025-11-08 00:34:00+00:00,103000.0,104000.0,2025-11-09 14:30:00+00:00,33.70786516853933,6257.780799595569,0.5386552557212905,6265.62295849348,0.2592246100141793,1 days 13:56:00
1475,CLOSED,2025-11-08 07:21:00+00:00,102000.0,103000.0,2025-11-09 14:09:00+00:00,33.70786516853933,6250.133651603143,0.5393143098610915,6258.043522662323,0.2624266358228695,1 days 06:48:00
1476,CLOSED,2025-11-09 14:58:00+00:00,103000.0,104000.0,2025-11-09 15:52:00+00:00,33.70786516853933,6258.3024508414055,0.5386103569348495,6265.882183103494,0.2592246100141793,0 days 00:54:00
1477,CLOSED,2025-11-10 14:52:00+00:00,105000.0,106000.0,2025-11-10 18:00:00+00:00,33.70786516853933,6273.3874020230205,0.5373152175755849,6280.316410744985,0.25300353130015907,0 days 03:08:00
1478,CLOSED,2025-11-11 02:02:00+00:00,106000.0,107000.0,2025-11-11 02:35:00+00:00,33.70786516853933,6280.566104772666,0.5367010649394228,6287.174407234599,0.24998102607590056,0 days 00:33:00
1479,OPEN,2025-11-11 04:28:00+00:00,106000.0,107000.0,,33.70786516853933,6280.816085798741,0.5366797038485907,,-5.863714719101122,50 days 19:31:00
1480,OPEN,2025-11-11 06:08:00+00:00,105000.0,106000.0,,33.70786516853933,6274.140367606471,0.5372507338626628,,-5.598532333868384,50 days 17:51:00
1481,CLOSED,2025-11-11 14:49:00+00:00,104000.0,105000.0,2025-11-12 09:20:00+00:00,33.70786516853933,6267.1439431541685,0.537850502147149,6274.655966460218,0.2560841616248979,0 days 18:31:00
1482,CLOSED,2025-11-11 17:40:00+00:00,103000.0,104000.0,2025-11-12 08:36:00+00:00,33.70786516853933,6259.823728727794,0.5384794625101991,6267.403460989883,0.2592246100141793,0 days 14:56:00
1483,OPEN,2025-11-12 14:48:00+00:00,104000.0,105000.0,,33.70786516853933,6267.6592519258065,0.5378062816382723,,-5.328250287381156,49 days 09:11:00
1484,CLOSED,2025-11-12 15:38:00+00:00,103000.0,104000.0,2025-11-13 07:26:00+00:00,33.70786516853933,6260.339037499432,0.5384351385225178,6268.712580533509,0.2592246100141793,0 days 15:48:00
1485,CLOSED,2025-11-12 15:53:00+00:00,102000.0,103000.0,2025-11-13 05:54:00+00:00,33.70786516853933,6252.691889507007,0.5390936538086323,6261.133144702352,0.2624266358228695,0 days 14:01:00
1486,CLOSED,2025-11-12 19:28:00+00:00,101000.0,102000.0,2025-11-13 00:36:00+00:00,33.70786516853933,6244.7146027174895,0.5397823169352015,6252.957881274722,0.26569206808321155,0 days 05:08:00
1487,CLOSED,2025-11-13 03:15:00+00:00,101000.0,102000.0,2025-11-13 03:25:00+00:00,33.70786516853933,6244.980294785572,0.5397593519499924,6253.223573342805,0.26569206808321155,0 days 00:10:00
1488,OPEN,2025-11-13 09:08:00+00:00,103000.0,104000.0,,33.70786516853933,6261.392072881435,0.5383445849770477,,-5.052720045816514,48 days 14:51:00
1489,CLOSED,2025-11-13 14:36:00+00:00,102000.0,103000.0,2025-11-13 14:52:00+00:00,33.70786516853933,6253.744924889009,0.539002878649349,6261.654795948189,0.2624266358228695,0 days 00:16:00
1490,OPEN,2025-11-13 15:33:00+00:00,102000.0,103000.0,,33.70786516853933,6254.007351524831,0.5389802613570767,,-4.771787250495702,48 days 08:26:00
1491,OPEN,2025-11-13 16:17:00+00:00,101000.0,102000.0,,33.70786516853933,6246.030064735314,0.5396686346236432,,-4.4852914295249775,48 days 07:42:00
1492,OPEN,2025-11-13 17:41:00+00:00,100000.0,101000.0,,33.70786516853933,6237.719370447743,0.5403876507852545,,-4.193065692134834,48 days 06:18:00
1493,CLOSED,2025-11-13 18:25:00+00:00,99000.0,100000.0,2025-11-13 23:14:00+00:00,33.70786516853933,6229.0719345871385,0.5411378375866113,6237.992097720469,0.2724208375893724,0 days 04:49:00
1494,OPEN,2025-11-14 00:15:00+00:00,99000.0,100000.0,,33.70786516853933,6229.344355424728,0.541114172620516,,-3.8949364044943806,47 days 23:44:00
1495,OPEN,2025-11-14 04:34:00+00:00,98000.0,99000.0,,33.70786516853933,6220.356776561059,0.5418960098165754,,-3.5907228456776004,47 days 19:25:00
1496,CLOSED,2025-11-14 04:38:00+00:00,97000.0,98000.0,2025-11-14 05:01:00+00:00,33.70786516853933,6211.025583847356,0.5427101323845995,6220.6365170915815,0.2794270821267162,0 days 00:23:00
1497,OPEN,2025-11-14 06:13:00+00:00,97000.0,98000.0,,33.70786516853933,6211.305010929482,0.5426857175621965,,-3.2802368423491295,47 days 17:46:00
1498,CLOSED,2025-11-14 06:49:00+00:00,96000.0,97000.0,2025-11-14 06:56:00+00:00,33.70786516853933,6201.62666195492,0.5435326408041742,6211.588367671055,0.28303967696629684,0 days 00:07:00
1499,CLOSED,2025-11-14 11:42:00+00:00,96000.0,97000.0,2025-11-14 15:46:00+00:00,33.70786516853933,6201.909701631886,0.5435078353312675,6212.158135674455,0.28303967696629684,0 days 04:04:00
1500,CLOSED,2025-11-14 12:39:00+00:00,95000.0,96000.0,2025-11-14 14:36:00+00:00,33.70786516853933,6191.880580185412,0.5443881666001054,6202.196750715268,0.28672832643405854,0 days 01:57:00
1501,OPEN,2025-11-14 17:48:00+00:00,96000.0,97000.0,,33.70786516853933,6202.479469635286,0.5434579079795229,,-2.9632823806179758,47 days 06:11:00
1502,CLOSED,2025-11-14 18:59:00+00:00,95000.0,96000.0,2025-11-15 02:41:00+00:00,33.70786516853933,6192.450348188812,0.5443380773880296,6202.766518718667,0.28672832643405854,0 days 07:42:00
1503,CLOSED,2025-11-16 01:40:00+00:00,95000.0,96000.0,2025-11-16 05:11:00+00:00,33.70786516853933,6192.737076515246,0.5443128741307275,6203.053247045102,0.28672832643405854,0 days 03:31:00
1504,CLOSED,2025-11-16 15:53:00+00:00,95000.0,96000.0,2025-11-17 08:25:00+00:00,33.70786516853933,6193.02380484168,0.5442876732071764,6203.920966287145,0.28672832643405854,0 days 16:32:00
1505,CLOSED,2025-11-16 17:44:00+00:00,94000.0,95000.0,2025-11-16 18:11:00+00:00,33.70786516853933,6182.640218581488,0.5452017904459768,6193.314624827336,0.29049545780539887,0 days 00:27:00
1506,CLOSED,2025-11-16 18:47:00+00:00,94000.0,95000.0,2025-11-17 00:35:00+00:00,33.70786516853933,6182.930714039293,0.5451761749812342,6193.605120285141,0.29049545780539887,0 days 05:48:00
1507,CLOSED,2025-11-17 13:09:00+00:00,95000.0,96000.0,2025-11-17 14:36:00+00:00,33.70786516853933,6193.891524083725,0.5442114224550583,6204.498190071385,0.28672832643405854,0 days 01:27:00
1508,CLOSED,2025-11-17 13:42:00+00:00,94000.0,95000.0,2025-11-17 14:36:00+00:00,33.70786516853933,6183.507937823532,0.5451252833744046,6194.182344069381,0.29049545780539887,0 days 00:54:00
1509,OPEN,2025-11-17 14:53:00+00:00,95000.0,96000.0,,33.70786516853933,6194.468747867964,0.544160710797694,,-2.6396551933767007,44 days 09:06:00
1510,OPEN,2025-11-17 15:19:00+00:00,94000.0,95000.0,,33.70786516853933,6184.085161607772,0.545074401268041,,-2.3091423213005022,44 days 08:40:00
1511,CLOSED,2025-11-17 17:44:00+00:00,93000.0,94000.0,2025-12-03 22:49:00+00:00,33.70786516853933,6173.343339631586,0.5460228487883027,6201.21987460333,0.2943436027546227,16 days 05:05:00
1512,CLOSED,2025-11-17 19:33:00+00:00,92000.0,93000.0,2025-11-18 15:27:00+00:00,33.70786516853933,6162.23942994246,0.5470067424636578,6174.250642090288,0.2982754030288248,0 days 19:54:00
1513,CLOSED,2025-11-18 02:16:00+00:00,91000.0,92000.0,2025-11-18 14:32:00+00:00,33.70786516853933,6150.769496804385,0.5480267986965233,6162.84846102037,0.3022936164958665,0 days 12:16:00
1514,CLOSED,2025-11-18 03:30:00+00:00,90000.0,91000.0,2025-11-18 08:17:00+00:00,33.70786516853933,6138.929517981658,0.5490837624019784,6151.076238377419,0.3064011235954993,0 days 04:47:00
1515,CLOSED,2025-11-19 00:19:00+00:00,92000.0,93000.0,2025-11-20 05:04:00+00:00,33.70786516853933,6163.1464000855785,0.5469262448166293,6176.076907907722,0.2982754030288248,1 days 04:45:00
1516,CLOSED,2025-11-19 05:08:00+00:00,91000.0,92000.0,2025-11-19 07:47:00+00:00,33.70786516853933,6151.676466947503,0.5479460005682868,6163.449030039894,0.3022936164958665,0 days 02:39:00
1517,CLOSED,2025-11-19 15:30:00+00:00,91000.0,92000.0,2025-11-20 00:30:00+00:00,33.70786516853933,6151.9787605639995,0.5479190758039787,6164.674726837804,0.3022936164958665,0 days 09:00:00
1518,CLOSED,2025-11-19 15:53:00+00:00,90000.0,91000.0,2025-11-19 15:56:00+00:00,33.70786516853933,6140.1387817412715,0.5489756236255652,6152.285502137032,0.3064011235954993,0 days 00:03:00
1519,CLOSED,2025-11-19 16:05:00+00:00,90000.0,91000.0,2025-11-19 23:05:00+00:00,33.70786516853933,6140.445182864866,0.5489482303759073,6152.902504194853,0.3064011235954993,0 days 07:00:00
1520,CLOSED,2025-11-19 17:36:00+00:00,89000.0,90000.0,2025-11-19 21:20:00+00:00,33.70786516853933,6128.231046738768,0.5500423354057038,6140.756128452544,0.3106009342254765,0 days 03:44:00
1521,CLOSED,2025-11-20 06:42:00+00:00,92000.0,93000.0,2025-11-28 14:30:00+00:00,33.70786516853933,6164.972665903012,0.5467642274388248,6185.514860793639,0.2982754030288248,8 days 07:48:00
1522,CLOSED,2025-11-20 14:05:00+00:00,91000.0,92000.0,2025-11-28 11:02:00+00:00,33.70786516853933,6153.502732764937,0.5477833785472858,6174.112679723721,0.3022936164958665,7 days 20:57:00
1523,CLOSED,2025-11-20 15:58:00+00:00,90000.0,91000.0,2025-11-27 01:58:00+00:00,33.70786516853933,6141.66275394221,0.5488394026015664,6162.34045708077,0.3064011235954993,6 days 10:00:00
1524,CLOSED,2025-11-20 16:07:00+00:00,89000.0,90000.0,2025-11-26 18:07:00+00:00,33.70786516853933,6129.448617816111,0.5499330734344136,6150.194081338461,0.3106009342254765,6 days 02:00:00
1525,CLOSED,2025-11-20 16:47:00+00:00,88000.0,89000.0,2025-11-24 20:46:00+00:00,33.70786516853933,6116.856120371998,0.5510651959962951,6136.396581789811,0.3148961950970417,4 days 03:59:00
1526,CLOSED,2025-11-20 17:11:00+00:00,87000.0,88000.0,2025-11-20 22:26:00+00:00,33.70786516853933,6103.880962049438,0.5522366077929145,6117.175763921009,0.31929019759783017,0 days 05:15:00
1527,CLOSED,2025-11-20 23:36:00+00:00,87000.0,88000.0,2025-11-23 21:58:00+00:00,33.70786516853933,6104.200252247034,0.5522077221521531,6122.2030393814,0.31929019759783017,2 days 22:22:00
1528,CLOSED,2025-11-21 02:44:00+00:00,86000.0,87000.0,2025-11-23 14:00:00+00:00,33.70786516853933,6090.838034645124,0.553419167884724,6108.9085953619315,0.32378638620329525,2 days 11:16:00
1529,CLOSED,2025-11-21 07:32:00+00:00,85000.0,86000.0,2025-11-23 01:53:00+00:00,33.70786516853933,6077.08425707457,0.554671677117175,6095.222595980406,0.3283883674818213,1 days 18:21:00
1530,CLOSED,2025-11-21 07:33:00+00:00,84000.0,85000.0,2025-11-21 14:36:00+00:00,33.70786516853933,6062.9343129475055,0.5559661943979102,6079.470110076286,0.33309991974317654,0 days 07:03:00
1531,CLOSED,2025-11-21 07:34:00+00:00,83000.0,84000.0,2025-11-21 07:37:00+00:00,33.70786516853933,6048.383485995402,0.5573037034868485,6063.615477727755,0.33792500338432063,0 days 00:03:00
1532,CLOSED,2025-11-21 07:34:00+00:00,82000.0,83000.0,2025-11-21 07:35:00+00:00,33.70786516853933,6033.426946304702,0.5586852292822475,6048.726730719984,0.3428677719923243,0 days 00:01:00
1533,CLOSED,2025-11-21 09:31:00+00:00,83000.0,84000.0,2025-11-21 13:17:00+00:00,33.70786516853933,6049.064278770778,0.5572409816645072,6064.987070859393,0.33792500338432063,0 days 03:46:00
1534,CLOSED,2025-11-21 10:03:00+00:00,82000.0,83000.0,2025-11-21 11:07:00+00:00,33.70786516853933,6034.107739080078,0.5586221961240323,6049.40752349536,0.3428677719923243,0 days 01:04:00
1535,CLOSED,2025-11-21 12:08:00+00:00,82000.0,83000.0,2025-11-21 12:44:00+00:00,33.70786516853933,6034.450606852071,0.5585904561098621,6050.09832385162,0.3428677719923243,0 days 00:36:00
1536,CLOSED,2025-11-21 12:23:00+00:00,81000.0,82000.0,2025-11-21 12:36:00+00:00,33.70786516853933,6019.0834067064525,0.5600165821091976,6034.7989214588115,0.3479325842696639,0 days 00:13:00
1537,CLOSED,2025-11-21 15:17:00+00:00,84000.0,85000.0,2025-11-21 17:04:00+00:00,33.70786516853933,6065.319798774262,0.5557475333015637,6080.141134999412,0.33309991974317654,0 days 01:47:00
1538,CLOSED,2025-11-21 15:39:00+00:00,83000.0,84000.0,2025-11-21 16:51:00+00:00,33.70786516853933,6050.768971822157,0.5570839892501859,6065.658095782519,0.33792500338432063,0 days 01:12:00
1539,CLOSED,2025-11-21 18:06:00+00:00,84000.0,85000.0,2025-11-21 18:48:00+00:00,33.70786516853933,6065.990823697388,0.555686056049677,6080.474234919155,0.33309991974317654,0 days 00:42:00
1540,CLOSED,2025-11-21 20:07:00+00:00,84000.0,85000.0,2025-11-21 21:29:00+00:00,33.70786516853933,6066.32392361713,0.555655543504847,6080.807334838897,0.33309991974317654,0 days 01:22:00
1541,CLOSED,2025-11-22 04:17:00+00:00,84000.0,85000.0,2025-11-22 22:51:00+00:00,33.70786516853933,6066.657023536873,0.5556250343107014,6081.1404347586395,0.33309991974317654,0 days 18:34:00
1542,CLOSED,2025-11-23 23:18:00+00:00,87000.0,88000.0,2025-11-24 02:18:00+00:00,33.70786516853933,6109.227527707426,0.5517533111291516,6122.846115965201,0.31929019759783017,0 days 03:00:00
1543,CLOSED,2025-11-24 00:21:00+00:00,86000.0,87000.0,2025-11-24 00:41:00+00:00,33.70786516853933,6095.865310105515,0.55296276170439,6109.551671945732,0.32378638620329525,0 days 00:20:00
1544,CLOSED,2025-11-24 04:16:00+00:00,87000.0,88000.0,2025-11-24 17:41:00+00:00,33.70786516853933,6109.870604291225,0.551695237946035,6123.489192549001,0.31929019759783017,0 days 13:25:00
1545,CLOSED,2025-11-24 09:21:00+00:00,86000.0,87000.0,2025-11-24 16:02:00+00:00,33.70786516853933,6096.508386689316,0.5529044336613183,6110.194748529532,0.32378638620329525,0 days 06:41:00
1546,CLOSED,2025-11-25 00:14:00+00:00,88000.0,89000.0,2025-11-26 17:34:00+00:00,33.70786516853933,6123.803735392684,0.5504399981619894,6137.669348577699,0.3148961950970417,1 days 17:20:00
1547,CLOSED,2025-11-25 08:59:00+00:00,87000.0,88000.0,2025-11-25 17:37:00+00:00,33.70786516853933,6110.828577070122,0.5516087506532672,6124.123378941695,0.31929019759783017,0 days 08:38:00
1548,CLOSED,2025-11-25 19:04:00+00:00,87000.0,88000.0,2025-11-26 01:39:00+00:00,33.70786516853933,6111.14786726772,0.5515799306556468,6124.442669139292,0.31929019759783017,0 days 06:35:00
1549,CLOSED,2025-11-26 04:08:00+00:00,87000.0,88000.0,2025-11-26 17:25:00+00:00,33.70786516853933,6111.467157465317,0.5515511136693959,6124.761959336889,0.31929019759783017,0 days 13:17:00
1550,CLOSED,2025-11-28 14:41:00+00:00,92000.0,93000.0,2025-12-03 02:26:00+00:00,33.70786516853933,6174.410618788929,0.5459284658840994,6189.58716215407,0.2982754030288248,4 days 11:45:00
1551,CLOSED,2025-11-28 16:30:00+00:00,91000.0,92000.0,2025-11-30 13:24:00+00:00,33.70786516853933,6162.940685650854,0.5469445008130809,6174.713248743245,0.3022936164958665,1 days 20:54:00
1552,CLOSED,2025-11-30 21:12:00+00:00,91000.0,92000.0,2025-12-02 18:18:00+00:00,33.70786516853933,6163.24297926735,0.5469176743790543,6177.580393851162,0.3022936164958665,1 days 21:06:00
1553,CLOSED,2025-12-01 00:04:00+00:00,90000.0,91000.0,2025-12-02 15:51:00+00:00,33.70786516853933,6151.403000444622,0.5479703600317347,6165.80817120821,0.3064011235954993,1 days 15:47:00
1554,CLOSED,2025-12-01 00:08:00+00:00,89000.0,90000.0,2025-12-02 15:03:00+00:00,33.70786516853933,6139.188864318524,0.5490605666890661,6153.661795465901,0.3106009342254765,1 days 14:55:00
1555,CLOSED,2025-12-01 00:33:00+00:00,88000.0,89000.0,2025-12-02 14:47:00+00:00,33.70786516853933,6126.596366874411,0.5501890960336918,6141.137062705139,0.3148961950970417,1 days 14:14:00
1556,CLOSED,2025-12-01 00:56:00+00:00,87000.0,88000.0,2025-12-02 14:08:00+00:00,33.70786516853933,6113.621208551849,0.551356782153728,6128.22967346433,0.31929019759783017,1 days 13:12:00
1557,CLOSED,2025-12-01 04:13:00+00:00,86000.0,87000.0,2025-12-02 01:06:00+00:00,33.70786516853933,6100.258990949939,0.5525644930575365,6114.935229444861,0.32378638620329525,0 days 20:53:00
1558,CLOSED,2025-12-01 12:48:00+00:00,85000.0,86000.0,2025-12-01 13:03:00+00:00,33.70786516853933,6086.505213379385,0.5538131322789724,6100.587741776112,0.3283883674818213,0 days 00:15:00
1559,CLOSED,2025-12-01 15:25:00+00:00,85000.0,86000.0,2025-12-01 21:21:00+00:00,33.70786516853933,6086.833601746866,0.5537832537243251,6101.249230063336,0.3283883674818213,0 days 05:56:00
1560,CLOSED,2025-12-01 15:42:00+00:00,84000.0,85000.0,2025-12-01 16:37:00+00:00,33.70786516853933,6072.683657619802,0.5550736226189522,6087.167068841569,0.33309991974317654,0 days 00:55:00
1561,CLOSED,2025-12-02 20:29:00+00:00,91000.0,92000.0,2025-12-02 22:53:00+00:00,33.70786516853933,6166.110124375267,0.5466633661842768,6177.882687467656,0.3022936164958665,0 days 02:24:00
1562,CLOSED,2025-12-03 00:35:00+00:00,91000.0,92000.0,2025-12-03 01:26:00+00:00,33.70786516853933,6166.412417991762,0.5466365673205669,6178.184981084152,0.3022936164958665,0 days 00:51:00
1563,CLOSED,2025-12-03 14:03:00+00:00,92000.0,93000.0,2025-12-03 14:41:00+00:00,33.70786516853933,6178.48292014936,0.5455686388419192,6189.885437557098,0.2982754030288248,0 days 00:38:00
1564,CLOSED,2025-12-03 15:21:00+00:00,92000.0,93000.0,2025-12-03 17:53:00+00:00,33.70786516853933,6178.781195552388,0.5455423019802502,6190.183712960126,0.2982754030288248,0 days 02:32:00
1565,CLOSED,2025-12-04 00:12:00+00:00,93000.0,94000.0,2025-12-04 02:21:00+00:00,33.70786516853933,6190.4777242472965,0.5445115331973492,6201.5142182060845,0.2943436027546227,0 days 02:09:00
1566,CLOSED,2025-12-04 05:21:00+00:00,93000.0,94000.0,2025-12-09 16:41:00+00:00,33.70786516853933,6190.772067850051,0.5444856441023114,6206.0906980801265,0.2943436027546227,5 days 11:20:00
1567,CLOSED,2025-12-04 14:54:00+00:00,92000.0,93000.0,2025-12-04 15:39:00+00:00,33.70786516853933,6179.6681581609255,0.5454640007493674,6191.070675568663,0.2982754030288248,0 days 00:45:00
1568,CLOSED,2025-12-04 17:31:00+00:00,92000.0,93000.0,2025-12-09 16:01:00+00:00,33.70786516853933,6179.966433563954,0.5454376739891156,6195.054536436924,0.2982754030288248,4 days 22:30:00
1569,CLOSED,2025-12-04 19:21:00+00:00,91000.0,92000.0,2025-12-04 19:45:00+00:00,33.70786516853933,6168.496500425879,0.5464518812033387,6180.269063518268,0.3022936164958665,0 days 00:24:00
1570,CLOSED,2025-12-05 09:44:00+00:00,91000.0,92000.0,2025-12-08 09:02:00+00:00,33.70786516853933,6168.798794042374,0.5464251030702005,6182.737259503321,0.3022936164958665,2 days 23:18:00
1571,CLOSED,2025-12-05 14:41:00+00:00,90000.0,91000.0,2025-12-05 15:03:00+00:00,33.70786516853933,6156.958815219647,0.5474758915914044,6169.1055356154075,0.3064011235954993,0 days 00:22:00
1572,CLOSED,2025-12-05 16:05:00+00:00,90000.0,91000.0,2025-12-07 17:35:00+00:00,33.70786516853933,6157.265216343241,0.5474486478033864,6170.34803480255,0.3064011235954993,2 days 01:30:00
1573,CLOSED,2025-12-05 16:17:00+00:00,89000.0,90000.0,2025-12-06 14:15:00+00:00,33.70786516853933,6145.051080217143,0.5485367774574824,6157.57616193092,0.3106009342254765,0 days 21:58:00
1574,CLOSED,2025-12-06 23:21:00+00:00,89000.0,90000.0,2025-12-07 17:16:00+00:00,33.70786516853933,6145.361681151368,0.5485090531274307,6158.201659060242,0.3106009342254765,0 days 17:55:00
1575,CLOSED,2025-12-07 14:25:00+00:00,88000.0,89000.0,2025-12-07 15:09:00+00:00,33.70786516853933,6132.769183707255,0.5496353141430792,6145.6769262994785,0.3148961950970417,0 days 00:44:00
1576,CLOSED,2025-12-07 21:54:00+00:00,90000.0,91000.0,2025-12-08 01:26:00+00:00,33.70786516853933,6158.507715530383,0.5473381982381155,6170.96503686037,0.3064011235954993,0 days 03:32:00
1577,CLOSED,2025-12-07 22:07:00+00:00,89000.0,90000.0,2025-12-07 22:34:00+00:00,33.70786516853933,6146.293579404285,0.5484258884328526,6158.818661118061,0.3106009342254765,0 days 00:27:00
1578,CLOSED,2025-12-08 14:36:00+00:00,91000.0,92000.0,2025-12-09 15:44:00+00:00,33.70786516853933,6171.266990027427,0.5462065605492386,6183.652355367005,0.3022936164958665,1 days 01:08:00
1579,CLOSED,2025-12-08 15:23:00+00:00,90000.0,91000.0,2025-12-08 21:28:00+00:00,33.70786516853933,6159.427011204699,0.5472565079060258,6171.57373160046,0.3064011235954993,0 days 06:05:00
1580,CLOSED,2025-12-09 01:49:00+00:00,90000.0,91000.0,2025-12-09 15:02:00+00:00,33.70786516853933,6159.7334123282935,0.5472292859472667,6171.880132724054,0.3064011235954993,0 days 13:13:00
1581,CLOSED,2025-12-09 20:23:00+00:00,93000.0,94000.0,2025-12-10 20:13:00+00:00,33.70786516853933,6195.348547724094,0.5440834346749087,6207.279867891966,0.2943436027546227,0 days 23:50:00
1582,CLOSED,2025-12-10 01:32:00+00:00,92000.0,93000.0,2025-12-10 10:01:00+00:00,33.70786516853933,6184.244638034968,0.5450603451426517,6195.647155442706,0.2982754030288248,0 days 08:29:00
1583,CLOSED,2025-12-10 11:42:00+00:00,92000.0,93000.0,2025-12-10 18:38:00+00:00,33.70786516853933,6184.5429134379965,0.5450340573318309,6195.945430845734,0.2982754030288248,0 days 06:56:00
1584,CLOSED,2025-12-10 19:03:00+00:00,92000.0,93000.0,2025-12-10 19:13:00+00:00,33.70786516853933,6184.841188841025,0.5450077720565665,6196.2437062487625,0.2982754030288248,0 days 00:10:00
1585,OPEN,2025-12-10 20:51:00+00:00,93000.0,94000.0,,33.70786516853933,6196.537717535933,0.5439790203027012,,-1.9715216455237368,21 days 03:08:00
1586,CLOSED,2025-12-10 21:06:00+00:00,92000.0,93000.0,2025-12-11 21:17:00+00:00,33.70786516853933,6185.433807846807,0.5449555555145982,6197.445019994635,0.2982754030288248,1 days 00:11:00
1587,CLOSED,2025-12-11 01:12:00+00:00,91000.0,92000.0,2025-12-11 21:07:00+00:00,33.70786516853933,6173.963874708732,0.5459679689189881,6186.042838924717,0.3022936164958665,0 days 19:55:00
1588,CLOSED,2025-12-11 02:18:00+00:00,90000.0,91000.0,2025-12-11 18:44:00+00:00,33.70786516853933,6162.123895886005,0.5470169983281832,6174.270616281766,0.3064011235954993,0 days 16:26:00
1589,OPEN,2025-12-12 00:54:00+00:00,92000.0,93000.0,,33.70786516853933,6186.340777989925,0.5448756603979346,,-1.6265613898387912,19 days 23:05:00
1590,OPEN,2025-12-12 15:28:00+00:00,91000.0,92000.0,,33.70786516853933,6174.87084485185,0.5458877766915958,,-1.2740195900728466,19 days 08:31:00
1591,OPEN,2025-12-12 15:58:00+00:00,90000.0,91000.0,,33.70786516853933,6163.030866029123,0.5469364976628376,,-0.9136435280898922,19 days 08:01:00
1592,CLOSED,2025-12-14 11:44:00+00:00,89000.0,90000.0,2025-12-15 02:21:00+00:00,33.70786516853933,6150.816729903025,0.5480225903116898,6163.656707811897,0.3106009342254765,0 days 14:37:00
1593,CLOSED,2025-12-14 23:11:00+00:00,88000.0,89000.0,2025-12-15 01:34:00+00:00,33.70786516853933,6138.2242324589115,0.549146852444592,6151.131975051135,0.3148961950970417,0 days 02:23:00
1594,CLOSED,2025-12-15 14:46:00+00:00,89000.0,90000.0,2025-12-17 15:06:00+00:00,33.70786516853933,6151.442227032347,0.5479668657280243,6165.2445717226165,0.3106009342254765,2 days 00:20:00
1595,CLOSED,2025-12-15 14:56:00+00:00,88000.0,89000.0,2025-12-17 14:54:00+00:00,33.70786516853933,6138.8497295882335,0.5490908990013721,6152.719838961854,0.3148961950970417,1 days 23:58:00
1596,CLOSED,2025-12-15 15:21:00+00:00,87000.0,88000.0,2025-12-16 15:55:00+00:00,33.70786516853933,6125.874571265673,0.5502539233606103,6139.4931595234475,0.31929019759783017,1 days 00:34:00
1597,CLOSED,2025-12-15 17:32:00+00:00,86000.0,87000.0,2025-12-16 10:42:00+00:00,33.70786516853933,6112.512353663762,0.5514568023463423,6126.198715503979,0.32378638620329525,0 days 17:10:00
1598,CLOSED,2025-12-17 04:21:00+00:00,87000.0,88000.0,2025-12-17 14:52:00+00:00,33.70786516853933,6126.517647849472,0.5501961653594755,6139.812449721045,0.31929019759783017,0 days 10:31:00
1599,CLOSED,2025-12-17 15:42:00+00:00,89000.0,90000.0,2025-12-22 11:35:00+00:00,33.70786516853933,6153.030090943066,0.5478254562439978,6169.3783815601,0.3106009342254765,4 days 19:53:00
1600,CLOSED,2025-12-17 15:50:00+00:00,88000.0,89000.0,2025-12-18 13:47:00+00:00,33.70786516853933,6140.437593498953,0.5489489088567036,6153.988412674977,0.3148961950970417,0 days 21:57:00
1601,CLOSED,2025-12-17 16:14:00+00:00,87000.0,88000.0,2025-12-18 13:30:00+00:00,33.70786516853933,6127.462435176392,0.5501113311610041,6141.081023434167,0.31929019759783017,0 days 21:16:00
1602,CLOSED,2025-12-17 18:43:00+00:00,86000.0,87000.0,2025-12-18 08:23:00+00:00,33.70786516853933,6114.100217574482,0.5513135861209606,6127.786579414698,0.32378638620329525,0 days 13:40:00
1603,CLOSED,2025-12-18 14:36:00+00:00,88000.0,89000.0,2025-12-18 15:36:00+00:00,33.70786516853933,6141.39556627785,0.5488632804183438,6154.303308870073,0.3148961950970417,0 days 01:00:00
1604,CLOSED,2025-12-18 16:27:00+00:00,88000.0,89000.0,2025-12-19 15:16:00+00:00,33.70786516853933,6141.710462472946,0.5488351392417631,6155.589670016451,0.3148961950970417,0 days 22:49:00
1605,CLOSED,2025-12-18 17:08:00+00:00,87000.0,88000.0,2025-12-19 07:07:00+00:00,33.70786516853933,6128.735304150385,0.5499970792622147,6142.682280775642,0.31929019759783017,0 days 13:59:00
1606,CLOSED,2025-12-18 17:17:00+00:00,86000.0,87000.0,2025-12-19 03:27:00+00:00,33.70786516853933,6115.373086548475,0.5511988343390525,6129.387836756173,0.32378638620329525,0 days 10:10:00
1607,CLOSED,2025-12-18 19:40:00+00:00,85000.0,86000.0,2025-12-19 03:03:00+00:00,33.70786516853933,6101.619308977921,0.5524413022448251,6115.701837374648,0.3283883674818213,0 days 07:23:00
1608,CLOSED,2025-12-19 15:30:00+00:00,88000.0,89000.0,2025-12-21 09:53:00+00:00,33.70786516853933,6142.9968236193245,0.5487202115901366,6156.223856409145,0.3148961950970417,1 days 18:23:00
1609,CLOSED,2025-12-19 17:33:00+00:00,87000.0,88000.0,2025-12-19 19:37:00+00:00,33.70786516853933,6130.021665296763,0.549881664519492,6143.316467168335,0.31929019759783017,0 days 02:04:00
1610,CLOSED,2025-12-21 13:30:00+00:00,88000.0,89000.0,2025-12-22 00:10:00+00:00,33.70786516853933,6143.631010012018,0.5486635690458466,6156.538752604241,0.3148961950970417,0 days 10:40:00
1611,CLOSED,2025-12-22 02:05:00+00:00,88000.0,89000.0,2025-12-22 04:21:00+00:00,33.70786516853933,6143.945906207115,0.5486354483441154,6156.853648799338,0.3148961950970417,0 days 02:16:00
1612,CLOSED,2025-12-22 19:01:00+00:00,89000.0,90000.0,2025-12-29 03:40:00+00:00,33.70786516853933,6157.16390078055,0.5474576560202684,6171.595935674908,0.3106009342254765,6 days 08:39:00
1613,CLOSED,2025-12-22 19:57:00+00:00,88000.0,89000.0,2025-12-26 02:20:00+00:00,33.70786516853933,6144.571403336437,0.5485795990626184,6158.437016521451,0.3148961950970417,3 days 06:23:00
1614,CLOSED,2025-12-23 14:54:00+00:00,87000.0,88000.0,2025-12-23 16:03:00+00:00,33.70786516853933,6131.596245013876,0.5497404561813748,6144.891046885447,0.31929019759783017,0 days 01:09:00
1615,CLOSED,2025-12-24 02:44:00+00:00,87000.0,88000.0,2025-12-24 22:37:00+00:00,33.70786516853933,6131.915535211472,0.5497118310742818,6145.210337083045,0.31929019759783017,0 days 19:53:00
1616,CLOSED,2025-12-25 23:45:00+00:00,87000.0,88000.0,2025-12-26 02:14:00+00:00,33.70786516853933,6132.23482540907,0.5496832089480647,6145.529627280642,0.31929019759783017,0 days 02:29:00
1617,CLOSED,2025-12-26 14:49:00+00:00,88000.0,89000.0,2025-12-29 02:06:00+00:00,33.70786516853933,6145.844170124325,0.5484659915784595,6159.071202914145,0.3148961950970417,2 days 11:17:00
1618,CLOSED,2025-12-26 15:01:00+00:00,87000.0,88000.0,2025-12-28 10:36:00+00:00,33.70786516853933,6132.869011801764,0.549626367425649,6146.163813673335,0.31929019759783017,1 days 19:35:00
1619,OPEN,2025-12-29 09:32:00+00:00,89000.0,90000.0,,33.70786516853933,6159.381454895357,0.5472605555505735,,-0.5451691276353969,2 days 14:27:00
1620,CLOSED,2025-12-29 09:45:00+00:00,88000.0,89000.0,2025-12-30 14:57:00+00:00,33.70786516853933,6146.788957451244,0.5483816900477455,6160.335280438661,0.3148961950970417,1 days 05:12:00
1621,CLOSED,2025-12-29 12:11:00+00:00,87000.0,88000.0,2025-12-29 14:32:00+00:00,33.70786516853933,6133.813799128682,0.5495417088358239,6147.108601000255,0.31929019759783017,0 days 02:21:00
1622,CLOSED,2025-12-30 02:33:00+00:00,87000.0,88000.0,2025-12-30 08:12:00+00:00,33.70786516853933,6134.13308932628,0.5495131044220872,6147.427891197852,0.31929019759783017,0 days 05:39:00
1623,CLOSED,2025-12-30 19:06:00+00:00,88000.0,89000.0,2025-12-31 11:42:00+00:00,33.70786516853933,6147.742434041535,0.5482966394605399,6160.650176633758,0.3148961950970417,0 days 16:36:00
1624,OPEN,2025-12-31 15:12:00+00:00,88000.0,89000.0,,33.70786516853933,6148.057330236631,0.5482685563578171,,-0.16832030898876127,0 days 08:47:00
