Trade ID,Status,Buy Time,Buy Price,Sell Target,Sell Time,Capital Base at Buy (USDT),Base Order Size (USDT),BTC Allocation Before Buy,Alpha,Order Size (USDT),Portfolio Value at Buy,Order % of Portfolio,Portfolio Value at Sell,Net P&L,Holding Time
1,CLOSED,2024-01-01 18:09:00+00:00,43000.0,44000.0,2024-01-01 23:28:00+00:00,3000.0,33.70786516853933,0.0,1.0,33.70786516853933,3000.0,1.1235955056179776,3000.7494120721194,0.7149547948785013,0 days 05:19:00
2,CLOSED,2024-01-01 23:33:00+00:00,44000.0,45000.0,2024-01-02 00:57:00+00:00,3000.0,33.70786516853933,0.0,1.0,33.70786516853933,3000.7149547948784,1.1233277960866335,3001.4465686866047,0.6971744126659871,0 days 01:24:00
3,CLOSED,2024-01-02 00:58:00+00:00,45000.0,46000.0,2024-01-08 18:04:00+00:00,3000.0,33.70786516853933,0.0,1.0,33.70786516853933,3001.4121292075447,1.1230668671096207,3006.3748152709118,0.6801842696629166,6 days 17:06:00
4,CLOSED,2024-01-03 11:55:00+00:00,44000.0,45000.0,2024-01-08 12:03:00+00:00,3000.0,33.70786516853933,0.010972976183475347,0.990672970244046,33.393470907102675,3000.630106735635,1.1128819520987612,3005.6606189251843,0.6906718461739629,5 days 00:08:00
5,CLOSED,2024-01-03 12:01:00+00:00,43000.0,44000.0,2024-01-04 15:16:00+00:00,3000.0,33.70786516853933,0.021599691007048363,0.9816402626440089,33.088997617213785,2999.0902150798906,1.1033011761645972,3003.486104492084,0.7018284126231222,1 days 03:15:00
6,CLOSED,2024-01-03 12:08:00+00:00,42000.0,43000.0,2024-01-03 15:56:00+00:00,3000.0,33.70786516853933,0.03188756938683651,0.972895566021189,32.79423256251199,2996.7818858365154,1.0943149622435029,3000.530697628236,0.7136985408127714,0 days 03:48:00
7,CLOSED,2024-01-03 12:09:00+00:00,41000.0,42000.0,2024-01-03 12:15:00+00:00,3000.0,33.70786516853933,0.04184337537928332,0.9644331309276092,32.508981941380085,2993.693817112244,1.0859153917329687,2997.508691718583,0.7263315325742852,0 days 00:06:00
8,CLOSED,2024-01-03 18:56:00+00:00,42000.0,43000.0,2024-01-03 19:35:00+00:00,3000.0,33.70786516853933,0.03187225395650076,0.9729085841369743,32.79467137540363,2998.221915909902,1.0938040043460588,3001.244406167714,0.7137080906663797,0 days 00:39:00
9,CLOSED,2024-01-05 01:48:00+00:00,43000.0,44000.0,2024-01-05 09:01:00+00:00,3000.0,33.70786516853933,0.021579144548120575,0.9816577271340975,33.089586307890926,3001.9457816565664,1.1022712838481403,3004.187945992807,0.7018408989440488,0 days 07:13:00
10,CLOSED,2024-01-08 18:24:00+00:00,46000.0,47000.0,2024-01-08 19:11:00+00:00,3000.0,33.70786516853933,0.0,1.0,33.70786516853933,3006.3403927990016,1.1212258348814654,3007.0387318317325,0.6639328285295605,0 days 00:47:00
11,CLOSED,2024-01-08 19:12:00+00:00,47000.0,48000.0,2024-01-11 14:36:00+00:00,3000.0,33.70786516853933,0.0,1.0,33.70786516853933,3007.004325627531,1.1209782733353681,3012.331169019088,0.6483729380827157,2 days 19:24:00
12,CLOSED,2024-01-09 12:56:00+00:00,46000.0,47000.0,2024-01-09 13:53:00+00:00,3000.0,33.70786516853933,0.01096304047068489,0.9906814155999178,33.39375558201971,3006.254146330376,1.1108094644221027,3007.662449263877,0.6577459144309259,0 days 00:57:00
13,CLOSED,2024-01-09 21:17:00+00:00,46000.0,47000.0,2024-01-10 23:03:00+00:00,3000.0,33.70786516853933,0.010960642364143118,0.9906834539904783,33.39382429181388,3006.911892244807,1.1105687658471348,3010.991029136836,0.6577472677853251,1 days 01:46:00
14,CLOSED,2024-01-09 21:25:00+00:00,45000.0,46000.0,2024-01-09 21:29:00+00:00,3000.0,33.70786516853933,0.02158635249041386,0.9816516003831482,33.08937978819601,3005.436800239235,1.1009840494919765,3007.579993272025,0.667703976870051,0 days 00:04:00
15,CLOSED,2024-01-10 11:53:00+00:00,45000.0,46000.0,2024-01-10 17:41:00+00:00,3000.0,33.70786516853933,0.021581557815649972,0.9816556758566976,33.08951716370891,3006.104504216105,1.1007440731784401,3008.247700161256,0.667706748943047,0 days 05:48:00
16,CLOSED,2024-01-10 20:12:00+00:00,45000.0,46000.0,2024-01-10 20:15:00+00:00,3000.0,33.70786516853933,0.021576765250468723,0.9816597495371016,33.089654478778705,3006.772210965048,1.1005042004215646,3008.9154098212784,0.6677095197963823,0 days 00:03:00
17,CLOSED,2024-01-10 20:44:00+00:00,45000.0,46000.0,2024-01-10 20:57:00+00:00,3000.0,33.70786516853933,0.02157197479348702,0.981663821425536,33.08979173344503,3007.439920484844,1.100264431154803,3009.5831222508737,0.6677122894308383,0 days 00:13:00
18,CLOSED,2024-01-11 05:44:00+00:00,46000.0,47000.0,2024-01-11 11:17:00+00:00,3000.0,33.70786516853933,0.01094852261054268,0.9906937557810387,33.39417154318108,3010.2404720476325,1.1093522877415047,3011.6487835987637,0.6577541074822761,0 days 05:33:00
19,CLOSED,2024-01-11 15:05:00+00:00,48000.0,49000.0,2024-02-12 15:10:00+00:00,3000.0,33.70786516853933,0.0,1.0,33.70786516853933,3012.2967783903528,1.1190087713253614,3022.583988709221,0.6334613764044974,32 days 00:05:00
20,CLOSED,2024-01-11 15:42:00+00:00,47000.0,48000.0,2024-02-09 18:24:00+00:00,3000.0,33.70786516853933,0.01094867631940058,0.9906936251285096,33.394167139163244,3011.561525581364,1.1088655123098206,3021.270462100099,0.6423389364643839,29 days 02:42:00
21,CLOSED,2024-01-11 16:16:00+00:00,46000.0,47000.0,2024-02-09 11:44:00+00:00,3000.0,33.70786516853933,0.021567946160321663,0.9816672457637265,33.08990716057505,3010.116782790149,1.0992898132644284,3019.892888919738,0.6517611111547268,28 days 19:28:00
22,CLOSED,2024-01-12 15:19:00+00:00,45000.0,46000.0,2024-02-09 02:45:00+00:00,3000.0,33.70786516853933,0.03186514417017325,0.9729146274553527,32.794875082764705,3007.953717796882,1.0902719310051314,3017.796403960066,0.6617612253200917,27 days 11:26:00
23,CLOSED,2024-01-12 16:17:00+00:00,44000.0,45000.0,2024-02-08 13:58:00+00:00,3000.0,33.70786516853933,0.04184702346903229,0.9644300300513226,32.50887741746031,3005.062901608855,1.081803558922366,3014.9715971149467,0.6723759397584672,26 days 21:41:00
24,CLOSED,2024-01-12 22:03:00+00:00,43000.0,44000.0,2024-02-07 20:16:00+00:00,3000.0,33.70786516853933,0.05151976411654841,0.9562082005009338,32.2317370955371,3001.4342721334924,1.0738778255046044,3011.408424848066,0.683645637850276,25 days 22:13:00
25,CLOSED,2024-01-12 22:21:00+00:00,42000.0,43000.0,2024-01-13 05:42:00+00:00,3000.0,33.70786516853933,0.06088897843348833,0.9482443683315349,31.963293314546124,2997.0570940924417,1.0664893030416271,3002.130346865493,0.6956148693120916,0 days 07:21:00
26,CLOSED,2024-01-14 21:38:00+00:00,42000.0,43000.0,2024-01-15 18:25:00+00:00,3000.0,33.70786516853933,0.06087484942323043,0.9482563779902541,31.96369813450295,2997.752708961754,1.0662553331683355,3002.825970958917,0.6956236793798922,0 days 20:47:00
27,CLOSED,2024-01-18 16:40:00+00:00,42000.0,43000.0,2024-01-29 16:21:00+00:00,3000.0,33.70786516853933,0.06086072678977482,0.9482683822286914,31.964102771753645,2998.4483326411337,1.0660214626275917,3006.396491224423,0.6956324854714779,10 days 23:41:00
28,CLOSED,2024-01-18 19:57:00+00:00,41000.0,42000.0,2024-01-19 20:09:00+00:00,3000.0,33.70786516853933,0.06992746119584507,0.9405616579835316,31.704325550006686,2993.3111332184785,1.0591724060411138,2999.157167169506,0.7083535069629079,1 days 00:12:00
29,CLOSED,2024-01-22 04:18:00+00:00,41000.0,42000.0,2024-01-26 17:01:00+00:00,3000.0,33.70786516853933,0.0699109170943151,0.9405757204698322,31.70479956639884,2994.0194867254413,1.0589376491024236,3001.3237015138125,0.7083640976683725,4 days 12:43:00
30,CLOSED,2024-01-22 19:17:00+00:00,40000.0,41000.0,2024-01-26 11:29:00+00:00,3000.0,33.70786516853933,0.07868183919936701,0.933120436680538,31.453497865636116,2988.1100320994833,1.0526218086934536,2995.4781592828976,0.7218900158516632,3 days 16:12:00
31,CLOSED,2024-01-23 09:29:00+00:00,39000.0,40000.0,2024-01-24 00:44:00+00:00,3000.0,33.70786516853933,0.0871628781252127,0.9259115535935692,31.210501806524807,2981.4152776660317,1.0468351068140231,2988.846837107624,0.7362797456942367,0 days 15:15:00
32,CLOSED,2024-02-01 01:21:00+00:00,42000.0,43000.0,2024-02-01 17:19:00+00:00,3017.2585367906936,33.90178131225498,0.06078834069099725,0.9483299104126524,32.1500732346801,3002.0188524927826,1.0709484121988002,3007.0963611797283,0.6996797473725422,0 days 15:58:00
33,CLOSED,2024-02-10 10:48:00+00:00,47000.0,48000.0,2024-02-10 20:46:00+00:00,3017.2585367906936,33.90178131225498,0.010916150295994074,0.990721272248405,33.58721591316446,3020.5348465796264,1.1119625370717947,3021.916711301092,0.646052241954564,0 days 09:58:00
34,CLOSED,2024-02-12 15:14:00+00:00,49000.0,50000.0,2024-02-12 17:19:00+00:00,3017.2585367906936,33.90178131225498,0.0,1.0,33.90178131225498,3022.549613006974,1.1216286133522853,3023.206892440579,0.622720372859078,0 days 02:05:00
35,CLOSED,2024-02-12 17:20:00+00:00,50000.0,51000.0,2024-02-14 09:10:00+00:00,3017.2585367906936,33.90178131225498,0.0,1.0,33.90178131225498,3023.172333379833,1.1213975775689113,3024.4326970298807,0.6089105721850387,1 days 15:50:00
36,CLOSED,2024-02-13 14:21:00+00:00,49000.0,50000.0,2024-02-14 08:52:00+00:00,3017.2585367906936,33.90178131225498,0.010981290123386748,0.9906659033951213,33.58533881040892,3022.461074007902,1.1111917734600778,3023.789575922396,0.6169078407409856,0 days 18:31:00
37,CLOSED,2024-02-14 09:11:00+00:00,51000.0,52000.0,2024-02-14 14:37:00+00:00,3017.2585367906936,33.90178131225498,0.0,1.0,33.90178131225498,3024.398151792759,1.1209430640657936,3025.028326080681,0.5956423323217379,0 days 05:26:00
38,CLOSED,2024-02-15 01:10:00+00:00,52000.0,53000.0,2024-02-26 16:07:00+00:00,3017.2585367906936,33.90178131225498,0.0,1.0,33.90178131225498,3024.993794125081,1.1207223425746033,3028.561616484183,0.5828844093762626,11 days 14:57:00
39,CLOSED,2024-02-17 14:32:00+00:00,51000.0,52000.0,2024-02-17 21:34:00+00:00,3017.2585367906936,33.90178131225498,0.010983196059581613,0.9906642833493556,33.58528388797166,3024.3085869681736,1.1105111440245068,3025.584183503098,0.5900815842820606,0 days 07:02:00
40,CLOSED,2024-02-20 17:22:00+00:00,51000.0,52000.0,2024-02-20 19:50:00+00:00,3017.2585367906936,33.90178131225498,0.01098105351451103,0.9906661045126657,33.58534562865193,3024.8986685524555,1.110296552337866,3026.1742662350302,0.5900826690440155,0 days 02:28:00
41,CLOSED,2024-02-21 10:08:00+00:00,51000.0,52000.0,2024-02-22 09:49:00+00:00,3017.2585367906936,33.90178131225498,0.010978911801254241,0.9906679249689339,33.58540734536222,3025.4887512214996,1.1100820431674907,3026.764350051279,0.5900837533848318,0 days 23:41:00
42,CLOSED,2024-02-22 13:47:00+00:00,51000.0,52000.0,2024-02-22 20:31:00+00:00,3017.2585367906936,33.90178131225498,0.010976770919328466,0.9906697447185708,33.58546903811646,3026.0788349748846,1.109867616465954,3027.354434951423,0.5900848373047509,0 days 06:44:00
43,CLOSED,2024-02-23 03:06:00+00:00,51000.0,52000.0,2024-02-26 15:15:00+00:00,3017.2585367906936,33.90178131225498,0.010974630868251302,0.9906715637619864,33.58553070692853,3026.6689198121894,1.1096532721858647,3027.9445209350424,0.5900859208040146,3 days 12:09:00
44,CLOSED,2024-02-26 19:16:00+00:00,54000.0,55000.0,2024-02-27 01:43:00+00:00,3017.2585367906936,33.90178131225498,0.0,1.0,33.90178131225498,3028.5270972992766,1.1194148251962903,3029.120378472241,0.5587861104792395,0 days 06:27:00
45,CLOSED,2024-02-27 03:51:00+00:00,56000.0,57000.0,2024-02-27 12:26:00+00:00,3017.2585367906936,33.90178131225498,0.0,1.0,33.90178131225498,3029.0858834097558,1.119208322812317,3029.656765191496,0.5364091186463043,0 days 08:35:00
46,CLOSED,2024-02-27 12:33:00+00:00,57000.0,58000.0,2024-02-28 07:50:00+00:00,3017.2585367906936,33.90178131225498,0.0,1.0,33.90178131225498,3029.622292528402,1.1190101616251942,3030.182564072194,0.5258094909359485,0 days 19:17:00
47,CLOSED,2024-02-28 08:47:00+00:00,59000.0,60000.0,2024-02-28 13:22:00+00:00,3017.2585367906936,33.90178131225498,0.0,1.0,33.90178131225498,3030.148102019338,1.1188159842636836,3030.6882320944824,0.5056881637570072,0 days 04:35:00
48,CLOSED,2024-02-28 14:27:00+00:00,60000.0,61000.0,2024-02-28 14:57:00+00:00,3017.2585367906936,33.90178131225498,0.0,1.0,33.90178131225498,3030.6537901830948,1.1186293011121813,3031.1843530606316,0.4961305333470065,0 days 00:30:00
49,CLOSED,2024-02-28 14:59:00+00:00,61000.0,62000.0,2024-02-28 16:54:00+00:00,3017.2585367906936,33.90178131225498,0.0,1.0,33.90178131225498,3031.1499207164416,1.1184462068521497,3031.671230074981,0.48688626786847067,0 days 01:55:00
50,CLOSED,2024-02-28 17:13:00+00:00,63000.0,64000.0,2024-02-28 17:16:00+00:00,3017.2585367906936,33.90178131225498,0.0,1.0,33.90178131225498,3031.63680698431,1.1182665824003646,3032.140490592378,0.46927814314745575,0 days 00:03:00
51,CLOSED,2024-02-28 17:23:00+00:00,63000.0,64000.0,2024-03-04 00:39:00+00:00,3017.2585367906936,33.90178131225498,0.0,1.0,33.90178131225498,3032.1060851274574,1.1180935086191053,3037.884621802994,0.46927814314745575,4 days 07:16:00
52,CLOSED,2024-02-28 17:25:00+00:00,62000.0,63000.0,2024-02-29 06:08:00+00:00,3017.2585367906936,33.90178131225498,0.010994528699763839,0.9906546506052007,33.58495732078588,3031.534597956765,1.1078533407938649,3035.4754150141757,0.4734736863012614,0 days 12:43:00
53,CLOSED,2024-02-28 17:31:00+00:00,61000.0,62000.0,2024-02-28 23:13:00+00:00,3017.2585367906936,33.90178131225498,0.0217141124060552,0.9815430044548531,33.276056285602145,3030.4222764429114,1.098066647155899,3034.430466201483,0.47789981019143113,0 days 05:42:00
54,CLOSED,2024-02-28 17:31:00+00:00,60000.0,61000.0,2024-02-28 17:34:00+00:00,3017.2585367906936,33.90178131225498,0.03216558575994416,0.9726592521040475,32.97488125617291,3028.7653002197767,1.0887235552315706,3031.3925396052587,0.4825659535112692,0 days 00:03:00
55,CLOSED,2024-02-28 17:31:00+00:00,59000.0,60000.0,2024-02-28 17:32:00+00:00,3017.2585367906936,33.90178131225498,0.04235541395772043,0.9639978981359376,32.68124592807801,3026.5595933987556,1.0798150480618072,3029.2530095956795,0.48748232697396787,0 days 00:01:00
56,CLOSED,2024-02-28 17:37:00+00:00,60000.0,61000.0,2024-02-28 17:43:00+00:00,3017.2585367906936,33.90178131225498,0.032155287114165515,0.9726680059529593,32.975178027244354,3029.735348500262,1.0883847674539386,3031.8751102032375,0.4825702965630043,0 days 00:06:00
57,CLOSED,2024-02-28 18:20:00+00:00,60000.0,61000.0,2024-02-28 18:55:00+00:00,3017.2585367906936,33.90178131225498,0.03215016629881343,0.9726723586460085,32.975325591292226,3030.2179187968245,1.0882163090232593,3032.3576828091773,0.4825724560669258,0 days 00:35:00
58,CLOSED,2024-02-28 20:27:00+00:00,60000.0,61000.0,2024-02-28 22:09:00+00:00,3017.2585367906936,33.90178131225498,0.03214504709130396,0.9726767099723916,32.97547310900769,3030.7004912528914,1.0880479019348965,3032.8402575738965,0.48257461489280473,0 days 01:42:00
59,CLOSED,2024-02-29 16:40:00+00:00,62000.0,63000.0,2024-03-01 20:57:00+00:00,3017.2585367906936,33.90178131225498,0.010982323338333468,0.9906650251624165,33.585309036755824,3034.903737101265,1.1066350680642756,3036.9047149153935,0.4734786447192647,1 days 04:17:00
60,CLOSED,2024-02-29 17:41:00+00:00,61000.0,62000.0,2024-02-29 20:18:00+00:00,3017.2585367906936,33.90178131225498,0.02169011206177233,0.9815634047474935,33.27674789186195,3033.79140956853,1.096870001902821,3035.3818499811227,0.47790974281377885,0 days 02:37:00
61,CLOSED,2024-02-29 21:10:00+00:00,61000.0,62000.0,2024-03-01 08:35:00+00:00,3017.2585367906936,33.90178131225498,0.021686695781018648,0.9815663085861341,33.27684633716451,3034.269319311344,1.0967004848705058,3035.8597612377353,0.4779111566529295,0 days 11:25:00
62,CLOSED,2024-03-02 01:21:00+00:00,62000.0,63000.0,2024-03-03 22:15:00+00:00,3035.953134014772,34.11183296645811,0.01097715360578037,0.9906694194350867,33.79354976074771,3036.3330366454516,1.112972435924977,3037.3813406820223,0.47641437878272086,1 days 20:54:00
63,CLOSED,2024-03-04 00:41:00+00:00,64000.0,65000.0,2024-03-04 08:27:00+00:00,3035.953134014772,34.11183296645811,0.0,1.0,34.11183296645811,3037.8502163380736,1.1228938406179108,3038.816321841863,0.4637423742181426,0 days 07:46:00
64,CLOSED,2024-03-04 00:49:00+00:00,63000.0,64000.0,2024-03-04 07:40:00+00:00,3035.953134014772,34.11183296645811,0.011044492617600732,0.9906121812750394,33.791597262192866,3037.2836401123964,1.1125598154850755,3038.3181510930026,0.46775294404534407,0 days 06:51:00
65,CLOSED,2024-03-04 08:36:00+00:00,65000.0,66000.0,2024-03-04 14:38:00+00:00,3035.953134014772,34.11183296645811,0.0,1.0,34.11183296645811,3038.781711656337,1.1225496334800866,3039.2718724561933,0.4555588060901741,0 days 06:02:00
66,CLOSED,2024-03-04 14:42:00+00:00,66000.0,67000.0,2024-03-04 17:25:00+00:00,3035.953134014772,34.11183296645811,0.0,1.0,34.11183296645811,3039.237270462427,1.122381371733702,3039.7194877375437,0.4476232248751728,0 days 02:43:00
67,CLOSED,2024-03-04 17:40:00+00:00,67000.0,68000.0,2024-03-04 23:03:00+00:00,3035.953134014772,34.11183296645811,0.0,1.0,34.11183296645811,3039.684893687302,1.1222160901381661,3040.1594045578204,0.4399245266815157,0 days 05:23:00
68,CLOSED,2024-03-04 23:04:00+00:00,68000.0,69000.0,2024-03-05 15:04:00+00:00,3035.953134014772,34.11183296645811,0.0,1.0,34.11183296645811,3040.1248182139834,1.1220536986536682,3041.906279675955,0.4324522607876702,0 days 16:00:00
69,CLOSED,2024-03-05 04:52:00+00:00,67000.0,68000.0,2024-03-05 13:18:00+00:00,3035.953134014772,34.11183296645811,0.011046418430859595,0.9906105443337694,33.791541423125686,3039.5895634231715,1.11171395736304,3041.4393983150044,0.4357938748417425,0 days 08:26:00
70,CLOSED,2024-03-05 05:03:00+00:00,66000.0,67000.0,2024-03-05 05:27:00+00:00,3035.953134014772,34.11183296645811,0.021829267584145298,0.9814451225534765,33.4788920862892,3038.550781910743,1.1018045933475085,3040.0290416744224,0.43931763079540076,0 days 00:24:00
71,CLOSED,2024-03-05 08:06:00+00:00,66000.0,67000.0,2024-03-05 10:32:00+00:00,3035.953134014772,34.11183296645811,0.021826111936445586,0.9814478048540213,33.47898358447735,3038.9900995415383,1.101648326841472,3040.4683605986697,0.4393188314554166,0 days 02:26:00
72,CLOSED,2024-03-05 15:05:00+00:00,68000.0,69000.0,2024-03-08 15:27:00+00:00,3035.953134014772,34.11183296645811,0.0,1.0,34.11183296645811,3041.871700811864,1.1214093269401795,3049.492511054593,0.4324522607876702,3 days 00:22:00
73,CLOSED,2024-03-05 15:30:00+00:00,67000.0,68000.0,2024-03-08 14:11:00+00:00,3035.953134014772,34.11183296645811,0.011040073589876605,0.9906159374486049,33.79172539215813,3041.336446021052,1.111081460137943,3049.0256298801705,0.4357962474052499,2 days 22:41:00
74,CLOSED,2024-03-05 16:06:00+00:00,66000.0,67000.0,2024-03-06 08:10:00+00:00,3035.953134014772,34.11183296645811,0.021816784575573768,0.9814557331107623,33.47925403184701,3040.2976615815937,1.1011834286788473,3046.2935185724996,0.439322380327269,0 days 16:04:00
75,CLOSED,2024-03-05 16:12:00+00:00,65000.0,66000.0,2024-03-05 16:31:00+00:00,3035.953134014772,34.11183296645811,0.03233680568461231,0.9725137151680795,33.17422540940315,3038.7524354501957,1.0917054322159134,3040.7408704280597,0.44303718698829186,0 days 00:19:00
76,CLOSED,2024-03-05 16:48:00+00:00,65000.0,66000.0,2024-03-06 05:31:00+00:00,3035.953134014772,34.11183296645811,0.032332091803075017,0.9725177219673863,33.17436208867183,3039.1954726371837,1.0915507866259628,3044.8154227472864,0.44303901232100174,0 days 12:43:00
77,CLOSED,2024-03-05 17:08:00+00:00,64000.0,65000.0,2024-03-05 17:46:00+00:00,3035.953134014772,34.11183296645811,0.04260030627046089,0.9637897396701083,32.87663461441288,3037.140686971166,1.082486391079881,3039.642605358915,0.44695014212170747,0 days 00:38:00
78,CLOSED,2024-03-05 18:51:00+00:00,64000.0,65000.0,2024-03-06 05:10:00+00:00,3035.953134014772,34.11183296645811,0.042594038068447755,0.9637950676418194,32.87681636129394,3037.5876371132877,1.0823330974752643,3042.827168569458,0.44695261292796573,0 days 10:19:00
79,CLOSED,2024-03-05 19:17:00+00:00,63000.0,64000.0,2024-03-05 23:41:00+00:00,3035.953134014772,34.11183296645811,0.052616545233134256,0.9552759365518358,32.58621318453306,3035.019962437608,1.073673767811435,3039.874357490127,0.451067673246925,0 days 04:24:00
80,CLOSED,2024-03-05 19:36:00+00:00,62000.0,63000.0,2024-03-05 20:14:00+00:00,3035.953134014772,34.11183296645811,0.06240051871608612,0.9469595590913268,32.30252630571416,3031.9358541274646,1.0654092916161062,3036.4002202567785,0.45539424274760876,0 days 00:38:00
81,CLOSED,2024-03-05 19:55:00+00:00,61000.0,62000.0,2024-03-05 20:01:00+00:00,3035.953134014772,34.11183296645811,0.07195136370965792,0.9388413408467908,32.0255990009713,3028.331542023887,1.0575327884861652,3032.860728737718,0.4599411526555528,0 days 00:06:00
82,CLOSED,2024-03-05 19:56:00+00:00,60000.0,61000.0,2024-03-05 19:57:00+00:00,3035.953134014772,34.11183296645811,0.08127419403965935,0.9309169350662896,31.755282994628402,3024.2030220377455,1.050038068318287,3028.7964866037514,0.4647179256924403,0 days 00:01:00
83,CLOSED,2024-03-05 20:37:00+00:00,62000.0,63000.0,2024-03-05 21:11:00+00:00,3035.953134014772,34.11183296645811,0.06237212864867485,0.9469836906486264,32.303349477365984,3033.3159074485598,1.0649517050974617,3036.8556269400397,0.4554058476489544,0 days 00:34:00
84,CLOSED,2024-03-06 02:01:00+00:00,63000.0,64000.0,2024-03-06 04:52:00+00:00,3035.953134014772,34.11183296645811,0.05257693476134518,0.9553096054528566,32.587361692460846,3037.306489279599,1.0729033045390837,3040.32544222692,0.4510835712218153,0 days 02:51:00
85,CLOSED,2024-03-06 12:44:00+00:00,66000.0,67000.0,2024-03-06 14:21:00+00:00,3035.953134014772,34.11183296645811,0.02178127231439498,0.9814859185327642,33.480283711920364,3045.254573329493,1.0994247904639085,3047.175912959203,0.4393358920232089,0 days 01:37:00
86,CLOSED,2024-03-06 12:46:00+00:00,65000.0,66000.0,2024-03-06 12:51:00+00:00,3035.953134014772,34.11183296645811,0.032284475756678525,0.9725581956068232,33.175742718699844,3043.7093305828025,1.0899773636514571,3045.6978029488464,0.4430574504438596,0 days 00:05:00
87,CLOSED,2024-03-06 14:58:00+00:00,66000.0,67000.0,2024-03-06 16:56:00+00:00,3035.953134014772,34.11183296645811,0.021774962798476627,0.9814912816212948,33.48046665670051,3046.1369666719597,1.0991123190786594,3047.6152514374,0.43933829266619995,0 days 01:58:00
88,CLOSED,2024-03-06 22:46:00+00:00,66000.0,67000.0,2024-03-07 08:19:00+00:00,3035.953134014772,34.11183296645811,0.02177182269167439,0.9814939507120768,33.480557704279434,3046.5763049646257,1.0989568076703131,3048.0545910171477,0.43933948741321416,0 days 09:33:00
89,CLOSED,2024-03-08 15:32:00+00:00,69000.0,70000.0,2024-03-11 07:12:00+00:00,3035.953134014772,34.11183296645811,0.0,1.0,34.11183296645811,3049.4579321905017,1.1186195620660597,3051.634697259658,0.4251965823110382,2 days 15:40:00
90,CLOSED,2024-03-08 15:32:00+00:00,68000.0,69000.0,2024-03-08 20:01:00+00:00,3035.953134014772,34.11183296645811,0.011014959928304207,0.9906372840609414,33.792453564232545,3048.929940341108,1.108338145692253,3050.318262836517,0.42840333311271195,0 days 04:29:00
91,CLOSED,2024-03-08 16:02:00+00:00,67000.0,68000.0,2024-03-08 17:02:00+00:00,3035.953134014772,34.11183296645811,0.02176975776060177,0.9814957059034884,33.48061757707569,3047.90581697243,1.0984794015168398,3049.3618782693625,0.4317840338595289,0 days 01:00:00
92,CLOSED,2024-03-08 21:55:00+00:00,68000.0,69000.0,2024-03-10 01:18:00+00:00,3035.953134014772,34.11183296645811,0.011011853180304749,0.990639924796741,33.792543644571055,3049.7901277080805,1.1080284947333794,3050.7466674029356,0.4284044751048768,1 days 03:23:00
93,CLOSED,2024-03-11 00:50:00+00:00,68000.0,69000.0,2024-03-11 06:53:00+00:00,3035.953134014772,34.11183296645811,0.01101030656089638,0.9906412394232381,33.79258848889054,3050.2185321831853,1.107874341865715,3051.175072492012,0.42840504361807774,0 days 06:03:00
94,CLOSED,2024-03-11 07:13:00+00:00,70000.0,71000.0,2024-03-11 07:36:00+00:00,3035.953134014772,34.11183296645811,0.0,1.0,34.11183296645811,3051.600125658508,1.1178343020646284,3052.052838413163,0.4181482089337436,0 days 00:23:00
95,CLOSED,2024-03-11 07:37:00+00:00,71000.0,72000.0,2024-03-11 11:44:00+00:00,3035.953134014772,34.11183296645811,0.0,1.0,34.11183296645811,3052.0182738674416,1.1176811508154059,3052.4641299377636,0.411298381285377,0 days 04:07:00
96,CLOSED,2024-03-11 11:53:00+00:00,72000.0,73000.0,2024-03-12 14:07:00+00:00,3035.953134014772,34.11183296645811,0.0,1.0,34.11183296645811,3052.429572248727,1.1175305493233019,3052.86876209817,0.4046388266272416,1 days 02:14:00
97,CLOSED,2024-03-12 14:09:00+00:00,72000.0,73000.0,2024-03-13 07:12:00+00:00,3035.953134014772,34.11183296645811,0.0,1.0,34.11183296645811,3052.834211075354,1.117382425901284,3054.912246856946,0.4046388266272416,0 days 17:03:00
98,CLOSED,2024-03-12 15:00:00+00:00,71000.0,72000.0,2024-03-12 15:23:00+00:00,3035.953134014772,34.11183296645811,0.011009443509766167,0.9906419730166988,33.79261351310813,3052.3267975599774,1.1071099444568604,3053.2417829795722,0.40744943993512095,0 days 00:23:00
99,CLOSED,2024-03-12 16:20:00+00:00,71000.0,72000.0,2024-03-13 01:30:00+00:00,3035.953134014772,34.11183296645811,0.011007974075734544,0.9906432220356256,33.79265611943313,3052.7342469999126,1.1069635738074157,3054.4731795149496,0.40744995365458436,0 days 09:10:00
100,CLOSED,2024-03-12 17:06:00+00:00,70000.0,71000.0,2024-03-12 17:59:00+00:00,3035.953134014772,34.11183296645811,0.0217627485258351,0.9815016637530402,33.48082081024444,3051.751675711196,1.0971017424752258,3053.5583260414846,0.4104131627638239,0 days 00:53:00
101,CLOSED,2024-03-12 17:22:00+00:00,69000.0,70000.0,2024-03-12 17:37:00+00:00,3035.953134014772,34.11183296645811,0.032270766043819545,0.9725698488627534,33.17614023261965,3050.2915971150824,1.0876383183823186,3052.1653515630865,0.413533375795204,0 days 00:15:00
102,CLOSED,2024-03-13 07:15:00+00:00,73000.0,74000.0,2024-11-06 03:06:00+00:00,3035.953134014772,34.11183296645811,0.0,1.0,34.11183296645811,3054.8776958341296,1.1166349806074292,3212.833650257799,0.3981617255213905,237 days 19:51:00
103,CLOSED,2024-03-13 13:54:00+00:00,72000.0,73000.0,2024-03-13 15:16:00+00:00,3035.953134014772,34.11183296645811,0.011004177156851484,0.9906464494166762,33.792766211316454,3054.376765903444,1.1063718984688191,3055.2786658661335,0.4008540168944137,0 days 01:22:00
104,CLOSED,2024-03-14 13:36:00+00:00,72000.0,73000.0,2024-10-29 18:24:00+00:00,3035.953134014772,34.11183296645811,0.011002733166759645,0.9906476768082543,33.79280807989295,3054.777619920338,1.106228088733156,3208.082728728182,0.4008545135447008,229 days 04:48:00
105,CLOSED,2024-03-14 15:27:00+00:00,71000.0,72000.0,2024-03-15 00:28:00+00:00,3035.953134014772,34.11183296645811,0.02175455106769851,0.9815086315924563,33.48105849601874,3053.808133802431,1.0963707289079094,3056.4046305369498,0.4036929113916017,0 days 09:01:00
106,CLOSED,2024-03-14 16:30:00+00:00,70000.0,71000.0,2024-03-14 16:46:00+00:00,3035.953134014772,34.11183296645811,0.03226184417572021,0.9725774324506378,33.17639892270285,3052.367866794142,1.0869069643806577,3054.2149509524947,0.40668151142860864,0 days 00:16:00
107,CLOSED,2024-03-14 18:50:00+00:00,70000.0,71000.0,2024-03-14 20:39:00+00:00,3035.953134014772,34.11183296645811,0.03225754634915515,0.9725810856032181,33.17652353843347,3052.7745483055705,1.0867662519280357,3055.0314614105578,0.406683038987822,0 days 01:49:00
108,CLOSED,2024-03-14 19:31:00+00:00,69000.0,70000.0,2024-03-14 20:05:00+00:00,3035.953134014772,34.11183296645811,0.04252507620322611,0.9638536852272578,32.87881591457731,3050.861109446312,1.0776896992385323,3053.1845210400106,0.40982729280653274,0 days 00:34:00
109,CLOSED,2024-03-15 02:23:00+00:00,71000.0,72000.0,2024-04-08 08:55:00+00:00,3035.953134014772,34.11183296645811,0.021742967726125044,0.9815184774327937,33.48139435567975,3055.4350185570447,1.0957979519227878,3084.191920199034,0.40369696096979624,24 days 06:32:00
110,CLOSED,2024-03-15 02:39:00+00:00,70000.0,71000.0,2024-03-25 19:56:00+00:00,3035.953134014772,34.11183296645811,0.032244766431530784,0.9725919485331989,33.1768940928865,3053.9947464872093,1.0863441769520885,3074.461487073138,0.4066875813025348,10 days 17:17:00
111,CLOSED,2024-03-15 02:47:00+00:00,69000.0,70000.0,2024-03-15 18:53:00+00:00,3035.953134014772,34.11183296645811,0.042508301548136014,0.9638679436840843,32.879302296674936,3052.0812972433678,1.0772747870894344,3057.31775828118,0.4098333554536353,0 days 16:06:00
112,CLOSED,2024-03-15 02:53:00+00:00,68000.0,69000.0,2024-03-15 02:56:00+00:00,3035.953134014772,34.11183296645811,0.0525393717979078,0.9553415339717783,32.58845083276517,3049.6921104754624,1.0685816683207559,3052.4945921723256,0.4131396061904553,0 days 00:03:00
113,CLOSED,2024-03-15 03:22:00+00:00,68000.0,69000.0,2024-03-15 18:42:00+00:00,3035.953134014772,34.11183296645811,0.05253225529090415,0.9553475830027315,32.58865717629865,3050.1052500816527,1.0684436930635832,3054.9944856498037,0.4131422221075667,0 days 15:20:00
114,CLOSED,2024-03-15 03:28:00+00:00,67000.0,68000.0,2024-03-15 03:32:00+00:00,3035.953134014772,34.11183296645811,0.06233511418149364,0.9470151529457305,32.30442271398954,3047.2375882453507,1.0601215618566504,3050.522030409095,0.4166151929198705,0 days 00:04:00
115,CLOSED,2024-03-15 04:44:00+00:00,67000.0,68000.0,2024-03-15 05:02:00+00:00,3035.953134014772,34.11183296645811,0.06232659295372734,0.9470223959893318,32.304669787483036,3047.6542034382705,1.0599847499443307,3050.938649038918,0.4166183793123963,0 days 00:18:00
116,CLOSED,2024-03-15 09:00:00+00:00,67000.0,68000.0,2024-03-15 09:55:00+00:00,3035.953134014772,34.11183296645811,0.062318073990205024,0.9470296371083258,32.30491679532465,3048.0708218175832,1.0598479721695258,3051.7755388020823,0.41662156485825363,0 days 00:55:00
117,CLOSED,2024-03-15 09:10:00+00:00,66000.0,67000.0,2024-03-15 09:22:00+00:00,3035.953134014772,34.11183296645811,0.07189680304797541,0.938887717409221,32.02718099052247,3044.721762947356,1.0518918799174433,3048.4912647775177,0.4202679478624063,0 days 00:12:00
118,CLOSED,2024-03-15 11:08:00+00:00,67000.0,68000.0,2024-03-15 12:35:00+00:00,3035.953134014772,34.11183296645811,0.062300968407644576,0.9470441768535021,32.305412772683475,3048.9077113303038,1.0595733236736093,3052.1921672662074,0.4166279612487642,0 days 01:27:00
119,CLOSED,2024-03-15 19:48:00+00:00,69000.0,70000.0,2024-03-16 00:19:00+00:00,3035.953134014772,34.11183296645811,0.042462072181364954,0.9639072386458398,32.88064271984676,3055.404163473321,1.0761470810614042,3058.1407701700464,0.4098500635370854,0 days 04:31:00
120,CLOSED,2024-03-15 20:09:00+00:00,68000.0,69000.0,2024-03-15 22:55:00+00:00,3035.953134014772,34.11183296645811,0.05248262116255849,0.9553897720118253,32.59009632072988,3053.014955957996,1.0674725407790717,3055.8174795905215,0.41316046683993335,0 days 02:46:00
121,CLOSED,2024-03-16 02:33:00+00:00,69000.0,70000.0,2024-03-25 15:55:00+00:00,3035.953134014772,34.11183296645811,0.042450637582247416,0.9639169580550897,32.880974266711625,3056.2271740036977,1.0758681339658764,3072.6145388760046,0.40985419619668306,9 days 13:22:00
122,CLOSED,2024-03-16 11:25:00+00:00,68000.0,69000.0,2024-03-25 14:20:00+00:00,3035.953134014772,34.11183296645811,0.05246858405057143,0.9554017035570143,32.5905033276064,3053.8379613566035,1.0671981860206083,3070.2912439088373,0.4131656266636199,9 days 02:55:00
123,CLOSED,2024-03-16 18:07:00+00:00,67000.0,68000.0,2024-03-17 15:47:00+00:00,3035.953134014772,34.11183296645811,0.06225997854146159,0.9470790182397576,32.306601276231746,3050.9702463447975,1.0588959795637647,3055.523312678444,0.41664328882912116,0 days 21:40:00
124,CLOSED,2024-03-16 22:03:00+00:00,66000.0,67000.0,2024-03-17 10:19:00+00:00,3035.953134014772,34.11183296645811,0.07183005973828704,0.938944449222456,32.029116216659425,3047.6211093443712,1.0509546648845003,3052.238964170745,0.4202933423395976,0 days 12:16:00
125,CLOSED,2024-03-16 23:17:00+00:00,65000.0,66000.0,2024-03-17 00:04:00+00:00,3035.953134014772,34.11183296645811,0.08118380902785753,0.9309937623263211,31.757903713289867,3043.7874454789985,1.0433679842020687,3048.0454168753577,0.42412240684278046,0 days 00:47:00
126,CLOSED,2024-03-17 06:59:00+00:00,65000.0,66000.0,2024-03-17 08:33:00+00:00,3035.953134014772,34.11183296645811,0.08117249842354711,0.931003376339985,31.758231664918107,3044.2115678858413,1.043233394155115,3048.469543994613,0.4241267865913656,0 days 01:34:00
127,CLOSED,2024-03-18 01:02:00+00:00,67000.0,68000.0,2024-03-18 02:49:00+00:00,3035.953134014772,34.11183296645811,0.06222560858533341,0.9471082327024666,32.30759783510388,3052.6554321694,1.0583440729877647,3055.939969829853,0.41665614098780424,0 days 01:47:00
128,CLOSED,2024-03-18 14:32:00+00:00,67000.0,68000.0,2024-03-18 16:19:00+00:00,3035.953134014772,34.11183296645811,0.06221711658737402,0.9471154509007321,32.30784406107743,3053.0720883103877,1.0582077044553848,3056.3566293959543,0.4166593164502572,0 days 01:47:00
129,CLOSED,2024-03-18 16:56:00+00:00,67000.0,68000.0,2024-03-19 00:16:00+00:00,3035.953134014772,34.11183296645811,0.062208626842229574,0.9471226671841049,32.30809022173048,3053.4887476268377,1.0580713698991107,3056.7732921366096,0.41666249107030495,0 days 07:20:00
130,CLOSED,2024-03-19 00:54:00+00:00,67000.0,68000.0,2024-03-20 22:15:00+00:00,3035.953134014772,34.11183296645811,0.06220013934902161,0.9471298815533317,32.308336317088504,3053.905410117908,1.0579350693065872,3062.7965332927492,0.41666566484826717,1 days 21:21:00
131,CLOSED,2024-03-19 01:33:00+00:00,66000.0,67000.0,2024-03-20 20:30:00+00:00,3035.953134014772,34.11183296645811,0.07176150713546146,0.9390027189348578,32.03110390335588,3050.5562455122054,1.0500086320479456,3059.512160930599,0.42031942521617793,1 days 18:57:00
132,CLOSED,2024-03-19 03:40:00+00:00,65000.0,66000.0,2024-03-19 03:53:00+00:00,3035.953134014772,34.11183296645811,0.08110679392387181,0.931059225164709,31.760136770698463,3046.722523702561,1.0424361432199487,3050.9805831428225,0.4241522290152808,0 days 00:13:00
133,CLOSED,2024-03-19 05:24:00+00:00,65000.0,66000.0,2024-03-20 19:56:00+00:00,3035.953134014772,34.11183296645811,0.0810955041399888,0.9310688214810096,31.760464118637202,3047.1466759315763,1.0423017825004228,3055.742687062415,0.4241566007016786,1 days 14:32:00
134,CLOSED,2024-03-19 07:10:00+00:00,64000.0,65000.0,2024-03-19 16:52:00+00:00,3035.953134014772,34.11183296645811,0.09022824734300647,0.9233059897584445,31.49565969957034,3042.8250908593395,1.0350795316557446,3048.4398319186844,0.4281761118204166,0 days 09:42:00
135,CLOSED,2024-03-19 09:11:00+00:00,63000.0,64000.0,2024-03-19 09:17:00+00:00,3035.953134014772,34.11183296645811,0.09915414178954333,0.9157189794788881,31.236852872199314,3038.012143028399,1.0282003955738408,3043.2576855851694,0.43238944227208975,0 days 00:06:00
136,CLOSED,2024-03-19 10:47:00+00:00,63000.0,64000.0,2024-03-19 15:43:00+00:00,3035.953134014772,34.11183296645811,0.09914003154214236,0.915730973189179,31.2372619996414,3038.4445324706708,1.0280675413298146,3043.6900811059068,0.432395105531036,0 days 04:56:00
137,CLOSED,2024-03-19 20:04:00+00:00,64000.0,65000.0,2024-03-20 18:53:00+00:00,3035.953134014772,34.11183296645811,0.09018992373918201,0.9233385648216953,31.496770894686822,3044.118051518963,1.034676394332686,3051.4848193733287,0.42819121825759154,0 days 22:49:00
138,CLOSED,2024-03-19 22:31:00+00:00,63000.0,64000.0,2024-03-20 12:19:00+00:00,3035.953134014772,34.11183296645811,0.0991123204415267,0.9157545276247023,31.238065484611596,3039.3050852317656,1.0278028894302167,3046.302617234158,0.4324062275995679,0 days 13:48:00
139,CLOSED,2024-03-19 23:13:00+00:00,62000.0,63000.0,2024-03-20 00:25:00+00:00,3035.953134014772,34.11183296645811,0.1078322053714536,0.9083426254342645,30.985231915127653,3033.9970311830084,1.021267707142283,3039.7421239776436,0.4368233026360038,0 days 01:12:00
140,CLOSED,2024-03-20 01:22:00+00:00,62000.0,63000.0,2024-03-20 02:29:00+00:00,3035.953134014772,34.11183296645811,0.107816682337392,0.9083558200132168,30.98568200640094,3034.433854485644,1.0211355228783925,3040.178954082465,0.4368296479284055,0 days 01:07:00
141,CLOSED,2024-03-20 03:55:00+00:00,62000.0,63000.0,2024-03-20 07:44:00+00:00,3035.953134014772,34.11183296645811,0.10780116354654781,0.9083690109854343,30.986131974641886,3034.8706841335725,1.0210033704776498,3041.0572556732736,0.4368359914863085,0 days 03:49:00
142,CLOSED,2024-03-20 05:23:00+00:00,61000.0,62000.0,2024-03-20 06:30:00+00:00,3035.953134014772,34.11183296645811,0.11632031880740028,0.9011277290137097,30.739118573559395,3029.063605472476,1.0148059789178538,3035.312374939663,0.4414651425539269,0 days 01:07:00
143,CLOSED,2024-03-20 16:25:00+00:00,63000.0,64000.0,2024-03-20 17:15:00+00:00,3035.953134014772,34.11183296645811,0.09904113919197804,0.9158150316868187,31.240129389072298,3041.489445543969,1.0271325923830394,3046.735054125481,0.4324347967547908,0 days 00:50:00
144,CLOSED,2024-03-21 03:44:00+00:00,67000.0,68000.0,2024-03-25 13:59:00+00:00,3035.953134014772,34.11183296645811,0.06207770302241018,0.9472339524309513,32.311886365482536,3059.928651024529,1.0559686205318493,3067.4888807595316,0.4167114481798464,4 days 10:15:00
145,CLOSED,2024-03-21 15:13:00+00:00,66000.0,67000.0,2024-03-21 17:07:00+00:00,3035.953134014772,34.11183296645811,0.07162123948127576,0.9391219464409156,32.03517097212753,3056.5794299359663,1.048072582651603,3060.349199964178,0.42037279421693086,0 days 01:54:00
146,CLOSED,2024-03-21 17:45:00+00:00,66000.0,67000.0,2024-03-24 22:10:00+00:00,3035.953134014772,34.11183296645811,0.07161139073331735,0.9391303178766802,32.035456537146025,3056.999802730183,1.04793780191073,3064.2044598787347,0.42037654146601255,3 days 04:25:00
147,CLOSED,2024-03-21 18:43:00+00:00,65000.0,66000.0,2024-03-22 03:30:00+00:00,3035.953134014772,34.11183296645811,0.08093815479520786,0.9312025684240733,31.765026472018768,3053.1659577520463,1.0403963266840037,3057.4242062694134,0.4242175302993729,0 days 08:47:00
148,CLOSED,2024-03-22 10:25:00+00:00,65000.0,66000.0,2024-03-24 18:34:00+00:00,3035.953134014772,34.11183296645811,0.08092691052791483,0.9312121260512725,31.76535250020134,3053.5901752823456,1.0402624673517036,3060.4348721533156,0.4242218843606089,2 days 08:09:00
149,CLOSED,2024-03-22 12:03:00+00:00,64000.0,65000.0,2024-03-23 14:30:00+00:00,3035.953134014772,34.11183296645811,0.09004165991870208,0.9234645890691032,31.501069812764126,3049.2683913752035,1.033069765254652,3055.7485401156137,0.42824966104129203,1 days 02:27:00
150,CLOSED,2024-03-22 13:58:00+00:00,63000.0,64000.0,2024-03-22 15:29:00+00:00,3035.953134014772,34.11183296645811,0.09895006162599128,0.9158924476179074,31.242770188382543,3044.455159739141,1.0262187665480194,3049.7010686053327,0.43247135145335847,0 days 01:31:00
151,CLOSED,2024-03-22 16:36:00+00:00,63000.0,64000.0,2024-03-22 19:47:00+00:00,3035.953134014772,34.11183296645811,0.09893600755501643,0.915904393578236,31.243177686985895,3044.8876310905944,1.026086393729921,3050.1335460110513,0.43247699216545854,0 days 03:11:00
152,CLOSED,2024-03-22 21:16:00+00:00,63000.0,64000.0,2024-03-23 01:26:00+00:00,3035.953134014772,34.11183296645811,0.09892195729250028,0.9159163363013748,31.24358507516277,3045.32010808276,1.0259540529823898,3050.566029055841,0.4324826313489929,0 days 04:10:00
153,CLOSED,2024-03-23 03:36:00+00:00,63000.0,64000.0,2024-03-23 04:18:00+00:00,3035.953134014772,34.11183296645811,0.09890791083694822,0.915928275788594,31.243992352956496,3045.752590714109,1.0258217442944375,3050.9985177381745,0.43248826900458326,0 days 00:42:00
154,CLOSED,2024-03-23 23:56:00+00:00,64000.0,65000.0,2024-03-24 08:12:00+00:00,3035.953134014772,34.11183296645811,0.0899779765539697,0.9235187199291257,31.502916315619544,3051.4265602802175,1.032399623365885,3056.1768167529076,0.4282747638148372,0 days 08:16:00
155,CLOSED,2024-03-25 21:18:00+00:00,70000.0,71000.0,2024-03-26 07:18:00+00:00,3035.953134014772,34.11183296645811,0.032045125869841776,0.9727616430106345,33.18268268255612,3073.0210791987847,1.079806543052015,3074.8682514772945,0.40675853874434154,0 days 10:00:00
156,CLOSED,2024-03-26 14:23:00+00:00,70000.0,71000.0,2024-03-27 13:07:00+00:00,3035.953134014772,34.11183296645811,0.03204088479789838,0.9727652479217864,33.18280565268319,3073.427837737529,1.0796676351155314,3075.2750116480283,0.4067600461314811,0 days 22:44:00
157,CLOSED,2024-03-27 13:45:00+00:00,70000.0,71000.0,2024-03-28 13:27:00+00:00,3035.953134014772,34.11183296645811,0.03203664483268103,0.9727688518922212,33.18292859072068,3073.8345977836602,1.0795287623688894,3076.50163911947,0.4067615531252571,0 days 23:42:00
158,CLOSED,2024-03-27 14:03:00+00:00,69000.0,70000.0,2024-03-27 14:23:00+00:00,3035.953134014772,34.11183296645811,0.04223569945113936,0.9640996554665315,32.887206410294134,3071.9210563844163,1.0705745950711916,3074.2446772023386,0.40993187851162105,0 days 00:20:00
159,CLOSED,2024-03-27 15:52:00+00:00,69000.0,70000.0,2024-03-28 06:15:00+00:00,3035.953134014772,34.11183296645811,0.042230064068857175,0.9641044455414713,32.88736980853038,3072.330988262928,1.0704370699045236,3074.6546112831747,0.4099339152351149,0 days 14:23:00
160,CLOSED,2024-03-29 07:37:00+00:00,70000.0,71000.0,2024-03-31 18:40:00+00:00,3035.953134014772,34.11183296645811,0.03202386556691141,0.9727797142681253,33.183299126273134,3075.0612251305324,1.0791101931593101,3076.908405590131,0.40676609520829743,2 days 11:03:00
161,CLOSED,2024-04-01 05:46:00+00:00,70000.0,71000.0,2024-04-08 08:10:00+00:00,3078.3786793441745,34.588524487013196,0.03201963004152559,0.9727833144647032,33.647139492920246,3075.4679912257407,1.0940494126069586,3082.8192232086553,0.4124519233118491,7 days 02:24:00
162,CLOSED,2024-04-01 05:57:00+00:00,69000.0,70000.0,2024-04-01 13:28:00+00:00,3078.3786793441745,34.588524487013196,0.042362079036115156,0.9639922328193021,33.343068950160955,3073.5473606628616,1.0848399272093847,3075.88375066775,0.41561410597050497,0 days 07:31:00
163,CLOSED,2024-04-01 14:52:00+00:00,69000.0,70000.0,2024-04-07 16:18:00+00:00,3078.3786793441745,34.588524487013196,0.04235635148579977,0.9639971012370702,33.34323734154814,3073.962974768832,1.0846987297905115,3080.55039269765,0.41561620493254026,6 days 01:26:00
164,CLOSED,2024-04-02 02:36:00+00:00,68000.0,69000.0,2024-04-04 18:00:00+00:00,3078.3786793441745,34.588524487013196,0.05246259889472353,0.955406790939485,33.04611118346907,3071.5598960196376,1.0758738980246731,3076.946606483213,0.41894158855620844,2 days 15:24:00
165,CLOSED,2024-04-02 02:37:00+00:00,67000.0,68000.0,2024-04-04 16:22:00+00:00,3078.3786793441745,34.588524487013196,0.062339631376907255,0.9470113133296288,32.75572400058039,3068.671628145538,1.0674235620438592,3074.1245960910856,0.4224354168019886,2 days 13:45:00
166,CLOSED,2024-04-02 02:39:00+00:00,66000.0,67000.0,2024-04-02 02:41:00+00:00,3078.3786793441745,34.588524487013196,0.07199280469013229,0.9388061160133876,32.471918332286805,3065.2952481470306,1.0593406410660136,3069.097907267053,0.4261038923377072,0 days 00:02:00
167,CLOSED,2024-04-02 09:03:00+00:00,66000.0,67000.0,2024-04-04 13:14:00+00:00,3078.3786793441745,34.588524487013196,0.07198279842707829,0.9388146213369835,32.472212518880276,3065.7213520393684,1.0592029995576482,3070.8139030681023,0.4261077527210446,2 days 04:11:00
168,CLOSED,2024-04-02 13:19:00+00:00,65000.0,66000.0,2024-04-02 14:30:00+00:00,3078.3786793441745,34.588524487013196,0.08141597468321463,0.9307964215192676,32.19487481814344,3061.85374433558,1.0514831048904234,3066.151495412698,0.42995809544441244,0 days 01:11:00
169,CLOSED,2024-04-02 15:54:00+00:00,65000.0,66000.0,2024-04-02 18:49:00+00:00,3078.3786793441745,34.588524487013196,0.08140454352241598,0.9308061380059465,32.19521089708086,3062.2837024310243,1.051346446820795,3066.581458337338,0.4299625837320846,0 days 02:55:00
170,CLOSED,2024-04-03 00:33:00+00:00,65000.0,66000.0,2024-04-03 02:01:00+00:00,3078.3786793441745,34.588524487013196,0.08139311545185875,0.9308158518659201,32.195546885164426,3062.7136650147563,1.0512098226136104,3067.0114257489604,0.4299670708064198,0 days 01:28:00
171,CLOSED,2024-04-04 20:07:00+00:00,68000.0,69000.0,2024-04-06 22:52:00+00:00,3078.3786793441745,34.588524487013196,0.052411690220898956,0.9554500633122359,33.04760791099358,3074.543372420037,1.0748785724554966,3078.2141572543396,0.4189605632973894,2 days 02:45:00
172,CLOSED,2024-04-05 05:18:00+00:00,67000.0,68000.0,2024-04-05 14:42:00+00:00,3078.3786793441745,34.588524487013196,0.06227956144458334,0.9470623727721041,32.75749007135674,3071.655081060522,1.0664442851456768,3075.3921266641614,0.42245819299965603,0 days 09:24:00
173,CLOSED,2024-04-05 12:32:00+00:00,66000.0,67000.0,2024-04-05 13:31:00+00:00,3078.3786793441745,34.588524487013196,0.07192384279458482,0.9388647336246029,32.4739458289677,3068.27865097435,1.0583766835732278,3072.0813870773964,0.4261304976099467,0 days 00:59:00
174,CLOSED,2024-04-07 19:52:00+00:00,69000.0,70000.0,2024-04-08 07:22:00+00:00,3078.3786793441745,34.588524487013196,0.04229214697032941,0.96405167507522,33.34512497008534,3078.629616628071,1.083115837968428,3080.966034344532,0.4156397338119078,0 days 11:30:00
175,CLOSED,2024-04-09 01:10:00+00:00,71000.0,72000.0,2024-10-29 15:22:00+00:00,3078.3786793441745,34.588524487013196,0.0215470110046855,0.9816850406460174,33.95503706691932,3083.2223078788793,1.1012841007328753,3207.181434262103,0.40940783791481294,203 days 14:12:00
176,CLOSED,2024-04-09 08:07:00+00:00,70000.0,71000.0,2024-04-10 22:25:00+00:00,3078.3786793441745,34.588524487013196,0.0321054766424566,0.9727103448539118,33.64461558175058,3081.7748978132545,1.0917285232488558,3084.4693809825176,0.4124209848121225,1 days 14:18:00
177,CLOSED,2024-04-09 14:42:00+00:00,69000.0,70000.0,2024-04-10 19:52:00+00:00,3078.3786793441745,34.588524487013196,0.04242392040777749,0.9639396676533891,33.34125079863261,3079.8476414410266,1.0825616939619978,3082.6095598587463,0.4155914431069547,1 days 05:10:00
178,CLOSED,2024-04-10 12:37:00+00:00,68000.0,69000.0,2024-04-10 16:34:00+00:00,3078.3786793441745,34.588524487013196,0.052508218688780334,0.9553680141145368,33.04476995030982,3077.4379651068016,1.0737753392589673,3080.2667219670475,0.4189245850925545,0 days 03:57:00
179,CLOSED,2024-04-11 11:57:00+00:00,70000.0,71000.0,2024-04-11 12:41:00+00:00,3078.3786793441745,34.588524487013196,0.03209249149045618,0.9727213822331122,33.64499734841132,3083.0218348262656,1.0912993533925874,3084.8818070339184,0.41242566456784147,0 days 00:44:00
180,CLOSED,2024-04-11 13:40:00+00:00,70000.0,71000.0,2024-04-12 04:45:00+00:00,3078.3786793441745,34.588524487013196,0.032088198949732936,0.972725030892727,33.64512355016375,3083.4342604908334,1.09115747921955,3085.294234373364,0.4124272115687546,0 days 15:05:00
181,CLOSED,2024-04-12 13:40:00+00:00,70000.0,71000.0,2024-05-20 23:24:00+00:00,3078.3786793441745,34.588524487013196,0.03208390754106146,0.9727286785900977,33.645249718633586,3083.8466877024025,1.091015641367721,3116.61320133556,0.4124287581616741,38 days 09:44:00
182,CLOSED,2024-04-12 16:18:00+00:00,69000.0,70000.0,2024-05-20 19:59:00+00:00,3078.3786793441745,34.588524487013196,0.042395604097753836,0.9639637365169093,33.34208330510785,3081.919421645998,1.0818609685551233,3114.334055072081,0.41560182011919267,38 days 03:41:00
183,CLOSED,2024-04-12 17:28:00+00:00,68000.0,69000.0,2024-05-20 19:22:00+00:00,3078.3786793441745,34.588524487013196,0.052473359466851915,0.9553976444531759,33.0457948200034,3079.509723375982,1.0730862308749656,3111.991197115998,0.41893757786301933,38 days 01:54:00
184,CLOSED,2024-04-12 18:32:00+00:00,67000.0,68000.0,2024-05-20 16:39:00+00:00,3078.3786793441745,34.588524487013196,0.06232276118922669,0.9470256529891573,32.75621998824513,3076.6148397911393,1.064683806519923,3109.1625711996508,0.4224418133254133,37 days 22:07:00
185,CLOSED,2024-04-12 18:35:00+00:00,66000.0,67000.0,2024-04-12 18:37:00+00:00,3078.3786793441745,34.588524487013196,0.07194912711161787,0.9388432419551248,32.47320246383169,3073.231835874139,1.0566466898061118,3077.0411365696173,0.4261207430036862,0 days 00:02:00
186,CLOSED,2024-04-12 18:38:00+00:00,66000.0,67000.0,2024-04-12 19:31:00+00:00,3078.3786793441745,34.588524487013196,0.07193915234671688,0.9388517205052906,32.473495724371716,3073.657956617143,1.056509741250192,3077.4672614582587,0.426124591235137,0 days 00:53:00
187,CLOSED,2024-04-13 01:51:00+00:00,66000.0,67000.0,2024-04-13 03:35:00+00:00,3078.3786793441745,34.588524487013196,0.07192918025711956,0.9388601967814484,32.473788906257155,3074.084081208378,1.0563728267800723,3077.8933901940195,0.4261284384344677,0 days 01:44:00
188,CLOSED,2024-04-13 19:49:00+00:00,66000.0,67000.0,2024-04-22 22:53:00+00:00,3078.3786793441745,34.588524487013196,0.07191921084177508,0.9388686707844912,32.4740820095189,3074.510209646812,1.0562359463834534,3091.112559911289,0.4261322846020903,9 days 03:04:00
189,CLOSED,2024-04-13 19:54:00+00:00,65000.0,66000.0,2024-04-15 06:18:00+00:00,3078.3786793441745,34.588524487013196,0.08132392537549235,0.9308746634308315,32.19758109041748,3070.635948353738,1.0485639337245298,3078.8946830826594,0.4299942373359116,1 days 10:24:00
190,CLOSED,2024-04-13 19:56:00+00:00,64000.0,65000.0,2024-04-13 23:05:00+00:00,3078.3786793441745,34.588524487013196,0.09051556921504969,0.9230617661672078,31.927344502100116,3066.2671115075927,1.0412447233405697,3072.8413880028393,0.43404476553468285,0 days 03:09:00
191,CLOSED,2024-04-13 20:07:00+00:00,63000.0,64000.0,2024-04-13 22:41:00+00:00,3078.3786793441745,34.588524487013196,0.0994986957444937,0.9154261086171803,31.663238373956542,3061.4001790049488,1.034273094746081,3068.038516508327,0.43829159221183644,0 days 02:34:00
192,CLOSED,2024-04-13 20:07:00+00:00,62000.0,63000.0,2024-04-13 20:11:00+00:00,3078.3786793441745,34.588524487013196,0.10827761915394654,0.9079640237191454,31.405135867736693,3056.031422114217,1.0276444031458962,3062.290546525771,0.4427430205155112,0 days 00:04:00
193,CLOSED,2024-04-13 20:09:00+00:00,61000.0,62000.0,2024-04-13 20:10:00+00:00,3078.3786793441745,34.588524487013196,0.11685642012281944,0.9006720428956034,31.15291701046278,3050.1568954109616,1.021354575475548,3056.47905691533,0.4474079800331161,0 days 00:01:00
194,CLOSED,2024-04-13 20:13:00+00:00,62000.0,63000.0,2024-04-13 22:31:00+00:00,3078.3786793441745,34.588524487013196,0.10824608958123044,0.9079908238559541,31.406062844924953,3056.921573114766,1.0273754852311965,3062.7333035556026,0.4427560888455382,0 days 02:18:00
195,CLOSED,2024-04-13 23:56:00+00:00,64000.0,65000.0,2024-04-14 22:05:00+00:00,3078.3786793441745,34.588524487013196,0.09045051767057237,0.9231170599800135,31.929257033498324,3068.4723549547343,1.0405587321632996,3074.5904395411276,0.43407076595079275,0 days 22:09:00
196,CLOSED,2024-04-14 00:25:00+00:00,63000.0,64000.0,2024-04-14 00:42:00+00:00,3078.3786793441745,34.588524487013196,0.09942768956290998,0.9154864638715265,31.665325973149418,3063.605390686139,1.0335967572526534,3068.910881969302,0.4383204893563324,0 days 00:17:00
197,CLOSED,2024-04-14 03:01:00+00:00,63000.0,64000.0,2024-04-14 04:22:00+00:00,3078.3786793441745,34.588524487013196,0.09941346613868603,0.9154985537821169,31.665744145317916,3064.0437111754954,1.0334625459102738,3069.349208671502,0.4383262778149586,0 days 01:21:00
198,CLOSED,2024-04-14 17:22:00+00:00,63000.0,64000.0,2024-04-14 17:31:00+00:00,3078.3786793441745,34.588524487013196,0.0993992465955317,0.915510640393798,31.666162203382015,3064.48203745331,1.033328367285771,3069.787541160465,0.4383320646941229,0 days 00:09:00
199,CLOSED,2024-04-15 14:39:00+00:00,65000.0,66000.0,2024-04-22 03:50:00+00:00,3078.3786793441745,34.588524487013196,0.08120797574770197,0.9309732206144533,32.20099003797656,3075.020235636031,1.0471797767313284,3087.3034363937186,0.43003976335855754,6 days 13:11:00
200,CLOSED,2024-04-15 15:01:00+00:00,64000.0,65000.0,2024-04-19 07:05:00+00:00,3078.3786793441745,34.588524487013196,0.09038742439547855,0.9231706892638433,31.931111991295293,3070.6513429880365,1.0398807427033796,3082.1265216711836,0.4340959836672873,3 days 16:04:00
201,CLOSED,2024-04-15 19:00:00+00:00,63000.0,64000.0,2024-04-16 21:46:00+00:00,3078.3786793441745,34.588524487013196,0.09935869626403736,0.9155451081755682,31.667354393095785,3065.7842955168494,1.0329283256947828,3072.418335210409,0.43834856732477334,1 days 02:46:00
202,CLOSED,2024-04-16 04:44:00+00:00,62000.0,63000.0,2024-04-16 06:22:00+00:00,3078.3786793441745,34.588524487013196,0.1081260903611951,0.9080928231929841,31.409590851491476,3060.415358040742,1.026317907109174,3066.2273182693575,0.44280582594237927,0 days 01:38:00
203,CLOSED,2024-04-16 10:25:00+00:00,62000.0,63000.0,2024-04-16 11:52:00+00:00,3078.3786793441745,34.588524487013196,0.10811044806083844,0.9081061191482873,31.41005073896706,3060.858163866684,1.0261844573447254,3066.6701310455346,0.44281230933957616,0 days 01:27:00
204,CLOSED,2024-04-16 15:01:00+00:00,62000.0,63000.0,2024-04-16 17:18:00+00:00,3078.3786793441745,34.588524487013196,0.10809481005675388,0.9081194114517592,31.410510500131185,3061.3009761760236,1.026051039887203,3067.1129503032,0.4428187909560677,0 days 02:17:00
205,CLOSED,2024-04-17 10:10:00+00:00,63000.0,64000.0,2024-04-18 15:09:00+00:00,3078.3786793441745,34.588524487013196,0.09930146966908177,0.9155937507812805,31.669036869054576,3067.551081010412,1.0323882482381745,3075.54224609108,0.43837185663770484,1 days 04:59:00
206,CLOSED,2024-04-17 14:06:00+00:00,62000.0,63000.0,2024-04-18 11:25:00+00:00,3078.3786793441745,34.588524487013196,0.10806424608807938,0.9081453908251326,31.411409088323268,3062.1821151725667,1.02578513971084,3069.793971178311,0.442831459063985,0 days 21:19:00
207,CLOSED,2024-04-17 14:34:00+00:00,61000.0,62000.0,2024-04-18 03:06:00+00:00,3078.3786793441745,34.588524487013196,0.11662733525307727,0.9008667650348843,31.15965216194546,3056.307277967676,1.019519613965825,3063.5346576907446,0.4475047080704613,0 days 12:32:00
208,CLOSED,2024-04-17 15:44:00+00:00,60000.0,61000.0,2024-04-17 16:13:00+00:00,3078.3786793441745,34.588524487013196,0.12499456983938495,0.8937546156365228,30.913653408324937,3049.9223893638136,1.0135881987073527,3056.759916991354,0.452401223756123,0 days 00:29:00
209,CLOSED,2024-04-17 16:46:00+00:00,60000.0,61000.0,2024-04-17 17:54:00+00:00,3078.3786793441745,34.588524487013196,0.12497603188905416,0.8937703728943039,30.914198428621546,3050.37479058757,1.0134557407179066,3057.212326744678,0.45240919977389993,0 days 01:08:00
210,CLOSED,2024-04-18 05:59:00+00:00,61000.0,62000.0,2024-04-18 11:01:00+00:00,3078.3786793441745,34.588524487013196,0.11657575432805313,0.9009106088211548,31.16116865382048,3057.659593099276,1.0191183061759725,3063.982185717985,0.44752648742956325,0 days 05:02:00
211,CLOSED,2024-04-18 12:30:00+00:00,62000.0,63000.0,2024-04-18 14:09:00+00:00,3078.3786793441745,34.588524487013196,0.10798516019361219,0.9082126138354296,31.413734233061017,3064.4247882506606,1.0251103030332056,3070.236837777062,0.4428642384669672,0 days 01:39:00
212,CLOSED,2024-04-18 17:52:00+00:00,63000.0,64000.0,2024-04-19 06:47:00+00:00,3078.3786793441745,34.588524487013196,0.09920044667804462,0.9156796203236621,31.672006969823933,3070.6749901836106,1.0314346868709185,3077.32354787449,0.4384129696211474,0 days 12:55:00
213,CLOSED,2024-04-19 01:20:00+00:00,62000.0,63000.0,2024-04-19 06:40:00+00:00,3078.3786793441745,34.588524487013196,0.10795507021832809,0.9082381903144211,31.414618885730906,3065.3059742783526,1.0248444739069373,3072.0180933611828,0.4428767101148203,0 days 05:20:00
214,CLOSED,2024-04-19 01:43:00+00:00,61000.0,62000.0,2024-04-19 03:24:00+00:00,3078.3786793441745,34.588524487013196,0.11651022600774417,0.9009663078934175,31.16309520254534,3059.431035047197,1.0185911970414654,3066.2062110405627,0.4475541558906926,0 days 01:41:00
215,CLOSED,2024-04-19 02:21:00+00:00,60000.0,61000.0,2024-04-19 02:55:00+00:00,3078.3786793441745,34.588524487013196,0.12486973691997205,0.8938607236180237,30.917323526841347,3053.0459877969815,1.0126713993309575,3059.8837280651896,0.4524549335550283,0 days 00:34:00
216,CLOSED,2024-04-19 14:27:00+00:00,64000.0,65000.0,2024-04-20 17:09:00+00:00,3078.3786793441745,34.588524487013196,0.09017873312130623,0.9233480768468897,31.937247566055184,3077.757432407647,1.0376791630739897,3082.9991485665546,0.4341793953681261,1 days 02:42:00
217,CLOSED,2024-04-19 23:04:00+00:00,63000.0,64000.0,2024-04-19 23:45:00+00:00,3078.3786793441745,34.588524487013196,0.09913089509847535,0.915738739166296,31.67405180336002,3072.890283028398,1.0307576543912456,3078.1960810725877,0.43844127479119877,0 days 00:41:00
218,CLOSED,2024-04-23 08:11:00+00:00,66000.0,67000.0,2024-04-23 14:33:00+00:00,3078.3786793441745,34.588524487013196,0.07161131072620243,0.9391303858827279,32.48313434860289,3087.7293790668355,1.052007166457698,3091.5388201630476,0.42625107145290286,0 days 06:22:00
219,CLOSED,2024-04-23 20:23:00+00:00,66000.0,67000.0,2024-04-24 04:48:00+00:00,3078.3786793441745,34.588524487013196,0.07160142638046957,0.9391387875766009,32.48342495079714,3088.1556301382884,1.051871370528775,3091.965075342559,0.4262548848009402,0 days 08:25:00
220,CLOSED,2024-04-24 13:11:00+00:00,66000.0,67000.0,2024-05-17 15:19:00+00:00,3078.3786793441745,34.588524487013196,0.07159154467459627,0.9391471870265932,32.48371547537888,3088.5818850230894,1.0517356082704616,3105.4152339900324,0.4262586971305282,23 days 02:08:00
221,CLOSED,2024-04-24 14:35:00+00:00,65000.0,66000.0,2024-05-15 19:39:00+00:00,3078.3786793441745,34.588524487013196,0.08095602234695741,0.9311873810050862,32.20839752989211,3084.707468280906,1.0441313434444306,3101.1720169688965,0.4301386893874337,21 days 05:04:00
222,CLOSED,2024-04-24 19:01:00+00:00,64000.0,65000.0,2024-04-25 21:15:00+00:00,3078.3786793441745,34.588524487013196,0.09010857144351561,0.9234077142730117,31.93931033662895,3080.3383085623254,1.0368767043492655,3085.5803459381755,0.4342074382506169,1 days 02:14:00
223,CLOSED,2024-04-25 13:10:00+00:00,63000.0,64000.0,2024-04-25 15:50:00+00:00,3078.3786793441745,34.588524487013196,0.09905369451601717,0.9158043596613854,31.67632151946127,3075.4708652586514,1.029966561455208,3080.776988885992,0.43847269284996315,0 days 02:40:00
224,CLOSED,2024-04-26 01:11:00+00:00,64000.0,65000.0,2024-05-06 08:21:00+00:00,3078.3786793441745,34.588524487013196,0.09008305032203798,0.9234294072262678,31.940060663873844,3081.210988693426,1.036607385248158,3093.3013864824206,0.43421763877365294,10 days 07:10:00
225,CLOSED,2024-04-27 00:44:00+00:00,63000.0,64000.0,2024-04-28 02:52:00+00:00,3078.3786793441745,34.588524487013196,0.09902583576390862,0.9158280396006777,31.677140573621333,3076.343532927285,1.029701014680862,3081.64968043557,0.4384840304316633,1 days 02:08:00
226,CLOSED,2024-04-28 22:32:00+00:00,63000.0,64000.0,2024-04-29 23:03:00+00:00,3078.3786793441745,34.588524487013196,0.09901172321146151,0.9158400352702577,31.677555486132338,3076.782016957717,1.0295677533065766,3082.5311322245893,0.43848977376918086,1 days 00:31:00
227,CLOSED,2024-04-29 06:48:00+00:00,62000.0,63000.0,2024-04-29 14:35:00+00:00,3078.3786793441745,34.588524487013196,0.10775027296617602,0.9084122679787504,31.420639975286203,3071.412508174046,1.0230029307904904,3077.2251964934703,0.4429615941728784,0 days 07:47:00
228,CLOSED,2024-04-30 02:03:00+00:00,63000.0,64000.0,2024-05-04 10:51:00+00:00,3078.3786793441745,34.588524487013196,0.09898336597885136,0.9158641389179764,31.67838919574168,3077.6634683256593,1.0292999712855437,3088.055687837629,0.43850131421579874,4 days 08:48:00
229,CLOSED,2024-04-30 08:48:00+00:00,62000.0,63000.0,2024-05-03 20:46:00+00:00,3078.3786793441745,34.588524487013196,0.10771962633626131,0.9084383176141779,31.421540993739065,3072.293945488026,1.022738759742855,3082.7497398008936,0.44297429654210774,3 days 11:58:00
230,CLOSED,2024-04-30 11:42:00+00:00,61000.0,62000.0,2024-05-03 14:02:00+00:00,3078.3786793441745,34.588524487013196,0.11625691394251629,0.9011816231488612,31.170542639530684,3066.418387249357,1.0165130358317258,3076.9372529568245,0.44766111353889215,3 days 02:20:00
231,CLOSED,2024-04-30 19:14:00+00:00,60000.0,61000.0,2024-04-30 22:35:00+00:00,3078.3786793441745,34.588524487013196,0.1245990296425665,0.8940908248038185,30.9252823873407,3060.032598499257,1.0106193771434822,3066.871197376079,0.4525714063051822,0 days 03:21:00
232,CLOSED,2024-05-01 01:09:00+00:00,60000.0,61000.0,2024-05-03 13:03:00+00:00,3104.7597499013564,34.8849410101276,0.1245806044730463,0.8941064861979107,31.19085202778658,3060.485169905562,1.019147301692334,3070.614313738226,0.4564578453728352,2 days 11:54:00
233,CLOSED,2024-05-01 07:08:00+00:00,59000.0,60000.0,2024-05-03 12:34:00+00:00,3104.7597499013564,34.8849410101276,0.13281551599287622,0.8871068114060552,30.946668785582624,3053.580033159811,1.0134553032677303,3063.77180756191,0.46160890392270915,2 days 05:26:00
234,CLOSED,2024-05-01 07:25:00+00:00,58000.0,59000.0,2024-05-01 18:51:00+00:00,3104.7597499013564,34.8849410101276,0.14085991409968354,0.880269073015269,30.708134685177363,3046.1511453071876,1.0080962243940335,3054.992636576894,0.4670066650391931,0 days 11:26:00
235,CLOSED,2024-05-01 08:07:00+00:00,57000.0,58000.0,2024-05-01 12:10:00+00:00,3104.7597499013564,34.8849410101276,0.1487170391720234,0.8735905167037801,30.475153642218256,3038.193574841242,1.0030682012686012,3046.6240791853265,0.47266321716898574,0 days 04:03:00
236,CLOSED,2024-05-01 15:09:00+00:00,57000.0,58000.0,2024-05-01 18:04:00+00:00,3104.7597499013564,34.8849410101276,0.14869390630099513,0.8736101796441541,30.47583958273329,3038.666238058411,1.0029347481810362,3047.096753738565,0.4726738559619612,0 days 02:55:00
237,CLOSED,2024-05-01 19:30:00+00:00,58000.0,59000.0,2024-05-02 12:16:00+00:00,3104.7597499013564,34.8849410101276,0.1407946348632204,0.8803245603662626,30.710070358143582,3047.5634890453575,1.0076925540200459,3056.405074692847,0.46703610258678907,0 days 16:46:00
238,CLOSED,2024-05-01 19:57:00+00:00,57000.0,58000.0,2024-05-01 21:25:00+00:00,3104.7597499013564,34.8849410101276,0.14864856518431202,0.8736487195933348,30.47718404658699,3039.6058833034404,1.0026689385620093,3048.0364545429275,0.47269470831328775,0 days 01:28:00
239,CLOSED,2024-05-02 01:36:00+00:00,57000.0,58000.0,2024-05-02 11:02:00+00:00,3104.7597499013564,34.8849410101276,0.14862545216655346,0.8736683656584295,30.477869398408902,3040.078578011754,1.0025355797987885,3048.509160577581,0.4727053379757713,0 days 09:26:00
240,CLOSED,2024-05-05 01:35:00+00:00,63000.0,64000.0,2024-05-05 13:19:00+00:00,3104.7597499013564,34.8849410101276,0.09880600442247826,0.9160148962408935,31.955125619761723,3083.1880230926035,1.0364312970997147,3088.49830066443,0.4423319788646367,0 days 11:44:00
241,CLOSED,2024-05-06 10:48:00+00:00,64000.0,65000.0,2024-05-15 15:21:00+00:00,3104.7597499013564,34.8849410101276,0.08985788032512824,0.923620801723641,32.22045718385598,3088.9320284763817,1.0430937581928192,3096.867756825771,0.4380295637448768,9 days 04:33:00
242,CLOSED,2024-05-06 15:02:00+00:00,63000.0,64000.0,2024-05-07 08:20:00+00:00,3104.7597499013564,34.8849410101276,0.0988674789428302,0.9159626428985943,31.953302764998032,3084.059915499292,1.036079182651838,3089.3745428031343,0.44230674638818,0 days 17:18:00
243,CLOSED,2024-05-07 18:34:00+00:00,63000.0,64000.0,2024-05-15 12:31:00+00:00,3104.7597499013564,34.8849410101276,0.09885330169483879,0.915974693559387,31.953723151588918,3084.50222224568,1.0359442415419926,3092.0602927700465,0.4423125654994706,7 days 17:57:00
244,CLOSED,2024-05-08 13:09:00+00:00,62000.0,63000.0,2024-05-09 22:43:00+00:00,3104.7597499013564,34.8849410101276,0.10765673783366955,0.9084917728413808,31.692681903757812,3079.123681249791,1.0292760273563941,3085.4007334135213,0.44679678423942093,1 days 09:34:00
245,CLOSED,2024-05-08 23:07:00+00:00,61000.0,62000.0,2024-05-09 15:10:00+00:00,3104.7597499013564,34.8849410101276,0.11625931044942407,0.9011795861179895,31.43759670125727,3073.234740178668,1.0229481103493445,3079.5754060384734,0.4514964564147057,0 days 16:03:00
246,CLOSED,2024-05-10 14:35:00+00:00,62000.0,63000.0,2024-05-13 08:44:00+00:00,3104.7597499013564,34.8849410101276,0.10762533957719352,0.9085184613593855,31.69361293113405,3080.0219744904452,1.0290060653342383,3086.2990550649006,0.4468099096681648,2 days 18:09:00
247,CLOSED,2024-05-10 14:52:00+00:00,61000.0,62000.0,2024-05-13 07:52:00+00:00,3104.7597499013564,34.8849410101276,0.11622563656314613,0.9012082089213258,31.438595206063198,3074.1330174867408,1.0226816805658538,3080.473713702158,0.4515107966133485,2 days 17:00:00
248,CLOSED,2024-05-14 06:12:00+00:00,62000.0,63000.0,2024-05-15 12:30:00+00:00,3104.7597499013564,34.8849410101276,0.10759395867090606,0.9085451351297299,31.694543444039034,3080.9202951967263,1.0287362348663174,3086.7458790373203,0.4468230278439833,1 days 06:18:00
249,CLOSED,2024-05-16 17:22:00+00:00,65000.0,66000.0,2024-05-17 06:51:00+00:00,3104.7597499013564,34.8849410101276,0.08062695100225455,0.9314670916480836,32.49417454501852,3097.2974127347625,1.0491137987400359,3101.606262054163,0.4339552018553263,0 days 13:29:00
250,CLOSED,2024-05-19 19:49:00+00:00,66000.0,67000.0,2024-05-20 04:37:00+00:00,3104.7597499013564,34.8849410101276,0.07128112956632744,0.9394110398686217,32.77129871007949,3102.032043375931,1.0564461698601475,3105.8455580683444,0.4300324296960909,0 days 08:48:00
251,CLOSED,2024-05-20 21:17:00+00:00,69000.0,70000.0,2024-05-20 23:13:00+00:00,3104.7597499013564,34.8849410101276,0.041980322836031425,0.9643167255893733,33.64013208726469,3112.4066427887938,1.0808398756379176,3114.753674071438,0.41931693339555665,0 days 01:56:00
252,CLOSED,2024-05-21 15:50:00+00:00,70000.0,71000.0,2024-06-04 18:22:00+00:00,3104.7597499013564,34.8849410101276,0.03176134529313366,0.9730028565008364,33.94314725171733,3115.1656545367555,1.089609703493116,3122.1045353864574,0.41608043293469166,14 days 02:32:00
253,CLOSED,2024-05-22 21:09:00+00:00,69000.0,70000.0,2024-05-23 11:31:00+00:00,3104.7597499013564,34.8849410101276,0.0420633947332476,0.9642461144767396,33.637668822765804,3113.2338391594535,1.0804735705894706,3115.5850886649414,0.4192862293390718,0 days 14:22:00
254,CLOSED,2024-05-23 12:56:00+00:00,69000.0,70000.0,2024-05-27 15:21:00+00:00,3104.7597499013564,34.8849410101276,0.04205773045355404,0.9642509291144791,33.63783678111933,3113.653125388793,1.0803334676825658,3117.7056436605276,0.41928832290344076,4 days 02:25:00
255,CLOSED,2024-05-23 13:50:00+00:00,68000.0,69000.0,2024-05-24 18:04:00+00:00,3104.7597499013564,34.8849410101276,0.05212480387008349,0.955693916710429,33.33932590818112,3111.2345979459565,1.0715786565947747,3115.354549834975,0.42265881391675464,1 days 04:14:00
256,CLOSED,2024-05-23 18:23:00+00:00,67000.0,68000.0,2024-05-23 21:02:00+00:00,3104.7597499013564,34.8849410101276,0.06196382253104706,0.94733075084861,33.04757736043364,3108.3265750936657,1.0631951489665397,3111.660965218555,0.42619931454739657,0 days 02:39:00
257,CLOSED,2024-05-23 21:16:00+00:00,67000.0,68000.0,2024-05-23 21:54:00+00:00,3104.7597499013564,34.8849410101276,0.06195532750406812,0.9473379716215421,33.04782925667143,3108.752774408213,1.0630574913748958,3112.0871680370915,0.4262025631366271,0 days 00:38:00
258,CLOSED,2024-05-24 06:27:00+00:00,67000.0,68000.0,2024-05-24 14:29:00+00:00,3104.7597499013564,34.8849410101276,0.06194683474132342,0.9473451904698751,33.04808108576969,3109.17897697135,1.0629198682528662,3112.5133741032837,0.4262058108599831,0 days 08:02:00
259,CLOSED,2024-05-28 01:46:00+00:00,69000.0,70000.0,2024-06-03 13:45:00+00:00,3104.7597499013564,34.8849410101276,0.04202910651214793,0.9642752594646743,33.63868554395064,3115.773680214157,1.0796254476877971,3119.819189197996,0.4192989025476166,6 days 11:59:00
260,CLOSED,2024-05-28 03:35:00+00:00,68000.0,69000.0,2024-05-30 17:23:00+00:00,3104.7597499013564,34.8849410101276,0.052089569472076755,0.9557238659487347,33.34037068559271,3113.3551396339485,1.070882350078208,3116.1965104272645,0.42267205906703964,2 days 13:48:00
261,CLOSED,2024-05-31 09:19:00+00:00,68000.0,69000.0,2024-05-31 12:37:00+00:00,3104.7597499013564,34.8849410101276,0.05208249870244702,0.95572987610292,33.340580349466926,3113.7778116930153,1.0707437192295706,3116.6191853568766,0.42267471707771875,0 days 03:18:00
262,CLOSED,2024-05-31 14:00:00+00:00,68000.0,69000.0,2024-06-03 06:28:00+00:00,3104.7597499013564,34.8849410101276,0.05207542980771791,0.9557358846634397,33.34078995774621,3114.200486410093,1.0706051233130445,3117.4680845679277,0.4226773743835892,2 days 16:28:00
263,CLOSED,2024-05-31 16:06:00+00:00,67000.0,68000.0,2024-06-02 11:48:00+00:00,3104.7597499013564,34.8849410101276,0.06190548304932216,0.9473803394080762,33.0493072544054,3111.2924282965323,1.062237254005091,3114.6268762822415,0.42622162418955156,1 days 19:42:00
264,CLOSED,2024-06-03 14:46:00+00:00,69000.0,70000.0,2024-06-04 14:17:00+00:00,3121.468668481827,35.072681668335136,0.04200061593890019,0.9642994764519348,33.82056857054094,3117.8872248914226,1.084727128695898,3120.2409395674235,0.4215660349342727,0 days 23:31:00
265,CLOSED,2024-06-07 17:58:00+00:00,70000.0,71000.0,2024-10-29 02:14:00+00:00,3121.468668481827,35.072681668335136,0.03170545879640492,0.9730503600230558,34.127485524347534,3120.6566867365937,1.0935994872295973,3205.802559639556,0.41834008044803994,143 days 08:16:00
266,CLOSED,2024-06-07 18:05:00+00:00,69000.0,70000.0,2024-06-10 15:36:00+00:00,3121.468668481827,35.072681668335136,0.04204757739616941,0.964259559213256,33.81916856593568,3118.722056250528,1.084391874490882,3121.078382827393,0.4215485841812239,2 days 21:31:00
267,CLOSED,2024-06-11 01:53:00+00:00,69000.0,70000.0,2024-07-29 13:05:00+00:00,3121.468668481827,35.072681668335136,0.042041894715611795,0.96426438949173,33.81933797675497,3119.1436048347095,1.0842507515311124,3147.303040259914,0.4215506958502573,48 days 11:12:00
268,CLOSED,2024-06-11 02:18:00+00:00,68000.0,69000.0,2024-06-12 12:30:00+00:00,3121.468668481827,35.072681668335136,0.05214780166071793,0.9556743685883897,33.51806290808777,3116.719637298528,1.075427590822386,3119.9971568849733,0.4249247496045996,1 days 10:12:00
269,CLOSED,2024-06-11 09:51:00+00:00,67000.0,68000.0,2024-06-12 10:04:00+00:00,3121.468668481827,35.072681668335136,0.062024482652279174,0.9472791897455627,33.223621472984554,3113.8035512602805,1.0669787263726906,3117.1482746865577,0.42846967401371217,1 days 00:13:00
270,CLOSED,2024-06-12 19:45:00+00:00,68000.0,69000.0,2024-07-27 13:35:00+00:00,3121.468668481827,35.072681668335136,0.05213352688906435,0.9556865021442953,33.518488464431556,3117.5730317221464,1.0751468569740594,3143.2353694034814,0.42493014458887757,44 days 17:50:00
271,CLOSED,2024-06-13 03:39:00+00:00,67000.0,68000.0,2024-06-13 12:30:00+00:00,3121.468668481827,35.072681668335136,0.06200762299305498,0.9472935204559033,33.22412408942642,3114.656939006419,1.0667025210174501,3118.0016756762398,0.4284761560254182,0 days 08:51:00
272,CLOSED,2024-06-13 15:22:00+00:00,67000.0,68000.0,2024-07-21 20:22:00+00:00,3121.468668481827,35.072681668335136,0.06199909392100608,0.9473007701671449,33.224378356240976,3115.085415162445,1.0665639598363437,3136.918555837082,0.4284794351868726,38 days 05:00:00
273,CLOSED,2024-06-14 16:08:00+00:00,66000.0,67000.0,2024-06-17 18:17:00+00:00,3121.468668481827,35.072681668335136,0.07164813743747653,0.9390990831781449,32.936723199332455,3111.674226198947,1.0584888007240454,3115.517796280225,0.4322031674405551,3 days 02:09:00
274,CLOSED,2024-06-18 00:45:00+00:00,66000.0,67000.0,2024-07-19 19:05:00+00:00,3121.468668481827,35.072681668335136,0.07163818708627727,0.9391075409766643,32.93701983700754,3112.1064293663876,1.0583513316321058,3133.1406025702327,0.4322070599875474,31 days 18:20:00
275,CLOSED,2024-06-18 01:43:00+00:00,65000.0,66000.0,2024-06-20 10:56:00+00:00,3121.468668481827,35.072681668335136,0.08106733121423527,0.9310927684679,32.65592027216353,3108.1969810520577,1.0506386973296076,3112.5427328009227,0.43611529364578416,2 days 09:13:00
276,CLOSED,2024-06-20 14:04:00+00:00,65000.0,66000.0,2024-07-17 01:17:00+00:00,3121.468668481827,35.072681668335136,0.0810559581438658,0.9311024355777141,32.65625932362869,3108.633096345704,1.0505022082540763,3127.977026822987,0.43611982163115215,26 days 11:13:00
277,CLOSED,2024-06-21 08:49:00+00:00,64000.0,65000.0,2024-07-16 16:03:00+00:00,3121.468668481827,35.072681668335136,0.09027009726441186,0.92327041732525,32.381569440639424,3104.2220272062827,1.0431460493752753,3123.631468586821,0.44021984711515927,25 days 07:14:00
278,CLOSED,2024-06-24 00:05:00+00:00,63000.0,64000.0,2024-07-15 22:11:00+00:00,3121.468668481827,35.072681668335136,0.0992750523586072,0.9156162054951839,32.11311570570151,3099.305776696257,1.036138994324493,3118.3344295106167,0.4445189227742361,21 days 22:06:00
279,CLOSED,2024-06-24 09:30:00+00:00,62000.0,63000.0,2024-06-30 23:01:00+00:00,3121.468668481827,35.072681668335136,0.10807516541793248,0.9081361093947574,31.8507686763227,3093.880572376633,1.0294763463301955,3102.038900045921,0.4490254584118176,6 days 13:31:00
280,CLOSED,2024-06-24 09:33:00+00:00,61000.0,62000.0,2024-06-25 14:29:00+00:00,3121.468668481827,35.072681668335136,0.11667454367690182,0.9008266378746335,31.59440590853363,3087.9424220506894,1.023153983795848,3095.2571318824253,0.4537484988367524,1 days 04:56:00
281,CLOSED,2024-06-24 16:56:00+00:00,60000.0,61000.0,2024-06-25 03:06:00+00:00,3121.468668481827,35.072681668335136,0.12507706463557303,0.8936844950597629,31.343911807157887,3081.487104948126,1.0171683586417453,3088.8652436297975,0.4586977757550841,0 days 10:10:00
282,CLOSED,2024-06-24 20:29:00+00:00,59000.0,60000.0,2024-06-24 21:32:00+00:00,3121.468668481827,35.072681668335136,0.13328638034882348,0.8867065767035001,31.09917749794105,3074.510162208075,1.0115164971712438,3081.9512394574726,0.463883765234538,0 days 01:03:00
283,CLOSED,2024-06-26 17:05:00+00:00,61000.0,62000.0,2024-06-27 14:00:00+00:00,3121.468668481827,35.072681668335136,0.11662256371231029,0.9008708208445363,31.595955523772194,3089.318752090516,1.0227483163526416,3095.710904209772,0.45377075390273447,0 days 20:55:00
284,CLOSED,2024-06-28 14:36:00+00:00,61000.0,62000.0,2024-06-30 18:55:00+00:00,3121.468668481827,35.072681668335136,0.11660543626740408,0.9008853791727065,31.59646612338173,3089.7725228444187,1.0226146387726398,3096.1646828151897,0.45377808696692057,2 days 04:19:00
285,CLOSED,2024-07-02 14:39:00+00:00,62000.0,63000.0,2024-07-15 07:43:00+00:00,3128.879154814836,35.15594555971726,0.10797978409548412,0.9082171835188385,31.929233860188027,3096.6134767157414,1.031101688999044,3112.97375008398,0.45013164412157636,12 days 17:04:00
286,CLOSED,2024-07-03 03:12:00+00:00,61000.0,62000.0,2024-07-15 02:28:00+00:00,3128.879154814836,35.15594555971726,0.11659637908094232,0.900893077781199,31.67174799760196,3090.6739836226993,1.0247521467947993,3107.0983449908226,0.45485926056188575,11 days 23:16:00
287,CLOSED,2024-07-03 10:33:00+00:00,60000.0,61000.0,2024-07-14 21:48:00+00:00,3128.879154814836,35.15594555971726,0.12501563144244437,0.8937367132739222,31.420159236578645,3084.2160582409365,1.0187405370847769,3100.704003241786,0.4598136073238237,11 days 11:15:00
288,CLOSED,2024-07-04 01:54:00+00:00,59000.0,60000.0,2024-07-14 04:22:00+00:00,3128.879154814836,35.15594555971726,0.13324121362218042,0.8867449684211467,31.174357835167033,3077.2352387966457,1.0130638516721842,3093.7862749907763,0.46500517553249665,10 days 02:28:00
289,CLOSED,2024-07-04 02:00:00+00:00,58000.0,59000.0,2024-07-04 02:35:00+00:00,3128.879154814836,35.15594555971726,0.14127657529079188,0.8799149110028269,30.934240708398843,3069.726814586344,1.0077196629162368,3077.705945826856,0.4704452659484417,0 days 00:35:00
290,CLOSED,2024-07-04 08:30:00+00:00,58000.0,59000.0,2024-07-10 04:07:00+00:00,3128.879154814836,35.15594555971726,0.1412549275299447,0.879933311599547,30.9348875987754,3070.1972598522925,1.0075863203742055,3084.9229127643407,0.47045510380151967,5 days 19:37:00
291,CLOSED,2024-07-04 09:22:00+00:00,57000.0,58000.0,2024-07-04 11:07:00+00:00,3128.879154814836,35.15594555971726,0.14910224381208736,0.8732630927597258,30.700389748371244,3062.1562483413445,1.0025742404555775,3070.673689300535,0.4761565817572908,0 days 01:45:00
292,CLOSED,2024-07-04 13:20:00+00:00,57000.0,58000.0,2024-07-04 15:50:00+00:00,3128.879154814836,35.15594555971726,0.14907906244215482,0.8732827969241684,30.70108246690369,3062.6324049231016,1.0024409856551018,3071.1498573303775,0.47616732567589537,0 days 02:30:00
293,CLOSED,2024-07-04 23:41:00+00:00,57000.0,58000.0,2024-07-06 16:43:00+00:00,3128.879154814836,35.15594555971726,0.14905588775643833,0.8733024954070274,30.701774985694687,3063.1085722487774,1.0023077622467367,3073.5737888054537,0.47617806649654426,1 days 17:02:00
294,CLOSED,2024-07-05 02:58:00+00:00,56000.0,57000.0,2024-07-05 17:32:00+00:00,3128.879154814836,35.15594555971726,0.15671717788666212,0.8667903987963372,30.472836071769645,3054.5297048467464,0.9976277534121589,3064.574418803735,0.48215481627221024,0 days 14:34:00
295,CLOSED,2024-07-05 03:11:00+00:00,55000.0,56000.0,2024-07-05 15:04:00+00:00,3128.879154814836,35.15594555971726,0.16419735843285466,0.8604322453320735,30.249309174719663,3045.40745275442,0.9932762575779692,3055.5134080447983,0.4884196456084524,0 days 11:53:00
296,CLOSED,2024-07-05 04:19:00+00:00,54000.0,55000.0,2024-07-05 10:12:00+00:00,3128.879154814836,35.15594555971726,0.17149900535679127,0.8542258454467274,30.0311173182286,3035.7359867368896,0.9892532634403767,3045.902747998314,0.4949878911976988,0 days 05:53:00
297,CLOSED,2024-07-05 18:15:00+00:00,56000.0,57000.0,2024-07-06 13:49:00+00:00,3128.879154814836,35.15594555971726,0.15664202109618655,0.8668542820682414,30.475081948598888,3055.9952671998244,0.9972228123416853,3065.0566114389685,0.48219035153803347,0 days 19:34:00
298,CLOSED,2024-07-07 13:18:00+00:00,57000.0,58000.0,2024-07-08 09:02:00+00:00,3128.879154814836,35.15594555971726,0.14893802857452054,0.8734026757116575,30.70529691903042,3065.53250301989,1.0016301209914524,3075.0207196496713,0.4762326909411314,0 days 19:44:00
299,CLOSED,2024-07-07 23:46:00+00:00,56000.0,57000.0,2024-07-08 08:39:00+00:00,3128.879154814836,35.15594555971726,0.15659404723690334,0.8668950598486321,30.476515530026347,3056.9535703694096,0.9969570956337257,3066.503482014392,0.4822130343033706,0 days 08:53:00
300,CLOSED,2024-07-08 01:01:00+00:00,55000.0,56000.0,2024-07-08 08:05:00+00:00,3128.879154814836,35.15594555971726,0.16406908174149124,0.8605412805197324,30.253142409841093,3047.831187232202,0.9926121412687096,3057.4423477890596,0.4884815388347974,0 days 07:04:00
301,CLOSED,2024-07-08 10:54:00+00:00,57000.0,58000.0,2024-07-09 14:15:00+00:00,3128.879154814836,35.15594555971726,0.1488677631882989,0.8734624012899459,30.70739662820925,3066.9794302839696,1.0012260377424858,3076.46775322309,0.4762652569884409,1 days 03:21:00
302,CLOSED,2024-07-08 14:28:00+00:00,56000.0,57000.0,2024-07-09 01:12:00+00:00,3128.879154814836,35.15594555971726,0.1565206385062363,0.8669574572696992,30.478709170364446,3058.400458733614,0.9965571736470608,3067.9504810182243,0.48224774306009976,0 days 10:44:00
303,CLOSED,2024-07-08 14:34:00+00:00,55000.0,56000.0,2024-07-08 14:41:00+00:00,3128.879154814836,35.15594555971726,0.16399260445590333,0.8606062862124821,30.255427746436474,3049.277997469623,0.9922161171117648,3058.88927318431,0.48851843895980807,0 days 00:07:00
304,CLOSED,2024-07-09 15:00:00+00:00,57000.0,58000.0,2024-07-09 18:38:00+00:00,3128.879154814836,35.15594555971726,0.14879755901809127,0.8735220748346224,30.70949450809725,3068.4264617229783,1.0008222419921806,3076.9440531503037,0.4762977946638465,0 days 03:38:00
305,CLOSED,2024-07-10 12:33:00+00:00,58000.0,59000.0,2024-07-11 12:30:00+00:00,3128.879154814836,35.15594555971726,0.14092366499134173,0.8802148847573595,30.944786569382533,3077.414226132392,1.0055450548908742,3085.3935284704066,0.47060564649315495,0 days 23:57:00
306,CLOSED,2024-07-11 14:17:00+00:00,58000.0,59000.0,2024-07-13 22:41:00+00:00,3128.879154814836,35.15594555971726,0.14090211789777127,0.8802331997868944,30.945430451563787,3077.884831778885,1.005412227645914,3086.340472631693,0.47061543859785715,2 days 08:24:00
307,CLOSED,2024-07-12 01:15:00+00:00,57000.0,58000.0,2024-07-12 13:57:00+00:00,3128.879154814836,35.15594555971726,0.14873223967009896,0.8735775962804159,30.711446417022962,3069.843628133534,1.000423804508099,3078.3614334102726,0.47632806836036323,0 days 12:42:00
308,CLOSED,2024-07-16 06:54:00+00:00,63000.0,64000.0,2024-07-16 12:26:00+00:00,3128.879154814836,35.15594555971726,0.09882506820076663,0.9159986920293484,32.20280014975599,3113.417970345178,1.0343230641206111,3118.7802808879883,0.44576036047295986,0 days 05:32:00
309,CLOSED,2024-07-17 08:18:00+00:00,65000.0,66000.0,2024-07-19 16:01:00+00:00,3128.879154814836,35.15594555971726,0.08065550536671047,0.9314428204382961,32.745753087318235,3124.0673900238444,1.048176911672456,3129.29730756011,0.43731499845377897,2 days 07:43:00
310,CLOSED,2024-07-17 16:41:00+00:00,64000.0,65000.0,2024-07-18 02:02:00+00:00,3128.879154814836,35.15594555971726,0.08985175158466942,0.923626011153031,32.47094576563477,3119.6548559403527,1.0408505833202852,3124.509024494051,0.44143489730589636,0 days 09:21:00
311,CLOSED,2024-07-18 14:42:00+00:00,64000.0,65000.0,2024-07-19 13:55:00+00:00,3128.879154814836,35.15594555971726,0.08983903925305005,0.9236368166349075,32.47132564256736,3120.096290837658,1.0407154977210566,3124.9504649411215,0.44144006164375327,0 days 23:13:00
312,CLOSED,2024-07-21 18:10:00+00:00,66000.0,67000.0,2024-07-21 18:29:00+00:00,3128.879154814836,35.15594555971726,0.07123480846228127,0.9394504128070609,33.02726756869894,3129.7292353555645,1.055275555329206,3133.574085404973,0.4333913112336347,0 days 00:19:00
313,CLOSED,2024-07-22 09:00:00+00:00,67000.0,68000.0,2024-07-22 19:45:00+00:00,3128.879154814836,35.15594555971726,0.06162486655823502,0.9476188634255003,33.314437173948036,3134.002295065483,1.0629997695407545,3137.3482880307474,0.42964088208982787,0 days 10:45:00
314,CLOSED,2024-07-23 04:42:00+00:00,67000.0,68000.0,2024-07-26 14:03:00+00:00,3128.879154814836,35.15594555971726,0.0616164195533015,0.9476260433796937,33.31468959202678,3134.4319359475726,1.0628621157777793,3139.9569094046956,0.42964413740900653,3 days 09:21:00
315,CLOSED,2024-07-23 13:54:00+00:00,66000.0,67000.0,2024-07-23 14:32:00+00:00,3128.879154814836,35.15594555971726,0.07123384267994105,0.9394512337220501,33.02729642874161,3131.0193100918755,1.0548416716015867,3134.8655071302237,0.4333916899416792,0 days 00:38:00
316,CLOSED,2024-07-23 16:53:00+00:00,66000.0,67000.0,2024-07-24 14:31:00+00:00,3128.879154814836,35.15594555971726,0.07122398394714188,0.9394596136449294,33.02759103285415,3131.4527017818173,1.054705089879251,3135.298902984796,0.4333955558037985,0 days 21:38:00
317,CLOSED,2024-07-24 16:09:00+00:00,66000.0,67000.0,2024-07-26 02:42:00+00:00,3128.879154814836,35.15594555971726,0.07121412785495017,0.9394679913232924,33.02788555805859,3131.886097337621,1.0545685421361652,3136.6110930183486,0.4333994206304652,1 days 10:33:00
318,CLOSED,2024-07-25 01:07:00+00:00,65000.0,66000.0,2024-07-25 21:53:00+00:00,3128.879154814836,35.15594555971726,0.08061133966827319,0.9314803612819678,32.74707287117462,3127.9738362000107,1.0469100633833015,3132.765077389415,0.43733262398444595,0 days 20:46:00
319,CLOSED,2024-07-25 02:46:00+00:00,64000.0,65000.0,2024-07-25 15:18:00+00:00,3128.879154814836,35.15594555971726,0.0897956453678309,0.9236737014373437,32.47262236267379,3123.5585585551134,1.039603444402684,3128.415493844469,0.4414576902496776,0 days 12:32:00
320,CLOSED,2024-07-26 14:33:00+00:00,67000.0,68000.0,2024-07-26 19:46:00+00:00,3128.879154814836,35.15594555971726,0.06156518212415785,0.9476695951944658,33.316220697255936,3137.040557065591,1.0620270950025636,3140.3865748404637,0.42966388336472505,0 days 05:13:00
321,CLOSED,2024-07-27 19:41:00+00:00,68000.0,69000.0,2024-07-27 21:22:00+00:00,3128.879154814836,35.15594555971726,0.05174780171787306,0.9560143685398079,33.60958909469296,3140.8112438092717,1.070092612567517,3144.5208687143245,0.42608507148930386,0 days 01:41:00
322,CLOSED,2024-07-27 20:22:00+00:00,67000.0,68000.0,2024-07-27 20:45:00+00:00,3128.879154814836,35.15594555971726,0.06157701997670227,0.9476595330198031,33.31586695199128,3137.893721617478,1.0617270662314873,3141.2410728470313,0.4296593212757145,0 days 00:23:00
323,CLOSED,2024-07-27 20:49:00+00:00,67000.0,68000.0,2024-07-27 20:53:00+00:00,3128.879154814836,35.15594555971726,0.06156858963431943,0.9476666988108284,33.316118872150454,3138.323380938754,1.0615897352867676,3141.6707356726292,0.42966257017345555,0 days 00:04:00
324,CLOSED,2024-07-27 23:55:00+00:00,68000.0,69000.0,2024-07-29 02:17:00+00:00,3128.879154814836,35.15594555971726,0.05172663210024575,0.9560323627147911,33.61022169692906,3142.0966507722096,1.0696749792425682,3144.9469624468825,0.4260930912948453,1 days 02:22:00
325,CLOSED,2024-07-29 14:02:00+00:00,69000.0,70000.0,2024-10-28 22:07:00+00:00,3128.879154814836,35.15594555971726,0.041691368421823194,0.9645623368414503,33.91010100295169,3145.3682620955365,1.0780963682885192,3203.9364237892055,0.42268203724070474,91 days 08:05:00
326,CLOSED,2024-07-29 15:07:00+00:00,68000.0,69000.0,2024-10-18 18:46:00+00:00,3128.879154814836,35.15594555971726,0.051741136048941413,0.9560200343583998,33.60978828190293,3142.942889705558,1.0693731786215057,3199.3799083920485,0.42608759668222973,81 days 03:39:00
327,CLOSED,2024-07-29 16:31:00+00:00,67000.0,68000.0,2024-10-16 11:26:00+00:00,3128.879154814836,35.15594555971726,0.06156334519343884,0.947671156585577,33.316275589436835,3140.0240502975125,1.061019758313003,3196.089353740951,0.42966459128378176,78 days 18:55:00
328,CLOSED,2024-07-30 00:21:00+00:00,66000.0,67000.0,2024-07-30 07:47:00+00:00,3128.879154814836,35.15594555971726,0.07116327596535367,0.9395112154294494,33.02940514238152,3136.6087438153854,1.0530291738651598,3140.4576497037083,0.4334193609613166,0 days 07:26:00
329,CLOSED,2024-07-30 14:04:00+00:00,66000.0,67000.0,2024-10-15 13:51:00+00:00,3128.879154814836,35.15594555971726,0.07115344391975516,0.9395195726682081,33.02969894901235,3137.0421631763465,1.052893051190897,3191.8508620820244,0.4334232163587046,76 days 23:47:00
330,CLOSED,2024-07-31 19:53:00+00:00,65000.0,66000.0,2024-09-27 14:10:00+00:00,3128.879154814836,35.15594555971726,0.08053489933167038,0.9315453355680802,32.74935710363997,3133.1271937367683,1.0452610149089092,3181.0759228608936,0.4373631295927467,57 days 18:17:00
331,CLOSED,2024-08-01 02:03:00+00:00,64000.0,65000.0,2024-08-01 21:43:00+00:00,3150.6541380567874,35.400608292772894,0.08970390128063799,0.9237516839114577,32.701371521938874,3128.7091722121654,1.045203300210139,3134.021090543141,0.4445674814568079,0 days 19:40:00
332,CLOSED,2024-08-01 15:21:00+00:00,63000.0,64000.0,2024-08-01 20:36:00+00:00,3150.6541380567874,35.400608292772894,0.09873624090373403,0.9160741952318261,32.42958375251904,3123.7807507020443,1.0381517251244585,3129.1582817992526,0.4488995638977258,0 days 05:15:00
333,CLOSED,2024-08-02 02:26:00+00:00,64000.0,65000.0,2024-08-02 13:31:00+00:00,3150.6541380567874,35.400608292772894,0.08967829180593068,0.923773451964959,32.70214212427417,3129.60263925752,1.0449295292015908,3134.4656692826156,0.44457795761494623,0 days 11:05:00
334,CLOSED,2024-08-02 14:42:00+00:00,64000.0,65000.0,2024-08-25 23:28:00+00:00,3150.6541380567874,35.400608292772894,0.08966555430101568,0.9237842788441367,32.702525402382975,3130.047217215135,1.044793357190281,3161.0871282695252,0.4445831681910093,23 days 08:46:00
335,CLOSED,2024-08-02 15:06:00+00:00,63000.0,64000.0,2024-08-23 21:20:00+00:00,3150.6541380567874,35.400608292772894,0.09869432988031238,0.9161098196017345,32.430844876883846,3125.118776539781,1.0377475928384454,3156.2243027941454,0.4489170207415114,21 days 06:14:00
336,CLOSED,2024-08-02 21:14:00+00:00,62000.0,63000.0,2024-08-23 17:57:00+00:00,3150.6541380567874,35.400608292772894,0.10751753755189393,0.9086100930808901,32.16534999601651,3119.6763470047613,1.0310476606619416,3150.8469555658203,0.453460359896269,20 days 20:43:00
337,CLOSED,2024-08-03 00:55:00+00:00,61000.0,62000.0,2024-08-03 11:45:00+00:00,3150.6541380567874,35.400608292772894,0.11613931344867486,0.9012815835686264,31.905916301403003,3113.7159057929125,1.0246893829345074,3120.134800498875,0.4582223089645865,0 days 10:50:00
338,CLOSED,2024-08-03 15:56:00+00:00,61000.0,62000.0,2024-08-08 22:54:00+00:00,3150.6541380567874,35.400608292772894,0.1161222246083657,0.9012961090828892,31.90643051344367,3114.174128101877,1.024555121228593,3136.056903194271,0.45822969390931334,5 days 06:58:00
339,CLOSED,2024-08-03 19:28:00+00:00,60000.0,61000.0,2024-08-04 02:29:00+00:00,3150.6541380567874,35.400608292772894,0.12454535898888194,0.8941364448594503,31.65297404476193,3107.6914126278234,1.0185365868741965,3114.637590715164,0.4632207007119611,0 days 07:01:00
340,CLOSED,2024-08-04 14:37:00+00:00,60000.0,61000.0,2024-08-08 21:58:00+00:00,3150.6541380567874,35.400608292772894,0.12452679749652804,0.8941522221279512,31.65353256966406,3108.1546333285355,1.0184027599606962,3129.6382430610856,0.46322887436085836,4 days 07:21:00
341,CLOSED,2024-08-04 15:58:00+00:00,59000.0,60000.0,2024-08-08 21:42:00+00:00,3150.6541380567874,35.400608292772894,0.13275501880046003,0.8871582340196089,31.405941136236322,3101.145139435141,1.0127207764921562,3122.6923090072387,0.46845953485349767,4 days 05:44:00
342,CLOSED,2024-08-04 17:40:00+00:00,58000.0,59000.0,2024-08-04 19:17:00+00:00,3150.6541380567874,35.400608292772894,0.1407929027938696,0.8803260326252108,31.164077050895898,3093.604121350212,1.0073712029221842,3101.619343778572,0.4739405972316604,0 days 01:37:00
343,CLOSED,2024-08-05 00:08:00+00:00,58000.0,59000.0,2024-08-08 15:01:00+00:00,3150.6541380567874,35.400608292772894,0.1407713366048142,0.880344363885908,31.164725988675354,3094.078061947444,1.0072378706909535,3115.2143672102475,0.4739504662214671,3 days 14:53:00
344,CLOSED,2024-08-05 00:37:00+00:00,57000.0,58000.0,2024-08-08 12:32:00+00:00,3150.6541380567874,35.400608292772894,0.14862106081590826,0.873672098306478,30.928523728472598,3086.0004995386507,1.0022203085545947,3106.719431331229,0.479694891760456,3 days 11:55:00
345,CLOSED,2024-08-05 00:57:00+00:00,56000.0,57000.0,2024-08-06 18:16:00+00:00,3150.6541380567874,35.400608292772894,0.156286720798014,0.867156287321688,30.697860056090303,3077.3811102583504,0.9975319583837042,3096.697915554856,0.4857152462092742,1 days 17:19:00
346,CLOSED,2024-08-05 01:08:00+00:00,55000.0,56000.0,2024-08-06 00:59:00+00:00,3150.6541380567874,35.400608292772894,0.16377111338746086,0.8607945536206583,30.472650813277216,3068.2143237453647,0.9931721711043737,3087.1005454948804,0.49202582528428707,0 days 23:51:00
347,CLOSED,2024-08-05 01:10:00+00:00,54000.0,55000.0,2024-08-05 01:36:00+00:00,3150.6541380567874,35.400608292772894,0.17107681930175767,0.854584703593506,30.252818344909134,3058.4942682932133,0.9891409200446748,3069.7244518203133,0.49864207836996144,0 days 00:26:00
348,CLOSED,2024-08-05 01:10:00+00:00,53000.0,54000.0,2024-08-05 01:11:00+00:00,3150.6541380567874,35.400608292772894,0.17820620278537952,0.8485247276324275,30.038291509647372,3048.21475553415,0.9854388197259302,3059.000170640305,0.5055807187612658,0 days 00:01:00
349,CLOSED,2024-08-05 01:13:00+00:00,53000.0,54000.0,2024-08-05 01:15:00+00:00,3150.6541380567874,35.400608292772894,0.1781766501829251,0.8485498473445137,30.039180762735363,3048.720336252911,0.985304568790183,3059.5057672313947,0.5055956859645505,0 days 00:02:00
350,CLOSED,2024-08-05 02:04:00+00:00,54000.0,55000.0,2024-08-05 16:13:00+00:00,3150.6541380567874,35.400608292772894,0.1709924093021347,0.8546564520931855,30.255358285441883,3060.004086776309,0.9887358783666093,3075.4393594424914,0.4986839429397918,0 days 14:09:00
351,CLOSED,2024-08-05 05:04:00+00:00,53000.0,54000.0,2024-08-05 14:40:00+00:00,3150.6541380567874,35.400608292772894,0.1781187982415959,0.8485990214946435,30.04092155756224,3049.7245244884048,0.9850372161925558,3065.2206296365393,0.5056249856435784,0 days 09:36:00
352,CLOSED,2024-08-05 06:06:00+00:00,52000.0,53000.0,2024-08-05 07:41:00+00:00,3150.6541380567874,35.400608292772894,0.18507107727318442,0.8426895843177933,29.831723886833817,3038.87893360636,0.9816687185833793,3051.8238847459425,0.5129065814652982,0 days 01:35:00
353,CLOSED,2024-08-05 06:19:00+00:00,51000.0,52000.0,2024-08-05 07:09:00+00:00,3150.6541380567874,35.400608292772894,0.1918511698548899,0.8369265056233436,29.62770739541118,3027.4604386111605,0.9786323552753942,3040.465399908822,0.520548362099472,0 days 00:50:00
354,CLOSED,2024-08-05 06:24:00+00:00,50000.0,51000.0,2024-08-05 06:32:00+00:00,3150.6541380567874,35.400608292772894,0.19846077642689294,0.831308340037141,29.428820916170086,3015.4617931287657,0.975930817071819,3028.5263695137596,0.5285716410517516,0 days 00:08:00
355,CLOSED,2024-08-05 06:24:00+00:00,49000.0,50000.0,2024-08-05 06:25:00+00:00,3150.6541380567874,35.400608292772894,0.20490137009767276,0.8258338354169782,29.235020122514722,3002.875358690945,0.9735675521097639,3015.999165718388,0.5369995890055002,0 days 00:01:00
356,CLOSED,2024-08-05 09:47:00+00:00,52000.0,53000.0,2024-08-05 14:00:00+00:00,3150.6541380567874,35.400608292772894,0.18494333250149755,0.842798167373727,29.835567793064158,3040.977959779982,0.9811175282317006,3054.435458595436,0.5129726710017799,0 days 04:13:00
357,CLOSED,2024-08-05 10:36:00+00:00,51000.0,52000.0,2024-08-05 13:37:00+00:00,3150.6541380567874,35.400608292772894,0.19171949410410766,0.8370384300115085,29.63166958683501,3029.559387093524,0.9780851206637946,3042.5562332061063,0.5206179764043668,0 days 03:01:00
358,CLOSED,2024-08-05 12:32:00+00:00,50000.0,51000.0,2024-08-05 12:41:00+00:00,3150.6541380567874,35.400608292772894,0.19832525135485282,0.8314235363483751,29.43289893566085,3017.5605861892477,0.9753871743410608,3030.088391845736,0.5286448864413842,0 days 00:09:00
359,CLOSED,2024-08-05 12:53:00+00:00,50000.0,51000.0,2024-08-05 13:33:00+00:00,3150.6541380567874,35.400608292772894,0.19829051294191877,0.831453063999369,29.433944232467496,3018.089231075689,0.9752509610849653,3030.617056571911,0.5286636610382303,0 days 00:40:00
360,CLOSED,2024-08-05 13:42:00+00:00,51000.0,52000.0,2024-08-05 13:46:00+00:00,3150.6541380567874,35.400608292772894,0.19161969022074896,0.8371232633123634,29.63467273728876,3031.137313617408,0.9776750332013915,3043.076907005778,0.5206707406979056,0 days 00:04:00
361,CLOSED,2024-08-05 17:06:00+00:00,54000.0,55000.0,2024-08-05 17:52:00+00:00,3150.6541380567874,35.400608292772894,0.170673656871154,0.8549273916595191,30.264949710900673,3065.718991814098,0.9872056046791098,3075.938211235377,0.4988420336099182,0 days 00:46:00
362,CLOSED,2024-08-05 18:22:00+00:00,54000.0,55000.0,2024-08-05 21:16:00+00:00,3150.6541380567874,35.400608292772894,0.17064589002656214,0.8549509934774222,30.265785229611257,3066.217833847708,0.9870722456672819,3076.942874603035,0.4988558050470644,0 days 02:54:00
363,CLOSED,2024-08-05 18:59:00+00:00,53000.0,54000.0,2024-08-05 20:06:00+00:00,3150.6541380567874,35.400608292772894,0.1777599803265678,0.8489040167224173,30.051718574151828,3055.9380682343926,0.9833876833608278,3066.723962888349,0.5058067124706866,0 days 01:07:00
364,CLOSED,2024-08-05 23:49:00+00:00,54000.0,55000.0,2024-08-06 00:14:00+00:00,3150.6541380567874,35.400608292772894,0.17058999531084415,0.8549985039857825,30.26746713050751,3067.2224963652257,0.9868037668077747,3077.4417598413474,0.49888352697858807,0 days 00:25:00
365,CLOSED,2024-08-06 08:34:00+00:00,55000.0,56000.0,2024-08-06 14:07:00+00:00,3150.6541380567874,35.400608292772894,0.16325397616626366,0.8612341202586759,30.48821173964825,3077.9334611696395,0.9905416125552787,3087.592838402246,0.49227707935754594,0 days 05:33:00
366,CLOSED,2024-08-06 22:27:00+00:00,56000.0,57000.0,2024-08-07 01:55:00+00:00,3150.6541380567874,35.400608292772894,0.15574534224455183,0.8676164590921309,30.714150416683143,3088.078240008192,0.9946040232646977,3097.1839051191023,0.4859729995670605,0 days 03:28:00
367,CLOSED,2024-08-07 14:33:00+00:00,56000.0,57000.0,2024-08-08 01:44:00+00:00,3150.6541380567874,35.400608292772894,0.15572083634928166,0.8676372891031106,30.714887811742567,3088.5642130077595,0.9944714013839867,3098.16220267924,0.4859846669608814,0 days 11:11:00
368,CLOSED,2024-08-07 18:29:00+00:00,55000.0,56000.0,2024-08-08 01:43:00+00:00,3150.6541380567874,35.400608292772894,0.1631818065767614,0.8612954644097528,30.490383359911576,3079.39710570402,0.9901413268017211,3089.056823972525,0.49231214336490225,0 days 07:14:00
369,CLOSED,2024-08-08 13:48:00+00:00,57000.0,58000.0,2024-08-08 14:27:00+00:00,3150.6541380567874,35.400608292772894,0.14801475227383643,0.8741874605672391,30.94676786599468,3098.641593990146,0.9987204691893481,3107.199427731367,0.47997785449255304,0 days 00:39:00
370,CLOSED,2024-08-09 01:00:00+00:00,61000.0,62000.0,2024-08-23 14:13:00+00:00,3150.6541380567874,35.400608292772894,0.11553153672250475,0.901798193785871,31.924204617343722,3130.096230275154,1.0199112828725203,3144.4924756582213,0.45848495976195736,14 days 13:13:00
371,CLOSED,2024-08-09 13:35:00+00:00,60000.0,61000.0,2024-08-09 14:03:00+00:00,3150.6541380567874,35.400608292772894,0.12391611327510249,0.8946713037161629,31.67190837364033,3123.613205939623,1.0139510331629877,3130.5599714365844,0.46349779230779475,0 days 00:28:00
372,CLOSED,2024-08-09 14:32:00+00:00,60000.0,61000.0,2024-08-10 00:16:00+00:00,3150.6541380567874,35.400608292772894,0.12389772869291032,0.8946869306110262,31.672461575224222,3124.076703731931,1.0138183078984335,3131.023477886497,0.4635058880533869,0 days 09:44:00
373,CLOSED,2024-08-11 15:09:00+00:00,60000.0,61000.0,2024-08-13 16:49:00+00:00,3150.6541380567874,35.400608292772894,0.12387934924412333,0.8947025531424951,31.673014622341295,3124.5402096199846,1.013685614440963,3133.3731076537474,0.46351398153845125,2 days 01:40:00
374,CLOSED,2024-08-11 20:08:00+00:00,59000.0,60000.0,2024-08-12 14:36:00+00:00,3150.6541380567874,35.400608292772894,0.13206894014476345,0.8877414008769511,31.426585597722422,3117.5300807809867,1.0080603806026343,3125.9577846993907,0.4687674732395237,0 days 18:28:00
375,CLOSED,2024-08-12 07:16:00+00:00,58000.0,59000.0,2024-08-12 08:07:00+00:00,3150.6541380567874,35.400608292772894,0.14006917862607177,0.880941198167839,31.18585428530569,3109.988077031825,1.0027644323019236,3118.004617796811,0.4742717835352117,0 days 00:51:00
376,CLOSED,2024-08-12 13:58:00+00:00,58000.0,59000.0,2024-08-12 14:13:00+00:00,3150.6541380567874,35.400608292772894,0.14004782139627261,0.8809593518131683,31.18649693539308,3110.46234881536,1.0026321954120634,3118.4789000067894,0.4742815569023442,0 days 00:15:00
377,CLOSED,2024-08-12 18:36:00+00:00,59000.0,60000.0,2024-08-13 16:21:00+00:00,3150.6541380567874,35.400608292772894,0.1320089250070886,0.8877924137439747,31.428391484245815,3118.9474015946635,1.0076601954934228,3126.4265809443814,0.46879441033263447,0 days 21:45:00
378,CLOSED,2024-08-14 13:49:00+00:00,60000.0,61000.0,2024-08-20 04:16:00+00:00,3150.6541380567874,35.400608292772894,0.12378626296607988,0.8947816764788321,31.675815636577777,3126.8898388255325,1.0130134820635475,3136.677431991699,0.46355497256115186,5 days 14:27:00
379,CLOSED,2024-08-14 14:11:00+00:00,59000.0,60000.0,2024-08-18 02:58:00+00:00,3150.6541380567874,35.400608292772894,0.13197036104337936,0.8878251931131276,31.42955189385328,3119.8796605486336,1.0073962881095986,3128.7876540782877,0.46881171931703136,3 days 12:47:00
380,CLOSED,2024-08-15 06:22:00+00:00,58000.0,59000.0,2024-08-15 12:36:00+00:00,3150.6541380567874,35.400608292772894,0.1399652465570355,0.8810295404265198,31.188981655000948,3112.337556970359,1.002107936047953,3120.3542453370387,0.47431934430394307,0 days 06:14:00
381,CLOSED,2024-08-15 18:12:00+00:00,58000.0,59000.0,2024-08-16 17:33:00+00:00,3150.6541380567874,35.400608292772894,0.1399439191441978,0.8810476687274319,31.18962340788055,3112.8118763146626,1.0019758548597784,3121.308675700067,0.47432910402640616,0 days 23:21:00
382,CLOSED,2024-08-15 19:28:00+00:00,57000.0,58000.0,2024-08-16 02:31:00+00:00,3150.6541380567874,35.400608292772894,0.14775172896209857,0.8744110303822162,30.954682373440775,3104.73279828928,0.9970159876720125,3113.2922535473213,0.48010060683683164,0 days 07:03:00
383,CLOSED,2024-08-18 23:21:00+00:00,59000.0,60000.0,2024-08-20 00:26:00+00:00,3150.6541380567874,35.400608292772894,0.13189014334597293,0.8878933781559231,31.43196568584471,3121.777221323118,1.0068612670741044,3129.7308622765922,0.46884772409295294,1 days 01:05:00
384,CLOSED,2024-08-19 09:55:00+00:00,58000.0,59000.0,2024-08-19 17:32:00+00:00,3150.6541380567874,35.400608292772894,0.13988072628491705,0.8811013826578205,31.191524913690102,3114.235074460234,1.0015790127563278,3122.251844959911,0.47435802196283916,0 days 07:37:00
385,CLOSED,2024-08-20 14:20:00+00:00,60000.0,61000.0,2024-08-21 19:07:00+00:00,3150.6541380567874,35.400608292772894,0.12365559068560134,0.8948927479172388,31.67974763306133,3130.194160318634,1.0120697314775047,3137.609922331659,0.46361251477388876,1 days 04:47:00
386,CLOSED,2024-08-20 15:04:00+00:00,59000.0,60000.0,2024-08-21 13:59:00+00:00,3150.6541380567874,35.400608292772894,0.13183197638301902,0.8879428200744338,31.43371595983515,3123.183912641997,1.0064638151022112,3130.6632889269713,0.46887383165445584,0 days 22:55:00
387,CLOSED,2024-08-22 02:51:00+00:00,60000.0,61000.0,2024-08-22 07:56:00+00:00,3150.6541380567874,35.400608292772894,0.12361876459614991,0.8949240500932726,31.68085574913381,3131.1266466650623,1.011803715537244,3138.0735521884494,0.4636287313323386,0 days 05:05:00
388,CLOSED,2024-08-23 14:48:00+00:00,61000.0,62000.0,2024-08-23 17:40:00+00:00,3150.6541380567874,35.400608292772894,0.11522101810051673,0.9020621346145608,31.93354828323264,3138.531784691687,1.0174677356778665,3144.9511042959934,0.45861915042795687,0 days 02:52:00
389,CLOSED,2024-08-26 00:51:00+00:00,64000.0,65000.0,2024-09-26 14:20:00+00:00,3150.6541380567874,35.400608292772894,0.08890936856008458,0.9244270367239281,32.72527942231256,3156.668675813167,1.0367030177432999,3176.723854068696,0.4448925037589717,31 days 13:29:00
390,CLOSED,2024-08-26 21:22:00+00:00,63000.0,64000.0,2024-09-20 04:08:00+00:00,3150.6541380567874,35.400608292772894,0.09786781064161988,0.9168123609546232,32.45571526812693,3151.7398572077623,1.0297713878226167,3170.0456345589937,0.44926128380291175,24 days 06:46:00
391,CLOSED,2024-08-27 14:07:00+00:00,62000.0,63000.0,2024-09-19 12:06:00+00:00,3150.6541380567874,35.400608292772894,0.10662261948610414,0.9093707734368115,32.19227854333249,3146.296653252975,1.0231800141937888,3164.6675651168084,0.4538399929100123,22 days 21:59:00
392,CLOSED,2024-08-27 21:37:00+00:00,61000.0,62000.0,2024-09-19 00:02:00+00:00,3150.6541380567874,35.400608292772894,0.11517784491615614,0.9020988318212673,31.934847386672693,3140.335001666125,1.0169248621478106,3158.770531719608,0.4586378077256299,22 days 02:25:00
393,CLOSED,2024-08-27 21:48:00+00:00,60000.0,61000.0,2024-08-29 15:11:00+00:00,3150.6541380567874,35.400608292772894,0.1235373094577309,0.8949932869609287,31.683306776365125,3133.850608944215,1.0110024608683927,3142.211239393902,0.4636646005226943,1 days 17:23:00
394,CLOSED,2024-08-27 22:13:00+00:00,59000.0,60000.0,2024-08-28 09:56:00+00:00,3150.6541380567874,35.400608292772894,0.13170461249143034,0.8880510793822842,31.437548405186412,3126.838940705088,1.005409904422432,3134.3197950527074,0.46893099744860933,0 days 11:43:00
395,CLOSED,2024-08-28 14:49:00+00:00,59000.0,60000.0,2024-08-29 11:24:00+00:00,3150.6541380567874,35.400608292772894,0.13168486375614816,0.888067865807274,31.43814265484211,3127.3078717025364,1.005278147997846,3135.2631934830893,0.46893986143762945,0 days 20:35:00
396,CLOSED,2024-08-28 16:22:00+00:00,58000.0,59000.0,2024-08-28 16:51:00+00:00,3150.6541380567874,35.400608292772894,0.13966232547816346,0.881287023343561,31.198096706889206,3119.7641316019008,1.000014596964738,3127.7825957840396,0.4744579652272769,0 days 00:29:00
397,CLOSED,2024-08-29 18:10:00+00:00,60000.0,61000.0,2024-09-17 15:13:00+00:00,3150.6541380567874,35.400608292772894,0.12346340149009592,0.8950561087334185,31.68553070532529,3135.7266023688508,1.0104685364275316,3150.9452993660666,0.46369714627747527,18 days 21:03:00
398,CLOSED,2024-08-29 18:51:00+00:00,59000.0,60000.0,2024-09-13 21:10:00+00:00,3150.6541380567874,35.400608292772894,0.13162634165214737,0.8881176095956748,31.439903615210284,3128.714894877378,1.0048823453580449,3143.0444449554157,0.46896612840003726,15 days 02:19:00
399,CLOSED,2024-08-30 15:30:00+00:00,58000.0,59000.0,2024-08-30 18:29:00+00:00,3150.6541380567874,35.400608292772894,0.139600610977132,0.8813394806694378,31.199953728134656,3121.1710861704255,0.9996233101856642,3129.1896473264896,0.4744862066462936,0 days 02:59:00
400,CLOSED,2024-09-01 05:25:00+00:00,58000.0,59000.0,2024-09-02 20:52:00+00:00,3180.9641212890706,35.74116990212439,0.1395793918595825,0.8813575169193548,31.500748756729134,3121.645572377072,1.009107152825871,3129.669013673169,0.479060671510549,1 days 15:27:00
401,CLOSED,2024-09-03 14:13:00+00:00,58000.0,59000.0,2024-09-13 15:28:00+00:00,3180.9641212890706,35.74116990212439,0.13955797471419198,0.8813757214929369,31.501399409486524,3122.1246330485824,1.0089731548841836,3135.5640886345373,0.47907056658159064,10 days 01:15:00
402,CLOSED,2024-09-04 01:00:00+00:00,57000.0,58000.0,2024-09-04 15:45:00+00:00,3180.9641212890706,35.74116990212439,0.1474395331877816,0.8746763967903857,31.261957707063143,3114.038178397386,1.0039041243595752,3123.100717670861,0.48486638257177006,0 days 14:45:00
403,CLOSED,2024-09-04 01:04:00+00:00,56000.0,57000.0,2024-09-04 14:43:00+00:00,3180.9641212890706,35.74116990212439,0.15513606673425512,0.8681343432758831,31.02813706089252,3105.404056244921,0.9991658572898237,3114.529408104829,0.49094103642434206,0 days 13:39:00
404,CLOSED,2024-09-05 03:36:00+00:00,57000.0,58000.0,2024-09-09 21:15:00+00:00,3180.9641212890706,35.74116990212439,0.1473933463677567,0.8747156555874068,31.26336086239763,3115.013985816382,1.0036346868665547,3126.0799490796085,0.4848881452156064,4 days 17:39:00
405,CLOSED,2024-09-05 15:28:00+00:00,56000.0,57000.0,2024-09-06 13:22:00+00:00,3180.9641212890706,35.74116990212439,0.155087778456624,0.8681753883118696,31.02960405849735,3106.379837668618,0.9988992228904467,3115.505238823862,0.4909642479153611,0 days 21:54:00
406,CLOSED,2024-09-06 13:41:00+00:00,56000.0,57000.0,2024-09-09 19:42:00+00:00,3180.9641212890706,35.74116990212439,0.15506327066104272,0.8681962199381137,31.030348605190277,3106.8708019165338,0.9987653360432176,3117.5086171702183,0.4909760284655178,3 days 06:01:00
407,CLOSED,2024-09-06 14:16:00+00:00,55000.0,56000.0,2024-09-09 16:13:00+00:00,3180.9641212890706,35.74116990212439,0.16257453362210308,0.8618116464212124,30.802156478370105,3097.6833275264453,0.9943610505521289,3108.3835039622263,0.4973461795191909,3 days 01:57:00
408,CLOSED,2024-09-06 15:19:00+00:00,54000.0,55000.0,2024-09-08 22:20:00+00:00,3180.9641212890706,35.74116990212439,0.16990629050663442,0.8555796530693608,30.579417745152664,3087.9366021589944,0.9902864496561372,3098.69869530881,0.5040252529844764,2 days 07:01:00
409,CLOSED,2024-09-06 20:50:00+00:00,53000.0,54000.0,2024-09-07 00:02:00+00:00,3180.9641212890706,35.74116990212439,0.1770609346508929,0.849498205546741,30.36205969599586,3077.624380301992,0.9865420838983795,3088.4479568633706,0.5110301283028669,0 days 03:12:00
410,CLOSED,2024-09-09 23:54:00+00:00,57000.0,58000.0,2024-09-10 19:49:00+00:00,3180.9641212890706,35.74116990212439,0.14725251261786895,0.8748353642748115,31.267639390932917,3117.993215798785,1.0028129385433122,3126.564907933138,0.4849545042924497,0 days 19:55:00
411,CLOSED,2024-09-11 01:32:00+00:00,57000.0,58000.0,2024-09-12 01:59:00+00:00,3180.9641212890706,35.74116990212439,0.14722961338133028,0.8748548286258693,31.268335069611112,3118.4781703030776,1.002679299389555,3127.5409204681996,0.4849652941222864,1 days 00:27:00
412,CLOSED,2024-09-11 13:50:00+00:00,56000.0,57000.0,2024-09-11 15:46:00+00:00,3180.9641212890706,35.74116990212439,0.15491659419696646,0.8683208949325785,31.03480463534999,3109.8439300015802,0.9979537666166488,3118.9695059103497,0.4910465337640062,0 days 01:56:00
413,CLOSED,2024-09-15 23:09:00+00:00,59000.0,60000.0,2024-09-17 14:21:00+00:00,3180.9641212890706,35.74116990212439,0.13131920604294203,0.8883786748634993,31.751693155720453,3136.032482184094,1.012479728322423,3143.997534972888,0.47361686573938044,1 days 15:12:00
414,CLOSED,2024-09-16 14:29:00+00:00,58000.0,59000.0,2024-09-17 09:53:00+00:00,3180.9641212890706,35.74116990212439,0.13937220613818946,0.8815336247825389,31.507043057788298,3128.4830824036862,1.007102874712709,3136.511905103306,0.47915639469843896,0 days 19:24:00
415,CLOSED,2024-09-17 19:46:00+00:00,60000.0,61000.0,2024-09-18 18:01:00+00:00,3180.9641212890706,35.74116990212439,0.12312046939754338,0.8953476010120881,32.00077072923252,3144.4606600822817,1.0176871072190534,3151.4139300187185,0.4683104791213424,0 days 22:15:00
416,CLOSED,2024-09-18 18:08:00+00:00,60000.0,61000.0,2024-09-18 18:33:00+00:00,3180.9641212890706,35.74116990212439,0.12310213556343998,0.895363184771076,32.00132771101022,3144.9289705614037,1.0175532741935867,3151.8822492146046,0.46831863018761766,0 days 00:25:00
417,CLOSED,2024-09-18 19:21:00+00:00,60000.0,61000.0,2024-09-18 23:21:00+00:00,3180.9641212890706,35.74116990212439,0.12308380686973303,0.8953787641607269,32.001884536622704,3145.397289191591,1.017419473418813,3152.3505765591135,0.4683267789685317,0 days 04:00:00
418,CLOSED,2024-09-20 13:11:00+00:00,63000.0,64000.0,2024-09-22 22:58:00+00:00,3180.9641212890706,35.74116990212439,0.0974541914864839,0.9171639372364887,32.780512108870695,3165.1166033185455,1.0356810259217986,3170.499721395859,0.4537572144715938,2 days 09:47:00
419,CLOSED,2024-09-23 00:15:00+00:00,63000.0,64000.0,2024-09-23 03:08:00+00:00,3180.9641212890706,35.74116990212439,0.09744022226848174,0.9171758110717905,32.7809364936356,3165.570360533017,1.0355459762428394,3170.9534849154757,0.4537630889267632,0 days 02:53:00
420,CLOSED,2024-09-24 00:40:00+00:00,63000.0,64000.0,2024-09-24 17:56:00+00:00,3180.9641212890706,35.74116990212439,0.09742625687386823,0.917187681657212,32.78136076224599,3166.0241236219435,1.0354109596847918,3171.407254307822,0.4537689617740881,0 days 17:16:00
421,CLOSED,2024-09-25 17:36:00+00:00,63000.0,64000.0,2024-09-26 10:18:00+00:00,3180.9641212890706,35.74116990212439,0.09741229530112688,0.9171995489940421,32.781784914747924,3166.4778925837177,1.0352759762361492,3171.8610295712906,0.45377483301420085,0 days 16:42:00
422,CLOSED,2024-09-30 01:47:00+00:00,65000.0,66000.0,2024-10-14 14:29:00+00:00,3180.9641212890706,35.74116990212439,0.07941873324922678,0.9324940767381572,33.328429229423094,3177.1607631800907,1.0490004036202414,3188.0027296745156,0.44509655765336475,14 days 12:42:00
423,CLOSED,2024-09-30 08:47:00+00:00,64000.0,65000.0,2024-10-14 11:30:00+00:00,3180.9641212890706,35.74116990212439,0.08863871892023228,0.9246570889178025,33.048326116214916,3172.7332626902294,1.0416358193374415,3183.6420887553886,0.44928424784850307,14 days 02:43:00
424,CLOSED,2024-09-30 23:41:00+00:00,63000.0,64000.0,2024-10-01 06:26:00+00:00,3180.9641212890706,35.74116990212439,0.09764922436635197,0.9169981592886008,32.77458701106921,3167.7901785880103,1.0346198821058892,3173.1871510854203,0.45367519757493824,0 days 06:45:00
425,CLOSED,2024-10-01 13:37:00+00:00,63000.0,64000.0,2024-10-07 14:17:00+00:00,3194.6877075001103,35.89536750000124,0.0976352415313172,0.9170100446983804,32.91641255564093,3168.243853785585,1.038948202055554,3176.4386984036137,0.4556383872844876,6 days 00:40:00
426,CLOSED,2024-10-01 15:06:00+00:00,62000.0,63000.0,2024-10-07 00:38:00+00:00,3194.6877075001103,35.89536750000124,0.10648349450007684,0.9094890296749347,32.64644295740132,3162.7789413406877,1.0322075479471429,3171.039842196762,0.46024270759153296,5 days 09:32:00
427,CLOSED,2024-10-01 20:19:00+00:00,61000.0,62000.0,2024-10-02 16:03:00+00:00,3194.6877075001103,35.89536750000124,0.11512952229894456,0.9021399060458971,32.382643463934066,3156.7882698893486,1.0258098008286485,3163.2442443988643,0.4650689081688668,0 days 19:44:00
428,CLOSED,2024-10-02 18:16:00+00:00,61000.0,62000.0,2024-10-04 13:00:00+00:00,3194.6877075001103,35.89536750000124,0.11511256352006687,0.9021543210079431,32.38316089429421,3157.2533387975172,1.0256750858842316,3164.6495995250507,0.4650763393340469,1 days 18:44:00
429,CLOSED,2024-10-02 19:46:00+00:00,60000.0,61000.0,2024-10-03 00:37:00+00:00,3194.6877075001103,35.89536750000124,0.12355918076072483,0.8949746963533839,32.12544562880674,3150.732590009661,1.0196182859399132,3157.723718860714,0.4701350152379291,0 days 04:51:00
430,CLOSED,2024-10-03 13:17:00+00:00,60000.0,61000.0,2024-10-03 19:54:00+00:00,3194.6877075001103,35.89536750000124,0.12354074668891205,0.8949903653144248,32.12600807192164,3151.2027250248993,1.0194840153188747,3158.1938626781866,0.4701432462273232,0 days 06:37:00
431,CLOSED,2024-10-04 14:26:00+00:00,61000.0,62000.0,2024-10-04 16:29:00+00:00,3194.6877075001103,35.89536750000124,0.11506134748615636,0.902197854636767,32.384723549899455,3158.658693398317,1.0252682132952322,3165.1146998934173,0.46509878168150465,0 days 02:03:00
432,CLOSED,2024-10-07 18:47:00+00:00,63000.0,64000.0,2024-10-14 03:42:00+00:00,3194.6877075001103,35.89536750000124,0.09753514629890472,0.917095125645931,32.91946656752051,3171.4952571711115,1.0379793724454058,3178.765461535071,0.4556806617894935,6 days 08:55:00
433,CLOSED,2024-10-08 15:34:00+00:00,62000.0,63000.0,2024-10-11 19:05:00+00:00,3194.6877075001103,35.89536750000124,0.10637508973107847,0.9095811737285833,32.64975050206997,3166.030293244299,1.0312519931264799,3173.366560257848,0.46028933666275407,3 days 03:31:00
434,CLOSED,2024-10-09 19:12:00+00:00,61000.0,62000.0,2024-10-11 15:09:00+00:00,3194.6877075001103,35.89536750000124,0.1150130334219892,0.9022389215913091,32.38619766332485,3160.039516763366,1.0248668566175412,3167.4413177292345,0.46511995241520765,1 days 19:57:00
435,CLOSED,2024-10-10 17:10:00+00:00,60000.0,61000.0,2024-10-11 09:51:00+00:00,3194.6877075001103,35.89536750000124,0.12345290218839486,0.8950650331398644,32.12868830095623,3153.5186134833757,1.018820315934869,3160.9854321491803,0.470182469637102,0 days 16:41:00
436,CLOSED,2024-10-10 18:09:00+00:00,59000.0,60000.0,2024-10-10 20:15:00+00:00,3194.6877075001103,35.89536750000124,0.13169839324676116,0.888056365740253,31.877109608961895,3146.463025052536,1.0131093025772853,3153.9943573888445,0.4754876115671749,0 days 02:06:00
437,CLOSED,2024-10-15 14:39:00+00:00,66000.0,67000.0,2024-10-15 16:39:00+00:00,3194.6877075001103,35.89536750000124,0.07000654783962952,0.9404944343363149,33.75939335220781,3188.435375256703,1.0588075146258786,3192.741600162826,0.4429984321570686,0 days 02:00:00
438,CLOSED,2024-10-15 15:06:00+00:00,65000.0,66000.0,2024-10-15 15:31:00+00:00,3194.6877075001103,35.89536750000124,0.07946092544716662,0.9324582133699084,33.470930247307436,3184.508631202891,1.0510547818695781,3188.882567384135,0.4469996390162976,0 days 00:25:00
439,CLOSED,2024-10-17 10:32:00+00:00,67000.0,68000.0,2024-10-18 01:56:00+00:00,3194.6877075001103,35.89536750000124,0.06053870093811452,0.9485421042026027,34.048267419576895,3193.170344401287,1.0662840922118384,3196.5292006663494,0.4391047512343178,0 days 15:24:00
440,CLOSED,2024-10-21 13:17:00+00:00,68000.0,69000.0,2024-10-28 12:34:00+00:00,3194.6877075001103,35.89536750000124,0.050866986674291376,0.9567630613268523,34.34336169675359,3196.954376157249,1.0742524808262806,3201.5797750629526,0.4353874628611578,6 days 23:17:00
441,CLOSED,2024-10-21 15:02:00+00:00,67000.0,68000.0,2024-10-24 19:27:00+00:00,3194.6877075001103,35.89536750000124,0.06074858727498583,0.9483637008162621,34.041863564460954,3194.0240261192966,1.0657986065878609,3197.8364088303742,0.43902216367785485,3 days 04:25:00
442,CLOSED,2024-10-23 15:40:00+00:00,66000.0,67000.0,2024-10-24 00:47:00+00:00,3194.6877075001103,35.89536750000124,0.07040608053602707,0.940154831544377,33.747203185187175,3190.586398151105,1.0577116233161135,3194.467046991668,0.4428384700149266,0 days 09:07:00
443,CLOSED,2024-10-25 17:56:00+00:00,67000.0,68000.0,2024-10-27 17:33:00+00:00,3194.6877075001103,35.89536750000124,0.06073181939838189,0.9483779535113754,34.04237517018991,3194.9058867529893,1.0655204371227185,3198.718284306549,0.43902876162022864,1 days 23:37:00
444,CLOSED,2024-10-25 23:13:00+00:00,66000.0,67000.0,2024-10-26 02:46:00+00:00,3194.6877075001103,35.89536750000124,0.07038678399067201,0.9401712336079288,33.747791943286124,3191.4682506449217,1.0574378089603893,3195.3489154366534,0.4428461958325087,0 days 03:33:00
445,CLOSED,2024-10-29 20:24:00+00:00,72000.0,73000.0,2024-11-06 02:53:00+00:00,3194.6877075001103,35.89536750000124,0.010478580550772271,0.9910932065318435,35.57565487521516,3207.581682739979,1.109111423931868,3212.4028658515117,0.42200286508666807,7 days 06:29:00
446,CLOSED,2024-10-31 14:03:00+00:00,71000.0,72000.0,2024-11-06 02:17:00+00:00,3194.6877075001103,35.89536750000124,0.02126578199387483,0.9819240853052064,35.246525899132955,3206.585676775991,1.099191771310193,3211.4781427552844,0.4249797735144014,5 days 12:14:00
447,CLOSED,2024-10-31 20:48:00+00:00,70000.0,71000.0,2024-11-01 13:55:00+00:00,3194.6877075001103,35.89536750000124,0.03180732464817047,0.9729637740490551,34.924892233679,3205.0940664286804,1.0896682440460956,3207.4471555087007,0.42811481719778754,0 days 17:07:00
448,CLOSED,2024-11-01 02:09:00+00:00,69000.0,70000.0,2024-11-01 10:29:00+00:00,3208.082612670672,36.04587205247946,0.04210935024030476,0.964207052295741,34.75568403915065,3203.104349610157,1.0850624970547929,3205.5275877126264,0.43322204596451996,0 days 08:20:00
449,CLOSED,2024-11-01 15:40:00+00:00,70000.0,71000.0,2024-11-06 00:42:00+00:00,3208.082612670672,36.04587205247946,0.03179877904544315,0.9729710378113733,35.07158953971692,3205.9554032918427,1.0939512603233896,3210.0573159735077,0.4299130558276332,4 days 09:02:00
450,CLOSED,2024-11-01 19:02:00+00:00,69000.0,70000.0,2024-11-05 14:44:00+00:00,3208.082612670672,36.04587205247946,0.042143146203150995,0.9641783257273217,34.7546485649409,3203.9634461958885,1.0847392346565499,3207.7024356383586,0.43320913900360125,3 days 19:42:00
451,CLOSED,2024-11-03 02:42:00+00:00,68000.0,69000.0,2024-11-03 21:01:00+00:00,3208.082612670672,36.04587205247946,0.05225255699286826,0.955585326556062,34.44490641626661,3201.468619172556,1.075909543825832,3204.4002828395815,0.4366747945494822,0 days 18:19:00
452,CLOSED,2024-11-04 16:42:00+00:00,68000.0,69000.0,2024-11-05 08:05:00+00:00,3208.082612670672,36.04587205247946,0.052245430806271635,0.9555913838146691,34.44512475543535,3201.905293967105,1.0757696306738178,3205.277279982628,0.43667756254107815,0 days 15:23:00
453,CLOSED,2024-11-04 21:37:00+00:00,67000.0,68000.0,2024-11-04 22:56:00+00:00,3208.082612670672,36.04587205247946,0.06212422865594295,0.9471944056424485,34.14244835461203,3198.904737061249,1.067316821256072,3202.345785586626,0.44031935917720944,0 days 01:19:00
454,CLOSED,2024-11-05 19:57:00+00:00,69000.0,70000.0,2024-11-06 00:23:00+00:00,3208.082612670672,36.04587205247946,0.04212018122884812,0.9641978459554791,34.7553521885875,3205.7103270511598,1.084170079102498,3208.1356542609856,0.4332179095193922,0 days 04:26:00
455,CLOSED,2024-11-06 03:10:00+00:00,74000.0,75000.0,2024-11-06 06:05:00+00:00,3208.082612670672,36.04587205247946,0.0,1.0,36.04587205247946,3212.7991057185677,1.1219460310580955,3213.249679119224,0.4140769552028516,0 days 02:55:00
456,CLOSED,2024-11-06 06:28:00+00:00,75000.0,76000.0,2024-11-06 20:54:00+00:00,3208.082612670672,36.04587205247946,0.0,1.0,36.04587205247946,3213.2131826737705,1.1218014493045576,3214.480367476958,0.40759518649038284,0 days 14:26:00
457,CLOSED,2024-11-06 07:38:00+00:00,74000.0,75000.0,2024-11-06 18:31:00+00:00,3208.082612670672,36.04587205247946,0.01105914908897414,0.990599723274372,35.70703088036957,3212.697005785979,1.1114347483146463,3214.036389829985,0.41018451723824967,0 days 10:53:00
458,CLOSED,2024-11-06 07:42:00+00:00,73000.0,74000.0,2024-11-06 09:38:00+00:00,3208.082612670672,36.04587205247946,0.02186968342782574,0.9814107690863482,35.37580701341197,3211.6991228224747,1.101467032264322,3213.110038444064,0.4129151422622712,0 days 01:56:00
459,CLOSED,2024-11-06 21:00:00+00:00,76000.0,77000.0,2024-11-08 19:15:00+00:00,3208.082612670672,36.04587205247946,0.0,1.0,36.04587205247946,3214.443877519762,1.1213719519126324,3215.2854096227234,0.40128399063875975,1 days 22:15:00
460,CLOSED,2024-11-07 04:02:00+00:00,75000.0,76000.0,2024-11-07 15:59:00+00:00,3208.082612670672,36.04587205247946,0.011056858192303433,0.9906016705365421,35.70710107113261,3213.9340181453354,1.1110091516980831,3214.847743132906,0.40376447264002735,0 days 11:57:00
461,CLOSED,2024-11-08 19:43:00+00:00,77000.0,78000.0,2024-11-10 04:45:00+00:00,3208.082612670672,36.04587205247946,0.0,1.0,36.04587205247946,3215.248925983041,1.1210911777681,3216.0780530815155,0.39513672195210603,1 days 09:02:00
462,CLOSED,2024-11-09 17:07:00+00:00,76000.0,77000.0,2024-11-10 00:57:00+00:00,3208.082612670672,36.04587205247946,0.011055982252871042,0.9906024150850596,35.70712790903321,3214.7452200307234,1.1107296368790294,3215.646533782831,0.3975128902617229,0 days 07:50:00
463,CLOSED,2024-11-10 04:46:00+00:00,78000.0,79000.0,2024-11-10 04:54:00+00:00,3208.082612670672,36.04587205247946,0.0,1.0,36.04587205247946,3216.0415755952545,1.1208148652682688,3216.467194161413,0.38914707553948347,0 days 00:08:00
464,CLOSED,2024-11-10 05:00:00+00:00,79000.0,80000.0,2024-11-10 11:56:00+00:00,3208.082612670672,36.04587205247946,0.0,1.0,36.04587205247946,3216.4307226707942,1.1206792609712553,3216.850497383304,0.3833090657448963,0 days 06:56:00
465,CLOSED,2024-11-10 12:02:00+00:00,80000.0,81000.0,2024-11-10 18:27:00+00:00,3208.082612670672,36.04587205247946,0.0,1.0,36.04587205247946,3216.814031736539,1.1205457230930054,3217.228108691742,0.37761700619517313,0 days 06:25:00
466,CLOSED,2024-11-10 19:44:00+00:00,80000.0,81000.0,2024-11-10 22:21:00+00:00,3208.082612670672,36.04587205247946,0.0,1.0,36.04587205247946,3217.1916487427343,1.1204141993395402,3217.9854330030475,0.37761700619517313,0 days 02:37:00
467,CLOSED,2024-11-10 20:55:00+00:00,79000.0,80000.0,2024-11-10 21:54:00+00:00,3208.082612670672,36.04587205247946,0.011054696668310328,0.9906035078319362,35.70716729804731,3216.7054800434266,1.110053982858426,3217.5714331733934,0.37970730511068496,0 days 00:59:00
468,CLOSED,2024-11-10 22:24:00+00:00,81000.0,82000.0,2024-11-11 10:07:00+00:00,3208.082612670672,36.04587205247946,0.0,1.0,36.04587205247946,3217.94897305404,1.1201505168141188,3218.7315619552,0.3720654913256922,0 days 11:43:00
469,CLOSED,2024-11-10 23:40:00+00:00,80000.0,81000.0,2024-11-11 01:38:00+00:00,3208.082612670672,36.04587205247946,0.011053802688938609,0.9906042677144021,35.70719468867345,3217.4683614266737,1.1097916335948161,3218.3231135809738,0.3740690178984778,0 days 01:58:00
470,CLOSED,2024-11-11 10:10:00+00:00,82000.0,83000.0,2024-11-11 15:15:00+00:00,3208.082612670672,36.04587205247946,0.0,1.0,36.04587205247946,3218.695107563264,1.119890851661568,3219.098205912924,0.3666493792579004,0 days 05:05:00
471,CLOSED,2024-11-11 15:39:00+00:00,84000.0,85000.0,2024-11-11 18:39:00+00:00,3208.082612670672,36.04587205247946,0.0,1.0,36.04587205247946,3219.061756942522,1.1197632967040674,3219.4543994773794,0.3562040202700274,0 days 03:00:00
472,CLOSED,2024-11-11 18:42:00+00:00,85000.0,86000.0,2024-11-11 19:06:00+00:00,3208.082612670672,36.04587205247946,0.0,1.0,36.04587205247946,3219.417960962792,1.1196394034435857,3219.805560104627,0.351165670640583,0 days 00:24:00
473,CLOSED,2024-11-11 19:08:00+00:00,86000.0,87000.0,2024-11-11 20:11:00+00:00,3208.082612670672,36.04587205247946,0.0,1.0,36.04587205247946,3219.7691266334327,1.11951728943276,3220.151799670455,0.346244491932751,0 days 01:03:00
474,CLOSED,2024-11-11 20:12:00+00:00,87000.0,88000.0,2024-11-11 21:24:00+00:00,3208.082612670672,36.04587205247946,0.0,1.0,36.04587205247946,3220.1153711253655,1.1193969127845922,3220.493231301364,0.3414364437699291,0 days 01:12:00
475,CLOSED,2024-11-11 21:31:00+00:00,88000.0,89000.0,2024-11-11 23:12:00+00:00,3208.082612670672,36.04587205247946,0.0,1.0,36.04587205247946,3220.4568075691354,1.1192782330680473,3221.168192012115,0.33673766942898453,0 days 01:41:00
476,CLOSED,2024-11-11 22:17:00+00:00,87000.0,88000.0,2024-11-11 22:59:00+00:00,3208.082612670672,36.04587205247946,0.011056054599955671,0.9906023535900377,35.707125692391514,3220.011559126851,1.1089129662029529,3220.7950708767553,0.3382277447999016,0 days 00:42:00
477,CLOSED,2024-11-11 23:25:00+00:00,89000.0,90000.0,2024-11-13 14:31:00+00:00,3208.082612670672,36.04587205247946,0.0,1.0,36.04587205247946,3221.1317729833645,1.1190436962190562,3225.520129131988,0.33214448552267584,1 days 15:06:00
478,CLOSED,2024-11-12 00:12:00+00:00,88000.0,89000.0,2024-11-12 00:59:00+00:00,3208.082612670672,36.04587205247946,0.011055149357571523,0.9906031230460642,35.707153428105,3220.691122322768,1.108679847645649,3221.8004622246444,0.33357338698360905,0 days 00:47:00
479,CLOSED,2024-11-12 00:19:00+00:00,87000.0,88000.0,2024-11-12 00:29:00+00:00,3208.082612670672,36.04587205247946,0.021885120438785422,0.9813976476270324,35.37533403896833,3219.8454530367653,1.098665589853216,3221.026246257197,0.3350849227299477,0 days 00:10:00
480,CLOSED,2024-11-12 02:23:00+00:00,88000.0,89000.0,2024-11-12 06:41:00+00:00,3208.082612670672,36.04587205247946,0.011052854637954206,0.990605073557739,35.707223735999264,3221.3597806324815,1.1084519012958098,3222.469122574678,0.33357404379435707,0 days 04:18:00
481,CLOSED,2024-11-12 02:53:00+00:00,87000.0,88000.0,2024-11-12 03:09:00+00:00,3208.082612670672,36.04587205247946,0.021880598114491074,0.9814014916026826,35.375472598422796,3220.5141104780164,1.0984417824262247,3221.6949059490876,0.33508623520332037,0 days 00:16:00
482,CLOSED,2024-11-12 09:46:00+00:00,88000.0,89000.0,2024-11-12 19:08:00+00:00,3208.082612670672,36.04587205247946,0.011050560864015995,0.9906070232655864,35.70729401491887,3222.0284409114793,1.108224047979466,3224.482933118075,0.33357470033443803,0 days 09:22:00
483,CLOSED,2024-11-12 10:07:00+00:00,87000.0,88000.0,2024-11-12 10:13:00+00:00,3208.082612670672,36.04587205247946,0.021876077645436625,0.9814053340013789,35.37561110103457,3221.18276988891,1.09821806547955,3222.363567609696,0.33508754713826505,0 days 00:06:00
484,CLOSED,2024-11-12 10:35:00+00:00,87000.0,88000.0,2024-11-12 18:24:00+00:00,3208.082612670672,36.04587205247946,0.021873802195936234,0.9814072681334542,35.375680818511896,3221.517857436048,1.0981059979803063,3223.7087159050625,0.3350882075214443,0 days 07:49:00
485,CLOSED,2024-11-12 10:47:00+00:00,86000.0,87000.0,2024-11-12 10:57:00+00:00,3208.082612670672,36.04587205247946,0.03247898322629693,0.9723928642576476,35.05074876977519,3220.2663076227936,1.0884425516860348,3221.854590285774,0.3366856732439203,0 days 00:10:00
486,CLOSED,2024-11-12 13:02:00+00:00,86000.0,87000.0,2024-11-12 14:53:00+00:00,3208.082612670672,36.04587205247946,0.032475587834702065,0.9723957503405033,35.050852801148544,3220.6029932960378,1.0883319947882404,3222.191277063444,0.33668667253421347,0 days 01:51:00
487,CLOSED,2024-11-12 16:11:00+00:00,86000.0,87000.0,2024-11-12 16:41:00+00:00,3208.082612670672,36.04587205247946,0.032472193142875125,0.9723986358285561,35.050956811081704,3220.939679968572,1.0882214600002602,3222.527964840177,0.33668767161856294,0 days 00:30:00
488,CLOSED,2024-11-12 22:05:00+00:00,88000.0,89000.0,2024-11-13 13:43:00+00:00,3208.082612670672,36.04587205247946,0.0110436584311511,0.9906128903335215,35.70750549849898,3224.0422513838703,1.1075383854902052,3225.151601502778,0.33357667599722873,0 days 15:38:00
489,CLOSED,2024-11-13 04:31:00+00:00,87000.0,88000.0,2024-11-13 11:18:00+00:00,3208.082612670672,36.04587205247946,0.021862474582522093,0.9814168966048562,35.37602788516011,3223.196577748998,1.0975448450576932,3224.3773822396506,0.33509149503247215,0 days 06:47:00
490,CLOSED,2024-11-13 14:36:00+00:00,90000.0,91000.0,2024-11-13 14:50:00+00:00,3208.082612670672,36.04587205247946,0.0,1.0,36.04587205247946,3225.4837147010194,1.1175338411473166,3225.8477780087496,0.3276533723698307,0 days 00:14:00
491,CLOSED,2024-11-13 15:03:00+00:00,91000.0,92000.0,2024-11-13 15:44:00+00:00,3208.082612670672,36.04587205247946,0.0,1.0,36.04587205247946,3225.8113680733895,1.1174203305634636,3226.171034576946,0.32326096500057133,0 days 00:41:00
492,CLOSED,2024-11-13 16:15:00+00:00,93000.0,94000.0,2024-11-20 13:15:00+00:00,3208.082612670672,36.04587205247946,0.0,1.0,36.04587205247946,3226.1346290383904,1.1173083642583015,3234.141234545198,0.31475953138264146,6 days 21:00:00
493,CLOSED,2024-11-13 16:37:00+00:00,92000.0,93000.0,2024-11-13 18:49:00+00:00,3208.082612670672,36.04587205247946,0.011043338830974506,0.9906131619936717,35.707515290726,3225.7113807342903,1.1069655984720388,3226.4506126920846,0.3159699809301415,0 days 02:12:00
494,CLOSED,2024-11-13 19:05:00+00:00,92000.0,93000.0,2024-11-19 17:34:00+00:00,3208.082612670672,36.04587205247946,0.011042257202339504,0.9906140813780114,35.707548430736274,3226.0273507152206,1.1068582051178146,3233.474114913565,0.31597027418068535,5 days 22:29:00
495,CLOSED,2024-11-13 19:13:00+00:00,91000.0,92000.0,2024-11-18 06:59:00+00:00,3208.082612670672,36.04587205247946,0.021865050098757065,0.9814147074160565,35.37594897394074,3225.216703333848,1.0968549473706144,3230.827242126953,0.31725306538506715,4 days 11:46:00
496,CLOSED,2024-11-13 19:36:00+00:00,90000.0,91000.0,2024-11-13 20:34:00+00:00,3208.082612670672,36.04587205247946,0.03247401195743721,0.9723970898361783,35.05090108443826,3224.0180296066023,1.0871806783510825,3225.5353414858264,0.3186091857674427,0 days 00:58:00
497,CLOSED,2024-11-13 20:55:00+00:00,90000.0,91000.0,2024-11-14 08:03:00+00:00,3208.082612670672,36.04587205247946,0.032470803074597904,0.9723998173865918,35.05099940137148,3224.3366387923697,1.0870762990336933,3226.4955414151295,0.31861007945852293,0 days 11:08:00
498,CLOSED,2024-11-13 21:04:00+00:00,89000.0,90000.0,2024-11-13 23:18:00+00:00,3208.082612670672,36.04587205247946,0.04287034918797436,0.9635602031902218,34.73236779905585,3222.7492239213416,1.0777248053075188,3224.9782650400066,0.32004120795874513,0 days 02:14:00
499,CLOSED,2024-11-13 21:21:00+00:00,88000.0,89000.0,2024-11-13 21:30:00+00:00,3208.082612670672,36.04587205247946,0.05306671223981462,0.9548932945961576,34.41996152078367,3220.7722666096547,1.0686865966160297,3223.070816382468,0.3215485425756768,0 days 00:09:00
500,CLOSED,2024-11-14 14:41:00+00:00,90000.0,91000.0,2024-11-15 20:18:00+00:00,3208.082612670672,36.04587205247946,0.03246113622495523,0.9724080342087881,35.051295583893044,3225.296838622363,1.0867618497671265,3228.742056302635,0.31861277172803426,1 days 05:37:00
501,CLOSED,2024-11-14 14:47:00+00:00,89000.0,90000.0,2024-11-15 12:10:00+00:00,3208.082612670672,36.04587205247946,0.04285767082763762,0.9635709797965081,34.7327562512272,3223.7094201675263,1.0774158500123825,3226.583168395151,0.32004478734908304,0 days 21:23:00
502,CLOSED,2024-11-14 15:59:00+00:00,88000.0,89000.0,2024-11-14 16:54:00+00:00,3208.082612670672,36.04587205247946,0.053051105414110435,0.9549065603980061,34.42043969817978,3221.7324548194943,1.0683829331231127,3224.031017190423,0.32155300967087186,0 days 00:55:00
503,CLOSED,2024-11-14 20:11:00+00:00,88000.0,89000.0,2024-11-15 09:23:00+00:00,3208.082612670672,36.04587205247946,0.05304581104518588,0.954911060611592,34.42060191230291,3222.054007829165,1.0682813456467644,3224.675712736741,0.32155452506231086,0 days 13:12:00
504,CLOSED,2024-11-14 23:13:00+00:00,87000.0,88000.0,2024-11-15 00:08:00+00:00,3208.082612670672,36.04587205247946,0.06304019297176873,0.9464158359739966,34.11438413195907,3219.686602575127,1.0595560482400417,3222.3772000816016,0.3231408573625103,0 days 00:55:00
505,CLOSED,2024-11-15 14:34:00+00:00,89000.0,90000.0,2024-11-15 19:38:00+00:00,3208.082612670672,36.04587205247946,0.04284057699726621,0.9635855095523237,34.733279988946286,3224.9957133469707,1.0770023614356787,3227.224777561403,0.32004961332735604,0 days 05:04:00
506,CLOSED,2024-11-15 15:22:00+00:00,88000.0,89000.0,2024-11-15 16:11:00+00:00,3208.082612670672,36.04587205247946,0.053030093559805216,0.9549244204741656,34.42108348019987,3223.0187415963924,1.067976522629551,3225.3173165107373,0.3215590238312984,0 days 00:49:00
507,CLOSED,2024-11-17 02:03:00+00:00,90000.0,91000.0,2024-11-17 08:53:00+00:00,3208.082612670672,36.04587205247946,0.03243854182168854,0.9724272394515647,35.05198785361691,3227.5433532106945,1.0860268637057315,3229.060676066287,0.31861906439058885,0 days 06:50:00
508,CLOSED,2024-11-17 14:30:00+00:00,90000.0,91000.0,2024-11-18 06:21:00+00:00,3208.082612670672,36.04587205247946,0.03243533984529234,0.9724299611315015,35.05208595894368,3227.861972275085,1.0859227023960387,3229.6993504607085,0.3186199561582015,0 days 15:51:00
509,CLOSED,2024-11-17 22:02:00+00:00,89000.0,90000.0,2024-11-18 00:30:00+00:00,3208.082612670672,36.04587205247946,0.04282383786307231,0.9635997378163885,34.73379285913229,3226.27454425671,1.0765913558399443,3228.1820634644273,0.32005433916680204,0 days 02:28:00
510,CLOSED,2024-11-18 11:25:00+00:00,91000.0,92000.0,2024-11-18 15:42:00+00:00,3208.082612670672,36.04587205247946,0.021832558191588136,0.98144232553715,35.37694449320001,3230.0165733630406,1.0952558195813251,3231.781751108187,0.3172619932455447,0 days 04:17:00
511,CLOSED,2024-11-18 13:04:00+00:00,90000.0,91000.0,2024-11-18 14:37:00+00:00,3208.082612670672,36.04587205247946,0.03242604175287027,0.9724378645100603,35.05237084311599,3228.8178877114437,1.0856100301141722,3230.335225364063,0.31862254572683213,0 days 01:33:00
512,CLOSED,2024-11-18 14:55:00+00:00,90000.0,91000.0,2024-11-18 15:34:00+00:00,3208.082612670672,36.04587205247946,0.032422842238715846,0.9724405840970916,35.052468873002155,3229.1365102571704,1.0855059475392248,3230.6538488998917,0.3186234368087,0 days 00:39:00
513,CLOSED,2024-11-18 17:47:00+00:00,91000.0,92000.0,2024-11-19 07:06:00+00:00,3208.082612670672,36.04587205247946,0.021826108319273917,0.9814478079286172,35.37714211078137,3230.971081338822,1.0949383705446876,3232.417640271067,0.31726376548870405,0 days 13:19:00
514,CLOSED,2024-11-18 19:11:00+00:00,90000.0,91000.0,2024-11-18 20:19:00+00:00,3208.082612670672,36.04587205247946,0.03241651922791728,0.9724459586562703,35.05266260367465,3229.7723933201573,1.0852982295647478,3231.289736089009,0.31862519780114695,0 days 01:08:00
515,CLOSED,2024-11-19 14:05:00+00:00,91000.0,92000.0,2024-11-19 14:45:00+00:00,3208.082612670672,36.04587205247946,0.021821813557714308,0.9814514584759428,35.377273697943195,3231.606970302112,1.0947269894839933,3232.734905349535,0.3172649455681551,0 days 00:40:00
516,CLOSED,2024-11-19 21:19:00+00:00,92000.0,93000.0,2024-11-20 08:15:00+00:00,3208.082612670672,36.04587205247946,0.011018268925894184,0.99063447141299,35.70828340732826,3233.050852903234,1.1044763918656808,3233.7900924336564,0.3159767778687126,0 days 10:56:00
517,CLOSED,2024-11-20 13:22:00+00:00,94000.0,95000.0,2024-11-21 03:25:00+00:00,3208.082612670672,36.04587205247946,0.0,1.0,36.04587205247946,3234.1048375165856,1.114554841708795,3234.4518749017716,0.3106444757484397,0 days 14:03:00
518,CLOSED,2024-11-21 05:52:00+00:00,97000.0,98000.0,2024-11-21 11:02:00+00:00,3208.082612670672,36.04587205247946,0.0,1.0,36.04587205247946,3234.415481992334,1.114447795997932,3234.7506714417295,0.2988083878933452,0 days 05:10:00
519,CLOSED,2024-11-21 11:28:00+00:00,98000.0,99000.0,2024-11-22 03:15:00+00:00,3208.082612670672,36.04587205247946,0.0,1.0,36.04587205247946,3234.714290380228,1.1143448483124736,3235.638757150594,0.29502406048389673,0 days 15:47:00
520,CLOSED,2024-11-21 14:34:00+00:00,97000.0,98000.0,2024-11-21 17:59:00+00:00,3208.082612670672,36.04587205247946,0.011020084713019436,0.9906329279939334,35.708227773442424,3234.310797302253,1.1040444166103873,3235.30735022215,0.2960094282079311,0 days 03:25:00
521,CLOSED,2024-11-21 15:38:00+00:00,96000.0,97000.0,2024-11-21 16:21:00+00:00,3208.082612670672,36.04587205247946,0.021827376780303446,0.9814467297367421,35.37710324641499,3233.539883935096,1.0940673230033702,3234.6078549518907,0.29705600828776113,0 days 00:43:00
522,CLOSED,2024-11-22 03:23:00+00:00,99000.0,100000.0,2024-12-05 02:36:00+00:00,3208.082612670672,36.04587205247946,0.0,1.0,36.04587205247946,3235.6023798772076,1.1140389893596079,3245.71085377731,0.2913161841332226,12 days 23:13:00
523,CLOSED,2024-11-22 13:19:00+00:00,98000.0,99000.0,2024-11-22 16:56:00+00:00,3208.082612670672,36.04587205247946,0.011018194217639827,0.9906345349150062,35.70828569631381,3235.2025983871713,1.103741871192712,3235.894631611404,0.2922610229461995,0 days 03:37:00
524,CLOSED,2024-11-23 16:17:00+00:00,98000.0,99000.0,2024-12-04 20:51:00+00:00,3208.082612670672,36.04587205247946,0.01101719894833699,0.9906353808939136,35.708316190361266,3235.4948594101174,1.103643113093107,3244.792577723511,0.2922612725303324,11 days 04:34:00
525,CLOSED,2024-11-24 12:31:00+00:00,97000.0,98000.0,2024-11-24 22:59:00+00:00,3208.082612670672,36.04587205247946,0.02182281855410494,0.9814506042290108,35.377242905867575,3234.7314092731453,1.0936686367359618,3236.082453236842,0.29326567284662275,0 days 10:28:00
526,CLOSED,2024-11-24 15:55:00+00:00,96000.0,97000.0,2024-11-24 22:00:00+00:00,3208.082612670672,36.04587205247946,0.032422254932212013,0.9724410833076198,35.05248686748098,3233.6039410789117,1.0840068080751257,3235.0257444848367,0.2943302552751632,0 days 06:05:00
527,CLOSED,2024-11-25 01:24:00+00:00,97000.0,98000.0,2024-11-25 04:12:00+00:00,3208.082612670672,36.04587205247946,0.021818855112075916,0.9814539731547355,35.377364341733205,3235.319005201267,1.0934737589974501,3236.3757200389173,0.29326667950988394,0 days 02:48:00
528,CLOSED,2024-11-25 14:34:00+00:00,97000.0,98000.0,2024-11-29 14:59:00+00:00,3208.082612670672,36.04587205247946,0.02181687751320072,0.9814556541137794,35.37742493336783,3235.612271880777,1.093376522298942,3240.826838562896,0.2932671817945476,4 days 00:25:00
529,CLOSED,2024-11-25 14:51:00+00:00,96000.0,97000.0,2024-11-27 20:15:00+00:00,3208.082612670672,36.04587205247946,0.03241348088740901,0.9724485412457023,35.05275569536288,3234.48480162982,1.0837199073466106,3238.8848459041465,0.2943325125808869,2 days 05:24:00
530,CLOSED,2024-11-25 15:10:00+00:00,95000.0,96000.0,2024-11-25 15:29:00+00:00,3208.082612670672,36.04587205247946,0.04280917355970938,0.9636122024742471,34.73424215859464,3232.9928883091466,1.0743680347766131,3234.780272610034,0.29545897001464994,0 days 00:19:00
531,CLOSED,2024-11-25 17:21:00+00:00,95000.0,96000.0,2024-11-27 16:32:00+00:00,3208.082612670672,36.04587205247946,0.04280526164311902,0.9636155276033488,34.7343620157728,3233.2883472791614,1.0742735656410618,3237.4630502260607,0.29545998955261155,1 days 23:11:00
532,CLOSED,2024-11-25 21:44:00+00:00,94000.0,95000.0,2024-11-27 15:34:00+00:00,3208.082612670672,36.04587205247946,0.05300414441347515,0.9549464772485461,34.42187853586708,3231.431493113707,1.0652207422382713,3235.675683703286,0.29664884779268874,1 days 17:50:00
533,CLOSED,2024-11-25 22:38:00+00:00,93000.0,94000.0,2024-11-25 22:48:00+00:00,3208.082612670672,36.04587205247946,0.06301195318756649,0.9464398397905684,34.11524937045999,3229.209127424739,1.0564583470525042,3231.7294197935544,0.2979009604543421,0 days 00:10:00
534,CLOSED,2024-11-25 23:42:00+00:00,93000.0,94000.0,2024-11-26 00:27:00+00:00,3208.082612670672,36.04587205247946,0.06300614074585023,0.9464447803660273,34.115427457810846,3229.5070283851937,1.0563664100421268,3232.0273224889243,0.29790251554756253,0 days 00:45:00
535,CLOSED,2024-11-26 08:16:00+00:00,93000.0,94000.0,2024-11-26 16:25:00+00:00,3208.082612670672,36.04587205247946,0.06300032934602123,0.9464497200558819,34.11560551323932,3229.8049309007415,1.0562744884944189,3232.6244478701856,0.2979040703620299,0 days 08:09:00
536,CLOSED,2024-11-26 11:24:00+00:00,92000.0,93000.0,2024-11-26 14:41:00+00:00,3208.082612670672,36.04587205247946,0.07281998584091559,0.9381030120352217,33.8147411438672,3227.2164038513806,1.0477989980316311,3230.104184536723,0.29922113110907134,0 days 03:17:00
537,CLOSED,2024-11-26 18:12:00+00:00,93000.0,94000.0,2024-11-27 13:55:00+00:00,3208.082612670672,36.04587205247946,0.0629886840202382,0.9464596185827975,34.11596231427403,3230.4020561022126,1.0560902860320176,3233.5221882106725,0.29790718601771715,0 days 19:43:00
538,CLOSED,2024-11-26 18:34:00+00:00,92000.0,93000.0,2024-11-27 02:26:00+00:00,3208.082612670672,36.04587205247946,0.07280662393763265,0.9381143696530122,33.8151505391049,3227.8135248633166,1.0476178465277612,3231.0019214579074,0.29922475378077706,0 days 07:52:00
539,CLOSED,2024-11-26 20:36:00+00:00,91000.0,92000.0,2024-11-26 22:04:00+00:00,3208.082612670672,36.04587205247946,0.08244267759690105,0.9299237240426341,33.519911575406006,3224.858106008059,1.0394228357817317,3228.114172127179,0.3006080404109497,0 days 01:28:00
540,CLOSED,2024-11-27 23:10:00+00:00,96000.0,97000.0,2024-11-29 11:30:00+00:00,3208.082612670672,36.04587205247946,0.03238071890438585,0.9724763889312721,35.05375948947388,3237.7573706074445,1.082655538296168,3239.770129220787,0.29434094128318833,1 days 12:20:00
541,CLOSED,2024-11-28 03:31:00+00:00,95000.0,96000.0,2024-11-28 14:08:00+00:00,3208.082612670672,36.04587205247946,0.042766190948749894,0.9636487376935626,34.7355591024355,3236.265445837244,1.0733223118985895,3238.052853115624,0.2954701722993818,0 days 10:37:00
542,CLOSED,2024-11-28 15:48:00+00:00,95000.0,96000.0,2024-11-28 23:30:00+00:00,3208.082612670672,36.04587205247946,0.042762286763370384,0.9636520562511351,34.735678722737156,3236.5609160095432,1.073228022711337,3238.348324426205,0.2954711898224076,0 days 07:42:00
543,CLOSED,2024-11-29 17:29:00+00:00,97000.0,98000.0,2024-12-02 01:26:00+00:00,3208.082612670672,36.04587205247946,0.0217869060297447,0.981481129874717,35.37834322938703,3240.0633903436,1.0919028107544293,3241.4174991711207,0.29327479416560465,2 days 07:57:00
544,CLOSED,2024-12-01 02:31:00+00:00,96000.0,97000.0,2024-12-01 08:26:00+00:00,3241.2266219706116,36.418276651355185,0.03236921697151751,0.9724861655742101,35.416270217497186,3238.935909716845,1.093453875121393,3240.361146292104,0.29738488722409784,0 days 05:55:00
545,CLOSED,2024-12-02 03:43:00+00:00,97000.0,98000.0,2024-12-04 20:13:00+00:00,3241.2266219706116,36.418276651355185,0.021782935026738715,0.981484505227272,35.743974240385256,3240.65405002499,1.1029864246110943,3244.1009122590804,0.2963057546262391,2 days 16:30:00
546,CLOSED,2024-12-02 07:23:00+00:00,96000.0,97000.0,2024-12-02 15:23:00+00:00,3241.2266219706116,36.418276651355185,0.03247494684316071,0.9723962951833134,35.412997292738744,3239.5224381447497,1.0931548698585185,3241.249880418658,0.29735740498630037,0 days 08:00:00
547,CLOSED,2024-12-02 08:40:00+00:00,95000.0,96000.0,2024-12-02 14:30:00+00:00,3241.2266219706116,36.418276651355185,0.04296341758457331,0.9634810950531127,35.088321067994904,3238.0226407383793,1.0836342101670287,3239.8209182237247,0.29847086212381413,0 days 05:50:00
548,CLOSED,2024-12-02 16:41:00+00:00,96000.0,97000.0,2024-12-04 19:54:00+00:00,3241.2266219706116,36.418276651355185,0.03246897499592827,0.9724013712534609,35.41318215446568,3240.1182664118596,1.0929595540252488,3243.0407906404794,0.297358957241336,2 days 03:13:00
549,CLOSED,2024-12-02 17:57:00+00:00,95000.0,96000.0,2024-12-02 20:04:00+00:00,3241.2266219706116,36.418276651355185,0.04295556980158538,0.9634877656686525,35.088564000317064,3238.6184668969104,1.083442349229153,3240.416748617666,0.29847292857262886,0 days 02:07:00
550,CLOSED,2024-12-03 10:53:00+00:00,95000.0,96000.0,2024-12-03 15:13:00+00:00,3241.2266219706116,36.418276651355185,0.04295161135653866,0.9634911303469421,35.08868653610186,3238.916939825483,1.083346290997894,3241.0148737308555,0.2984739708955573,0 days 04:20:00
551,CLOSED,2024-12-03 13:54:00+00:00,94000.0,95000.0,2024-12-03 14:49:00+00:00,3241.2266219706116,36.418276651355185,0.05323890852412206,0.9547469277544962,34.77023774699467,3237.0484795656307,1.0741339824376177,3239.2166071512984,0.29965101859203713,0 days 00:55:00
552,CLOSED,2024-12-03 16:48:00+00:00,95000.0,96000.0,2024-12-03 21:20:00+00:00,3241.2266219706116,36.418276651355185,0.0429436810238879,0.9634978711296953,35.088932023793014,3239.515064814971,1.0831538462315242,3241.3133500377608,0.2984760590810467,0 days 04:32:00
553,CLOSED,2024-12-04 16:20:00+00:00,95000.0,96000.0,2024-12-04 18:45:00+00:00,3241.2266219706116,36.418276651355185,0.04293972472809719,0.9635012339811174,35.08905449304644,3239.8135408740523,1.0830578380624938,3241.6118272622334,0.2984771008380349,0 days 02:25:00
554,CLOSED,2024-12-04 21:38:00+00:00,98000.0,99000.0,2024-12-04 23:32:00+00:00,3241.2266219706116,36.418276651355185,0.010986983605101213,0.990661063935664,36.07816869413488,3244.39280549145,1.112016049137733,3245.088239374673,0.29528839827955977,0 days 01:54:00
555,CLOSED,2024-12-05 01:09:00+00:00,98000.0,99000.0,2024-12-05 02:29:00+00:00,3241.2266219706116,36.418276651355185,0.010985983715837038,0.9906619138415386,36.07819964624215,3244.6880938897293,1.1119158021439168,3245.383528057522,0.29528865161277196,0 days 01:20:00
556,CLOSED,2024-12-05 02:39:00+00:00,100000.0,101000.0,2024-12-05 02:41:00+00:00,3241.2266219706116,36.418276651355185,0.0,1.0,36.418276651355185,3245.6744802155117,1.1220557352053686,3246.0018805226077,0.290654630137233,0 days 00:02:00
557,CLOSED,2024-12-05 02:43:00+00:00,101000.0,102000.0,2024-12-05 03:03:00+00:00,3241.2266219706116,36.418276651355185,0.0,1.0,36.418276651355185,3245.965134845649,1.1219552625628226,3246.2889329885493,0.2870560681059118,0 days 00:20:00
558,CLOSED,2024-12-05 03:10:00+00:00,103000.0,104000.0,2024-12-15 23:19:00+00:00,3241.2266219706116,36.418276651355185,0.0,1.0,36.418276651355185,3246.2521909137554,1.1218560515196498,3258.5553966601897,0.2800685690159668,10 days 20:09:00
559,CLOSED,2024-12-05 05:46:00+00:00,102000.0,103000.0,2024-12-05 09:11:00+00:00,3241.2266219706116,36.418276651355185,0.011099865100831923,0.9905651146642929,36.07467438702559,3245.8625507111365,1.111404867686772,3246.533017567743,0.28085301132117735,0 days 03:25:00
560,CLOSED,2024-12-05 15:27:00+00:00,102000.0,103000.0,2024-12-15 12:38:00+00:00,3241.2266219706116,36.418276651355185,0.011098904751842026,0.9905659309609343,36.0747041151425,3246.1434037224576,1.111309625870948,3258.238566683529,0.2808532427641808,9 days 21:11:00
561,CLOSED,2024-12-05 15:50:00+00:00,101000.0,102000.0,2024-12-12 16:01:00+00:00,3241.2266219706116,36.418276651355185,0.021988262380148005,0.9813099769768742,35.73761822227879,3245.4007871961876,1.1011773449760496,3256.4394465882565,0.2816909835840846,7 days 00:11:00
562,CLOSED,2024-12-05 19:44:00+00:00,100000.0,101000.0,2024-12-06 17:50:00+00:00,3241.2266219706116,36.418276651355185,0.03267343177532672,0.9722275829909723,35.406853085443615,3244.305023789434,1.09135401344253,3249.421849249918,0.28258244854345804,0 days 22:06:00
563,CLOSED,2024-12-05 19:55:00+00:00,99000.0,100000.0,2024-12-06 17:41:00+00:00,3241.2266219706116,36.418276651355185,0.043159576051739236,0.9633143603560217,35.08224887766886,3242.8558766854935,1.081831885588645,3248.043510177476,0.283528356838616,0 days 21:46:00
564,CLOSED,2024-12-05 20:18:00+00:00,98000.0,99000.0,2024-12-05 20:43:00+00:00,3241.2266219706116,36.418276651355185,0.05345167054102666,0.9545660800401273,34.76365158490101,3241.0530424016315,1.0726035992037029,3243.140407192514,0.28452949155712304,0 days 00:25:00
565,CLOSED,2024-12-05 22:22:00+00:00,98000.0,99000.0,2024-12-06 14:25:00+00:00,3241.2266219706116,36.418276651355185,0.05344697847292064,0.9545700682980175,34.763796830380215,3241.337571893189,1.0725139254803226,3246.3108415534134,0.2845306803454193,0 days 16:03:00
566,CLOSED,2024-12-05 22:26:00+00:00,97000.0,98000.0,2024-12-06 01:32:00+00:00,3241.2266219706116,36.418276651355185,0.06354897209840076,0.9459833737163593,34.45108421158469,3239.180678173277,1.0635740217805092,3244.22348307411,0.28558812280790136,0 days 03:06:00
567,CLOSED,2024-12-05 22:28:00+00:00,96000.0,97000.0,2024-12-05 22:48:00+00:00,3241.2266219706116,36.418276651355185,0.07346635508393964,0.9375535981786514,34.14408631394362,3236.6692865151863,1.054914274257084,3241.2075770476454,0.28670255776469844,0 days 00:20:00
568,CLOSED,2024-12-05 22:28:00+00:00,95000.0,96000.0,2024-12-05 22:31:00+00:00,3241.2266219706116,36.418276651355185,0.08320358228498817,0.9292769550577601,33.842665235022466,3233.8028899567885,1.0465283873710276,3238.1216044729563,0.2878749726922223,0 days 00:03:00
569,CLOSED,2024-12-05 22:28:00+00:00,94000.0,95000.0,2024-12-05 22:30:00+00:00,3241.2266219706116,36.418276651355185,0.09276494869558047,0.9211497936087566,33.54668802098243,3230.5809124766297,1.038410395214799,3234.9673393221456,0.28910642800380515,0 days 00:02:00
570,CLOSED,2024-12-05 22:28:00+00:00,93000.0,94000.0,2024-12-05 22:29:00+00:00,3241.2266219706116,36.418276651355185,0.10215459550241701,0.9131685938229456,33.25602647917302,3227.0027081935473,1.0305546504418495,3231.456261731628,0.2903980598664333,0 days 00:01:00
571,CLOSED,2024-12-05 22:28:00+00:00,92000.0,93000.0,2024-12-05 22:29:00+00:00,3241.2266219706116,36.418276651355185,0.11137651581025937,0.9053299615612795,32.97055700089943,3223.067560481117,1.0229558140561539,3227.5876656493647,0.29175108326666077,0 days 00:01:00
572,CLOSED,2024-12-05 22:28:00+00:00,91000.0,92000.0,2024-12-05 22:29:00+00:00,3241.2266219706116,36.418276651355185,0.12043456005491958,0.8976306239533184,32.69016039386052,3218.77468099421,1.0156088460271855,3223.360773062991,0.2931667953422661,0 days 00:01:00
573,CLOSED,2024-12-05 22:35:00+00:00,95000.0,96000.0,2024-12-05 22:36:00+00:00,3241.2266219706116,36.418276651355185,0.08316623242101563,0.9293087024421367,33.84382142004965,3235.25518729596,1.0460943406549783,3238.4094904476615,0.28788480751848766,0 days 00:01:00
574,CLOSED,2024-12-05 23:02:00+00:00,96000.0,97000.0,2024-12-05 23:21:00+00:00,3241.2266219706116,36.418276651355185,0.07342037737453459,0.9375926792316456,34.14550957854339,3238.6961712196407,1.054298019121835,3241.4942929929935,0.28671450869515525,0 days 00:19:00
575,CLOSED,2024-12-06 00:11:00+00:00,96000.0,97000.0,2024-12-06 00:18:00+00:00,3241.2266219706116,36.418276651355185,0.07341387820854026,0.9375982035227408,34.1457107637048,3238.982885728336,1.0542109041130854,3241.781009394086,0.28671619801552595,0 days 00:07:00
576,CLOSED,2024-12-06 23:21:00+00:00,100000.0,101000.0,2024-12-08 23:49:00+00:00,3241.2266219706116,36.418276651355185,0.032632985619451,0.9722619622234666,35.408105117843654,3248.3260983006917,1.0900415797652465,3250.2715271629527,0.28259244102656567,2 days 00:28:00
577,CLOSED,2024-12-07 05:45:00+00:00,99000.0,100000.0,2024-12-07 18:46:00+00:00,3241.2266219706116,36.418276651355185,0.043106506900038755,0.9633594691349671,35.0838916616599,3246.8769374369153,1.0805426980350885,3248.6096346652253,0.2835416335201373,0 days 13:01:00
578,CLOSED,2024-12-08 08:57:00+00:00,99000.0,100000.0,2024-12-08 12:50:00+00:00,3241.2266219706116,36.418276651355185,0.043102742845425326,0.9633626685813885,35.08400817998481,3247.1604790704355,1.080451933500629,3248.893177358003,0.2835425752000589,0 days 03:53:00
579,CLOSED,2024-12-09 00:28:00+00:00,100000.0,101000.0,2024-12-11 16:23:00+00:00,3241.2266219706116,36.418276651355185,0.03262445192111861,0.9722692158670492,35.40836928304237,3249.1757749504386,1.0897646583488538,3255.132540900437,0.2825945493316482,2 days 15:55:00
580,CLOSED,2024-12-09 03:25:00+00:00,99000.0,100000.0,2024-12-09 14:48:00+00:00,3241.2266219706116,36.418276651355185,0.04309530977369476,0.9633689866923595,35.08423827469806,3247.726611183487,1.0802706777684465,3249.7438637454,0.28354443478369973,0 days 11:23:00
581,CLOSED,2024-12-09 12:01:00+00:00,98000.0,99000.0,2024-12-09 13:23:00+00:00,3241.2266219706116,36.418276651355185,0.05337252660336552,0.9546333523871393,34.766101527845485,3245.923739688589,1.0710695726690396,3248.0111622255854,0.2845495435651415,0 days 01:22:00
582,CLOSED,2024-12-09 15:16:00+00:00,99000.0,100000.0,2024-12-11 15:19:00+00:00,3241.2266219706116,36.418276651355185,0.0430877728387182,0.9633753930870895,35.084471584553675,3248.2947051618357,1.0800889318571145,3253.7541889240943,0.28354632035153315,2 days 00:03:00
583,CLOSED,2024-12-09 15:34:00+00:00,98000.0,99000.0,2024-12-11 14:45:00+00:00,3241.2266219706116,36.418276651355185,0.053363258213918296,0.9546412305181694,34.766388435800835,3246.4918310793196,1.0708909877109563,3252.021485339517,0.28455189181599394,1 days 23:11:00
584,CLOSED,2024-12-09 19:55:00+00:00,97000.0,98000.0,2024-12-10 00:35:00+00:00,3241.2266219706116,36.418276651355185,0.06344992678022209,0.9460675622368112,34.45415021241338,3244.334870773347,1.0619788518994835,3247.9267419865027,0.2856135389433163,0 days 04:40:00
585,CLOSED,2024-12-09 21:02:00+00:00,96000.0,97000.0,2024-12-09 21:17:00+00:00,3241.2266219706116,36.418276651355185,0.07335238290595436,0.9376504745299388,34.14761438370578,3241.823380478152,1.0533459222158237,3244.9095264342127,0.28673218241522846,0 days 00:15:00
586,CLOSED,2024-12-09 21:04:00+00:00,95000.0,96000.0,2024-12-09 21:07:00+00:00,3241.2266219706116,36.418276651355185,0.08307506538340018,0.9293861944241099,33.846643544487414,3238.956848106606,1.044985936267509,3242.1113103981284,0.28790881328132656,0 days 00:03:00
587,CLOSED,2024-12-09 22:22:00+00:00,96000.0,97000.0,2024-12-09 22:26:00+00:00,3241.2266219706116,36.418276651355185,0.07333938287139025,0.9376615245593183,34.14801680673273,3242.3980214738485,1.0531716519864693,3245.4841750631103,0.286735561498503,0 days 00:04:00
588,CLOSED,2024-12-09 22:22:00+00:00,95000.0,96000.0,2024-12-09 22:23:00+00:00,3241.2266219706116,36.418276651355185,0.08306045212086498,0.9293986156972648,33.84709590584953,3239.5314845121643,1.0448145377709304,3242.6859552959772,0.2879126611908731,0 days 00:01:00
589,CLOSED,2024-12-10 02:57:00+00:00,97000.0,98000.0,2024-12-10 14:07:00+00:00,3241.2266219706116,36.418276651355185,0.06342187658527858,0.9460914049025132,34.45501852120902,3245.7697735306765,1.0615361200967008,3248.4991041488515,0.2856207369367709,0 days 11:10:00
590,CLOSED,2024-12-10 03:23:00+00:00,96000.0,97000.0,2024-12-10 04:42:00+00:00,3241.2266219706116,36.418276651355185,0.07332019480675712,0.9376778344142565,34.14861078354201,3243.258273424487,1.0529106196493325,3246.0565288823373,0.28674054902896984,0 days 01:19:00
591,CLOSED,2024-12-10 15:26:00+00:00,97000.0,98000.0,2024-12-11 08:31:00+00:00,3241.2266219706116,36.418276651355185,0.06341069469953359,0.9461009095053965,34.45536466246629,3246.3421348166416,1.0613596235879303,3249.9340671860127,0.2856236063336084,0 days 17:05:00
592,CLOSED,2024-12-10 15:52:00+00:00,96000.0,97000.0,2024-12-10 21:30:00+00:00,3241.2266219706116,36.418276651355185,0.07330736333411009,0.9376887411660064,34.149007988644605,3243.830630799413,1.052737083878787,3247.2047398056216,0.2867438842981471,0 days 05:38:00
593,CLOSED,2024-12-10 16:35:00+00:00,95000.0,96000.0,2024-12-10 16:53:00+00:00,3241.2266219706116,36.418276651355185,0.0830244063328984,0.9294292546170364,33.84821172250607,3240.9640700244763,1.0443871326919845,3244.118574248236,0.28792215263273846,0 days 00:18:00
594,CLOSED,2024-12-10 17:06:00+00:00,95000.0,96000.0,2024-12-10 19:42:00+00:00,3241.2266219706116,36.418276651355185,0.08301703123036083,0.9294355234541933,33.84844002275194,3241.251992177109,1.0443014028050426,3244.4064985733257,0.287924094617118,0 days 02:36:00
595,CLOSED,2024-12-11 00:42:00+00:00,96000.0,97000.0,2024-12-11 02:37:00+00:00,3241.2266219706116,36.418276651355185,0.07328787483277077,0.9377053063921449,34.14961126563291,3244.6932209309603,1.0524758102041702,3247.4914893644936,0.2867489499207636,0 days 01:55:00
596,CLOSED,2024-12-11 17:57:00+00:00,100000.0,101000.0,2024-12-11 19:42:00+00:00,3241.2266219706116,36.418276651355185,0.032575716178229956,0.9723106412485045,35.4098779240446,3254.036788421383,1.088183085392309,3255.415149012452,0.28260658981058384,0 days 01:45:00
597,CLOSED,2024-12-12 18:37:00+00:00,101000.0,102000.0,2024-12-14 01:02:00+00:00,3241.2266219706116,36.418276651355185,0.021918725034465777,0.9813690837207041,35.73977078802755,3255.6968494015314,1.0977610152676625,3257.2863730562385,0.28170795053356557,1 days 06:25:00
598,CLOSED,2024-12-12 19:29:00+00:00,100000.0,101000.0,2024-12-13 14:57:00+00:00,3241.2266219706116,36.418276651355185,0.032570722474971975,0.9723148858962738,35.41003250680135,3254.601062550992,1.0879991687536223,3255.9794458229794,0.2826078235371057,0 days 19:28:00
599,CLOSED,2024-12-13 15:52:00+00:00,100000.0,101000.0,2024-12-13 16:46:00+00:00,3241.2266219706116,36.418276651355185,0.03256789449648738,0.9723172896779857,35.41012004838874,3254.883670374529,1.0879073919196076,3256.2620544335155,0.28260852220738997,0 days 00:54:00
600,CLOSED,2024-12-14 13:18:00+00:00,101000.0,102000.0,2024-12-15 01:48:00+00:00,3241.2266219706116,36.418276651355185,0.021913024665588487,0.9813739290342498,35.73994724599672,3256.5437736978092,1.0974809408262296,3257.568082575676,0.2817093414102203,0 days 12:30:00
601,CLOSED,2024-12-15 23:28:00+00:00,105000.0,106000.0,2024-12-16 00:33:00+00:00,3241.2266219706116,36.418276651355185,0.0,1.0,36.418276651355185,3258.518661579889,1.1176329011323762,3258.8287371925207,0.27334726036755086,0 days 01:05:00
602,CLOSED,2024-12-16 00:44:00+00:00,106000.0,107000.0,2024-12-16 16:37:00+00:00,3241.2266219706116,36.418276651355185,0.0,1.0,36.418276651355185,3258.7920088402566,1.117539154157794,3259.641114899694,0.2700817189015794,0 days 15:53:00
603,CLOSED,2024-12-16 01:27:00+00:00,105000.0,106000.0,2024-12-16 14:54:00+00:00,3241.2266219706116,36.418276651355185,0.011060181847283607,0.9905988454298089,36.07590280337581,3258.412365484599,1.10716197819273,3259.3342728840344,0.2707774805215024,0 days 13:27:00
604,CLOSED,2024-12-16 11:50:00+00:00,104000.0,105000.0,2024-12-16 14:36:00+00:00,3241.2266219706116,36.418276651355185,0.02191491591855782,0.9813723214692258,35.739888701248944,3257.6898280561168,1.0970930502175877,3258.6838588162914,0.27152177656057574,0 days 02:46:00
605,CLOSED,2024-12-16 16:38:00+00:00,107000.0,108000.0,2024-12-17 14:50:00+00:00,3241.2266219706116,36.418276651355185,0.0,1.0,36.418276651355185,3259.6043898162407,1.1172606333803672,3260.175531955931,0.26687721559383704,0 days 22:12:00
606,CLOSED,2024-12-16 19:16:00+00:00,106000.0,107000.0,2024-12-17 03:43:00+00:00,3241.2266219706116,36.418276651355185,0.01105839834264575,0.9906003614087511,36.07595801271633,3259.2279541716016,1.106886616093895,3259.8718944688853,0.2675430483537937,0 days 08:27:00
607,CLOSED,2024-12-17 14:52:00+00:00,108000.0,109000.0,2025-01-20 06:55:00+00:00,3241.2266219706116,36.418276651355185,0.0,1.0,36.418276651355185,3260.1388100801883,1.1170774857423762,3291.229407336175,0.26373205493995044,33 days 16:03:00
608,CLOSED,2024-12-17 15:13:00+00:00,107000.0,108000.0,2025-01-20 06:54:00+00:00,3241.2266219706116,36.418276651355185,0.011057540508414003,0.9906010905678481,36.07598456743404,3259.765522744512,1.1067048938250132,3290.9289150073087,0.2643688608149688,33 days 15:41:00
609,CLOSED,2024-12-17 15:27:00+00:00,106000.0,107000.0,2024-12-17 16:14:00+00:00,3241.2266219706116,36.418276651355185,0.021911624902324105,0.9813751188330245,35.73999057641766,3259.0557561253786,1.0966363649730304,3260.0305393220647,0.26505147898166115,0 days 00:47:00
610,CLOSED,2024-12-17 22:22:00+00:00,106000.0,107000.0,2025-01-20 06:51:00+00:00,3241.2266219706116,36.418276651355185,0.021909843025384068,0.9813766334284235,35.740045735371915,3259.32080760436,1.0965488776675922,3290.291265511505,0.2650518880461874,33 days 08:29:00
611,CLOSED,2024-12-18 01:55:00+00:00,105000.0,106000.0,2025-01-19 19:58:00+00:00,3241.2266219706116,36.418276651355185,0.03256477863313592,0.9723199381618345,35.41021650160626,3258.2745438515153,1.0867781712387206,3286.6055009877987,0.2657809912972837,32 days 18:03:00
612,CLOSED,2024-12-18 04:26:00+00:00,104000.0,105000.0,2024-12-18 11:58:00+00:00,3241.2266219706116,36.418276651355185,0.04302641337624047,0.9634275486301956,35.08637099955141,3256.8917070109032,1.0772962123371561,3258.541078846981,0.2665568957557767,0 days 07:32:00
613,CLOSED,2024-12-18 14:33:00+00:00,104000.0,105000.0,2025-01-17 16:54:00+00:00,3241.2266219706116,36.418276651355185,0.04302289221261998,0.963430541619273,35.08647999905565,3257.158263906659,1.07721139583106,3284.484599689355,0.2665577238428227,30 days 02:21:00
614,CLOSED,2024-12-18 19:57:00+00:00,103000.0,104000.0,2025-01-17 15:09:00+00:00,3241.2266219706116,36.418276651355185,0.05329521400723819,0.9546990680938475,34.76849478063272,3255.4387181725588,1.0680125719015232,3282.8352113821825,0.2673812018419284,29 days 19:12:00
615,CLOSED,2024-12-18 20:07:00+00:00,102000.0,103000.0,2025-01-17 14:36:00+00:00,3241.2266219706116,36.418276651355185,0.06338368272185575,0.9461238696864226,34.45620083269086,3253.3822697801243,1.0590886030438573,3280.848290697246,0.2682526710768798,29 days 18:29:00
616,CLOSED,2024-12-18 20:08:00+00:00,101000.0,102000.0,2024-12-18 20:11:00+00:00,3241.2266219706116,36.418276651355185,0.07329276436172263,0.9377011502925358,34.149459907647554,3250.9886655970126,1.0504330657632832,3253.6514394703518,0.26917280526136267,0 days 00:03:00
617,CLOSED,2024-12-18 20:37:00+00:00,101000.0,102000.0,2024-12-19 10:19:00+00:00,3241.2266219706116,36.418276651355185,0.07328669642741253,0.9377063080366993,34.1496477438014,3251.257838402274,1.050351877370118,3254.4619218914836,0.2691742858231265,0 days 13:42:00
618,CLOSED,2024-12-18 23:58:00+00:00,100000.0,101000.0,2024-12-19 03:11:00+00:00,3241.2266219706116,36.418276651355185,0.08301994680792091,0.9294330452132672,33.84834976948828,3248.5267635633786,1.0419600093538801,3251.799149346766,0.2701440179937791,0 days 03:13:00
619,CLOSED,2024-12-19 02:14:00+00:00,99000.0,100000.0,2024-12-19 02:52:00+00:00,3241.2266219706116,36.418276651355185,0.09258229953337895,0.9213050453966279,33.552342023543744,3245.457845008261,1.0338246135333284,3248.7979365047327,0.271163927808459,0 days 00:38:00
620,CLOSED,2024-12-19 14:49:00+00:00,101000.0,102000.0,2025-01-06 15:45:00+00:00,3241.2266219706116,36.418276651355185,0.07326843187715937,0.9377218329044146,34.15021313272883,3252.0683206338995,1.0501074936233874,3269.3164832337498,0.26917874233060957,18 days 00:56:00
621,CLOSED,2024-12-19 15:23:00+00:00,100000.0,101000.0,2024-12-19 16:37:00+00:00,3241.2266219706116,36.418276651355185,0.08299941140503748,0.9294505003057182,33.848985453874135,3249.337239637303,1.0417196787383147,3252.338472799997,0.2701490913972222,0 days 01:14:00
622,CLOSED,2024-12-19 17:18:00+00:00,100000.0,101000.0,2025-01-06 14:54:00+00:00,3241.2266219706116,36.418276651355185,0.08299251142824172,0.9294563652859945,33.84919904634839,3249.6073887287,1.0416396504930017,3266.653705953632,0.2701507960808911,17 days 21:36:00
623,CLOSED,2024-12-19 17:38:00+00:00,99000.0,100000.0,2025-01-06 14:48:00+00:00,3241.2266219706116,36.418276651355185,0.09255191276913555,0.9213308741462348,33.553282662092485,3246.5384552477167,1.0335094786219716,3263.6524799842,0.27117152987818116,17 days 21:10:00
624,CLOSED,2024-12-19 17:54:00+00:00,98000.0,99000.0,2024-12-19 17:59:00+00:00,3241.2266219706116,36.418276651355185,0.10194450423750175,0.9133471713981235,33.262529966709586,3243.131234558073,1.0256300951460608,3246.8107135926057,0.2722432859568187,0 days 00:05:00
625,CLOSED,2024-12-19 18:10:00+00:00,98000.0,99000.0,2024-12-19 19:04:00+00:00,3241.2266219706116,36.418276651355185,0.10193594726732876,0.9133544448227706,33.26279485230059,3243.40347784403,1.0255521731884922,3247.3563286579265,0.27224545396158106,0 days 00:54:00
626,CLOSED,2024-12-19 18:23:00+00:00,97000.0,98000.0,2024-12-19 18:27:00+00:00,3241.2266219706116,36.418276651355185,0.11116489842665751,0.9055098363373411,32.97710773025664,3239.6574707844675,1.0179195803151186,3243.676868154051,0.27336934403798097,0 days 00:04:00
627,CLOSED,2024-12-19 19:31:00+00:00,98000.0,99000.0,2024-12-21 07:32:00+00:00,3241.2266219706116,36.418276651355185,0.1019188021890033,0.9133690181393472,33.2633255873754,3243.94909264203,1.0253960415970687,3251.204506737363,0.27224979786029024,1 days 12:01:00
628,CLOSED,2024-12-19 19:44:00+00:00,97000.0,98000.0,2024-12-19 21:25:00+00:00,3241.2266219706116,36.418276651355185,0.1111463416394434,0.9055256096064731,32.97768216553559,3240.203079641484,1.017765904018104,3245.046149637617,0.2733741059169361,0 days 01:41:00
629,CLOSED,2024-12-19 20:10:00+00:00,96000.0,97000.0,2024-12-19 20:21:00+00:00,3241.2266219706116,36.418276651355185,0.12021473607359107,0.8978174743374476,32.696965162842154,3236.117716155665,1.010376260406386,3240.4776577878815,0.27455130757158486,0 days 00:11:00
630,CLOSED,2024-12-19 20:35:00+00:00,96000.0,97000.0,2024-12-19 20:43:00+00:00,3241.2266219706116,36.418276651355185,0.12020453795474428,0.8978261427384674,32.69728085106861,3236.3922674632367,1.0103003019685723,3240.7522120648955,0.27455395835629304,0 days 00:08:00
631,CLOSED,2024-12-19 21:03:00+00:00,96000.0,97000.0,2024-12-19 21:09:00+00:00,3241.2266219706116,36.418276651355185,0.12019434146757747,0.8978348097525591,32.69759648878555,3236.6668214215933,1.0102243540292561,3241.0267689922193,0.27455660871687826,0 days 00:06:00
632,CLOSED,2024-12-20 00:29:00+00:00,97000.0,98000.0,2024-12-20 07:05:00+00:00,3241.2266219706116,36.418276651355185,0.11110872354437756,0.9055575849872791,32.97884665379981,3241.3001156220457,1.0174573620891245,3245.5940963762328,0.2733837591404864,0 days 06:36:00
633,CLOSED,2024-12-20 02:01:00+00:00,96000.0,97000.0,2024-12-20 02:17:00+00:00,3241.2266219706116,36.418276651355185,0.12017435352595911,0.8978517995029347,32.69821522621496,3237.21473897871,1.0100724809047028,3241.5747043623637,0.27456180415839526,0 days 00:16:00
634,CLOSED,2024-12-20 08:16:00+00:00,97000.0,98000.0,2024-12-21 05:46:00+00:00,3241.2266219706116,36.418276651355185,0.11108994365989165,0.9055735478890921,32.9794279951742,3241.8480611853447,1.0173033212147409,3247.52504316508,0.273388578268694,0 days 21:30:00
635,CLOSED,2024-12-20 08:41:00+00:00,96000.0,97000.0,2024-12-20 15:26:00+00:00,3241.2266219706116,36.418276651355185,0.12015419348084755,0.8978689355412796,32.698839291200116,3237.7626779734505,1.0099208170398288,3243.2310654150606,0.27456704433456736,0 days 06:45:00
636,CLOSED,2024-12-20 09:47:00+00:00,95000.0,96000.0,2024-12-20 14:38:00+00:00,3241.2266219706116,36.418276651355185,0.12906300472634924,0.8902964459826032,32.42306227151274,3233.3373030538864,1.002773890645098,3238.8711209280937,0.2757994413616913,0 days 04:51:00
637,CLOSED,2024-12-20 10:14:00+00:00,94000.0,95000.0,2024-12-20 10:28:00+00:00,3241.2266219706116,36.418276651355185,0.1378198596929007,0.8828531192610344,32.151989139760225,3228.5712498144026,0.9958581258384342,3233.6144283976946,0.27708686853376463,0 days 00:14:00
638,CLOSED,2024-12-20 11:20:00+00:00,94000.0,95000.0,2024-12-20 13:33:00+00:00,3241.2266219706116,36.418276651355185,0.13780803254298157,0.8828631723384657,32.15235525551531,3228.8483366829364,0.9957840041674456,3234.169952658068,0.2770900237310272,0 days 02:13:00
639,CLOSED,2024-12-20 11:35:00+00:00,93000.0,94000.0,2024-12-20 12:46:00+00:00,3241.2266219706116,36.418276651355185,0.14641564786905803,0.8755466993113007,31.88590191669984,3223.7408498642953,0.9890963139311303,3229.1268147269984,0.27843386700151385,0 days 01:11:00
640,CLOSED,2024-12-20 21:10:00+00:00,96000.0,97000.0,2024-12-20 22:18:00+00:00,3241.2266219706116,36.418276651355185,0.1201028927573981,0.8979125411562117,32.700427332548266,3239.145655218413,1.009538650411301,3243.505647396909,0.27458037886962927,0 days 01:08:00
641,CLOSED,2024-12-21 11:23:00+00:00,98000.0,99000.0,2024-12-24 17:27:00+00:00,3241.2266219706116,36.418276651355185,0.10179804291333133,0.9134716635236684,33.267063755378594,3247.797270185852,1.0242961917840063,3255.065757144389,0.27228039358291767,3 days 06:04:00
642,CLOSED,2024-12-21 13:22:00+00:00,97000.0,98000.0,2024-12-21 20:19:00+00:00,3241.2266219706116,36.418276651355185,0.11101563782080826,0.905636707852313,32.98172817218807,3244.0512153407108,1.016683337680417,3248.070699192316,0.27340764597732203,0 days 06:57:00
643,CLOSED,2024-12-21 21:38:00+00:00,97000.0,98000.0,2024-12-24 15:36:00+00:00,3241.2266219706116,36.418276651355185,0.1110062822452323,0.9056446600915525,32.98201777903669,3244.324622986688,1.0166065857082396,3251.3862580795453,0.2734100467225531,2 days 17:58:00
644,CLOSED,2024-12-22 05:08:00+00:00,96000.0,97000.0,2024-12-22 09:38:00+00:00,3241.2266219706116,36.418276651355185,0.12006427960819724,0.8979453623330323,32.70162262324575,3240.2391724064796,1.009234839876302,3244.599240606709,0.2745904155388601,0 days 04:30:00
645,CLOSED,2024-12-22 14:23:00+00:00,96000.0,97000.0,2024-12-24 14:37:00+00:00,3241.2266219706116,36.418276651355185,0.12005410575835676,0.8979540101053968,32.70193756021213,3240.513762822018,1.0091590393905157,3247.3667990572762,0.27459306001536277,2 days 00:14:00
646,CLOSED,2024-12-22 19:53:00+00:00,95000.0,96000.0,2024-12-23 03:58:00+00:00,3241.2266219706116,36.418276651355185,0.12895613697902558,0.8903872835678283,32.42637041982181,3236.0882877842923,1.0020236636381674,3241.343860840357,0.27582758137658914,0 days 08:05:00
647,CLOSED,2024-12-23 01:17:00+00:00,94000.0,95000.0,2024-12-23 01:37:00+00:00,3241.2266219706116,36.418276651355185,0.13770636689510804,0.8829495881391581,32.15550237005198,3231.3220994289763,0.9951190683136892,3236.365443644137,0.2771171456645476,0 days 00:20:00
648,CLOSED,2024-12-23 02:15:00+00:00,94000.0,95000.0,2024-12-23 03:08:00+00:00,3241.2266219706116,36.418276651355185,0.13769455825400612,0.8829596254840948,32.15586791285673,3231.5992165746406,0.9950450460543371,3236.6425643091234,0.2771202959240995,0 days 00:53:00
649,CLOSED,2024-12-23 06:35:00+00:00,95000.0,96000.0,2024-12-23 09:05:00+00:00,3241.2266219706116,36.418276651355185,0.12892306787837618,0.8904153923033803,32.427394091529465,3236.918352807257,1.0017983327693887,3241.6196981627777,0.2758362890082964,0 days 02:30:00
650,CLOSED,2024-12-23 13:41:00+00:00,95000.0,96000.0,2024-12-24 13:54:00+00:00,3241.2266219706116,36.418276651355185,0.12891208254399897,0.8904247298376009,32.42773414843395,3237.1941890962653,1.0017234757698261,3243.0067622667502,0.27583918162539334,1 days 00:13:00
651,CLOSED,2024-12-23 14:48:00+00:00,94000.0,95000.0,2024-12-23 22:58:00+00:00,3241.2266219706116,36.418276651355185,0.13765967151141595,0.8829892792152965,32.15694785064338,3232.427985036538,0.9948233340233221,3238.0283134085366,0.2771296028624164,0 days 08:10:00
652,CLOSED,2024-12-23 16:19:00+00:00,93000.0,94000.0,2024-12-23 16:48:00+00:00,3241.2266219706116,36.418276651355185,0.1462588749811104,0.8756799562660562,31.890754905343844,3227.3202986683973,0.9881496707501288,3232.706505765507,0.27847624423764117,0 days 00:29:00
653,CLOSED,2024-12-23 18:48:00+00:00,93000.0,94000.0,2024-12-23 21:12:00+00:00,3241.2266219706116,36.418276651355185,0.146246255809698,0.8756906825617568,31.891145538548113,3227.598774912635,0.9880765164006902,3232.9849858152675,0.27847965532238206,0 days 02:24:00
654,CLOSED,2024-12-24 02:11:00+00:00,94000.0,95000.0,2024-12-24 13:33:00+00:00,3241.2266219706116,36.418276651355185,0.1376241594082301,0.8830194645030044,32.15804714680193,3233.26207053896,0.9946006987748267,3238.305453595048,0.2771390766317907,0 days 11:22:00
655,CLOSED,2024-12-24 19:38:00+00:00,98000.0,99000.0,2024-12-24 22:18:00+00:00,3241.2266219706116,36.418276651355185,0.10167716080084523,0.9135744133192816,33.2708057258611,3251.6585168203414,1.0231949497081634,3255.3380719411903,0.27231102042762956,0 days 02:40:00
656,CLOSED,2024-12-25 01:36:00+00:00,98000.0,99000.0,2024-12-25 10:19:00+00:00,3241.2266219706116,36.418276651355185,0.10166864653259118,0.9135816504472976,33.27106928959135,3251.9308278407693,1.0231173739843298,3255.610385384791,0.27231317761339113,0 days 08:43:00
657,CLOSED,2024-12-25 11:59:00+00:00,98000.0,99000.0,2024-12-25 19:14:00+00:00,3241.2266219706116,36.418276651355185,0.10166013362272655,0.9135888864206825,33.271332811271925,3252.2031410183827,1.0230398092799784,3255.8827009851902,0.27231533445498,0 days 07:15:00
658,CLOSED,2024-12-26 07:05:00+00:00,98000.0,99000.0,2025-01-06 02:05:00+00:00,3241.2266219706116,36.418276651355185,0.10165162207093786,0.9135961212397028,33.27159629091253,3252.4754563528377,1.0229622555929023,3260.312390068492,0.2723174909524957,10 days 19:00:00
659,CLOSED,2024-12-26 08:06:00+00:00,97000.0,98000.0,2025-01-03 16:22:00+00:00,3241.2266219706116,36.418276651355185,0.11085715604712566,0.9057714173599432,32.98663406030451,3248.729350771049,1.0153703340192222,3256.632849458744,0.27344831417136817,8 days 08:16:00
660,CLOSED,2024-12-26 08:32:00+00:00,96000.0,97000.0,2024-12-27 09:05:00+00:00,3241.2266219706116,36.418276651355185,0.11990406512139853,0.8980815446468112,32.70658214842396,3244.643801827509,1.008017648347173,3249.27988018951,0.27463205989685946,1 days 00:33:00
661,CLOSED,2024-12-27 07:39:00+00:00,95000.0,96000.0,2024-12-27 08:11:00+00:00,3241.2266219706116,36.418276651355185,0.1287959387006335,0.8905234521044615,32.431329443260125,3240.218180065399,1.0008995580231435,3244.9197049486943,0.27586976418716347,0 days 00:32:00
662,CLOSED,2024-12-27 14:33:00+00:00,96000.0,97000.0,2025-01-02 14:31:00+00:00,3241.2266219706116,36.418276651355185,0.11988372507381179,0.89809883368726,32.707211785482066,3245.1943036515936,1.007866054389375,3252.61330201326,0.2746373468608496,5 days 23:58:00
663,CLOSED,2024-12-27 15:17:00+00:00,95000.0,96000.0,2024-12-31 13:28:00+00:00,3241.2266219706116,36.418276651355185,0.1287742527902842,0.8905418851282584,32.43200074222028,3240.7686747076855,1.0007502539546616,3247.4186552699225,0.27587547443984306,3 days 22:11:00
664,CLOSED,2024-12-27 17:04:00+00:00,94000.0,95000.0,2024-12-28 14:15:00+00:00,3241.2266219706116,36.418276651355185,0.1375132419398945,0.8831137443510897,32.16148065639214,3236.0022728828053,0.9938645879794441,3241.045882494114,0.2771686667270217,0 days 21:11:00
665,CLOSED,2024-12-29 16:20:00+00:00,94000.0,95000.0,2024-12-30 20:24:00+00:00,3241.2266219706116,36.418276651355185,0.13750146472392347,0.8831237549846651,32.161845226415146,3236.279441549532,0.9937907343074195,3241.881504717236,0.2771718086031143,1 days 04:04:00
666,CLOSED,2024-12-30 13:49:00+00:00,93000.0,94000.0,2024-12-30 17:44:00+00:00,3241.2266219706116,36.418276651355185,0.14609161760417988,0.8758221250364471,31.895932446955122,3231.1715047378143,0.9871321407788671,3236.837936411308,0.27852145553309526,0 days 03:55:00
667,CLOSED,2024-12-30 14:59:00+00:00,92000.0,93000.0,2024-12-30 17:36:00+00:00,3241.2266219706116,36.418276651355185,0.1545368235389302,0.8686436999919094,31.63450657776213,3225.7212097903334,0.9806956187580241,3231.4514837778243,0.27992859090662847,0 days 02:37:00
668,CLOSED,2024-12-30 21:11:00+00:00,94000.0,95000.0,2024-12-31 13:12:00+00:00,3241.2266219706116,36.418276651355185,0.13746597039432037,0.8831539251648277,32.16294397238293,3237.1150634045744,0.9935681414597651,3242.717158043632,0.27718127763092326,0 days 16:01:00
669,CLOSED,2024-12-30 21:40:00+00:00,93000.0,94000.0,2024-12-31 08:29:00+00:00,3241.2266219706116,36.418276651355185,0.14605418281283183,0.8758539446090929,31.897091260954667,3232.007113817013,0.9869127801294992,3237.673579230709,0.27853157452121735,0 days 10:49:00
670,CLOSED,2024-12-30 21:54:00+00:00,92000.0,93000.0,2024-12-30 22:42:00+00:00,3241.2266219706116,36.418276651355185,0.15449749090871426,0.8686771327275928,31.635724140379462,3226.5567935857143,0.9804793829530666,3232.287103701788,0.27993936491971994,0 days 00:48:00
671,CLOSED,2024-12-31 15:08:00+00:00,95000.0,96000.0,2025-01-02 04:47:00+00:00,3241.2266219706116,36.418276651355185,0.12868592854274238,0.8906169607386689,32.43473486656998,3242.9929929209666,1.0001481636676615,3248.253123658113,0.27589873164984624,1 days 13:39:00
672,CLOSED,2024-12-31 17:35:00+00:00,94000.0,95000.0,2025-01-01 21:21:00+00:00,3241.2266219706116,36.418276651355185,0.1374196208684231,0.8831933222618403,32.164378746761194,3238.2265596104858,0.993271414296291,3243.5515991289344,0.2771936425623167,1 days 03:46:00
673,CLOSED,2025-01-01 09:26:00+00:00,93000.0,94000.0,2025-01-01 13:58:00+00:00,3274.139264415342,36.78808162264429,0.14600523933847293,0.875895546562298,32.222516859844454,3233.11856458838,0.9966388864537921,3238.508304912116,0.2813732538363283,0 days 04:32:00
674,CLOSED,2025-01-07 11:37:00+00:00,101000.0,102000.0,2025-01-17 02:15:00+00:00,3274.139264415342,36.78808162264429,0.07293528340274265,0.9380050091076687,34.50740483750212,3266.9228814057496,1.0562662814572978,3278.251913697642,0.27199419807866576,9 days 14:38:00
675,CLOSED,2025-01-07 14:57:00+00:00,100000.0,101000.0,2025-01-17 01:38:00+00:00,3274.139264415342,36.78808162264429,0.08273003493469314,0.9296794703055108,34.20112423649584,3264.1879102024673,1.0477682405966162,3275.5859584915406,0.2729595145427197,9 days 10:41:00
676,CLOSED,2025-01-07 15:07:00+00:00,99000.0,100000.0,2025-01-15 20:03:00+00:00,3274.139264415342,36.78808162264429,0.09235230469852869,0.9215005410062507,33.900237117848825,3261.1115760486637,1.0395301211657455,3272.0288971710925,0.27397555270697893,8 days 04:56:00
677,CLOSED,2025-01-07 15:35:00+00:00,98000.0,99000.0,2025-01-15 13:48:00+00:00,3274.139264415342,36.78808162264429,0.10180616862363327,0.9134647566699117,33.60461602778162,3257.693458571062,1.0315462905009416,3268.6785935033613,0.27504315215579567,7 days 22:13:00
678,CLOSED,2025-01-07 17:38:00+00:00,97000.0,98000.0,2025-01-15 13:30:00+00:00,3274.139264415342,36.78808162264429,0.11109556159393957,0.9055687726451513,33.31413792298764,3253.9330753736144,1.023811404577291,3264.9854388470026,0.27616321315049674,7 days 19:52:00
679,CLOSED,2025-01-08 06:32:00+00:00,96000.0,97000.0,2025-01-14 09:47:00+00:00,3274.139264415342,36.78808162264429,0.12022428268139107,0.8978093597208175,33.02868400698345,3249.8298813781366,1.0163203986842893,3260.3940970000276,0.27733669887476253,6 days 03:15:00
680,CLOSED,2025-01-08 11:34:00+00:00,95000.0,96000.0,2025-01-08 15:06:00+00:00,3274.139264415342,36.78808162264429,0.1291960001057153,0.890183399910142,32.748139575017305,3245.3832680936275,1.0090684788134103,3250.10847709598,0.2785646378738207,0 days 03:32:00
681,CLOSED,2025-01-08 15:15:00+00:00,95000.0,96000.0,2025-01-14 09:24:00+00:00,3274.139264415342,36.78808162264429,0.12918491163167242,0.8901928251130784,32.748486310152245,3245.6618327315014,1.0089925567689717,3256.013572513537,0.2785675872977791,5 days 18:09:00
682,CLOSED,2025-01-08 17:09:00+00:00,94000.0,95000.0,2025-01-08 18:28:00+00:00,3274.139264415342,36.78808162264429,0.13800249903376202,0.8826978758213023,32.47276150384881,3240.8711234570696,1.0019763287967398,3246.22291265985,0.279851295004903,0 days 01:19:00
683,CLOSED,2025-01-08 17:29:00+00:00,93000.0,94000.0,2025-01-08 17:57:00+00:00,3274.139264415342,36.78808162264429,0.14667006026386922,0.8753304487757112,32.20172799634672,3235.7355804527383,0.9951903422170582,3241.1523578521756,0.281191721456608,0 days 00:28:00
684,CLOSED,2025-01-08 18:53:00+00:00,94000.0,95000.0,2025-01-08 22:38:00+00:00,3274.139264415342,36.78808162264429,0.13797861288271498,0.8827181790496923,32.47350842067202,3241.432166473531,1.0018259446101905,3246.502771145916,0.2798577319579181,0 days 03:45:00
685,CLOSED,2025-01-09 02:07:00+00:00,94000.0,95000.0,2025-01-10 07:47:00+00:00,3274.139264415342,36.78808162264429,0.13796670115786966,0.8827283040158108,32.473880898752014,3241.7120242054893,1.0017509469154968,3247.9102531051744,0.27986094198589484,1 days 05:40:00
686,CLOSED,2025-01-09 08:07:00+00:00,93000.0,94000.0,2025-01-09 15:48:00+00:00,3274.139264415342,36.78808162264429,0.1466322960779652,0.8753625483337296,32.202908877507156,3236.576468185215,0.9949682695296764,3242.275870074986,0.2812020331394649,0 days 07:41:00
687,CLOSED,2025-01-09 13:53:00+00:00,92000.0,93000.0,2025-01-09 15:15:00+00:00,3274.139264415342,36.78808162264429,0.15515121054599407,0.8681214710359051,31.93652353483891,3231.095261567407,0.9884116978756756,3236.859117742056,0.2826010897179039,0 days 01:22:00
688,CLOSED,2025-01-09 17:48:00+00:00,93000.0,94000.0,2025-01-10 05:33:00+00:00,3274.139264415342,36.78808162264429,0.14660675756572547,0.8753842560691334,32.20370746344903,3237.1402713080724,0.9948196483446196,3242.839688399703,0.28120900654647585,0 days 11:45:00
689,CLOSED,2025-01-09 19:58:00+00:00,92000.0,93000.0,2025-01-10 01:41:00+00:00,3274.139264415342,36.78808162264429,0.155124387149189,0.8681442709231894,31.93736229895331,3231.6590553133196,0.9882652146253987,3237.4229283354475,0.28260851180480273,0 days 05:43:00
690,CLOSED,2025-01-10 13:30:00+00:00,94000.0,95000.0,2025-01-10 17:54:00+00:00,3274.139264415342,36.78808162264429,0.13790682498290074,0.8827791987645344,32.47575321892222,3243.1195057886835,1.00137392905059,3248.7525741102527,0.2798770777008812,0 days 04:24:00
691,CLOSED,2025-01-10 13:37:00+00:00,93000.0,94000.0,2025-01-10 14:08:00+00:00,3274.139264415342,36.78808162264429,0.14656913068893837,0.8754162389144023,32.20488405097131,3237.9839279977077,0.9945967851324711,3243.4007679381543,0.281219280736444,0 days 00:31:00
692,CLOSED,2025-01-10 15:09:00+00:00,93000.0,94000.0,2025-01-10 15:39:00+00:00,3274.139264415342,36.78808162264429,0.14655640224835803,0.8754270580888956,32.20528206764566,3238.265147278444,0.9945227028340207,3243.6819910963436,0.28122275629507953,0 days 00:30:00
693,CLOSED,2025-01-11 04:32:00+00:00,94000.0,95000.0,2025-01-11 21:54:00+00:00,3274.139264415342,36.78808162264429,0.13787101643736135,0.8828096360282428,32.476872947463896,3243.9618249034156,1.001148432085228,3249.032461968319,0.2798867275571908,0 days 17:22:00
694,CLOSED,2025-01-12 09:25:00+00:00,94000.0,95000.0,2025-01-12 15:19:00+00:00,3274.139264415342,36.78808162264429,0.1378591220499989,0.8828197462575009,32.47724488340307,3244.2417116309725,1.0010735256552705,3249.312352276748,0.2798899329129796,0 days 05:54:00
695,CLOSED,2025-01-12 22:13:00+00:00,94000.0,95000.0,2025-01-13 00:27:00+00:00,3274.139264415342,36.78808162264429,0.1378472295785777,0.882829854858209,32.47761675943101,3244.5216015638853,1.0009986293133797,3249.592245789957,0.2798931377524596,0 days 02:14:00
696,CLOSED,2025-01-13 02:47:00+00:00,94000.0,95000.0,2025-01-14 01:11:00+00:00,3274.139264415342,36.78808162264429,0.13783533902265918,0.8828399618307397,32.47798857556142,3244.8014947016377,1.000923743057749,3251.2884024010086,0.27989634207573033,0 days 22:24:00
697,CLOSED,2025-01-13 08:22:00+00:00,93000.0,94000.0,2025-01-13 21:31:00+00:00,3274.139264415342,36.78808162264429,0.14649371720905086,0.8754803403723068,32.20724222063683,3239.665890918696,0.9941532029867309,3246.217797609739,0.28123987273038864,0 days 13:09:00
698,CLOSED,2025-01-13 10:28:00+00:00,92000.0,93000.0,2025-01-13 15:21:00+00:00,3274.139264415342,36.78808162264429,0.1550055743660029,0.8682452617888976,31.941077559164125,3234.1845897640615,0.9876083653436205,3240.5183069839636,0.28264138753665335,0 days 04:53:00
699,CLOSED,2025-01-13 11:42:00+00:00,91000.0,92000.0,2025-01-13 14:52:00+00:00,3274.139264415342,36.78808162264429,0.16337409103605674,0.8611320226193517,31.67939513599348,3228.3567163340713,0.9812854625298876,3234.7543701243694,0.28410220808047626,0 days 03:10:00
700,CLOSED,2025-01-13 14:34:00+00:00,90000.0,91000.0,2025-01-13 14:43:00+00:00,3274.139264415342,36.78808162264429,0.17160233834333752,0.8541380124081631,31.422098917474667,3222.1813274904507,0.9751809635725037,3228.642400138002,0.285623736949951,0 days 00:09:00
701,CLOSED,2025-01-13 15:30:00+00:00,92000.0,93000.0,2025-01-13 20:45:00+00:00,3274.139264415342,36.78808162264429,0.15496473350708612,0.8682799765189768,31.94235464748779,3235.0369570966286,0.9873876271310148,3240.8009609619257,0.28265268828302226,0 days 05:15:00
702,CLOSED,2025-01-14 12:24:00+00:00,96000.0,97000.0,2025-01-14 13:30:00+00:00,3274.139264415342,36.78808162264429,0.11998573867925344,0.8980121221226346,33.036143246771495,3256.2908777824073,1.0145329298489976,3260.6715038623765,0.27739933294575536,0 days 01:06:00
703,CLOSED,2025-01-14 16:02:00+00:00,96000.0,97000.0,2025-01-14 19:26:00+00:00,3274.139264415342,36.78808162264429,0.11997551811544506,0.8980208096018717,33.03646284246676,3256.568277115353,1.014456324303762,3260.9489062015195,0.2774020165408757,0 days 03:24:00
704,CLOSED,2025-01-16 08:47:00+00:00,99000.0,100000.0,2025-01-16 17:33:00+00:00,3274.139264415342,36.78808162264429,0.09213078648086134,0.9216888314912679,33.9071639635804,3268.9525557204333,1.0372485799540068,3272.5780408728824,0.2740315342147568,0 days 08:46:00
705,CLOSED,2025-01-16 14:45:00+00:00,98000.0,99000.0,2025-01-16 15:57:00+00:00,3274.139264415342,36.78808162264429,0.1015638186223553,0.913670754170998,33.61219428066564,3265.534361417816,1.0293015035392872,3269.2276749549073,0.2751051777584408,0 days 01:12:00
706,CLOSED,2025-01-17 02:49:00+00:00,101000.0,102000.0,2025-01-17 08:31:00+00:00,3274.139264415342,36.78808162264429,0.07273634868721175,0.9381741036158701,34.51362550007177,3275.857951502114,1.0535751553038455,3278.5239632041857,0.27204323057284796,0 days 05:42:00
707,CLOSED,2025-01-18 03:37:00+00:00,104000.0,105000.0,2025-01-19 02:24:00+00:00,3274.139264415342,36.78808162264429,0.042682919415763736,0.9637195184966009,35.453392307788405,3283.1017846390955,1.0798749059096175,3285.0244859770596,0.26934521662832367,0 days 22:47:00
708,CLOSED,2025-01-18 04:19:00+00:00,103000.0,104000.0,2025-01-18 12:21:00+00:00,3274.139264415342,36.78808162264429,0.05298454054389568,0.9549631405376887,35.131261960717225,3281.3783475177206,1.0706251532162738,3283.3719391178242,0.27017100120515636,0 days 08:02:00
709,CLOSED,2025-01-19 09:14:00+00:00,104000.0,105000.0,2025-01-19 09:51:00+00:00,3274.139264415342,36.78808162264429,0.04267590643074517,0.9637254795338666,35.453611602913895,3283.6413008569284,1.079704156287156,3285.293833080891,0.2693468826492307,0 days 00:37:00
710,CLOSED,2025-01-19 21:26:00+00:00,105000.0,106000.0,2025-01-20 06:48:00+00:00,3274.139264415342,36.78808162264429,0.0322943464628238,0.9725498055065998,35.77824162706362,3285.5592655714872,1.088954382956181,3289.3168246721943,0.2685433037689364,0 days 09:22:00
711,CLOSED,2025-01-19 21:47:00+00:00,104000.0,105000.0,2025-01-20 06:45:00+00:00,3274.139264415342,36.78808162264429,0.04277988503303676,0.9636370977219187,35.450360205602,3284.1725592095554,1.0794304978339597,3288.0016519897144,0.2693221812523774,0 days 08:58:00
712,CLOSED,2025-01-19 22:08:00+00:00,103000.0,104000.0,2025-01-19 22:14:00+00:00,3274.139264415342,36.78808162264429,0.053076271989911314,0.9548851688085754,35.12839353038235,3282.445652749763,1.0701896465811906,3284.442691767828,0.2701489420290315,0 days 00:06:00
713,CLOSED,2025-01-19 22:43:00+00:00,103000.0,104000.0,2025-01-20 06:43:00+00:00,3274.139264415342,36.78808162264429,0.053071904112948716,0.9548888815039935,35.12853011332443,3282.7158016917924,1.0701057366958315,3286.3456300043476,0.27014999239694504,0 days 08:00:00
714,CLOSED,2025-01-19 22:48:00+00:00,102000.0,103000.0,2025-01-19 22:54:00+00:00,3274.139264415342,36.78808162264429,0.06318299897862717,0.9462944508681669,34.81235749759348,3280.648504425362,1.0611425591810302,3282.9868171290846,0.27102546594030485,0 days 00:06:00
715,CLOSED,2025-01-19 23:01:00+00:00,102000.0,103000.0,2025-01-20 06:37:00+00:00,3274.139264415342,36.78808162264429,0.06317777964862481,0.946298887298669,34.8125207053609,3280.9195298913023,1.0610598762998082,3284.348579934139,0.27102673656558096,0 days 07:36:00
716,CLOSED,2025-01-19 23:12:00+00:00,101000.0,102000.0,2025-01-20 02:34:00+00:00,3274.139264415342,36.78808162264429,0.07310811201900592,0.937858104783845,34.50200050924657,3278.511590710901,1.052367806385131,3282.0102620353127,0.27195160009318187,0 days 03:22:00
717,CLOSED,2025-01-19 23:32:00+00:00,100000.0,101000.0,2025-01-19 23:34:00+00:00,3274.139264415342,36.78808162264429,0.08286280997784802,0.9295666115188292,34.196972378239565,3275.762699689223,1.0439392444844642,3278.7845194920724,0.2729263785204523,0 days 00:02:00
718,CLOSED,2025-01-19 23:39:00+00:00,100000.0,101000.0,2025-01-19 23:43:00+00:00,3274.139264415342,36.78808162264429,0.08285590668092983,0.9295724793212097,34.197188243432485,3276.0356260677436,1.0438588631735881,3279.057447811221,0.27292810134272116,0 days 00:04:00
719,CLOSED,2025-01-20 00:39:00+00:00,100000.0,101000.0,2025-01-20 02:02:00+00:00,3274.139264415342,36.78808162264429,0.082849004490577,0.9295783461830096,34.19740407402325,3276.3085541690866,1.043778493649727,3279.3303778528807,0.27292982388881626,0 days 01:23:00
720,CLOSED,2025-01-20 06:56:00+00:00,109000.0,110000.0,2025-05-21 23:25:00+00:00,3274.139264415342,36.78808162264429,0.0,1.0,36.78808162264429,3291.1926886087413,1.1177735581989097,3395.3496230191267,0.2632912876572533,121 days 16:29:00
721,CLOSED,2025-01-20 06:56:00+00:00,108000.0,109000.0,2025-01-20 07:04:00+00:00,3274.139264415342,36.78808162264429,0.011065369644511738,0.990594435802165,36.44206895922731,3290.818732696467,1.1073860920126406,3291.7211100017867,0.26390435288547565,0 days 00:08:00
722,CLOSED,2025-01-20 06:58:00+00:00,107000.0,108000.0,2025-01-20 07:00:00+00:00,3274.139264415342,36.78808162264429,0.021928002027301073,0.9813611982767941,36.102395863502714,3290.108033658983,1.0973012282320909,3291.083256394893,0.26456240575457457,0 days 00:02:00
723,CLOSED,2025-01-20 07:22:00+00:00,108000.0,109000.0,2025-01-20 09:06:00+00:00,3274.139264415342,36.78808162264429,0.01106359296169014,0.9905959459825634,36.44212451586708,3291.347199455107,1.1072099753529554,3292.2495780219047,0.2639047552127778,0 days 01:44:00
724,CLOSED,2025-01-20 07:59:00+00:00,107000.0,108000.0,2025-01-20 08:14:00+00:00,3274.139264415342,36.78808162264429,0.021924497167227917,0.9813641774078563,36.102505460019394,3290.6364998481677,1.0971283355571237,3291.6117240116223,0.26456320889013796,0 days 00:15:00
725,CLOSED,2025-01-20 09:27:00+00:00,108000.0,109000.0,2025-05-21 14:59:00+00:00,3274.139264415342,36.78808162264429,0.011061816845263264,0.9905974556815262,36.44218005479575,3291.87566741921,1.1070339142962216,3394.502978433443,0.26390515741181986,121 days 05:32:00
726,CLOSED,2025-01-20 12:16:00+00:00,107000.0,108000.0,2025-01-20 13:36:00+00:00,3274.139264415342,36.78808162264429,0.02192099341935717,0.9813671555935464,36.10261502175764,3291.1649672429967,1.0969554969467465,3292.405461125588,0.26456401177083677,0 days 01:20:00
727,CLOSED,2025-01-20 12:18:00+00:00,106000.0,107000.0,2025-01-20 12:30:00+00:00,3274.139264415342,36.78808162264429,0.03258266265669304,0.972304736741811,35.76922601734141,3290.1175364224077,1.0871716776488167,3291.4302034848947,0.2652682920454197,0 days 00:12:00
728,CLOSED,2025-01-20 15:17:00+00:00,107000.0,108000.0,2025-05-21 14:49:00+00:00,3274.139264415342,36.78808162264429,0.021917465008871814,0.9813701547424589,36.10272535469264,3291.694799546813,1.0967822824784095,3393.8651241311536,0.26456482030296513,120 days 23:32:00
729,CLOSED,2025-01-20 15:45:00+00:00,106000.0,107000.0,2025-01-20 16:43:00+00:00,3274.139264415342,36.78808162264429,0.032577449664943865,0.9723091677847977,35.769389026912485,3290.6473675857733,1.0870015845287966,3292.492874286806,0.2652695009413151,0 days 00:58:00
730,CLOSED,2025-01-20 15:56:00+00:00,105000.0,106000.0,2025-01-20 16:38:00+00:00,3274.139264415342,36.78808162264429,0.04304492310487904,0.9634118153608529,35.44207249971497,3289.2631593418364,1.0775079640270173,3291.1801792683273,0.2660200951377192,0 days 00:42:00
731,CLOSED,2025-01-20 16:13:00+00:00,104000.0,105000.0,2025-01-20 16:15:00+00:00,3274.139264415342,36.78808162264429,0.05332466063477192,0.9546740384604439,35.12062644990226,3287.542072410358,1.0682943571928964,3289.5299572758045,0.26681714001153267,0 days 00:02:00
732,CLOSED,2025-01-20 17:04:00+00:00,106000.0,107000.0,2025-01-21 18:36:00+00:00,3274.139264415342,36.78808162264429,0.032569550314271,0.9723158822328697,35.7696360385762,3291.445474321864,1.0867455140190592,3298.114925618281,0.26527133280544035,1 days 01:32:00
733,CLOSED,2025-01-20 17:04:00+00:00,105000.0,106000.0,2025-01-21 16:11:00+00:00,3274.139264415342,36.78808162264429,0.04303455554852395,0.9634206277837547,35.442396691847975,3290.0612635029465,1.0772564354656502,3296.536190466035,0.26602252844976704,0 days 23:07:00
734,CLOSED,2025-01-20 17:05:00+00:00,104000.0,105000.0,2025-01-20 17:09:00+00:00,3274.139264415342,36.78808162264429,0.05331188962165951,0.9546848938215894,35.12102579781413,3288.340170834851,1.068047220579905,3290.8642866191126,0.2668201739229019,0 days 00:04:00
735,CLOSED,2025-01-20 17:06:00+00:00,103000.0,104000.0,2025-01-20 17:08:00+00:00,3274.139264415342,36.78808162264429,0.06340615809419167,0.9461047656199371,34.80537934119899,3286.2820350686875,1.059111146571798,3288.876380031097,0.26766485628817094,0 days 00:02:00
736,CLOSED,2025-01-20 17:06:00+00:00,102000.0,103000.0,2025-01-20 17:07:00+00:00,3274.139264415342,36.78808162264429,0.07332180606067866,0.9376764648484232,34.495318324476344,3283.886636561001,1.0504418130767457,3286.550585576964,0.2685572134060905,0 days 00:01:00
737,CLOSED,2025-01-20 17:14:00+00:00,104000.0,105000.0,2025-01-20 17:21:00+00:00,3274.139264415342,36.78808162264429,0.05329887355738995,0.9546959574762185,35.12143280844367,3289.143213078468,1.0677988318900784,3291.1311102956747,0.2668232660491867,0 days 00:07:00
738,CLOSED,2025-01-20 17:33:00+00:00,104000.0,105000.0,2025-01-21 14:22:00+00:00,3274.139264415342,36.78808162264429,0.05329455017436314,0.9546996323517913,35.1215680000662,3289.410036344517,1.0677163263931786,3294.3514427560817,0.2668242931220348,0 days 20:49:00
739,CLOSED,2025-01-20 17:37:00+00:00,103000.0,104000.0,2025-01-20 17:52:00+00:00,3274.139264415342,36.78808162264429,0.06338568591859167,0.946122166969197,34.806019503455914,3287.351894827881,1.058785935214833,3290.4852669093143,0.2676697793472371,0 days 00:15:00
740,CLOSED,2025-01-20 17:39:00+00:00,102000.0,103000.0,2025-01-20 17:50:00+00:00,3274.139264415342,36.78808162264429,0.07329828105831589,0.9376964611004315,34.49605394822737,3284.9564842628106,1.050122097917798,3288.1594617800524,0.2685629404749932,0 days 00:11:00
741,CLOSED,2025-01-20 17:42:00+00:00,101000.0,102000.0,2025-01-20 17:43:00+00:00,3274.139264415342,36.78808162264429,0.08303662334052778,0.9294188701605514,34.1915372570922,3282.223525252567,1.0417187310380136,3285.2259882133862,0.2695044672618394,0 days 00:01:00
742,CLOSED,2025-01-20 17:44:00+00:00,101000.0,102000.0,2025-01-20 17:46:00+00:00,3274.139264415342,36.78808162264429,0.08302980573551415,0.929424665124813,34.19175044271046,3282.493029719829,1.0416396968138828,3285.4954945761,0.2695061476330949,0 days 00:02:00
743,CLOSED,2025-01-20 17:57:00+00:00,103000.0,104000.0,2025-01-20 18:10:00+00:00,3274.139264415342,36.78808162264429,0.06336496019366698,0.9461397838353831,34.8066675941671,3288.427138162598,1.0584594437331902,3290.7529423264214,0.26767476337873575,0 days 00:13:00
744,CLOSED,2025-01-20 19:32:00+00:00,103000.0,104000.0,2025-01-20 20:23:00+00:00,3274.139264415342,36.78808162264429,0.06335980276748694,0.9461441676476361,34.80682886621008,3288.6948129259767,1.0583781970100832,3291.02061849271,0.26767600361398536,0 days 00:51:00
745,CLOSED,2025-01-20 21:48:00+00:00,103000.0,104000.0,2025-01-21 12:15:00+00:00,3274.139264415342,36.78808162264429,0.06335464615689876,0.9461485507666361,34.80699011274962,3288.9624889295906,1.0582969623371328,3292.36353258458,0.26767724365310386,0 days 14:27:00
746,CLOSED,2025-01-20 22:03:00+00:00,102000.0,103000.0,2025-01-20 22:16:00+00:00,3274.139264415342,36.78808162264429,0.07326265336813713,0.9377267446370834,34.497168021445546,3286.5670679799427,1.0496413828745903,3289.231054093548,0.26857161389543194,0 days 00:13:00
747,CLOSED,2025-01-20 23:52:00+00:00,102000.0,103000.0,2025-01-21 03:21:00+00:00,3274.139264415342,36.78808162264429,0.07325666698146896,0.9377318330657514,34.49735521497471,3286.835639593838,1.0495613105630566,3289.769143363662,0.2685730712576273,0 days 03:29:00
748,CLOSED,2025-01-21 01:26:00+00:00,101000.0,102000.0,2025-01-21 02:10:00+00:00,3274.139264415342,36.78808162264429,0.08298979205966668,0.9294586767492833,34.19300166512759,3284.1026571236007,1.0411672604374589,3287.105155263329,0.2695160100159555,0 days 00:44:00
749,CLOSED,2025-01-21 04:35:00+00:00,102000.0,103000.0,2025-01-21 10:27:00+00:00,3274.139264415342,36.78808162264429,0.07324467606839162,0.9377420253418671,34.49773016926038,3287.373728675112,1.04940092050817,3290.037719732312,0.26857599039804825,0 days 05:52:00
750,CLOSED,2025-01-21 14:35:00+00:00,104000.0,105000.0,2025-01-21 16:09:00+00:00,3274.139264415342,36.78808162264429,0.053242425841108054,0.9547439380350582,35.123197921158564,3292.6303686685687,1.0667215565821688,3294.8859656546883,0.2668366758990146,0 days 01:34:00
751,CLOSED,2025-01-21 15:02:00+00:00,103000.0,104000.0,2025-01-21 15:41:00+00:00,3274.139264415342,36.78808162264429,0.06332414366086749,0.9461744778882626,34.80794392181625,3290.5722098653664,1.057808238258975,3292.898040788647,0.26768457875967044,0 days 00:39:00
752,CLOSED,2025-01-21 16:37:00+00:00,105000.0,106000.0,2025-01-21 17:46:00+00:00,3274.139264415342,36.78808162264429,0.04296807066328888,0.9634771399362044,35.44447566552496,3295.1520051197726,1.0756552538533537,3296.802230695461,0.2660381327509924,0 days 01:09:00
753,CLOSED,2025-01-21 20:43:00+00:00,106000.0,107000.0,2025-01-24 18:27:00+00:00,3274.139264415342,36.78808162264429,0.03251401378849887,0.9723630882797759,35.771372658482875,3297.067525404246,1.084945102969859,3302.650911906985,0.26528421175888894,2 days 21:44:00
754,CLOSED,2025-01-22 08:02:00+00:00,105000.0,106000.0,2025-01-23 14:50:00+00:00,3274.139264415342,36.78808162264429,0.04296166530014331,0.9634825844948782,35.44467596039386,3295.6832964818855,1.0754879268354078,3298.4035042028836,0.26603963611849224,1 days 06:48:00
755,CLOSED,2025-01-22 13:53:00+00:00,104000.0,105000.0,2025-01-22 15:15:00+00:00,3274.139264415342,36.78808162264429,0.0532221006127155,0.9547612144791918,35.123833488395505,3293.9621634820855,1.0663095611051492,3295.9501194114264,0.26684150440719634,0 days 01:22:00
756,CLOSED,2025-01-22 15:36:00+00:00,104000.0,105000.0,2025-01-23 14:40:00+00:00,3274.139264415342,36.78808162264429,0.05321778947788738,0.9547648789437957,35.12396829701845,3294.229004986493,1.0662272793983387,3296.753242116107,0.2668425285703435,0 days 23:04:00
757,CLOSED,2025-01-23 01:49:00+00:00,103000.0,104000.0,2025-01-23 14:34:00+00:00,3274.139264415342,36.78808162264429,0.06329481719258861,0.9461994053862997,34.80886095664869,3292.170799960426,1.057322449888296,3294.7652727225886,0.26769163106023797,0 days 12:45:00
758,CLOSED,2025-01-23 04:18:00+00:00,102000.0,103000.0,2025-01-23 14:31:00+00:00,3274.139264415342,36.78808162264429,0.07319366401307105,0.9377853855888896,34.49932530956702,3289.7752978854305,1.0486833350515505,3292.4393822249854,0.2685884090814028,0 days 10:13:00
759,CLOSED,2025-01-23 14:54:00+00:00,105000.0,106000.0,2025-01-23 16:10:00+00:00,3274.139264415342,36.78808162264429,0.042944256562441156,0.963497381921925,35.44522032934786,3297.0193001911225,1.075068633274096,3299.2040915604125,0.2660437220274403,0 days 01:16:00
760,CLOSED,2025-01-23 15:07:00+00:00,104000.0,105000.0,2025-01-23 15:36:00+00:00,3274.139264415342,36.78808162264429,0.05320068647340358,0.954779416497607,35.124503105734654,3295.2981614676723,1.0658975723790276,3297.5538248337652,0.266846591599581,0 days 00:29:00
761,CLOSED,2025-01-23 15:08:00+00:00,103000.0,104000.0,2025-01-23 15:21:00+00:00,3274.139264415342,36.78808162264429,0.06327459128265991,0.9462165974097391,34.80949341821023,3293.239945590266,1.0569983965128642,3295.56584576168,0.2676964948984306,0 days 00:13:00
762,CLOSED,2025-01-23 17:00:00+00:00,105000.0,106000.0,2025-01-23 17:51:00+00:00,3274.139264415342,36.78808162264429,0.04293383130985493,0.9635062433866233,35.445546325634474,3297.8198869996477,1.0748175321934512,3299.4701380580655,0.26604616888105426,0 days 00:51:00
763,CLOSED,2025-01-23 19:05:00+00:00,105000.0,106000.0,2025-01-23 20:20:00+00:00,3274.139264415342,36.78808162264429,0.04293036797337225,0.9635091872226336,35.44565462371391,3298.0859331685288,1.0747341137245823,3300.269887472044,0.26604698174168107,0 days 01:15:00
764,CLOSED,2025-01-23 19:49:00+00:00,104000.0,105000.0,2025-01-23 20:12:00+00:00,3274.139264415342,36.78808162264429,0.053183602309725735,0.9547939380367332,35.125037325301314,3296.364789878783,1.0655688785764807,3298.352765479349,0.2668506501529464,0 days 00:23:00
765,CLOSED,2025-01-23 20:17:00+00:00,104000.0,105000.0,2025-01-23 20:20:00+00:00,3274.139264415342,36.78808162264429,0.05317929728556735,0.9547975973072678,35.125171942844425,3296.631640528936,1.0654867080390178,3298.619617287989,0.26685167286444056,0 days 00:03:00
766,CLOSED,2025-01-23 20:30:00+00:00,105000.0,106000.0,2025-01-24 14:44:00+00:00,3274.139264415342,36.78808162264429,0.04291996035842453,0.9635180336953392,35.44598006847387,3298.8856824732875,1.0744834310808493,3301.338202134553,0.2660494244556588,0 days 18:14:00
767,CLOSED,2025-01-23 20:49:00+00:00,104000.0,105000.0,2025-01-24 05:11:00+00:00,3274.139264415342,36.78808162264429,0.05317079999319332,0.9548048200057857,35.125437652067035,3297.1645357617226,1.0653225603723848,3299.6879291221194,0.2668536915008275,0 days 08:22:00
768,CLOSED,2025-01-23 20:54:00+00:00,103000.0,104000.0,2025-01-23 22:21:00+00:00,3274.139264415342,36.78808162264429,0.06323925893886591,0.946246629901964,34.81059825598553,3295.1063027443583,1.056433239406972,3297.4322287322,0.2677049914656209,0 days 01:27:00
769,CLOSED,2025-01-24 02:47:00+00:00,103000.0,104000.0,2025-01-24 03:36:00+00:00,3274.139264415342,36.78808162264429,0.06323412159626542,0.9462509966431744,34.81075890001761,3295.374007735824,1.05635229319343,3297.699935121113,0.2677062268712689,0 days 00:49:00
770,CLOSED,2025-01-24 19:09:00+00:00,106000.0,107000.0,2025-05-19 00:08:00+00:00,3274.139264415342,36.78808162264429,0.032469343656742866,0.9724010578917686,35.772769487668036,3301.6035099417,1.0834968335825315,3390.960619507119,0.2652945707890737,114 days 04:59:00
771,CLOSED,2025-01-24 20:35:00+00:00,105000.0,106000.0,2025-01-30 14:52:00+00:00,3274.139264415342,36.78808162264429,0.0429030356939246,0.9635324196601641,35.446509300522074,3300.219266458054,1.0740652798674462,3306.7217497813463,0.2660533967504506,5 days 18:17:00
772,CLOSED,2025-01-26 23:01:00+00:00,104000.0,105000.0,2025-01-30 03:47:00+00:00,3274.139264415342,36.78808162264429,0.053149877149406145,0.9548226044230048,35.126091906659305,3298.498101017536,1.0649116910457956,3305.071459229076,0.26685866197991714,3 days 04:46:00
773,CLOSED,2025-01-26 23:17:00+00:00,103000.0,104000.0,2025-01-29 20:24:00+00:00,3274.139264415342,36.78808162264429,0.0632144411943642,0.9462677249847904,34.81137430361439,3296.4398428615773,1.056029412428024,3303.0834413644866,0.2677109595280598,2 days 21:07:00
774,CLOSED,2025-01-27 00:47:00+00:00,102000.0,103000.0,2025-01-28 04:28:00+00:00,3274.139264415342,36.78808162264429,0.07310114185230773,0.9378640294255385,34.50221846544878,3294.044262889928,1.0474121083964827,3299.144754137607,0.2686109332359621,1 days 03:41:00
775,CLOSED,2025-01-27 02:02:00+00:00,101000.0,102000.0,2025-01-27 14:51:00+00:00,3274.139264415342,36.78808162264429,0.08281424019880237,0.929607895831018,34.1984911488861,3291.311073287381,1.03905375053864,3295.399248183815,0.26955927921396494,0 days 12:49:00
776,CLOSED,2025-01-27 05:50:00+00:00,100000.0,101000.0,2025-01-27 13:08:00+00:00,3274.139264415342,36.78808162264429,0.0923578502409898,0.9214958272951587,33.900063709460426,3288.2399270888072,1.0309486065839888,3292.1259428437425,0.27055674746583236,0 days 07:18:00
777,CLOSED,2025-01-27 06:45:00+00:00,99000.0,100000.0,2025-01-27 12:54:00+00:00,3274.139264415342,36.78808162264429,0.10173594449368363,0.913524447180369,33.606811927152414,3284.830417681215,1.0230912301060493,3288.784245828259,0.27160414366580454,0 days 06:09:00
778,CLOSED,2025-01-27 07:29:00+00:00,98000.0,99000.0,2025-01-27 07:42:00+00:00,3274.139264415342,36.78808162264429,0.11095235926766256,0.9056904946224869,33.31861584102513,3281.082078241413,1.01547645095435,3285.1031381434996,0.2727023310966388,0 days 00:13:00
779,CLOSED,2025-01-27 13:53:00+00:00,100000.0,101000.0,2025-01-27 14:31:00+00:00,3274.139264415342,36.78808162264429,0.0923349685864588,0.92151527670151,33.90077921580879,3289.0547903110355,1.0307149432619485,3292.3965060236105,0.27056245792915945,0 days 00:38:00
780,CLOSED,2025-01-27 15:19:00+00:00,101000.0,102000.0,2025-01-27 21:08:00+00:00,3274.139264415342,36.78808162264429,0.0827801608090598,0.9296368633122992,34.199556806951875,3292.6660582467525,1.038658527830245,3296.2109976738743,0.2695676789418613,0 days 05:49:00
781,CLOSED,2025-01-27 16:38:00+00:00,100000.0,101000.0,2025-01-27 20:45:00+00:00,3274.139264415342,36.78808162264429,0.09232012876527577,0.9215278905495156,33.901243255078796,3289.5949004420017,1.0305598190988108,3293.2082454413626,0.27056616143121914,0 days 04:07:00
782,CLOSED,2025-01-27 18:50:00+00:00,99000.0,100000.0,2025-01-27 20:20:00+00:00,3274.139264415342,36.78808162264429,0.10169466958258593,0.9135595308548019,33.60810258823108,3286.1853675306843,1.0227086676332255,3289.8665274040936,0.2716145745539791,0 days 01:30:00
783,CLOSED,2025-01-27 21:43:00+00:00,101000.0,102000.0,2025-01-27 23:08:00+00:00,3274.139264415342,36.78808162264429,0.08275975785866244,0.9296542058201369,34.20019480454575,3293.477806661679,1.038421899651773,3296.4805710253095,0.2695727077652279,0 days 01:25:00
784,CLOSED,2025-01-28 14:13:00+00:00,102000.0,103000.0,2025-01-28 15:01:00+00:00,3274.139264415342,36.78808162264429,0.07304116382193789,0.9379150107513528,34.50409397062406,3296.7491799052273,1.0466096171628065,3299.413381564256,0.26862553465053907,0 days 00:48:00
785,CLOSED,2025-01-28 16:25:00+00:00,102000.0,103000.0,2025-01-28 17:10:00+00:00,3274.139264415342,36.78808162264429,0.07303521277076348,0.937920069144851,34.50428005921696,3297.0178054398775,1.0465299884728256,3299.6820087353913,0.2686269834104351,0 days 00:45:00
786,CLOSED,2025-01-28 19:05:00+00:00,102000.0,103000.0,2025-01-29 08:05:00+00:00,3274.139264415342,36.78808162264429,0.07302926265714992,0.9379251267414226,34.504466118492445,3297.2864324232883,1.0464503714084048,3300.2202165548715,0.26862843194209063,0 days 13:00:00
787,CLOSED,2025-01-28 21:37:00+00:00,101000.0,102000.0,2025-01-29 02:04:00+00:00,3274.139264415342,36.78808162264429,0.08273341819107259,0.9296765945375883,34.20101844251078,3294.55321855931,1.0381079367558887,3297.5560122597576,0.26957919984276657,0 days 04:27:00
788,CLOSED,2025-01-29 13:05:00+00:00,102000.0,103000.0,2025-01-29 18:55:00+00:00,3274.139264415342,36.78808162264429,0.07301734422278919,0.9379352574106292,34.50483880637811,3297.824640055073,1.0462908908886643,3300.4888482642746,0.2686313334378596,0 days 05:50:00
789,CLOSED,2025-01-29 19:03:00+00:00,102000.0,103000.0,2025-01-29 19:40:00+00:00,3274.139264415342,36.78808162264429,0.07301139692387172,0.937940312614709,34.50502477763842,3298.0932713885104,1.0462113087272291,3300.7574812331654,0.2686327812842819,0 days 00:37:00
790,CLOSED,2025-01-30 17:38:00+00:00,105000.0,106000.0,2025-01-31 15:55:00+00:00,3274.139264415342,36.78808162264429,0.04283660100341869,0.9635888891470941,35.44858670461644,3305.337530756179,1.072464956294696,3307.254698941774,0.2660689892707495,0 days 22:17:00
791,CLOSED,2025-01-31 03:05:00+00:00,104000.0,105000.0,2025-01-31 13:06:00+00:00,3274.139264415342,36.78808162264429,0.053068155070327326,0.9548920681902218,35.128647345397496,3303.616343473241,1.0633391923610949,3305.6043912019186,0.2668780760657228,0 days 10:01:00
792,CLOSED,2025-01-31 16:26:00+00:00,105000.0,106000.0,2025-05-18 23:50:00+00:00,3274.139264415342,36.78808162264429,0.042829695215382844,0.9635947590669246,35.44880264770628,3305.870477821516,1.072298593835598,3389.6478994168424,0.2660706100902175,107 days 07:24:00
793,CLOSED,2025-01-31 18:29:00+00:00,104000.0,105000.0,2025-05-12 01:07:00+00:00,3274.139264415342,36.78808162264429,0.05305966007752715,0.9548992889341019,35.128912982712734,3304.149288268091,1.0631757199180902,3384.6723369793995,0.26688009415583025,100 days 06:38:00
794,CLOSED,2025-01-31 18:45:00+00:00,103000.0,104000.0,2025-05-08 21:21:00+00:00,3274.139264415342,36.78808162264429,0.06310778307843712,0.9463583843833284,34.814709488967665,3302.0909783728903,1.0543231460607019,3382.1302416446806,0.2677366082043591,97 days 02:36:00
795,CLOSED,2025-01-31 20:16:00+00:00,102000.0,103000.0,2025-05-08 21:18:00+00:00,3274.139264415342,36.78808162264429,0.07297846109525237,0.9379683080690355,34.50605467669725,3299.6953137998294,1.045734572291801,3379.80420128609,0.2686407993816573,97 days 01:02:00
796,CLOSED,2025-02-01 20:47:00+00:00,101000.0,102000.0,2025-02-03 22:06:00+00:00,3309.386809354696,37.18412145342355,0.08267593874538413,0.9297254520664235,34.57102412797701,3296.9620015225414,1.0485721131154095,3303.5898428815713,0.27249565792406827,2 days 01:19:00
797,CLOSED,2025-02-02 03:10:00+00:00,100000.0,101000.0,2025-02-03 19:35:00+00:00,3309.386809354696,37.18412145342355,0.09231499438195599,0.9215322547753374,34.2663672848134,3293.886679195566,1.0403019478855278,3300.5836660006503,0.2734802199637656,1 days 16:25:00
798,CLOSED,2025-02-02 11:28:00+00:00,99000.0,100000.0,2025-02-03 19:00:00+00:00,3309.386809354696,37.18412145342355,0.10178613572424179,0.9134817846343944,33.967017625335416,3290.4693405162584,1.0322848843200636,3297.2348694973225,0.27451526062657194,1 days 07:32:00
799,CLOSED,2025-02-02 17:17:00+00:00,98000.0,99000.0,2025-02-03 15:43:00+00:00,3309.386809354696,37.18412145342355,0.11109329081590619,0.9055707028064798,33.672850997818266,3286.709543099664,1.0245155696375203,3293.54302153342,0.2756016338010099,0 days 22:26:00
800,CLOSED,2025-02-02 18:44:00+00:00,97000.0,98000.0,2025-02-02 19:39:00+00:00,3309.386809354696,37.18412145342355,0.12024025295368676,0.8977957849893663,33.38374750941633,3282.6067829298313,1.0169889273067385,3286.9863046842693,0.27674025365800503,0 days 00:55:00
801,CLOSED,2025-02-02 21:29:00+00:00,97000.0,98000.0,2025-02-02 22:59:00+00:00,3309.386809354696,37.18412145342355,0.12023011695042399,0.8978044005921396,33.38406787303625,3282.883523183489,1.0169129558596992,3287.2630479169784,0.27674290936673174,0 days 01:30:00
802,CLOSED,2025-02-02 23:24:00+00:00,97000.0,98000.0,2025-02-03 15:25:00+00:00,3309.386809354696,37.18412145342355,0.12021998255866066,0.8978130148251384,33.38438818572231,3283.160266092856,1.016836994846176,3289.5076290431643,0.27674556465322553,0 days 16:01:00
803,CLOSED,2025-02-03 00:43:00+00:00,96000.0,97000.0,2025-02-03 15:17:00+00:00,3309.386809354696,37.18412145342355,0.12920906353882636,0.8901722959919975,33.10027476863934,3278.713969604418,1.009550545594953,3285.12812856714,0.2779378353143329,0 days 14:34:00
804,CLOSED,2025-02-03 01:35:00+00:00,95000.0,96000.0,2025-02-03 14:33:00+00:00,3309.386809354696,37.18412145342355,0.13804518439386299,0.8826615932652164,32.820995886246145,3273.9235074950852,1.0024973341957475,3280.4039000461494,0.2791843735967632,0 days 12:58:00
805,CLOSED,2025-02-03 01:44:00+00:00,94000.0,95000.0,2025-02-03 07:48:00+00:00,3309.386809354696,37.18412145342355,0.14673176154797946,0.8752780026842175,32.546443557319925,3268.788185981579,0.9956730661502501,3275.3342593181656,0.2804862892932647,0 days 06:04:00
806,CLOSED,2025-02-03 01:49:00+00:00,93000.0,94000.0,2025-02-03 02:12:00+00:00,3309.386809354696,37.18412145342355,0.15527209498086122,0.868018719266268,32.276513481042066,3263.307246497914,0.9890736925148644,3269.636601326445,0.28184476278357806,0 days 00:23:00
807,CLOSED,2025-02-03 01:55:00+00:00,92000.0,93000.0,2025-02-03 01:56:00+00:00,3309.386809354696,37.18412145342355,0.16366937220591715,0.8608810336249704,32.0111049112597,3257.4798647188686,0.9826954038293761,3263.5905577252433,0.28326104815784703,0 days 00:01:00
808,CLOSED,2025-02-03 02:07:00+00:00,92000.0,93000.0,2025-02-03 02:08:00+00:00,3309.386809354696,37.18412145342355,0.1636551412271343,0.8608931299569359,32.011554702736646,3257.7631257670264,0.9826237656612822,3263.8738232077585,0.2832650282892928,0 days 00:01:00
809,CLOSED,2025-02-03 04:34:00+00:00,93000.0,94000.0,2025-02-03 05:56:00+00:00,3309.386809354696,37.18412145342355,0.15523173896449102,0.8680530218801826,32.27778899360404,3264.1556173371455,0.9888557035137875,3269.9184585151897,0.28185590080614986,0 days 01:22:00
810,CLOSED,2025-02-04 00:55:00+00:00,101000.0,102000.0,2025-05-08 20:39:00+00:00,3309.386809354696,37.18412145342355,0.0825784025158367,0.9298083578615388,34.574106907131764,3300.856158260776,1.0474284624795311,3377.1402765718517,0.27251995699981535,93 days 19:44:00
811,CLOSED,2025-02-04 05:01:00+00:00,100000.0,101000.0,2025-05-08 15:40:00+00:00,3309.386809354696,37.18412145342355,0.09220691055983969,0.9216241260241362,34.26978343648681,3297.780802358978,1.0391771160767524,3374.1340726457506,0.2735074843044316,93 days 10:39:00
812,CLOSED,2025-02-04 05:16:00+00:00,99000.0,100000.0,2025-02-04 14:33:00+00:00,3309.386809354696,37.18412145342355,0.10166776277734033,0.9135824016392607,33.97075898026465,3294.3633956441204,1.0311782551123998,3298.330992510261,0.27454549757686664,0 days 09:17:00
813,CLOSED,2025-02-04 08:43:00+00:00,98000.0,99000.0,2025-02-04 11:04:00+00:00,3309.386809354696,37.18412145342355,0.11096487697017061,0.9056798545753549,33.676909710448975,3290.6034921131,1.023426547475732,3294.639046269315,0.2756348530800139,0 days 02:21:00
814,CLOSED,2025-02-04 15:16:00+00:00,99000.0,100000.0,2025-02-04 19:15:00+00:00,3309.386809354696,37.18412145342355,0.10165078642755596,0.9135968315365774,33.97129554331903,3294.9135759947776,1.0310223549053985,3298.6055428856835,0.274549833981915,0 days 03:59:00
815,CLOSED,2025-02-04 19:52:00+00:00,99000.0,100000.0,2025-02-07 14:45:00+00:00,3309.386809354696,37.18412145342355,0.10164231704569608,0.9136040305111583,33.971563230864184,3295.1881258287594,1.0309445753516768,3301.0910548602465,0.2745519973839805,2 days 18:53:00
816,CLOSED,2025-02-04 20:25:00+00:00,98000.0,99000.0,2025-02-04 20:54:00+00:00,3309.386809354696,37.18412145342355,0.11093731453919256,0.9057032826416863,33.67778086251286,3291.4282133778684,1.0231965784831936,3295.4637836589686,0.2756419831840873,0 days 00:29:00
817,CLOSED,2025-02-04 21:01:00+00:00,98000.0,99000.0,2025-02-05 14:41:00+00:00,3309.386809354696,37.18412145342355,0.1109280248270154,0.9057111788970369,33.67807447783085,3291.7038553610523,1.0231198175066951,3296.016215186516,0.27564438633259414,0 days 17:40:00
818,CLOSED,2025-02-04 21:32:00+00:00,97000.0,98000.0,2025-02-04 23:52:00+00:00,3309.386809354696,37.18412145342355,0.12006242886402768,0.8979469354655765,33.38936790708147,3287.600926231534,1.0156149927039526,3291.9806639860817,0.2767868449004993,0 days 02:20:00
819,CLOSED,2025-02-05 15:04:00+00:00,98000.0,99000.0,2025-02-06 10:50:00+00:00,3309.386809354696,37.18412145342355,0.11090941142028184,0.9057270002927604,33.67866278253099,3292.2562865922855,1.0229660102613323,3296.5686570651596,0.2756492014204639,0 days 19:46:00
820,CLOSED,2025-02-05 18:13:00+00:00,97000.0,98000.0,2025-02-06 06:16:00+00:00,3309.386809354696,37.18412145342355,0.12004243474622452,0.8979639304657092,33.38999985123051,3288.153350877356,1.0154635836044958,3292.5331005054395,0.2767920835090223,0 days 12:03:00
821,CLOSED,2025-02-06 14:31:00+00:00,98000.0,99000.0,2025-02-07 14:06:00+00:00,3309.386809354696,37.18412145342355,0.1108908039204787,0.9057428166675932,33.679250900533724,3292.808727877215,1.022812245831413,3297.399102866396,0.2756540149802831,0 days 23:35:00
822,CLOSED,2025-02-06 15:45:00+00:00,97000.0,98000.0,2025-02-07 12:47:00+00:00,3309.386809354696,37.18412145342355,0.12002244692237421,0.897980920115982,33.3906315964497,3288.705785578965,1.015312216217949,3293.3635409490926,0.27679732046848216,0 days 21:02:00
823,CLOSED,2025-02-06 18:31:00+00:00,96000.0,97000.0,2025-02-06 20:47:00+00:00,3309.386809354696,37.18412145342355,0.12899791797947216,0.8903517697174487,33.10694834144421,3284.2592428179064,1.0080491792431807,3288.983807180205,0.277993872262428,0 days 02:16:00
824,CLOSED,2025-02-07 15:02:00+00:00,99000.0,100000.0,2025-05-08 15:21:00+00:00,3309.386809354696,37.18412145342355,0.10156570753352111,0.913669148596507,33.973984589658606,3297.673637533201,1.0302409614758778,3370.7852185533243,0.27457156636551616,90 days 00:19:00
825,CLOSED,2025-02-07 15:19:00+00:00,98000.0,99000.0,2025-02-07 15:51:00+00:00,3309.386809354696,37.18412145342355,0.11085433163926411,0.9057738181066255,33.68040366180794,3293.91369822724,1.0225041317850703,3297.949317055747,0.2756634499666646,0 days 00:32:00
826,CLOSED,2025-02-07 15:57:00+00:00,98000.0,99000.0,2025-02-21 13:01:00+00:00,3309.386809354696,37.18412145342355,0.11084505515751143,0.9057817031161153,33.68069685895846,3294.1893616772068,1.0224274673089904,3303.2298933552183,0.27566584969258656,13 days 21:04:00
827,CLOSED,2025-02-07 19:40:00+00:00,97000.0,98000.0,2025-02-10 13:55:00+00:00,3309.386809354696,37.18412145342355,0.1199732377799623,0.8980227478870321,33.392186925368556,3290.086378759363,1.01493344189827,3295.579491826691,0.27681021363211045,2 days 18:15:00
828,CLOSED,2025-02-07 20:37:00+00:00,96000.0,97000.0,2025-02-09 02:00:00+00:00,3309.386809354696,37.18412145342355,0.12894532916482618,0.8903964702098978,33.108610489984464,3285.639779251057,1.0076762126836492,3290.364414439859,0.2780078290640091,1 days 05:23:00
829,CLOSED,2025-02-09 13:48:00+00:00,96000.0,97000.0,2025-02-10 00:06:00+00:00,3309.386809354696,37.18412145342355,0.1289344196371533,0.8904057433084197,33.10895530200615,3285.917787080121,1.0076014510219045,3290.921688365035,0.2780107243966796,0 days 10:18:00
830,CLOSED,2025-02-09 21:44:00+00:00,95000.0,96000.0,2025-02-09 22:41:00+00:00,3309.386809354696,37.18412145342355,0.13775328152581312,0.8829097107030588,32.83022191518959,3281.1269307373263,1.0005776249507075,3286.197083604938,0.2792628527239742,0 days 00:57:00
831,CLOSED,2025-02-10 01:41:00+00:00,96000.0,97000.0,2025-02-10 03:36:00+00:00,3309.386809354696,37.18412145342355,0.12891255677681843,0.8904243267397043,33.10964631057206,3286.4750606572416,1.0074516221629466,3291.1997055892316,0.27801652668763666,0 days 01:55:00
832,CLOSED,2025-02-10 15:26:00+00:00,97000.0,98000.0,2025-02-11 00:42:00+00:00,3309.386809354696,37.18412145342355,0.11992256879421566,0.8980658165249167,33.393788394830494,3291.476486905867,1.014553454283434,3295.856316932338,0.2768234892856327,0 days 09:16:00
833,CLOSED,2025-02-11 13:50:00+00:00,97000.0,98000.0,2025-02-12 22:32:00+00:00,3309.386809354696,37.18412145342355,0.11991248377847864,0.8980743887882932,33.394107146913015,3291.7533103951528,1.0144778176862919,3296.969728025635,0.2768261316352465,1 days 08:42:00
834,CLOSED,2025-02-11 17:53:00+00:00,96000.0,97000.0,2025-02-12 16:57:00+00:00,3309.386809354696,37.18412145342355,0.1288805217872588,0.89045155648083,33.11065882457322,3287.3066891903227,1.0072275560248538,3292.589923033911,0.2780250286094983,0 days 23:04:00
835,CLOSED,2025-02-11 19:27:00+00:00,95000.0,96000.0,2025-02-11 21:35:00+00:00,3309.386809354696,37.18412145342355,0.1376960822330105,0.882958330101941,32.832029784822616,3282.5157936404216,1.0002093470024338,3287.586001214924,0.27927823095784987,0 days 02:08:00
836,CLOSED,2025-02-12 13:32:00+00:00,95000.0,96000.0,2025-02-12 16:50:00+00:00,3309.386809354696,37.18412145342355,0.13768436797201827,0.8829682872237845,32.83240003165057,3282.7950718713796,1.000135534288293,3287.8652829690727,0.27928138037869843,0 days 03:18:00
837,CLOSED,2025-02-13 04:52:00+00:00,97000.0,98000.0,2025-02-14 17:43:00+00:00,3309.386809354696,37.18412145342355,0.11987193799804127,0.898108852701665,33.39538865725359,3292.8667211667334,1.0141737119995216,3297.524602581247,0.2768367549331927,1 days 12:51:00
838,CLOSED,2025-02-13 06:46:00+00:00,96000.0,97000.0,2025-02-14 03:49:00+00:00,3309.386809354696,37.18412145342355,0.1288372706025696,0.8904883199878159,33.11202584328204,3288.420085482158,1.006928098677729,3293.1447857711646,0.278036507251997,0 days 21:03:00
839,CLOSED,2025-02-14 21:08:00+00:00,97000.0,98000.0,2025-02-20 14:33:00+00:00,3309.386809354696,37.18412145342355,0.11985174206157387,0.8981260192476622,33.39602698018489,3293.421594428919,1.014022226509867,3298.9174423886143,0.2768420464197163,5 days 17:25:00
840,CLOSED,2025-02-17 05:00:00+00:00,96000.0,97000.0,2025-02-17 14:17:00+00:00,3309.386809354696,37.18412145342355,0.1288157270159174,0.8905066320364702,33.11270676072326,3288.9749515319522,1.006778928045648,3293.699664799907,0.27804222480936147,0 days 09:17:00
841,CLOSED,2025-02-17 15:47:00+00:00,96000.0,97000.0,2025-02-20 01:03:00+00:00,3309.386809354696,37.18412145342355,0.12880483815714067,0.8905158875664304,33.113050919473416,3289.252993756762,1.0067042876399097,3294.537620039182,0.27804511465662074,2 days 09:16:00
842,CLOSED,2025-02-18 16:36:00+00:00,95000.0,96000.0,2025-02-19 09:56:00+00:00,3309.386809354696,37.18412145342355,0.137615780238029,0.8830265867976753,32.83456785008681,3284.4620511497246,0.9996939327885699,3289.8129374977498,0.2792998204356181,0 days 17:20:00
843,CLOSED,2025-02-18 18:00:00+00:00,94000.0,95000.0,2025-02-18 21:07:00+00:00,3309.386809354696,37.18412145342355,0.14627774570263882,0.875663916152757,32.56079341060461,3279.326105622786,0.9929111153287056,3284.7427008163063,0.2806099567868472,0 days 03:07:00
844,CLOSED,2025-02-20 14:57:00+00:00,97000.0,98000.0,2025-02-20 18:00:00+00:00,3309.386809354696,37.18412145342355,0.11980107632501277,0.8981690851237392,33.397628346951436,3294.814433592027,1.0136421646830391,3299.1942993260936,0.27685532122192313,0 days 03:03:00
845,CLOSED,2025-02-21 15:25:00+00:00,98000.0,99000.0,2025-05-08 03:44:00+00:00,3309.386809354696,37.18412145342355,0.11066765522678453,0.9059324930572331,33.68630385044295,3299.469937680785,1.0209610781943124,3367.093249243556,0.27571174114424934,75 days 12:19:00
846,CLOSED,2025-02-21 17:45:00+00:00,97000.0,98000.0,2025-05-08 01:00:00+00:00,3309.386809354696,37.18412145342355,0.119782674463777,0.8981847267057895,33.39820996543812,3295.366891998965,1.0134898801868708,3363.0575986444737,0.2768601426473083,75 days 07:15:00
847,CLOSED,2025-02-21 19:26:00+00:00,96000.0,97000.0,2025-05-01 15:09:00+00:00,3309.386809354696,37.18412145342355,0.12874190906285723,0.8905693772965714,33.115039888095495,3290.9201672795307,1.0062547313467756,3357.2466752725095,0.27806181571535404,68 days 19:43:00
848,CLOSED,2025-02-21 20:56:00+00:00,95000.0,96000.0,2025-02-21 23:25:00+00:00,3309.386809354696,37.18412145342355,0.1375488676906253,0.8830834624629685,32.83668272173282,3286.129122346338,0.9992511401465263,3291.199519199437,0.27931781011264434,0 days 02:29:00
849,CLOSED,2025-02-24 14:50:00+00:00,95000.0,96000.0,2025-05-01 10:17:00+00:00,3309.386809354696,37.18412145342355,0.1375371771630459,0.883093399411411,32.83705221843058,3286.408440156451,0.9991774551573191,3352.521894901899,0.2793209531526841,65 days 19:27:00
850,CLOSED,2025-02-24 15:46:00+00:00,94000.0,95000.0,2025-02-24 17:20:00+00:00,3309.386809354696,37.18412145342355,0.1461946050641055,0.8757345856955103,32.56342119546541,3281.272365682863,0.9924022624890715,3286.689112638083,0.28063260312064386,0 days 01:34:00
851,CLOSED,2025-02-24 19:42:00+00:00,94000.0,95000.0,2025-03-02 17:47:00+00:00,3309.386809354696,37.18412145342355,0.14618210276028692,0.8757452126537562,32.5638163495715,3281.552998285984,0.9923294356842687,3298.151869224262,0.2806360085713422,5 days 22:05:00
852,CLOSED,2025-02-24 22:17:00+00:00,93000.0,94000.0,2025-03-02 17:40:00+00:00,3309.386809354696,37.18412145342355,0.1546933009141949,0.8685106942229344,32.294807137582794,3276.0711198936556,0.9857785730436497,3292.7351640693487,0.2820045065332053,5 days 19:23:00
853,CLOSED,2025-02-24 23:33:00+00:00,92000.0,93000.0,2025-03-02 17:31:00+00:00,3309.386809354696,37.18412145342355,0.16306207505711567,0.8613972362014517,32.030299450558154,3270.2426017758035,0.9794471955433857,3286.9712868350584,0.28343089750655537,5 days 17:58:00
854,CLOSED,2025-02-25 00:14:00+00:00,91000.0,92000.0,2025-02-25 00:20:00+00:00,3309.386809354696,37.18412145342355,0.17129147832872266,0.8544022434205858,31.770196789428613,3264.066540892257,0.9733317746869214,3270.527575198164,0.28491652129975975,0 days 00:06:00
855,CLOSED,2025-02-25 07:06:00+00:00,91000.0,92000.0,2025-03-02 17:17:00+00:00,3309.386809354696,37.18412145342355,0.17127652780247865,0.8544149513678931,31.770669323284714,3264.3514574135565,0.9732612967004959,3280.8593439287224,0.2849207590041516,5 days 10:11:00
856,CLOSED,2025-02-25 07:24:00+00:00,90000.0,91000.0,2025-03-02 16:39:00+00:00,3309.386809354696,37.18412145342355,0.179368914975907,0.8475364222704791,31.514897261905563,3257.8268770540494,0.9673594838287876,3274.3983674362635,0.2864672646209989,5 days 09:15:00
857,CLOSED,2025-02-25 07:25:00+00:00,89000.0,90000.0,2025-02-25 08:16:00+00:00,3309.386809354696,37.18412145342355,0.18732774010529757,0.8407714209104971,31.263346629703417,3250.9527371069967,0.961667214440173,3258.1150210942374,0.2880759318826236,0 days 00:51:00
858,CLOSED,2025-02-25 09:21:00+00:00,89000.0,90000.0,2025-03-02 16:35:00+00:00,3309.386809354696,37.18412145342355,0.18731114194588658,0.8407855293459964,31.26387123948254,3251.2408130388794,0.961598141672586,3267.5873259220134,0.2880807658964848,5 days 07:14:00
859,CLOSED,2025-02-25 10:01:00+00:00,88000.0,89000.0,2025-02-25 11:47:00+00:00,3309.386809354696,37.18412145342355,0.19513858266063233,0.8341322047384625,31.01647320920695,3244.0159959451726,0.956113448514918,3251.822131690701,0.2897534255009546,0 days 01:46:00
860,CLOSED,2025-02-25 10:23:00+00:00,87000.0,88000.0,2025-02-25 10:30:00+00:00,3309.386809354696,37.18412145342355,0.20283787674224268,0.8275878047690937,30.773125445906157,3236.439318786586,0.9508327644914317,3244.3075667180165,0.29149153336167544,0 days 00:07:00
861,CLOSED,2025-02-25 14:41:00+00:00,88000.0,89000.0,2025-02-25 20:35:00+00:00,3309.386809354696,37.18412145342355,0.19510362506527315,0.8341619186945178,31.017578096557774,3244.597240904034,0.955976221193957,3252.4033988906704,0.289763747270694,0 days 05:54:00
862,CLOSED,2025-02-25 15:00:00+00:00,87000.0,88000.0,2025-02-25 19:56:00+00:00,3309.386809354696,37.18412145342355,0.20280179279290436,0.8276184761260312,30.774265933367666,3237.0205500975785,0.9506972679688422,3244.8888225274463,0.29150233637352585,0 days 04:56:00
863,CLOSED,2025-02-25 20:59:00+00:00,88000.0,89000.0,2025-02-25 22:03:00+00:00,3309.386809354696,37.18412145342355,0.19506867872262904,0.8341916230857653,31.018682628249618,3245.1785069876787,0.955839025848922,3252.6931740723544,0.2897740657179,0 days 01:04:00
864,CLOSED,2025-02-26 12:50:00+00:00,88000.0,89000.0,2025-03-02 16:17:00+00:00,3309.386809354696,37.18412145342355,0.19505126186957966,0.8342064274108573,31.019233114071874,3245.468281053396,0.9557706447219945,3260.4251130522207,0.28977920831266246,4 days 03:27:00
865,CLOSED,2025-02-26 14:00:00+00:00,87000.0,88000.0,2025-02-26 15:01:00+00:00,3309.386809354696,37.18412145342355,0.20274774225418102,0.8276644190839462,30.775974281894705,3237.8915698037126,0.9504942836538657,3246.0532040102644,0.29151851832204656,0 days 01:01:00
866,CLOSED,2025-02-26 14:21:00+00:00,86000.0,87000.0,2025-02-26 14:47:00+00:00,3309.386809354696,37.18412145342355,0.21031869102743633,0.8212291126266791,30.536683064997682,3229.9617087288652,0.9454193522627002,3238.1849797787136,0.29332508026877946,0 days 00:26:00
867,CLOSED,2025-02-26 16:10:00+00:00,87000.0,88000.0,2025-03-02 15:37:00+00:00,3309.386809354696,37.18412145342355,0.20271112759220747,0.8276955415466236,30.77713154332683,3238.4764134023035,0.950358366544123,3252.617016104725,0.2915294802215733,3 days 23:27:00
868,CLOSED,2025-02-26 17:52:00+00:00,86000.0,87000.0,2025-02-27 10:56:00+00:00,3309.386809354696,37.18412145342355,0.21028097057213854,0.8212611750136822,30.537875276690094,3230.546537881641,0.9452851063620531,3240.850120391499,0.29333653225226897,0 days 17:04:00
869,CLOSED,2025-02-26 18:36:00+00:00,85000.0,86000.0,2025-02-27 06:20:00+00:00,3309.386809354696,37.18412145342355,0.2177277726145295,0.81493139327765,30.302507903843807,3222.262165135834,0.9404110016779597,3232.6269138699568,0.29521273600072817,0 days 11:44:00
870,CLOSED,2025-02-26 18:38:00+00:00,84000.0,85000.0,2025-02-26 18:45:00+00:00,3309.386809354696,37.18412145342355,0.22505391642104888,0.8087041710421085,30.070954115919974,3213.621884164506,0.9357340471229078,3222.559421235264,0.29716009461087367,0 days 00:07:00
871,CLOSED,2025-02-26 18:52:00+00:00,84000.0,85000.0,2025-02-26 19:17:00+00:00,3309.386809354696,37.18412145342355,0.22503310785612388,0.8087218583222947,30.0716118018946,3213.9190442591166,0.9356679924968927,3222.8565884939544,0.2971665938401884,0 days 00:25:00
872,CLOSED,2025-02-26 19:44:00+00:00,84000.0,85000.0,2025-02-26 21:21:00+00:00,3309.386809354696,37.18412145342355,0.2250123026837969,0.8087395427187727,30.072269380641067,3214.216210852957,0.9356019448567457,3223.452956495452,0.2971730920098743,0 days 01:37:00
873,CLOSED,2025-02-26 20:16:00+00:00,83000.0,84000.0,2025-02-26 20:41:00+00:00,3309.386809354696,37.18412145342355,0.23221903932847646,0.802613816570795,29.84448963556425,3205.218514916447,0.9311218407317303,3214.5155066860607,0.2991942447460083,0 days 00:25:00
874,CLOSED,2025-02-26 21:34:00+00:00,84000.0,85000.0,2025-02-26 22:03:00+00:00,3309.386809354696,37.18412145342355,0.2249705615295538,0.8087750226998793,30.073588672567702,3214.812578189713,0.9354694229018596,3223.75014395832,0.2971861292055742,0 days 00:29:00
875,CLOSED,2025-02-26 23:22:00+00:00,84000.0,85000.0,2025-02-27 01:24:00+00:00,3309.386809354696,37.18412145342355,0.2249497665535601,0.8087926984294739,30.074245929043723,3215.109764318918,0.9354033962636602,3224.0473372469264,0.29719262419059334,0 days 02:02:00
876,CLOSED,2025-02-27 13:50:00+00:00,86000.0,87000.0,2025-03-02 15:28:00+00:00,3309.386809354696,37.18412145342355,0.2101265814987643,0.8213924057260503,30.54275497543721,3232.9201599284975,0.9447420123147341,3244.7487847209914,0.29338340499295157,3 days 01:38:00
877,CLOSED,2025-02-27 14:58:00+00:00,85000.0,86000.0,2025-02-27 15:39:00+00:00,3309.386809354696,37.18412145342355,0.21756900370367152,0.8150663468518792,30.307526033938522,3224.635725619049,0.9398744110273182,3233.2155122181694,0.29526162356870245,0 days 00:41:00
878,CLOSED,2025-02-27 16:26:00+00:00,85000.0,86000.0,2025-03-01 04:32:00+00:00,3309.386809354696,37.18412145342355,0.21754908396662104,0.8150832786283722,30.30815562717206,3224.930987242618,0.9398078826203394,3236.228321127915,0.2952677571845008,1 days 12:06:00
879,CLOSED,2025-02-27 19:30:00+00:00,84000.0,85000.0,2025-02-28 18:52:00+00:00,3309.386809354696,37.18412145342355,0.22487039359024438,0.8088601654482923,30.07675463086557,3216.290577562264,0.9351379766706827,3227.3513537523604,0.2972174150924012,0 days 23:22:00
880,CLOSED,2025-02-27 20:16:00+00:00,83000.0,84000.0,2025-02-27 21:16:00+00:00,3309.386809354696,37.18412145342355,0.23207342619880025,0.8027375877310198,29.849091957418484,3207.2927007367607,0.9306631711711788,3216.5899197020067,0.2992403835216422,0 days 01:00:00
881,CLOSED,2025-02-28 01:30:00+00:00,83000.0,84000.0,2025-02-28 15:24:00+00:00,3309.386809354696,37.18412145342355,0.2320517757699627,0.8027559905955317,29.849776251767583,3207.591941120283,0.9305976819901304,3218.413732884186,0.2992472436466933,0 days 13:54:00
882,CLOSED,2025-02-28 01:32:00+00:00,82000.0,83000.0,2025-02-28 15:10:00+00:00,3309.386809354696,37.18412145342355,0.23913822857459371,0.7967325057115954,29.625798258270436,3198.235015050562,0.9263171129968405,3209.1166136921097,0.3013460327884516,0 days 13:38:00
883,CLOSED,2025-02-28 02:32:00+00:00,81000.0,82000.0,2025-02-28 14:06:00+00:00,3309.386809354696,37.18412145342355,0.24611075581077607,0.7908058575608403,29.40542105362105,3188.517384026396,0.9222286571474945,3199.4583471486944,0.30352275611547697,0 days 11:34:00
884,CLOSED,2025-02-28 02:44:00+00:00,80000.0,81000.0,2025-02-28 03:00:00+00:00,3309.386809354696,37.18412145342355,0.2529714099429354,0.7849743015485049,29.18857976659593,3178.4373065197733,0.9183311467784127,3188.823282415411,0.3057799264921073,0 days 00:16:00
885,CLOSED,2025-02-28 04:02:00+00:00,80000.0,81000.0,2025-02-28 13:05:00+00:00,3309.386809354696,37.18412145342355,0.25294707529963983,0.7849949859953061,29.189348899577983,3178.7430864462654,0.918267003836751,3189.43719972467,0.305787983938842,0 days 09:03:00
886,CLOSED,2025-02-28 07:36:00+00:00,79000.0,80000.0,2025-02-28 09:27:00+00:00,3309.386809354696,37.18412145342355,0.259697340512338,0.7792572605645127,28.975996620292964,3168.298723017413,0.9145601205399253,3179.051339083324,0.3081285473515898,0 days 01:51:00
887,CLOSED,2025-02-28 20:19:00+00:00,84000.0,85000.0,2025-03-01 02:27:00+00:00,3309.386809354696,37.18412145342355,0.2247013050457317,0.8090038907111281,30.08209892849478,3218.7108478512114,0.9346008495474943,3227.6486293821235,0.29727022725070995,0 days 06:08:00
888,CLOSED,2025-03-01 06:32:00+00:00,85000.0,86000.0,2025-03-01 21:57:00+00:00,3330.4066729681604,37.420299696271464,0.2173460340619257,0.8152558710473632,30.50711902373717,3227.943795516,0.9450944922310979,3236.525728326799,0.29720609604576964,0 days 15:25:00
889,CLOSED,2025-03-02 15:49:00+00:00,87000.0,88000.0,2025-03-02 16:03:00+00:00,3330.4066729681604,37.420299696271464,0.20230109954264813,0.8280440653887491,30.985657088565997,3245.040224327371,0.9548620339517879,3252.9107315079036,0.29350469171036764,0 days 00:14:00
890,CLOSED,2025-03-02 17:48:00+00:00,94000.0,95000.0,2025-04-25 14:12:00+00:00,3330.4066729681604,37.420299696271464,0.145673253144065,0.8761777348275448,32.786833424446996,3293.0157544732047,0.9956476333254598,3345.4493673595493,0.2825579768401809,53 days 20:24:00
891,CLOSED,2025-03-02 18:34:00+00:00,93000.0,94000.0,2025-03-02 20:22:00+00:00,3330.4066729681604,37.420299696271464,0.1542210965745772,0.8689120679116094,32.5149499909594,3287.5312829142504,0.9890384970614285,3293.299726184853,0.28392683653719075,0 days 01:48:00
892,CLOSED,2025-03-03 01:13:00+00:00,93000.0,94000.0,2025-04-23 07:58:00+00:00,3330.4066729681604,37.420299696271464,0.1542077784574434,0.8689233883111731,32.515373603703765,3287.8152097507873,0.9889659706929939,3338.5923322172366,0.2839305356056556,51 days 06:45:00
893,CLOSED,2025-03-03 06:44:00+00:00,92000.0,93000.0,2025-03-03 12:02:00+00:00,3330.4066729681604,37.420299696271464,0.16261168360378586,0.861780068936782,32.24806845188787,3281.9817316061694,0.9825791576269982,3288.100618269422,0.2853578998935049,0 days 05:18:00
894,CLOSED,2025-03-03 14:38:00+00:00,92000.0,93000.0,2025-04-22 21:49:00+00:00,3330.4066729681604,37.420299696271464,0.16259754626295836,0.8617920856764854,32.248518121888935,3282.267089506063,0.9825074328957765,3332.823935892669,0.2853618789500345,50 days 07:11:00
895,CLOSED,2025-03-03 14:43:00+00:00,91000.0,92000.0,2025-03-06 02:56:00+00:00,3330.4066729681604,37.420299696271464,0.17086062382591743,0.8547684697479702,31.985692308892393,3276.083701373407,0.9763392887514833,3288.7267629052317,0.28684909459065366,2 days 12:13:00
896,CLOSED,2025-03-03 14:56:00+00:00,90000.0,91000.0,2025-03-03 15:23:00+00:00,3330.4066729681604,37.420299696271464,0.1789864761702003,0.8478614952553297,31.727231253383284,3269.549436433415,0.970385426806481,3276.372160716757,0.28839735937013344,0 days 00:27:00
897,CLOSED,2025-03-03 15:59:00+00:00,90000.0,91000.0,2025-03-03 17:43:00+00:00,3330.4066729681604,37.420299696271464,0.1789706896909575,0.8478749137626861,31.727733377950035,3269.837833792785,0.9703151957584412,3276.6605631475854,0.2884019236322324,0 days 01:44:00
898,CLOSED,2025-03-03 18:05:00+00:00,90000.0,91000.0,2025-03-05 23:45:00+00:00,3330.4066729681604,37.420299696271464,0.1789549057464061,0.8478883301155549,31.728235421895217,3270.1262357164173,0.9702449732783546,3281.9680420215564,0.28840648716148465,2 days 05:40:00
899,CLOSED,2025-03-03 18:18:00+00:00,89000.0,90000.0,2025-03-05 10:33:00+00:00,3330.4066729681604,37.420299696271464,0.18694523493159523,0.841096550308144,31.474084986030817,3263.2400448201297,0.9645041294461584,3273.9816684656384,0.2900177792830725,1 days 16:15:00
900,CLOSED,2025-03-03 18:27:00+00:00,88000.0,89000.0,2025-03-05 10:25:00+00:00,3330.4066729681604,37.420299696271464,0.1948040164294808,0.8344165860349413,31.224118720967184,3256.000820311344,0.9589714635876991,3266.805465401153,0.291693233354561,1 days 15:58:00
901,CLOSED,2025-03-03 18:39:00+00:00,87000.0,88000.0,2025-03-04 19:14:00+00:00,3330.4066729681604,37.420299696271464,0.2025339311189551,0.8278461585488882,30.97825135530646,3248.407381057435,0.9536442853796954,3258.687577811942,0.2934345425619753,1 days 00:35:00
902,CLOSED,2025-03-03 19:54:00+00:00,86000.0,87000.0,2025-03-03 22:54:00+00:00,3330.4066729681604,37.420299696271464,0.21013756690749766,0.8213830681286269,30.73640057481618,3240.458471888087,0.9485201196516891,3248.702709012182,0.29524349932149363,0 days 03:00:00
903,CLOSED,2025-03-03 23:05:00+00:00,86000.0,87000.0,2025-03-04 19:02:00+00:00,3330.4066729681604,37.420299696271464,0.21011842267253217,0.8213993407283476,30.73700950037457,3240.753715387408,0.9484524959250161,3250.8007102161205,0.29524934845506934,0 days 19:57:00
904,CLOSED,2025-03-04 01:38:00+00:00,85000.0,86000.0,2025-03-04 18:13:00+00:00,3330.4066729681604,37.420299696271464,0.21759773129319285,0.8150419284007862,30.499113225784445,3232.4479977797896,0.9435298958168173,3242.556556686398,0.29712810205514373,0 days 16:35:00
905,CLOSED,2025-03-04 01:41:00+00:00,84000.0,85000.0,2025-03-04 17:36:00+00:00,3330.4066729681604,37.420299696271464,0.22495567808579076,0.8087876736270778,30.265077137775442,3223.7840637847676,0.938805966496522,3233.953716554901,0.2990784113798881,0 days 15:55:00
906,CLOSED,2025-03-04 01:45:00+00:00,83000.0,84000.0,2025-03-04 02:53:00+00:00,3330.4066729681604,37.420299696271464,0.23219458690287656,0.8026346011325549,30.034827320977513,3214.7604255870165,0.9342788682454664,3224.085267404329,0.3011024006813017,0 days 01:08:00
907,CLOSED,2025-03-04 13:20:00+00:00,83000.0,84000.0,2025-03-04 14:36:00+00:00,3330.4066729681604,37.420299696271464,0.23217284102120894,0.8026530851319724,30.035518997775302,3215.061527987698,0.9342128832157838,3224.3863774384554,0.3011093348162035,0 days 01:16:00
908,CLOSED,2025-03-04 15:00:00+00:00,83000.0,84000.0,2025-03-04 17:15:00+00:00,3330.4066729681604,37.420299696271464,0.23215109871167572,0.8026715660950756,30.036210560953297,3215.362637322514,0.9341469049962261,3224.990711128811,0.30111626781205203,0 days 02:15:00
909,CLOSED,2025-03-04 15:20:00+00:00,82000.0,83000.0,2025-03-04 15:41:00+00:00,3330.4066729681604,37.420299696271464,0.23927217216671218,0.7966186536582947,29.809708763533667,3205.9777078184434,0.9298164703652334,3215.665960903857,0.3032167233489531,0 days 00:21:00
910,CLOSED,2025-03-04 20:58:00+00:00,87000.0,88000.0,2025-03-04 21:24:00+00:00,3330.4066729681604,37.420299696271464,0.2023665586668868,0.8279884251331462,30.983575013526156,3251.094059687867,0.9530199509669324,3258.981068161128,0.2934849697212272,0 days 00:26:00
911,CLOSED,2025-03-05 00:17:00+00:00,87000.0,88000.0,2025-03-05 09:07:00+00:00,3330.4066729681604,37.420299696271464,0.20234829214450914,0.8280039516771672,30.984156021456673,3251.387544657588,0.9529517966065684,3259.274559221415,0.29349047318862276,0 days 08:50:00
912,CLOSED,2025-03-05 14:36:00+00:00,89000.0,90000.0,2025-03-05 17:29:00+00:00,3330.4066729681604,37.420299696271464,0.18672462853927502,0.8412840657416163,31.481101869749025,3267.095409906108,0.9635807321174543,3274.8552852818502,0.2900824363186807,0 days 02:53:00
913,CLOSED,2025-03-05 15:28:00+00:00,88000.0,89000.0,2025-03-05 16:19:00+00:00,3330.4066729681604,37.420299696271464,0.19457575703202637,0.8346106065227776,31.231379025769236,3259.8560996178903,0.9580600514676116,3267.3872445575616,0.29176105854449474,0 days 00:51:00
914,CLOSED,2025-03-05 16:20:00+00:00,88000.0,89000.0,2025-03-05 16:58:00+00:00,3330.4066729681604,37.420299696271464,0.1945583438252441,0.8346254077485425,31.23193289207323,3260.147860676435,0.957991300602944,3267.6790113498814,0.2917662327194499,0 days 00:38:00
915,CLOSED,2025-03-05 18:08:00+00:00,89000.0,90000.0,2025-03-05 19:04:00+00:00,3330.4066729681604,37.420299696271464,0.18667471238312694,0.8413264944743422,31.482689565643362,3267.9690196336906,0.9633717264912224,3275.1453839519136,0.2900970661335798,0 days 00:56:00
916,CLOSED,2025-03-06 00:57:00+00:00,90000.0,91000.0,2025-03-06 01:46:00+00:00,3330.4066729681604,37.420299696271464,0.17866492909787618,0.8481348102668053,31.737458783024188,3275.4337140832736,0.968954390576237,3282.2565416646653,0.2884903265918126,0 days 00:49:00
917,CLOSED,2025-03-06 09:05:00+00:00,91000.0,92000.0,2025-04-22 21:49:00+00:00,3330.4066729681604,37.420299696271464,0.1705243924055328,0.8550542664552971,31.996386907332774,3282.5433184444482,0.9747437825891485,3326.705111925694,0.28694500421955027,47 days 12:44:00
918,CLOSED,2025-03-06 12:49:00+00:00,90000.0,91000.0,2025-03-06 15:08:00+00:00,3330.4066729681604,37.420299696271464,0.1786367840000802,0.8481587335999319,31.73835400131952,3276.008925404321,0.9688115851943967,3282.831879432954,0.28849846403659996,0 days 02:19:00
919,CLOSED,2025-03-06 16:28:00+00:00,90000.0,91000.0,2025-03-07 00:13:00+00:00,3330.4066729681604,37.420299696271464,0.1786210539148233,0.8481721041724002,31.738854332148396,3276.2974238683573,0.9687415465069106,3283.7023021171144,0.28850301199380013,0 days 07:45:00
920,CLOSED,2025-03-06 17:01:00+00:00,89000.0,90000.0,2025-03-06 22:00:00+00:00,3330.4066729681604,37.420299696271464,0.18659878453414946,0.841391033145973,31.485104622077785,3269.4109870777183,0.9630207014817662,3276.8794112117803,0.29011931965752424,0 days 04:59:00
921,CLOSED,2025-03-06 19:30:00+00:00,88000.0,89000.0,2025-03-06 19:48:00+00:00,3330.4066729681604,37.420299696271464,0.1944452176546203,0.8347215649935728,31.235531125000232,3262.171392581537,0.9575073583206745,3269.7028607100833,0.29179984712522966,0 days 00:18:00
922,CLOSED,2025-03-07 00:15:00+00:00,90000.0,91000.0,2025-03-07 14:48:00+00:00,3330.4066729681604,37.420299696271464,0.17857361181413522,0.8482124299579851,31.740363335130468,3277.167846047134,0.9685302928080163,3286.0427117564222,0.2885167286800012,0 days 14:33:00
923,CLOSED,2025-03-07 00:15:00+00:00,89000.0,90000.0,2025-03-07 13:30:00+00:00,3330.4066729681604,37.420299696271464,0.18654957605628175,0.8414328603521606,31.486669808668783,3270.281390997559,0.9628122489809406,3278.929642502044,0.2901337420605792,0 days 13:15:00
924,CLOSED,2025-03-07 00:20:00+00:00,88000.0,89000.0,2025-03-07 09:28:00+00:00,3330.4066729681604,37.420299696271464,0.19439427780534932,0.8347648638654531,31.237151381762505,3263.0417606174783,0.9573016122187592,3271.7530593186643,0.291814983435021,0 days 09:08:00
925,CLOSED,2025-03-07 00:23:00+00:00,87000.0,88000.0,2025-03-07 01:41:00+00:00,3330.4066729681604,37.420299696271464,0.20211038586241534,0.8282061720169469,30.99172316717591,3255.4477670941155,0.9519957125541536,3263.928040825422,0.2935621512803621,0 days 01:18:00
926,CLOSED,2025-03-07 00:36:00+00:00,86000.0,87000.0,2025-03-07 01:18:00+00:00,3330.4066729681604,37.420299696271464,0.209700476432235,0.8217545950326003,30.75030322290809,3247.4981485225994,0.9468920940539252,3256.0404907340967,0.2953770434709604,0 days 00:42:00
927,CLOSED,2025-03-07 00:54:00+00:00,85000.0,86000.0,2025-03-07 01:05:00+00:00,3330.4066729681604,37.420299696271464,0.21716703576104313,0.8154080196031134,30.5128124682917,3239.1915672673103,0.9419885127088461,3247.795500696977,0.29726156265432735,0 days 00:11:00
928,CLOSED,2025-03-07 03:36:00+00:00,87000.0,88000.0,2025-03-07 05:08:00+00:00,3330.4066729681604,37.420299696271464,0.20205538217458754,0.8282529251516006,30.99347268348639,3256.333967851521,0.9517903565627026,3264.2216213164597,0.2935787231814828,0 days 01:32:00
929,CLOSED,2025-03-07 14:27:00+00:00,89000.0,90000.0,2025-03-07 14:43:00+00:00,3330.4066729681604,37.420299696271464,0.1864491343328698,0.8415182358170606,31.489864584152052,3272.0431192036413,0.9623914917055292,3279.2198089097865,0.29016318030132027,0 days 00:16:00
930,CLOSED,2025-03-07 15:13:00+00:00,90000.0,91000.0,2025-04-22 15:02:00+00:00,3330.4066729681604,37.420299696271464,0.17844617346123717,0.8483207525579484,31.744416799284974,3279.5082541621973,0.9679627047438121,3320.2347803078833,0.2885535742638261,45 days 23:49:00
931,CLOSED,2025-03-07 15:30:00+00:00,89000.0,90000.0,2025-04-22 13:41:00+00:00,3330.4066729681604,37.420299696271464,0.1864173919519821,0.8415452168408153,31.490874222147063,3272.6217500657062,0.9622521827190937,3313.4118334877567,0.2901724836049482,45 days 22:11:00
932,CLOSED,2025-03-07 16:21:00+00:00,88000.0,89000.0,2025-03-07 18:53:00+00:00,3330.4066729681604,37.420299696271464,0.19425744198329944,0.8348811743141955,31.241503753612253,3265.3820232944,0.9567488131784692,3273.207284511271,0.29185564294662925,0 days 02:32:00
933,CLOSED,2025-03-07 16:42:00+00:00,87000.0,88000.0,2025-03-07 17:45:00+00:00,3330.4066729681604,37.420299696271464,0.20196898837168592,0.828326359884067,30.9962206331834,3257.787883822541,0.951449932854862,3265.675707689698,0.2936047525190695,0 days 01:03:00
934,CLOSED,2025-03-07 19:36:00+00:00,88000.0,89000.0,2025-04-22 12:56:00+00:00,3330.4066729681604,37.420299696271464,0.1942226192119848,0.8349107736698129,31.242611370370273,3265.9674836898657,0.9566112193827662,3306.2351636340763,0.29186599021427995,45 days 17:20:00
935,CLOSED,2025-03-07 20:39:00+00:00,87000.0,88000.0,2025-03-07 20:52:00+00:00,3330.4066729681604,37.420299696271464,0.20193303541802146,0.8283569198946817,30.997364197939323,3258.373330536422,0.9513140777160813,3266.2611789652597,0.2936155846799018,0 days 00:13:00
936,CLOSED,2025-03-07 20:56:00+00:00,87000.0,88000.0,2025-03-24 14:04:00+00:00,3330.4066729681604,37.420299696271464,0.20191484065088486,0.8283723854467478,30.997942923532605,3258.666946121102,0.951246121068938,3278.996684424263,0.2936210665283703,16 days 17:08:00
937,CLOSED,2025-03-07 21:06:00+00:00,86000.0,87000.0,2025-03-07 21:24:00+00:00,3330.4066729681604,37.420299696271464,0.20949879354160558,0.8219260254896352,30.756718201987407,3250.7170957397766,0.9461517965465401,3258.962470081881,0.29543866359680493,0 days 00:18:00
938,CLOSED,2025-03-07 21:55:00+00:00,86000.0,87000.0,2025-03-19 23:43:00+00:00,3330.4066729681604,37.420299696271464,0.20947975515189346,0.8219422081208906,30.757323760898856,3251.012534403373,0.9460844409369049,3269.9186065181575,0.2954444803915024,12 days 01:48:00
939,CLOSED,2025-03-09 10:48:00+00:00,85000.0,86000.0,2025-03-19 22:41:00+00:00,3330.4066729681604,37.420299696271464,0.21693974611437356,0.8156012158027824,30.520041927983495,3242.7056389849645,0.9411906391089176,3261.6733166456534,0.2973319934114862,10 days 11:53:00
940,CLOSED,2025-03-09 13:50:00+00:00,84000.0,85000.0,2025-03-14 15:32:00+00:00,3330.4066729681604,37.420299696271464,0.22427872217053615,0.8093630861550443,30.286609247020937,3234.0402805909057,0.9364944966451418,3250.656772340176,0.29929119091444534,5 days 01:42:00
941,CLOSED,2025-03-09 14:17:00+00:00,83000.0,84000.0,2025-03-10 09:24:00+00:00,3330.4066729681604,37.420299696271464,0.2314989916337242,0.8032258571113344,30.056952296900654,3225.014961312412,0.9319941971577412,3235.2586503818693,0.30132420596402554,0 days 19:07:00
942,CLOSED,2025-03-09 21:24:00+00:00,82000.0,83000.0,2025-03-10 09:17:00+00:00,3330.4066729681604,37.420299696271464,0.23860277995264723,0.7971876370402499,29.83100029220863,3215.628101867439,0.927688132681905,3225.9320124873784,0.3034332953259309,0 days 11:53:00
943,CLOSED,2025-03-09 22:32:00+00:00,81000.0,82000.0,2025-03-10 02:14:00+00:00,3330.4066729681604,37.420299696271464,0.2455922317096024,0.7912466030468379,29.608685019669416,3205.878039480667,0.9235749038184199,3216.2417253510152,0.3056208467730279,0 days 03:42:00
944,CLOSED,2025-03-09 23:07:00+00:00,80000.0,81000.0,2025-03-09 23:17:00+00:00,3330.4066729681604,37.420299696271464,0.2524694124692675,0.7854009994011226,29.38994077934113,3195.7630256272582,0.9196533204639769,3206.18604774035,0.307889386978637,0 days 00:10:00
945,CLOSED,2025-03-10 09:30:00+00:00,83000.0,84000.0,2025-03-12 12:30:00+00:00,3330.4066729681604,37.420299696271464,0.23141157459590347,0.803300161593482,30.059732792891396,3226.233229047454,0.9317284479698491,3239.5624692142965,0.3013520807378356,2 days 03:00:00
946,CLOSED,2025-03-10 10:25:00+00:00,82000.0,83000.0,2025-03-10 11:54:00+00:00,3330.4066729681604,37.420299696271464,0.23851327329276842,0.7972637177011468,29.83384725334048,3216.8463333555337,0.9274253154088468,3226.5367990455306,0.30346225388546344,0 days 01:29:00
947,CLOSED,2025-03-10 13:51:00+00:00,82000.0,83000.0,2025-03-11 18:46:00+00:00,3330.4066729681604,37.420299696271464,0.23849077518727338,0.7972828410908176,29.83456285631317,3217.149795609419,0.9273600780737554,3229.9322505722553,0.3034695328156367,1 days 04:55:00
948,CLOSED,2025-03-10 14:02:00+00:00,81000.0,82000.0,2025-03-11 11:33:00+00:00,3330.4066729681604,37.420299696271464,0.2454776622555799,0.7913439870827571,29.612329159479145,3207.399652791173,0.9232503699284754,3219.3224636411487,0.3056584615841409,0 days 21:31:00
949,CLOSED,2025-03-10 14:16:00+00:00,80000.0,81000.0,2025-03-10 15:37:00+00:00,3330.4066729681604,37.420299696271464,0.25235231807909964,0.7855005296327653,29.393665230438042,3197.2845134803238,0.9193321741155374,3207.7077001913485,0.3079284043748842,0 days 01:21:00
950,CLOSED,2025-03-10 16:00:00+00:00,80000.0,81000.0,2025-03-11 08:28:00+00:00,3330.4066729681604,37.420299696271464,0.2523280165309634,0.7855211859486811,29.39443819597023,3197.592441884699,0.9192678157146507,3209.266668766264,0.3079365019714615,0 days 16:28:00
951,CLOSED,2025-03-10 16:52:00+00:00,79000.0,80000.0,2025-03-11 04:19:00+00:00,3330.4066729681604,37.420299696271464,0.259091933993808,0.7797718561052632,29.17929655017682,3187.110457417841,0.9155407991041997,3198.843597843682,0.3102904233654762,0 days 11:27:00
952,CLOSED,2025-03-10 18:53:00+00:00,78000.0,79000.0,2025-03-10 19:31:00+00:00,3330.4066729681604,37.420299696271464,0.26574752400067864,0.7741146045994232,28.9676005033711,3176.259699266634,0.9120035276101455,3187.423318634927,0.31273087261895327,0 days 00:38:00
953,CLOSED,2025-03-11 00:21:00+00:00,78000.0,79000.0,2025-03-11 01:51:00+00:00,3330.4066729681604,37.420299696271464,0.26572136138140745,0.7741368428258036,28.96843266446697,3176.572430139253,0.9119399384574104,3188.051329472029,0.3127398565341224,0 days 01:30:00
954,CLOSED,2025-03-11 00:34:00+00:00,77000.0,78000.0,2025-03-11 01:30:00+00:00,3330.4066729681604,37.420299696271464,0.27226998025659727,0.7685705167818924,28.76013907569665,3165.350864079729,0.9085924534327464,3176.8878363588974,0.3152701385809884,0 days 00:56:00
955,CLOSED,2025-03-11 13:07:00+00:00,81000.0,82000.0,2025-03-11 13:27:00+00:00,3330.4066729681604,37.420299696271464,0.24531149879068476,0.7914852260279179,29.617614363135846,3209.5722074502028,0.9227900931590233,3219.628182001708,0.30571301545628415,0 days 00:20:00
956,CLOSED,2025-03-11 13:34:00+00:00,81000.0,82000.0,2025-03-11 18:03:00+00:00,3330.4066729681604,37.420299696271464,0.2452881349993258,0.7915050852505731,29.618357501199338,3209.8779204656594,0.9227253570099196,3220.2418963490854,0.30572068612737624,0 days 04:29:00
957,CLOSED,2025-03-11 14:28:00+00:00,80000.0,81000.0,2025-03-11 15:09:00+00:00,3330.4066729681604,37.420299696271464,0.2521587323657124,0.7856650774891445,29.39982266053813,3199.7627007769206,0.9188125936151355,3210.1860325709713,0.30799290968958104,0 days 00:41:00
958,CLOSED,2025-03-12 04:02:00+00:00,82000.0,83000.0,2025-03-12 11:56:00+00:00,3330.4066729681604,37.420299696271464,0.23823933214512136,0.7974965676766468,29.84256056920796,3220.5452464125383,0.9266306878454971,3230.2358095429095,0.30355088350301074,0 days 07:54:00
959,CLOSED,2025-03-12 13:49:00+00:00,83000.0,84000.0,2025-03-13 00:26:00+00:00,3330.4066729681604,37.420299696271464,0.2311032813219515,0.8035622108763413,30.06953875559118,3230.5370450686996,0.9307907117638927,3240.4732508259463,0.30145038657719425,0 days 10:37:00
960,CLOSED,2025-03-12 14:32:00+00:00,82000.0,83000.0,2025-03-12 19:20:00+00:00,3330.4066729681604,37.420299696271464,0.23819760695630235,0.797532034087143,29.84388773291788,3221.150021544832,0.9264979132702751,3231.1464744705795,0.3035643830723842,0 days 04:48:00
961,CLOSED,2025-03-12 15:05:00+00:00,81000.0,82000.0,2025-03-12 15:50:00+00:00,3330.4066729681604,37.420299696271464,0.24517774788227123,0.7915989143000695,29.621868612351708,3211.3996377714357,0.9223974576053676,3221.455892168039,0.3057569278166916,0 days 00:45:00
962,CLOSED,2025-03-13 06:07:00+00:00,83000.0,84000.0,2025-03-14 15:03:00+00:00,3330.4066729681604,37.420299696271464,0.2310381457109948,0.8036175761456544,30.071610540561643,3231.4478167661664,0.9305924850321566,3241.6921431561113,0.3014711564461763,1 days 08:56:00
963,CLOSED,2025-03-13 13:53:00+00:00,82000.0,83000.0,2025-03-14 10:27:00+00:00,3330.4066729681604,37.420299696271464,0.2381309128607322,0.7975887240683777,29.846009089005456,3222.06076623421,0.9263018687226076,3232.36534400952,0.30358596096323254,0 days 20:34:00
964,CLOSED,2025-03-13 15:40:00+00:00,81000.0,82000.0,2025-03-14 02:48:00+00:00,3330.4066729681604,37.420299696271464,0.24510952031146432,0.7916569077352553,29.62403874407678,3212.310329558828,0.922203514133869,3222.6747131210773,0.3057793279163583,0 days 11:08:00
965,CLOSED,2025-03-13 17:46:00+00:00,80000.0,81000.0,2025-03-13 19:03:00+00:00,3330.4066729681604,37.420299696271464,0.25197602501645405,0.7858203787360141,29.405634079739194,3202.1947517092813,0.9182962424144544,3212.6185027415754,0.30805379018977774,0 days 01:17:00
966,CLOSED,2025-03-14 16:34:00+00:00,84000.0,85000.0,2025-03-16 16:09:00+00:00,3330.4066729681604,37.420299696271464,0.2237286749258663,0.8098306263130137,30.304104739852196,3241.9913174710905,0.9347373812059082,3251.2577581505993,0.2994640807497646,1 days 23:35:00
967,CLOSED,2025-03-16 11:16:00+00:00,83000.0,84000.0,2025-03-16 16:08:00+00:00,3330.4066729681604,37.420299696271464,0.230935009518233,0.803705241909502,30.07489101971792,3232.9657726257064,0.9302570189381283,3242.2929242118207,0.30150404360543703,0 days 04:52:00
968,CLOSED,2025-03-16 16:11:00+00:00,84000.0,85000.0,2025-03-19 18:53:00+00:00,3330.4066729681604,37.420299696271464,0.2236872100143719,0.8098658714877839,30.305423624854942,3242.5922855954454,0.9346048147798478,3253.069113829798,0.2994771139242616,3 days 02:42:00
969,CLOSED,2025-03-16 19:14:00+00:00,83000.0,84000.0,2025-03-17 12:00:00+00:00,3330.4066729681604,37.420299696271464,0.23089249337937073,0.8037413806275349,30.07624334137735,3233.566723745866,0.9301259541209058,3243.1975402284756,0.3015176007767053,0 days 16:46:00
970,CLOSED,2025-03-16 23:06:00+00:00,82000.0,83000.0,2025-03-17 00:33:00+00:00,3330.4066729681604,37.420299696271464,0.23798154489040554,0.7977156868431553,29.850760074087905,3224.1793890633403,0.9258405464455215,3233.870466368231,0.30363428676677273,0 days 01:27:00
971,CLOSED,2025-03-17 13:02:00+00:00,83000.0,84000.0,2025-03-17 17:33:00+00:00,3330.4066729681604,37.420299696271464,0.23084929065744958,0.8037781029411679,30.07761750135904,3234.17187563341,0.9299944053056352,3243.4990729946812,0.3015313768795309,0 days 04:31:00
972,CLOSED,2025-03-18 03:31:00+00:00,83000.0,84000.0,2025-03-19 11:38:00+00:00,3330.4066729681604,37.420299696271464,0.2308277699040828,0.8037963955815296,30.078302017443608,3234.4734070102895,0.929928870407557,3244.10426765435,0.3015382392275008,1 days 08:07:00
973,CLOSED,2025-03-18 13:35:00+00:00,82000.0,83000.0,2025-03-19 00:28:00+00:00,3330.4066729681604,37.420299696271464,0.23791527203586663,0.7977720187695134,29.852868031654694,3225.086045490565,0.9256456296226913,3234.7771711471137,0.3036557283713037,0 days 10:53:00
974,CLOSED,2025-03-20 00:51:00+00:00,86000.0,87000.0,2025-03-24 05:19:00+00:00,3330.4066729681604,37.420299696271464,0.20877616511719124,0.8225402596503875,30.779703028366445,3261.968670227662,0.9435928465314856,3271.1089384548063,0.29565944808830835,4 days 04:28:00
975,CLOSED,2025-03-20 10:20:00+00:00,85000.0,86000.0,2025-03-20 14:06:00+00:00,3330.4066729681604,37.420299696271464,0.21621604970227062,0.81621635775307,30.543060724119005,3253.66149246617,0.9387288995748712,3262.2663182599495,0.2975562468563844,0 days 03:46:00
976,CLOSED,2025-03-20 15:36:00+00:00,85000.0,86000.0,2025-03-23 23:58:00+00:00,3330.4066729681604,37.420299696271464,0.21619627796104823,0.8162331637331091,30.543689608928755,3253.9590487130263,0.9386623848572738,3262.8634125204494,0.29756237357058524,3 days 08:22:00
977,CLOSED,2025-03-20 16:30:00+00:00,84000.0,85000.0,2025-03-23 11:26:00+00:00,3330.4066729681604,37.420299696271464,0.22351497256465364,0.8100122733200444,30.310902025294215,3245.2931287776673,0.9339958155555196,3254.2586773490502,0.2995312512817385,2 days 18:56:00
978,CLOSED,2025-03-25 01:30:00+00:00,87000.0,88000.0,2025-03-25 14:41:00+00:00,3330.4066729681604,37.420299696271464,0.2011287901799309,0.8290405283470588,31.02294503110218,3271.4024509953133,0.9483072014469986,3279.29056758185,0.2938578933884024,0 days 13:11:00
979,CLOSED,2025-03-26 13:57:00+00:00,87000.0,88000.0,2025-04-02 20:14:00+00:00,3330.4066729681604,37.420299696271464,0.20111072515280065,0.8290558836201194,31.023519630022022,3271.696308888702,0.9482395889170958,3282.8881732607097,0.2938633361478793,7 days 06:17:00
980,CLOSED,2025-03-26 19:07:00+00:00,86000.0,87000.0,2025-03-26 20:11:00+00:00,3330.4066729681604,37.420299696271464,0.2086702023031363,0.8226303280423342,30.78307341458625,3263.746139239523,0.9431822237791734,3271.992087067066,0.2956918228818033,0 days 01:04:00
981,CLOSED,2025-03-27 13:35:00+00:00,86000.0,87000.0,2025-03-27 14:39:00+00:00,3330.4066729681604,37.420299696271464,0.20865129872417082,0.8226463960844548,30.78367468553794,3264.0418310624045,0.9431152012999245,3272.287785273208,0.29569759848781274,0 days 01:04:00
982,CLOSED,2025-03-28 04:55:00+00:00,86000.0,87000.0,2025-04-02 15:33:00+00:00,3330.4066729681604,37.420299696271464,0.2086323982007377,0.822662461529373,30.78427585930153,3264.3375286608925,0.9430481863169939,3275.000138221483,0.29570337316026496,5 days 10:38:00
983,CLOSED,2025-03-28 10:55:00+00:00,85000.0,86000.0,2025-04-02 13:49:00+00:00,3330.4066729681604,37.420299696271464,0.21606782307297187,0.8163423503879739,30.54777540627663,3256.029999516142,0.9381908462396273,3266.7542696064306,0.29760217817743495,5 days 02:54:00
984,CLOSED,2025-03-28 15:02:00+00:00,84000.0,85000.0,2025-04-01 15:16:00+00:00,3330.4066729681604,37.420299696271464,0.22338267029637998,0.810124730248077,30.315110197244117,3247.3636806644226,0.9335298777204262,3257.846859623338,0.2995728362866643,4 days 00:14:00
985,CLOSED,2025-03-29 10:53:00+00:00,83000.0,84000.0,2025-04-01 08:29:00+00:00,3330.4066729681604,37.420299696271464,0.23057922848487722,0.8040076557878544,30.08620743767818,3238.3370612030667,0.9290634936716848,3248.5766382259453,0.3016174919225669,2 days 21:36:00
986,CLOSED,2025-03-29 17:12:00+00:00,82000.0,83000.0,2025-03-30 01:06:00+00:00,3330.4066729681604,37.420299696271464,0.23765970392784164,0.7979892516613346,29.86099695157053,3228.9485487019374,0.9247901135982759,3238.6409083395874,0.303738413662888,0 days 07:54:00
987,CLOSED,2025-03-30 22:02:00+00:00,82000.0,83000.0,2025-03-31 12:51:00+00:00,3330.4066729681604,37.420299696271464,0.23763735002822511,0.7980082524760086,29.861707967750107,3229.2522871156,0.9247251472700163,3238.944654704492,0.30374564593737574,0 days 14:49:00
988,CLOSED,2025-03-31 13:32:00+00:00,82000.0,83000.0,2025-03-31 14:07:00+00:00,3330.4066729681604,37.420299696271464,0.23761499980124315,0.7980272501689434,29.862418867113263,3229.5560327615376,0.9246601874740791,3239.2484083003656,0.3037528770236406,0 days 00:35:00
989,CLOSED,2025-04-01 14:10:00+00:00,83000.0,84000.0,2025-04-01 14:51:00+00:00,3360.109449707099,37.75403876075392,0.23049290197481193,0.8040810333214099,30.357306498803574,3239.5499156316137,0.9370840792519421,3248.8812476063013,0.30433528940663734,0 days 00:41:00
990,CLOSED,2025-04-02 06:10:00+00:00,84000.0,85000.0,2025-04-02 09:06:00+00:00,3360.109449707099,37.75403876075392,0.22325776702376932,0.8102308980297961,30.58948872937738,3249.1804432186623,0.9414524451302928,3258.1494212257776,0.3022842351419648,0 days 02:56:00
991,CLOSED,2025-04-02 20:26:00+00:00,87000.0,88000.0,2025-04-21 14:21:00+00:00,3360.109449707099,37.75403876075392,0.20088982376528539,0.8292436497995075,31.307296896639656,3275.2939139869386,0.9558622132488261,3298.4070492553756,0.29655135270067134,18 days 17:55:00
992,CLOSED,2025-04-02 20:27:00+00:00,86000.0,87000.0,2025-04-21 00:46:00+00:00,3360.109449707099,37.75403876075392,0.2085264343347479,0.8227525308154643,31.062230938915423,3267.3402020146386,0.950688603524129,3290.5160365762235,0.2983733159259998,18 days 04:19:00
993,CLOSED,2025-04-02 21:06:00+00:00,85000.0,86000.0,2025-04-13 01:31:00+00:00,3360.109449707099,37.75403876075392,0.21603839875582925,0.8163673610575451,30.82116499238095,3259.02590756518,0.9457170905219179,3279.8477717934356,0.30026559098683236,10 days 04:25:00
994,CLOSED,2025-04-02 22:09:00+00:00,84000.0,85000.0,2025-04-12 14:25:00+00:00,3360.109449707099,37.75403876075392,0.22342815293703508,0.8100860700035202,30.584020886459715,3250.349614842523,0.9409455754174767,3271.2332174040275,0.3022302021135346,9 days 16:16:00
995,CLOSED,2025-04-02 22:39:00+00:00,83000.0,84000.0,2025-04-04 07:51:00+00:00,3360.109449707099,37.75403876075392,0.23069804630533586,0.8039066606404646,30.35072322584835,3241.3098278727143,0.9363721716713412,3250.960370916723,0.30426929138140935,1 days 09:12:00
996,CLOSED,2025-04-03 12:47:00+00:00,82000.0,83000.0,2025-04-03 23:46:00+00:00,3360.109449707099,37.75403876075392,0.23785034402677577,0.7978272075772406,30.121199319255204,3231.904968507764,0.9319952044618061,3241.6163203174856,0.306385125509788,0 days 10:59:00
997,CLOSED,2025-04-04 10:22:00+00:00,83000.0,84000.0,2025-04-04 17:37:00+00:00,3360.109449707099,37.75403876075392,0.23065459157480986,0.8039435971614116,30.35211772869187,3241.920482289606,0.9362388095113207,3251.8774622609944,0.30428327142362477,0 days 07:15:00
998,CLOSED,2025-04-04 11:22:00+00:00,82000.0,83000.0,2025-04-04 12:30:00+00:00,3360.109449707099,37.75403876075392,0.23780583883856948,0.797865036987216,30.122627532265714,3232.515604745715,0.9318633292300936,3242.226989311476,0.30639965292676763,0 days 01:08:00
999,CLOSED,2025-04-04 14:49:00+00:00,82000.0,83000.0,2025-04-04 15:01:00+00:00,3360.109449707099,37.75403876075392,0.23778330013201995,0.7978841948877831,30.123350820386296,3232.822004398641,0.9317973825778182,3242.5333970528804,0.30640701002829474,0 days 00:12:00
1000,CLOSED,2025-04-05 13:19:00+00:00,83000.0,84000.0,2025-04-11 17:44:00+00:00,3360.109449707099,37.75403876075392,0.23058936135604613,0.8039990428473608,30.354211027268313,3242.8375722239844,0.9360385881569443,3261.9501696900707,0.3043042569688339,6 days 04:25:00
1001,CLOSED,2025-04-06 16:57:00+00:00,82000.0,83000.0,2025-04-09 20:55:00+00:00,3360.109449707099,37.75403876075392,0.2377390315585214,0.7979218231752568,30.124771440210083,3233.4326673915502,0.9316653395634833,3250.745959942556,0.3064214602093287,3 days 03:58:00
1002,CLOSED,2025-04-06 17:45:00+00:00,81000.0,82000.0,2025-04-09 17:58:00+00:00,3360.109449707099,37.75403876075392,0.24477333162678985,0.7919426681172286,29.899034188392726,3223.6609841124987,0.927486926688235,3241.0346393248537,0.30861783089259376,3 days 00:13:00
1003,CLOSED,2025-04-06 18:20:00+00:00,80000.0,81000.0,2025-04-07 14:17:00+00:00,3360.109449707099,37.75403876075392,0.2516943621780642,0.7860597921486454,29.67693186105013,3213.520771815709,0.9235021015371256,3226.2003644149727,0.31089590913801146,0 days 19:57:00
1004,CLOSED,2025-04-06 18:47:00+00:00,79000.0,80000.0,2025-04-07 14:13:00+00:00,3360.109449707099,37.75403876075392,0.25850414536036237,0.780271476443692,29.458399565565838,3203.0101909346317,0.9197098294891761,3215.7492619251652,0.31325838363342484,0 days 19:26:00
1005,CLOSED,2025-04-06 22:51:00+00:00,78000.0,79000.0,2025-04-07 01:18:00+00:00,3360.109449707099,37.75403876075392,0.2652046264631077,0.7745760675063584,29.243374875787403,3192.1273103432422,0.9161092911624169,3203.326029307638,0.31570810092343393,0 days 02:27:00
1006,CLOSED,2025-04-07 03:33:00+00:00,78000.0,79000.0,2025-04-07 14:10:00+00:00,3360.109449707099,37.75403876075392,0.2651783997619598,0.7745983602023342,29.244216515095353,3192.4430184441653,0.9160450584752332,3204.9254292565665,0.3157171871642923,0 days 10:37:00
1007,CLOSED,2025-04-07 04:17:00+00:00,77000.0,78000.0,2025-04-07 13:56:00+00:00,3360.109449707099,37.75403876075392,0.2717709634692646,0.7689946810511251,29.032654995217776,3181.185801108921,0.912636256112339,3193.7268364305983,0.31825747224744916,0 days 09:39:00
1008,CLOSED,2025-04-07 06:25:00+00:00,76000.0,77000.0,2025-04-07 10:12:00+00:00,3360.109449707099,37.75403876075392,0.2782578970734563,0.7634807874875622,28.824483243896353,3169.5521249151943,0.909418179853016,3181.8304560160277,0.32089121459928904,0 days 03:47:00
1009,CLOSED,2025-04-07 06:44:00+00:00,75000.0,76000.0,2025-04-07 08:20:00+00:00,3360.109449707099,37.75403876075392,0.2846409231049077,0.7580552153608284,28.61964598352438,3157.5397666463678,0.9063906743420492,3169.8758944704673,0.3236217984949761,0 days 01:36:00
1010,CLOSED,2025-04-07 13:42:00+00:00,76000.0,77000.0,2025-04-07 13:51:00+00:00,3360.109449707099,37.75403876075392,0.27820132618649157,0.7635288727414822,28.826298656436666,3170.1966379282885,0.9092905566663695,3182.151369278334,0.32091142484660296,0 days 00:09:00
1011,CLOSED,2025-04-07 14:20:00+00:00,80000.0,81000.0,2025-04-09 17:25:00+00:00,3360.109449707099,37.75403876075392,0.2514956352280777,0.7862287100561339,29.683309194276838,3216.060033306756,0.9229712407997692,3230.954350358461,0.31096271816061005,2 days 03:05:00
1012,CLOSED,2025-04-07 14:23:00+00:00,79000.0,80000.0,2025-04-07 22:50:00+00:00,3360.109449707099,37.75403876075392,0.2583013420360997,0.7804438592693153,29.464907713446106,3205.5493664113965,0.9191843377047095,3217.3208521147635,0.3133275907836932,0 days 08:27:00
1013,CLOSED,2025-04-07 14:29:00+00:00,78000.0,79000.0,2025-04-07 14:33:00+00:00,3360.109449707099,37.75403876075392,0.26499780505408044,0.7747518657040317,29.25001196775643,3194.6663173756738,0.9155889555246093,3205.865276644995,0.31577975420252,0 days 00:04:00
1014,CLOSED,2025-04-07 15:14:00+00:00,78000.0,79000.0,2025-04-07 15:44:00+00:00,3360.109449707099,37.75403876075392,0.2649716136892464,0.7747741283641406,29.2508524730891,3194.9820971298764,0.9155247692738495,3206.181066323626,0.31578882820110366,0 days 00:30:00
1015,CLOSED,2025-04-07 16:18:00+00:00,78000.0,79000.0,2025-04-07 17:45:00+00:00,3360.109449707099,37.75403876075392,0.2649454267488171,0.7747963872635055,29.251692836438494,3195.297885958077,0.9154605886664515,3206.4968650745786,0.3157979006668654,0 days 01:27:00
1016,CLOSED,2025-04-08 00:58:00+00:00,79000.0,80000.0,2025-04-08 01:36:00+00:00,3360.109449707099,37.75403876075392,0.2581997959622658,0.7805301734320741,29.468166421692505,3206.8100604852507,0.9189245969009283,3217.634217655061,0.3133622436396877,0 days 00:38:00
1017,CLOSED,2025-04-08 08:24:00+00:00,79000.0,80000.0,2025-04-08 11:58:00+00:00,3360.109449707099,37.75403876075392,0.2581745677260225,0.7805516174328809,29.468976019330153,3207.1234227288905,0.9188600541682761,3217.9475893269264,0.31337085283947985,0 days 03:34:00
1018,CLOSED,2025-04-08 14:50:00+00:00,79000.0,80000.0,2025-04-09 17:21:00+00:00,3360.109449707099,37.75403876075392,0.2581493437264002,0.7805730578325598,29.469785481010675,3207.43679358173,0.9187955173421173,3220.5031797502156,0.3133794605935094,1 days 02:31:00
1019,CLOSED,2025-04-08 16:18:00+00:00,78000.0,79000.0,2025-04-09 17:19:00+00:00,3360.109449707099,37.75403876075392,0.26484284591328155,0.7748835809737107,29.254984751153273,3196.5536779860904,0.9152039257975062,3209.679134358666,0.3158334397982898,1 days 01:01:00
1020,CLOSED,2025-04-08 17:12:00+00:00,77000.0,78000.0,2025-04-09 14:00:00+00:00,3360.109449707099,37.75403876075392,0.27142901140907205,0.7692853403022888,29.043628555852383,3185.296088348021,0.9118031024524058,3198.161765161691,0.31837776498917947,0 days 20:48:00
1021,CLOSED,2025-04-09 00:05:00+00:00,76000.0,77000.0,2025-04-09 06:01:00+00:00,3360.109449707099,37.75403876075392,0.27790963068420704,0.763776813918424,28.835659437241315,3173.6618972748834,0.9085926721432275,3186.2647576533327,0.32101563460108906,0 days 05:56:00
1022,CLOSED,2025-04-09 01:25:00+00:00,75000.0,76000.0,2025-04-09 01:49:00+00:00,3360.109449707099,37.75403876075392,0.2842864213988224,0.758356541811001,28.631022274003833,3161.6488770158935,0.9055724840965604,3173.985795809862,0.3237504379473073,0 days 00:24:00
1023,CLOSED,2025-04-09 04:00:00+00:00,75000.0,76000.0,2025-04-09 04:15:00+00:00,3360.109449707099,37.75403876075392,0.2842573136663167,0.7583812833836309,28.631956368295903,3161.9726274538407,0.9055093051628221,3174.3095577558506,0.32376100038665,0 days 00:15:00
1024,CLOSED,2025-04-09 11:06:00+00:00,76000.0,77000.0,2025-04-09 12:55:00+00:00,3360.109449707099,37.75403876075392,0.2778248450666174,0.7638488816933752,28.838380286810224,3174.6304243478185,0.9084011816189486,3186.585806331936,0.321045924709523,0 days 01:49:00
1025,CLOSED,2025-04-09 14:52:00+00:00,77000.0,78000.0,2025-04-09 16:50:00+00:00,3360.109449707099,37.75403876075392,0.27129206204362527,0.7694017472629185,29.048023388756018,3186.904039110654,0.9114809555690995,3198.480195550523,0.31842594137576796,0 days 01:58:00
1026,CLOSED,2025-04-10 03:06:00+00:00,82000.0,83000.0,2025-04-11 13:39:00+00:00,3360.109449707099,37.75403876075392,0.23715899171567925,0.7984148570416727,30.143385459913112,3241.3409476665943,0.9299665152971027,3252.2994516640056,0.30661079725074103,1 days 10:33:00
1027,CLOSED,2025-04-10 13:37:00+00:00,81000.0,82000.0,2025-04-11 09:27:00+00:00,3360.109449707099,37.75403876075392,0.2441800262069187,0.7924469777241191,29.918073912838693,3231.5690190002833,0.9258064344884125,3242.587923528571,0.3088143589283199,0 days 19:50:00
1028,CLOSED,2025-04-10 15:33:00+00:00,80000.0,81000.0,2025-04-11 04:15:00+00:00,3360.109449707099,37.75403876075392,0.2510879978870229,0.7865752017960306,29.696390656855176,3221.4283260672605,0.9218392480303517,3232.507186197406,0.3110997597260976,0 days 12:42:00
1029,CLOSED,2025-04-10 15:48:00+00:00,79000.0,80000.0,2025-04-10 19:56:00+00:00,3360.109449707099,37.75403876075392,0.25788491854696366,0.7807978192350808,29.478271131713377,3210.9170211391665,0.9180639343104264,3221.7419209353525,0.3134696963586059,0 days 04:08:00
1030,CLOSED,2025-04-11 00:59:00+00:00,79000.0,80000.0,2025-04-11 01:47:00+00:00,3360.109449707099,37.75403876075392,0.25785974467441136,0.7808192170267504,29.479078984769462,3211.230490835525,0.917999473064898,3222.05540003962,0.31347828700664593,0 days 00:48:00
1031,CLOSED,2025-04-11 14:21:00+00:00,82000.0,83000.0,2025-04-11 16:47:00+00:00,3360.109449707099,37.75403876075392,0.2370453833095245,0.7985114241869042,30.1470312596572,3242.894420565865,0.9296334493183017,3252.6061032319685,0.3066478813920561,0 days 02:26:00
1032,CLOSED,2025-04-12 02:49:00+00:00,83000.0,84000.0,2025-04-12 08:11:00+00:00,3360.109449707099,37.75403876075392,0.22987533653303852,0.8046059639469173,30.37712474998569,3252.91027753666,0.9338445317646281,3262.254726826196,0.30453396952369616,0 days 05:22:00
1033,CLOSED,2025-04-13 02:17:00+00:00,85000.0,86000.0,2025-04-15 10:01:00+00:00,3360.109449707099,37.75403876075392,0.21521245706178088,0.8170694114974862,30.84767023190249,3271.53338699175,0.9429116742185422,3280.753327447034,0.30052381001947737,2 days 07:44:00
1034,CLOSED,2025-04-13 13:40:00+00:00,84000.0,85000.0,2025-04-14 00:22:00+00:00,3360.109449707099,37.75403876075392,0.22257973068313666,0.8108072289193339,30.61124754812001,3262.8567562493317,0.938173197137461,3271.8359832680244,0.3024992550116856,0 days 10:42:00
1035,CLOSED,2025-04-14 15:40:00+00:00,84000.0,85000.0,2025-04-14 18:04:00+00:00,3360.109449707099,37.75403876075392,0.22255909724252268,0.8108247673438558,30.611909694479213,3263.1592555043435,0.9381065187928725,3272.138489735701,0.30250579831835367,0 days 02:24:00
1036,CLOSED,2025-04-15 14:19:00+00:00,85000.0,86000.0,2025-04-21 00:26:00+00:00,3360.109449707099,37.75403876075392,0.21515290481447152,0.8171200309076992,30.84958131907772,3272.4389158550994,0.9427091570635666,3282.2639856627566,0.30054242819046806,5 days 10:07:00
1037,CLOSED,2025-04-15 19:45:00+00:00,84000.0,85000.0,2025-04-16 15:24:00+00:00,3360.109449707099,37.75403876075392,0.2225185558135606,0.8108592275584735,30.61321070675759,3263.7622607406993,0.9379730587303878,3272.7415316046936,0.30251865487522167,0 days 19:39:00
1038,CLOSED,2025-04-16 17:46:00+00:00,84000.0,85000.0,2025-04-17 07:33:00+00:00,3360.109449707099,37.75403876075392,0.22249793244400787,0.8108767574225934,30.613872529927043,3264.0647793955745,0.9379064019555393,3273.0440574687136,0.3025251949881458,0 days 13:47:00
1039,CLOSED,2025-04-17 14:29:00+00:00,84000.0,85000.0,2025-04-17 16:34:00+00:00,3360.109449707099,37.75403876075392,0.2224773124511834,0.8108942844164941,30.614534244734134,3264.3673045905625,0.9378397523367549,3273.3465898716668,0.30253173403023936,0 days 02:05:00
1040,CLOSED,2025-04-20 10:54:00+00:00,84000.0,85000.0,2025-04-20 20:19:00+00:00,3360.109449707099,37.75403876075392,0.22245669583434538,0.8109118085408065,30.61519585120267,3264.669836324593,0.9377731098734826,3273.6491288124816,0.30253827200173333,0 days 09:25:00
1041,CLOSED,2025-04-21 17:00:00+00:00,87000.0,88000.0,2025-04-22 01:15:00+00:00,3360.109449707099,37.75403876075392,0.19994248123058347,0.830048890954004,31.337698002398273,3290.8125032295698,0.9522784410124787,3298.70391929553,0.29683932036092386,0 days 08:15:00
1042,CLOSED,2025-04-23 13:58:00+00:00,93000.0,94000.0,2025-04-23 18:09:00+00:00,3360.109449707099,37.75403876075392,0.15211229505943738,0.8707045491994783,32.87261329964187,3333.107815355431,0.9862451237910661,3339.1682442594156,0.2870500217737586,0 days 04:11:00
1043,CLOSED,2025-04-23 15:27:00+00:00,92000.0,93000.0,2025-04-23 15:56:00+00:00,3360.109449707099,37.75403876075392,0.1605044366907021,0.8635712288129032,32.60330164527424,3327.270142525351,0.9798814117488157,3333.396368770308,0.28850130050332723,0 days 00:29:00
1044,CLOSED,2025-04-23 19:26:00+00:00,93000.0,94000.0,2025-04-24 23:35:00+00:00,3360.109449707099,37.75403876075392,0.15208603328741932,0.8707268717056935,32.87345606440676,3333.6833666777084,0.9861001315541218,3339.7438116033745,0.2870573809587995,1 days 04:09:00
1045,CLOSED,2025-04-24 08:28:00+00:00,92000.0,93000.0,2025-04-24 14:01:00+00:00,3360.109449707099,37.75403876075392,0.16047692817856388,0.8635946110482207,32.60418441909273,3327.8456839519386,0.9797384709369716,3333.9719279528194,0.2885091120249186,0 days 05:33:00
1046,CLOSED,2025-04-25 02:56:00+00:00,93000.0,94000.0,2025-04-25 11:14:00+00:00,3360.109449707099,37.75403876075392,0.1520597798900181,0.8707491870934846,32.87429856042239,3334.2589331706927,0.9859551768272771,3340.030877191876,0.287064737797067,0 days 08:18:00
1047,CLOSED,2025-04-26 11:52:00+00:00,94000.0,95000.0,2025-04-27 00:20:00+00:00,3360.109449707099,37.75403876075392,0.1436105878902604,0.8779310002932786,33.1454410143399,3340.313027444284,0.9922854757028535,3345.7353778881857,0.28564846849480574,0 days 12:28:00
1048,CLOSED,2025-04-27 05:13:00+00:00,94000.0,95000.0,2025-04-28 10:37:00+00:00,3360.109449707099,37.75403876075392,0.14359830801216963,0.8779414381896558,33.14583508708431,3340.5986759127786,0.9922124236616842,3346.308075948991,0.28565186462628844,1 days 05:24:00
1049,CLOSED,2025-04-28 01:31:00+00:00,93000.0,94000.0,2025-04-28 04:11:00+00:00,3360.109449707099,37.75403876075392,0.15212736678047886,0.870691738236593,32.87212963405254,3335.1100300047046,0.9856385348103843,3340.885768243804,0.28704579831222077,0 days 02:40:00
1050,CLOSED,2025-04-28 13:58:00+00:00,94000.0,95000.0,2025-04-28 23:10:00+00:00,3360.109449707099,37.75403876075392,0.14357369436437806,0.8779623597902787,33.14662496200516,3341.171373575717,0.992065992907502,3346.593735418264,0.28565867179356985,0 days 09:12:00
1051,CLOSED,2025-04-29 23:05:00+00:00,94000.0,95000.0,2025-04-30 03:54:00+00:00,3360.109449707099,37.75403876075392,0.14356142035623107,0.8779727926972036,33.14701884637759,3341.4570322475106,0.9919929697280125,3346.879397882242,0.28566206630166135,0 days 04:49:00
1052,CLOSED,2025-04-30 13:41:00+00:00,94000.0,95000.0,2025-05-01 03:11:00+00:00,3360.109449707099,37.75403876075392,0.14354914830068055,0.8779832239444215,33.14741266808938,3341.742694313812,0.9919199561501791,3347.4521240252025,0.2856654602697475,0 days 13:30:00
1053,CLOSED,2025-04-30 14:00:00+00:00,93000.0,94000.0,2025-04-30 14:28:00+00:00,3360.109449707099,37.75403876075392,0.15207566973422473,0.870735680725909,32.87378864049742,3336.254030062163,0.9853502864074443,3342.02980122919,0.28706028507758674,0 days 00:28:00
1054,CLOSED,2025-05-03 10:42:00+00:00,96000.0,97000.0,2025-05-07 00:07:00+00:00,3383.1841541616977,38.01330510294042,0.1263658299737196,0.8925890445223383,33.93025968096972,3352.7999222348085,1.0119977471949326,3358.393602746547,0.2849070889380272,3 days 13:25:00
1055,CLOSED,2025-05-04 22:32:00+00:00,95000.0,96000.0,2025-05-06 22:42:00+00:00,3383.1841541616977,38.01330510294042,0.13524770550650586,0.8850394503194701,33.6432746531327,3347.9995787008534,1.0048769082040185,3353.661152889245,0.2861789018326135,2 days 00:10:00
1056,CLOSED,2025-05-05 01:31:00+00:00,94000.0,95000.0,2025-05-05 22:36:00+00:00,3383.1841541616977,38.01330510294042,0.14397873294096242,0.8776180770001819,33.36116372486377,3342.845736558468,0.9979869355027376,3348.2871253535513,0.2875075736988606,0 days 21:05:00
1057,CLOSED,2025-05-06 10:45:00+00:00,94000.0,95000.0,2025-05-06 18:56:00+00:00,3383.1841541616977,38.01330510294042,0.14396635085112355,0.877628601776545,33.361563806398806,3343.133244132167,0.9979130764516992,3348.574636779099,0.2875110216143,0 days 08:11:00
1058,CLOSED,2025-05-07 18:09:00+00:00,96000.0,97000.0,2025-05-07 21:28:00+00:00,3383.1841541616977,38.01330510294042,0.12632264846271762,0.89262574880669,33.93165493212936,3353.946026820892,1.0116935293765652,3358.678522959566,0.28491880464400765,0 days 03:19:00
1059,CLOSED,2025-05-08 21:42:00+00:00,103000.0,104000.0,2025-05-09 07:43:00+00:00,3383.1841541616977,38.01330510294042,0.06165183601902083,0.9475959393838322,36.02125355810505,3380.0719430988024,1.065694877638648,3382.4084740148846,0.27701533037271275,0 days 10:01:00
1060,CLOSED,2025-05-09 08:40:00+00:00,103000.0,104000.0,2025-05-10 07:06:00+00:00,3383.1841541616977,38.01330510294042,0.06164678372887773,0.9476002338304539,36.02141680421473,3380.348958429175,1.0656123745565498,3382.68549076534,0.2770165857891769,0 days 22:26:00
1061,CLOSED,2025-05-12 01:35:00+00:00,104000.0,105000.0,2025-05-12 07:00:00+00:00,3383.1841541616977,38.01330510294042,0.05182369757344227,0.9559498570625741,36.33881357963191,3382.9511650043205,1.0741749380111285,3384.949629198885,0.2760719067628372,0 days 05:25:00
1062,CLOSED,2025-05-12 11:48:00+00:00,104000.0,105000.0,2025-05-18 14:38:00+00:00,3383.1841541616977,38.01330510294042,0.05181946875107749,0.9559534515615842,36.33895021841948,3383.2272369110833,1.0740913238685459,3387.7227269782456,0.27607294483003386,6 days 02:50:00
1063,CLOSED,2025-05-12 14:29:00+00:00,103000.0,104000.0,2025-05-13 16:12:00+00:00,3383.1841541616977,38.01330510294042,0.061986148886371786,0.947311773446584,36.01045147163257,3381.1560936402,1.0650336889020469,3384.338638644511,0.27693225876199534,1 days 01:43:00
1064,CLOSED,2025-05-12 18:07:00+00:00,102000.0,103000.0,2025-05-12 23:20:00+00:00,3383.1841541616977,38.01330510294042,0.07197224477265668,0.9388235919432418,35.68778763837689,3378.7360124503925,1.0562467001526614,3381.712725581343,0.27784097281370634,0 days 05:13:00
1065,CLOSED,2025-05-12 18:47:00+00:00,101000.0,102000.0,2025-05-12 19:05:00+00:00,3383.1841541616977,38.01330510294042,0.08178211950590057,0.9304851984199846,35.37081774130893,3375.9667235337247,1.0477241228339256,3379.014809755147,0.27879978955932216,0 days 00:18:00
1066,CLOSED,2025-05-13 02:16:00+00:00,102000.0,103000.0,2025-05-13 09:16:00+00:00,3383.1841541616977,38.01330510294042,0.07196038942619479,0.9388336689877345,35.68817070014372,3379.292653212766,1.056084049607666,3381.9905699228466,0.2778439550735001,0 days 07:00:00
1067,CLOSED,2025-05-14 09:04:00+00:00,103000.0,104000.0,2025-05-14 11:38:00+00:00,3383.1841541616977,38.01330510294042,0.06196578016688231,0.9473290868581501,36.011109611628804,3382.267510616409,1.0647031761561014,3384.615576628452,0.27693732007581673,0 days 02:34:00
1068,CLOSED,2025-05-14 14:31:00+00:00,103000.0,104000.0,2025-05-15 17:20:00+00:00,3383.1841541616977,38.01330510294042,0.06196070687446592,0.947333399156704,36.01127353634943,3382.5444479364846,1.0646208524567369,3385.170363723175,0.2769385807110325,1 days 02:49:00
1069,CLOSED,2025-05-15 07:23:00+00:00,102000.0,103000.0,2025-05-15 15:44:00+00:00,3383.1841541616977,38.01330510294042,0.07194292364055968,0.9388485149055242,35.6887350425462,3380.1243579513825,1.0558408881789292,3382.8222875975866,0.27784834866167785,0 days 08:21:00
1070,CLOSED,2025-05-15 18:48:00+00:00,103000.0,104000.0,2025-05-16 00:35:00+00:00,3383.1841541616977,38.01330510294042,0.0619505460757656,0.9473420358355993,36.01160184505935,3383.099234865857,1.0644559720249307,3385.447305159853,0.27694110551338724,0 days 05:47:00
1071,CLOSED,2025-05-17 01:05:00+00:00,103000.0,104000.0,2025-05-18 08:00:00+00:00,3383.1841541616977,38.01330510294042,0.06194547520813958,0.9473463460730813,36.011765691431826,3383.3761759713702,1.0643736852906347,3385.724247690671,0.2769423655460841,1 days 06:55:00
1072,CLOSED,2025-05-18 18:10:00+00:00,104000.0,105000.0,2025-05-18 22:28:00+00:00,3383.1841541616977,38.01330510294042,0.05177702916679469,0.9559895252082246,36.34032149695539,3386.0003345526293,1.0732521531707646,3387.9988117239823,0.2760833626572321,0 days 04:18:00
1073,CLOSED,2025-05-19 00:30:00+00:00,106000.0,107000.0,2025-05-20 19:56:00+00:00,3383.1841541616977,38.01330510294042,0.03162349362585925,0.9731200304180196,36.991508618062845,3389.9132161332377,1.0912228797484627,3392.6167614758883,0.2743328666530118,1 days 19:26:00
1074,CLOSED,2025-05-19 01:06:00+00:00,105000.0,106000.0,2025-05-20 00:13:00+00:00,3383.1841541616977,38.01330510294042,0.04214099861065913,0.9641801511809397,36.651674261040284,3388.5162678690344,1.0816437450391743,3391.018666034773,0.2750990894778198,0 days 23:07:00
1075,CLOSED,2025-05-19 03:40:00+00:00,104000.0,105000.0,2025-05-19 16:24:00+00:00,3383.1841541616977,38.01330510294042,0.05246939151064035,0.9554010172159557,36.31795036308976,3386.770944938362,1.0723474056421827,3389.3466252726244,0.27591340549642496,0 days 12:44:00
1076,CLOSED,2025-05-19 04:06:00+00:00,103000.0,104000.0,2025-05-19 14:48:00+00:00,3383.1841541616977,38.01330510294042,0.06261333181712567,0.9467786679554432,35.99018636994578,3384.6770938814643,1.0633270285961938,3387.325395432139,0.27677641344057946,0 days 10:42:00
1077,CLOSED,2025-05-19 06:38:00+00:00,102000.0,103000.0,2025-05-19 07:43:00+00:00,3383.1841541616977,38.01330510294042,0.07257731630723852,0.9383092811388473,35.6682369848517,3382.2345007227004,1.054576108700632,3384.9547743674025,0.2776887646507973,0 days 01:05:00
1078,CLOSED,2025-05-20 07:48:00+00:00,105000.0,106000.0,2025-05-20 17:12:00+00:00,3383.1841541616977,38.01330510294042,0.042127254913992676,0.9641918333231062,36.65211833787471,3389.6217455421,1.0813040831496363,3391.2937689052483,0.27510242261703866,0 days 09:24:00
1079,CLOSED,2025-05-20 22:22:00+00:00,106000.0,107000.0,2025-05-20 23:18:00+00:00,3383.1841541616977,38.01330510294042,0.03160806296737805,0.9731331464777286,36.99200720284231,3391.568129095574,1.0907051191304518,3392.8910985428834,0.2743365642094773,0 days 00:56:00
1080,CLOSED,2025-05-21 17:24:00+00:00,108000.0,109000.0,2025-05-21 22:45:00+00:00,3383.1841541616977,38.01330510294042,0.010728562462783326,0.9908807219066341,37.666651202458745,3394.1290677747515,1.109758952895496,3395.0504325895504,0.27277247134540517,0 days 05:21:00
1081,CLOSED,2025-05-21 17:29:00+00:00,107000.0,108000.0,2025-05-21 19:37:00+00:00,3383.1841541616977,38.01330510294042,0.021617669641762056,0.9816249808045022,37.314809891989576,3393.4058167692747,1.0996270975781939,3394.4024741181624,0.27344711172699476,0 days 02:08:00
1082,CLOSED,2025-05-21 23:28:00+00:00,110000.0,111000.0,2025-05-22 03:42:00+00:00,3383.1841541616977,38.01330510294042,0.0,1.0,38.01330510294042,3395.312534557755,1.1195819152445627,3395.6197511780874,0.26889609860867125,0 days 04:14:00
1083,CLOSED,2025-05-22 05:55:00+00:00,111000.0,112000.0,2025-07-10 16:24:00+00:00,3383.1841541616977,38.01330510294042,0.0,1.0,38.01330510294042,3395.581430656364,1.119493255551008,3414.5703050428306,0.2657890292797589,49 days 10:29:00
1084,CLOSED,2025-05-23 11:47:00+00:00,110000.0,111000.0,2025-07-09 19:40:00+00:00,3383.1841541616977,38.01330510294042,0.011084224101367428,0.9905784095138377,37.655159309234975,3395.2012976053347,1.1090700081845954,3414.2661447783644,0.2663626696842556,47 days 07:53:00
1085,CLOSED,2025-05-23 11:59:00+00:00,109000.0,110000.0,2025-05-26 07:04:00+00:00,3383.1841541616977,38.01330510294042,0.021967013837727246,0.9813280382379318,37.30352212360849,3394.479545389645,1.098946734684963,3396.807861254352,0.2669802811362203,2 days 19:05:00
1086,CLOSED,2025-05-23 12:13:00+00:00,108000.0,109000.0,2025-05-23 13:32:00+00:00,3383.1841541616977,38.01330510294042,0.03265346792695321,0.9722445522620897,36.95822879981052,3393.416252897366,1.0891156888947782,3394.7471472551197,0.267642253411033,0 days 01:19:00
1087,CLOSED,2025-05-23 22:46:00+00:00,108000.0,109000.0,2025-05-24 10:40:00+00:00,3383.1841541616977,38.01330510294042,0.032650892717237846,0.9722467411903478,36.958312008208246,3393.683895150777,1.0890322478477694,3395.2831400162236,0.2676428559854429,0 days 11:54:00
1088,CLOSED,2025-05-23 23:42:00+00:00,107000.0,108000.0,2025-05-24 03:04:00+00:00,3383.1841541616977,38.01330510294042,0.04314512618652238,0.963326642741456,36.619229584322255,3392.2790834825373,1.079487526914463,3393.9522111639017,0.2683498212234028,0 days 03:22:00
1089,CLOSED,2025-05-24 22:59:00+00:00,108000.0,109000.0,2025-05-25 22:52:00+00:00,3383.1841541616977,38.01330510294042,0.0326457367049643,0.9722511238007804,36.95847860571576,3394.219887827986,1.088865183374023,3395.819135670251,0.26764406244294037,0 days 23:53:00
1090,CLOSED,2025-05-25 08:49:00+00:00,107000.0,108000.0,2025-05-25 22:09:00+00:00,3383.1841541616977,38.01330510294042,0.043138358794952064,0.9633323950242907,36.61944824760469,3392.8150744521217,1.0793234362623807,3394.488205497388,0.2683514236124509,0 days 13:20:00
1091,CLOSED,2025-05-26 17:46:00+00:00,109000.0,110000.0,2025-05-27 13:08:00+00:00,3383.1841541616977,38.01330510294042,0.02195662174582834,0.9813368715160459,37.3038579057045,3396.086156087456,1.0984367354414035,3397.3424901234152,0.2669826843194443,0 days 19:22:00
1092,CLOSED,2025-05-27 01:20:00+00:00,108000.0,109000.0,2025-05-27 03:12:00+00:00,3383.1841541616977,38.01330510294042,0.0326381134116056,0.9722576036001352,36.95872492430565,3395.022860181906,1.0886149061843253,3396.353761710176,0.2676458462205886,0 days 01:52:00
1093,CLOSED,2025-05-27 14:32:00+00:00,109000.0,110000.0,2025-05-27 15:40:00+00:00,3383.1841541616977,38.01330510294042,0.02195316577085676,0.9813398090947718,37.303969572780865,3396.620784617996,1.0982671289570023,3397.609473719512,0.2669834835176417,0 days 01:08:00
1094,CLOSED,2025-05-27 21:38:00+00:00,109000.0,110000.0,2025-06-09 21:28:00+00:00,3383.1841541616977,38.01330510294042,0.02195144032890169,0.9813412757204336,37.30402532406962,3396.8877681015138,1.0981824502526458,3402.478842403145,0.2669838825280664,12 days 23:50:00
1095,CLOSED,2025-05-28 14:01:00+00:00,108000.0,109000.0,2025-06-09 21:10:00+00:00,3383.1841541616977,38.01330510294042,0.03263045773565006,0.9722641109246974,36.95897228921963,3395.824470494133,1.0883652147026806,3401.490112704899,0.2676476375754575,12 days 07:09:00
1096,CLOSED,2025-05-28 19:50:00+00:00,107000.0,108000.0,2025-05-28 23:21:00+00:00,3383.1841541616977,38.01330510294042,0.04311825622782455,0.9633494822063491,36.620097787869625,3394.4196474461114,1.0788323658043224,3396.0927930847106,0.26835618351636725,0 days 03:31:00
1097,CLOSED,2025-05-29 04:45:00+00:00,107000.0,108000.0,2025-05-29 07:15:00+00:00,3383.1841541616977,38.01330510294042,0.04311484765222974,0.9633523794956047,36.62020792341007,3394.6880036296275,1.078750326517649,3396.361150186366,0.2683569906019585,0 days 02:30:00
1098,CLOSED,2025-05-29 14:24:00+00:00,107000.0,108000.0,2025-06-09 14:48:00+00:00,3383.1841541616977,38.01330510294042,0.043111439605251455,0.9633552763355363,36.62031804187022,3394.9563606202296,1.0786682994411156,3400.1591742306073,0.26835779756238765,11 days 00:24:00
1099,CLOSED,2025-05-29 18:58:00+00:00,106000.0,107000.0,2025-06-09 10:13:00+00:00,3383.1841541616977,38.01330510294042,0.05341119102640258,0.9546004876275578,36.287519587602056,3393.2099725094104,1.069415682542216,3398.4859996626533,0.2691120109476586,10 days 15:15:00
1100,CLOSED,2025-05-30 00:57:00+00:00,105000.0,106000.0,2025-05-30 02:10:00+00:00,3383.1841541616977,38.01330510294042,0.06352908045019406,0.9460002816173351,35.96059733258732,3391.121924441687,1.060433630339253,3393.4798637899685,0.26991202401329417,0 days 01:13:00
1101,CLOSED,2025-05-30 07:45:00+00:00,105000.0,106000.0,2025-05-30 12:49:00+00:00,3383.1841541616977,38.01330510294042,0.06352402433650539,0.9460045793139704,35.960760702240755,3391.3918364657,1.0603540503805908,3393.749777204958,0.2699132502285764,0 days 05:04:00
1102,CLOSED,2025-05-30 16:27:00+00:00,105000.0,106000.0,2025-06-03 00:11:00+00:00,3383.1841541616977,38.01330510294042,0.06351896900459393,0.9460088763460952,35.960924046633956,3391.6617497159286,1.0602744819599388,3394.5624868796526,0.26991447625425025,3 days 07:44:00
1103,CLOSED,2025-05-30 16:50:00+00:00,104000.0,105000.0,2025-06-01 16:08:00+00:00,3383.1841541616977,38.01330510294042,0.07345791790478108,0.937560769780936,35.63978359423041,3389.2318857378164,1.0515593147876878,3391.9324965449287,0.2707612616992279,1 days 23:18:00
1104,CLOSED,2025-06-02 11:43:00+00:00,104000.0,105000.0,2025-06-02 21:05:00+00:00,3399.066191816602,38.191754964231485,0.07345204991746697,0.937565757570153,35.80728167597334,3389.502646999516,1.0564169851783702,3392.2046992564665,0.2720337720057202,0 days 09:22:00
1105,CLOSED,2025-06-03 08:17:00+00:00,105000.0,106000.0,2025-06-03 14:41:00+00:00,3399.066191816602,38.191754964231485,0.06350375224444045,0.9460218105922256,36.130233180956886,3392.4744592258876,1.0650112068699633,3394.83384290225,0.27118527191724695,0 days 06:24:00
1106,CLOSED,2025-06-04 12:01:00+00:00,105000.0,106000.0,2025-06-08 13:48:00+00:00,3399.066191816602,38.191754964231485,0.06349867633126431,0.9460261251184253,36.1303979602843,3392.745644497805,1.0649309363606103,3396.470677137009,0.2711865087132139,4 days 01:47:00
1107,CLOSED,2025-06-05 14:18:00+00:00,104000.0,105000.0,2025-06-06 15:14:00+00:00,3399.066191816602,38.191754964231485,0.07348393385996603,0.9375386562190289,35.806246627812016,3390.3139986225437,1.0561336396085965,3393.839244293961,0.27202590857564957,1 days 00:56:00
1108,CLOSED,2025-06-05 18:13:00+00:00,103000.0,104000.0,2025-06-06 12:00:00+00:00,3399.066191816602,38.191754964231485,0.08329486699960442,0.9291993630503362,35.48775438653841,3387.538730356488,1.047597008073288,3391.135578737929,0.2729125456368351,0 days 17:47:00
1109,CLOSED,2025-06-05 19:18:00+00:00,102000.0,103000.0,2025-06-06 06:10:00+00:00,3399.066191816602,38.191754964231485,0.09293563875889549,0.9210047070549389,35.174786092746025,3384.419583819255,1.0393151682762671,3388.087404072382,0.2738470898098768,0 days 10:52:00
1110,CLOSED,2025-06-05 20:21:00+00:00,101000.0,102000.0,2025-06-06 02:55:00+00:00,3399.066191816602,38.191754964231485,0.1024102701622041,0.9129512703621265,34.867211211954185,3380.956244257113,1.0312825334897362,3384.6944165150267,0.2748302631708839,0 days 06:34:00
1111,CLOSED,2025-06-07 00:16:00+00:00,104000.0,105000.0,2025-06-07 05:47:00+00:00,3399.066191816602,38.191754964231485,0.07346023774296077,0.9375587979184834,35.80701587466214,3391.4076144297374,1.0558157539751547,3394.111276822498,0.2720317526697116,0 days 05:31:00
1112,CLOSED,2025-06-10 13:44:00+00:00,109000.0,110000.0,2025-06-10 19:26:00+00:00,3399.066191816602,38.191754964231485,0.02192001843410788,0.9813679843310084,37.48016558731163,3401.75713672894,1.1017884017244037,3402.747264495162,0.26824451354419665,0 days 05:42:00
1113,CLOSED,2025-06-11 17:59:00+00:00,109000.0,110000.0,2025-07-03 09:41:00+00:00,3399.066191816602,38.191754964231485,0.0219182900740803,0.9813694534370317,37.4802216950489,3402.0253812424844,1.1017031766341616,3412.54144244074,0.2682449151057327,21 days 15:42:00
1114,CLOSED,2025-06-12 03:20:00+00:00,108000.0,109000.0,2025-07-02 16:05:00+00:00,3399.066191816602,38.191754964231485,0.032632463370733986,0.9722624061348761,37.1324075760373,3400.9602925747454,1.0918212616921112,3411.5512727446344,0.2689036125637756,20 days 12:45:00
1115,CLOSED,2025-06-12 11:38:00+00:00,107000.0,108000.0,2025-06-12 17:17:00+00:00,3399.066191816602,38.191754964231485,0.043154480591655144,0.9633186914970931,36.79083141812109,3399.552076951047,1.0822258516809558,3401.2298650421694,0.2696073387065425,0 days 05:39:00
1116,CLOSED,2025-06-12 19:52:00+00:00,107000.0,108000.0,2025-06-16 17:38:00+00:00,3399.066191816602,38.191754964231485,0.04315105842256923,0.9633216003408162,36.790942511967785,3399.821684289754,1.082143298337532,3403.128178224523,0.26960815281471184,3 days 21:46:00
1117,CLOSED,2025-06-12 20:44:00+00:00,106000.0,107000.0,2025-06-16 07:30:00+00:00,3399.066191816602,38.191754964231485,0.05348490730717677,0.9545378287888997,36.455474861195206,3398.07031338748,1.0728287380508426,3401.450360859801,0.2703575846859394,3 days 10:46:00
1118,CLOSED,2025-06-13 00:02:00+00:00,105000.0,106000.0,2025-06-13 23:43:00+00:00,3399.066191816602,38.191754964231485,0.06363600875015965,0.9459093925623643,36.12593973910686,3395.975702298268,1.063786755442867,3398.8863239917605,0.27115304632408765,0 days 23:41:00
1119,CLOSED,2025-06-13 00:24:00+00:00,104000.0,105000.0,2025-06-13 08:01:00+00:00,3399.066191816602,38.191754964231485,0.07360881376785393,0.9374325082973242,35.8021926523963,3393.5377082318037,1.0550108980828437,3396.5205661630953,0.2719951098617486,0 days 07:37:00
1120,CLOSED,2025-06-13 01:04:00+00:00,103000.0,104000.0,2025-06-13 03:12:00+00:00,3399.066191816602,38.191754964231485,0.08340762031914635,0.9291035227287257,35.48409407645977,3390.756130311852,1.046495020955584,3393.81058320704,0.2728843966440806,0 days 02:08:00
1121,CLOSED,2025-06-14 07:06:00+00:00,105000.0,106000.0,2025-06-15 05:58:00+00:00,3399.066191816602,38.191754964231485,0.0636207210732204,0.9459223870877627,36.12643602283676,3396.7917348510987,1.06354580565477,3399.157481263586,0.27115677131632054,0 days 22:52:00
1122,CLOSED,2025-06-15 09:06:00+00:00,105000.0,106000.0,2025-06-16 04:14:00+00:00,3399.066191816602,38.191754964231485,0.06361564280712247,0.9459267036139459,36.126600878547045,3397.062891622415,1.0634657653127293,3399.4286394385313,0.27115800868560314,0 days 19:08:00
1123,CLOSED,2025-06-16 23:47:00+00:00,107000.0,108000.0,2025-06-25 13:44:00+00:00,3399.066191816602,38.191754964231485,0.04312697818719834,0.9633420685408814,36.79172422844924,3401.7199973600873,1.0815623936420853,3408.867352797254,0.26961388132075825,8 days 13:57:00
1124,CLOSED,2025-06-17 10:33:00+00:00,106000.0,107000.0,2025-06-25 10:21:00+00:00,3399.066191816602,38.191754964231485,0.05345527261302527,0.9545630182789285,36.45643689202606,3399.9686183776407,1.0722580407057387,3407.1895291042124,0.2703647192064125,7 days 23:48:00
1125,CLOSED,2025-06-17 14:06:00+00:00,105000.0,106000.0,2025-06-20 08:05:00+00:00,3399.066191816602,38.191754964231485,0.06360096298015248,0.9459391814668704,36.127077429648416,3397.873989961256,1.063225932932856,3401.3277871338764,0.27116158556923864,2 days 17:59:00
1126,CLOSED,2025-06-17 16:49:00+00:00,104000.0,105000.0,2025-06-17 19:17:00+00:00,3399.066191816602,38.191754964231485,0.07356849467013557,0.9374667795303848,35.803501530931676,3395.4359675676455,1.0544596297181792,3398.145979555655,0.2720050536259251,0 days 02:28:00
1127,CLOSED,2025-06-18 13:17:00+00:00,104000.0,105000.0,2025-06-18 14:13:00+00:00,3399.066191816602,38.191754964231485,0.0735626016420839,0.9374717886042286,35.803692836252516,3395.7079726212714,1.0543807984941158,3398.4179862556102,0.27200650700371654,0 days 00:56:00
1128,CLOSED,2025-06-18 17:31:00+00:00,104000.0,105000.0,2025-06-18 21:52:00+00:00,3399.066191816602,38.191754964231485,0.07355670952657035,0.9374767969024151,35.80388411194964,3395.979979128275,1.054301978574687,3398.689994408688,0.2720079601564649,0 days 04:21:00
1129,CLOSED,2025-06-19 16:57:00+00:00,104000.0,105000.0,2025-06-20 07:19:00+00:00,3399.066191816602,38.191754964231485,0.07355081832338808,0.9374818044251201,35.80407535802977,3396.251987088431,1.054223169957545,3398.9620040146638,0.27200941308419146,0 days 14:22:00
1130,CLOSED,2025-06-20 14:42:00+00:00,105000.0,106000.0,2025-06-23 22:26:00+00:00,3399.066191816602,38.191754964231485,0.06357553200165822,0.9459607977985905,36.12790299529269,3399.233180480695,1.0628250866327371,3404.896608602348,0.2711677820762688,3 days 07:44:00
1131,CLOSED,2025-06-20 14:59:00+00:00,104000.0,105000.0,2025-06-23 22:09:00+00:00,3399.066191816602,38.191754964231485,0.073539297714735,0.9374915969424753,35.80444935145309,3396.7951494068516,1.0540656052722304,3402.53081800568,0.2720122543733652,3 days 07:10:00
1132,CLOSED,2025-06-20 17:20:00+00:00,103000.0,104000.0,2025-06-23 21:15:00+00:00,3399.066191816602,38.191754964231485,0.08332929176009521,0.929170102003919,35.48663685582365,3394.013512508747,1.0455655737679446,3399.8207808930706,0.2729039514567546,3 days 03:55:00
1133,CLOSED,2025-06-21 21:24:00+00:00,102000.0,103000.0,2025-06-22 00:33:00+00:00,3399.066191816602,38.191754964231485,0.09294965606953279,0.9209927923408971,35.17433104890688,3390.888007498683,1.0373191615624464,3394.5621848447126,0.2738435471463774,0 days 03:09:00
1134,CLOSED,2025-06-21 23:34:00+00:00,101000.0,102000.0,2025-06-21 23:57:00+00:00,3399.066191816602,38.191754964231485,0.10240439142630554,0.9129562672876403,34.867402053308986,3387.418313257975,1.029320822788313,3391.1628423462857,0.2748317674202312,0 days 00:23:00
1135,CLOSED,2025-06-22 02:10:00+00:00,102000.0,103000.0,2025-06-23 18:12:00+00:00,3399.066191816602,38.191754964231485,0.09293461843605985,0.9210055743293492,35.17481921547779,3391.4366828132493,1.037165735504746,3396.7662466705756,0.27384734768106966,1 days 16:02:00
1136,CLOSED,2025-06-22 13:30:00+00:00,101000.0,102000.0,2025-06-23 06:16:00+00:00,3399.066191816602,38.191754964231485,0.10238794990692014,0.9129702425791179,34.86793579421665,3387.966983303215,1.0291698817035388,3392.541323083821,0.2748359744717561,0 days 16:46:00
1137,CLOSED,2025-06-22 14:21:00+00:00,100000.0,101000.0,2025-06-22 23:01:00+00:00,3399.066191816602,38.191754964231485,0.11167955101308868,0.9050723816388746,34.5663026244453,3384.152708816617,1.0214167503254477,3388.7967935867027,0.27587400690872954,0 days 08:40:00
1138,CLOSED,2025-06-22 15:59:00+00:00,99000.0,100000.0,2025-06-22 17:10:00+00:00,3399.066191816602,38.191754964231485,0.12081315461771183,0.8973088185749449,34.26979852625834,3379.993418599971,1.0139013389100993,3384.4296861369585,0.2769622808167611,0 days 01:11:00
1139,CLOSED,2025-06-22 19:43:00+00:00,99000.0,100000.0,2025-06-22 22:05:00+00:00,3399.066191816602,38.191754964231485,0.12080325579806567,0.8973172325716442,34.27011987155855,3380.270380880788,1.0138277714526753,3384.7066513390964,0.27696487787105184,0 days 02:22:00
1140,CLOSED,2025-06-23 13:31:00+00:00,101000.0,102000.0,2025-06-23 13:44:00+00:00,3399.066191816602,38.191754964231485,0.10235457748378207,0.9129986091387853,34.86901916291264,3389.071620443284,1.0288663996528893,3392.816168690621,0.2748445137983495,0 days 00:13:00
1141,CLOSED,2025-06-23 16:15:00+00:00,101000.0,102000.0,2025-06-23 17:28:00+00:00,3399.066191816602,38.191754964231485,0.10234627747834608,0.9130056641434059,34.86928860592039,3389.3464649570824,1.0287909178491708,3393.3669012943146,0.27484663760149175,0 days 01:13:00
1142,CLOSED,2025-06-23 16:32:00+00:00,100000.0,101000.0,2025-06-23 17:05:00+00:00,3399.066191816602,38.191754964231485,0.11163444136407184,0.9051107248405389,34.56776701860781,3385.5321757368915,1.0210438189406317,3389.6223598939737,0.27588569425317644,0 days 00:33:00
1143,CLOSED,2025-06-23 22:43:00+00:00,105000.0,106000.0,2025-06-24 16:54:00+00:00,3399.066191816602,38.191754964231485,0.06350885469558225,0.9460174735087551,36.130067540127726,3402.802001116572,1.0617740182435609,3405.1677948139777,0.27118402865504265,0 days 18:11:00
1144,CLOSED,2025-06-25 15:19:00+00:00,107000.0,108000.0,2025-06-25 21:03:00+00:00,3399.066191816602,38.191754964231485,0.043054339540574894,0.9634038113905113,36.79408229623309,3407.4591711445855,1.0798099242924675,3409.1369863364857,0.26963116150593436,0 days 05:44:00
1145,CLOSED,2025-06-26 13:48:00+00:00,107000.0,108000.0,2025-06-26 20:45:00+00:00,3399.066191816602,38.191754964231485,0.04305093293393109,0.9634067070061586,36.79419288487637,3407.7288023060914,1.0797277312671378,3409.406618419908,0.26963197191192023,0 days 06:57:00
1146,CLOSED,2025-06-26 21:34:00+00:00,107000.0,108000.0,2025-06-29 10:04:00+00:00,3399.066191816602,38.191754964231485,0.04304752685609289,0.9634096021723211,36.79430345635302,3407.9984342780035,1.0796455504871154,3409.6762513135936,0.2696327821920974,2 days 12:30:00
1147,CLOSED,2025-06-30 14:53:00+00:00,107000.0,108000.0,2025-07-02 14:14:00+00:00,3399.066191816602,38.191754964231485,0.0430441213069388,0.963412496889102,36.79441401066701,3408.2680670601953,1.0795633819497088,3410.217290677264,0.2696335923465085,1 days 23:21:00
1148,CLOSED,2025-07-01 14:42:00+00:00,106000.0,107000.0,2025-07-02 06:50:00+00:00,3411.8432566183583,38.335317490093914,0.0533533017671665,0.9546496934979085,36.596799092063165,3406.516660274953,1.0743173376732962,3408.5395834158944,0.27140565984777965,0 days 16:08:00
1149,CLOSED,2025-07-03 12:39:00+00:00,109000.0,110000.0,2025-07-03 13:38:00+00:00,3411.8432566183583,38.335317490093914,0.02185537009009873,0.9814229354234161,37.623159821516595,3411.8195591314966,1.1027300585349198,3412.8108544653187,0.2692679193427807,0 days 00:59:00
1150,CLOSED,2025-07-04 04:48:00+00:00,109000.0,110000.0,2025-07-09 19:21:00+00:00,3411.8432566183583,38.335317490093914,0.02185364535480346,0.981424401448417,37.62321602205045,3412.088827050839,1.1026446827461176,3413.6199781367427,0.26926832156846103,5 days 14:33:00
1151,CLOSED,2025-07-04 13:58:00+00:00,108000.0,109000.0,2025-07-06 13:51:00+00:00,3411.8432566183583,38.335317490093914,0.032577697729236965,0.9723089569301486,37.2737725623793,3411.022284826088,1.0927449148658879,3412.3587124584565,0.26992734245360595,1 days 23:53:00
1152,CLOSED,2025-07-07 14:37:00+00:00,108000.0,109000.0,2025-07-08 11:06:00+00:00,3411.8432566183583,38.335317490093914,0.03257511993442362,0.9723111480557399,37.2738565598745,3411.2922121685415,1.092660910927349,3412.6286404938896,0.26992795074247056,0 days 20:29:00
1153,CLOSED,2025-07-10 17:08:00+00:00,113000.0,114000.0,2025-07-10 21:17:00+00:00,3411.8432566183583,38.335317490093914,0.0,1.0,38.335317490093914,3414.531987631287,1.12271074422377,3414.832563660457,0.2619401356508533,0 days 04:09:00
1154,CLOSED,2025-07-10 21:20:00+00:00,116000.0,117000.0,2025-07-11 05:05:00+00:00,3411.8432566183583,38.335317490093914,0.0,1.0,38.335317490093914,3414.793927766938,1.1226246239451063,3415.0857388474874,0.25318395197894716,0 days 07:45:00
1155,CLOSED,2025-07-11 05:06:00+00:00,117000.0,118000.0,2025-07-11 05:44:00+00:00,3411.8432566183583,38.335317490093914,0.0,1.0,38.335317490093914,3415.0471117189168,1.1225413950672665,3415.3361010353806,0.25036500965722297,0 days 00:38:00
1156,CLOSED,2025-07-11 05:46:00+00:00,118000.0,119000.0,2025-07-13 14:18:00+00:00,3411.8432566183583,38.335317490093914,0.0,1.0,38.335317490093914,3415.297476728574,1.1224591049917658,3416.079689603017,0.24759384601892265,2 days 08:32:00
1157,CLOSED,2025-07-11 15:53:00+00:00,117000.0,118000.0,2025-07-11 19:21:00+00:00,3411.8432566183583,38.335317490093914,0.011119519413189885,0.9905484084987886,37.9729877291083,3414.934590714706,1.1119682301487652,3415.54539931858,0.2479986618597536,0 days 03:28:00
1158,CLOSED,2025-07-12 15:42:00+00:00,117000.0,118000.0,2025-07-13 07:37:00+00:00,3411.8432566183583,38.335317490093914,0.011118711952428174,0.9905490948404361,37.97301404023327,3415.1825893765654,1.111888253306104,3415.793398178785,0.2479988336956822,0 days 15:55:00
1159,CLOSED,2025-07-13 14:22:00+00:00,119000.0,120000.0,2025-07-14 03:42:00+00:00,3411.8432566183583,38.335317490093914,0.0,1.0,38.335317490093914,3416.041068070148,1.1222147721939126,3416.3245561322597,0.2448692565594115,0 days 13:20:00
1160,CLOSED,2025-07-14 03:44:00+00:00,121000.0,122000.0,2025-07-14 05:22:00+00:00,3411.8432566183583,38.335317490093914,0.0,1.0,38.335317490093914,3416.2859373267074,1.1221343351631698,3416.564105994115,0.23955518124995479,0 days 01:38:00
1161,CLOSED,2025-07-14 05:24:00+00:00,122000.0,123000.0,2025-07-14 07:38:00+00:00,3411.8432566183583,38.335317490093914,0.0,1.0,38.335317490093914,3416.525492507957,1.122055654909024,3416.8010668804063,0.23696348058673067,0 days 02:14:00
1162,CLOSED,2025-07-14 07:39:00+00:00,123000.0,124000.0,2025-08-14 00:22:00+00:00,3411.8432566183583,38.335317490093914,0.0,1.0,38.335317490093914,3416.762455988544,1.1219778367355853,3429.127548412421,0.23441392139772432,30 days 16:43:00
1163,CLOSED,2025-07-14 09:28:00+00:00,122000.0,123000.0,2025-08-13 21:08:00+00:00,3411.8432566183583,38.335317490093914,0.011118570040577161,0.9905492154655094,37.97301866443375,3416.412763092415,1.1114880226024542,3428.854436822425,0.23472398978917397,30 days 11:40:00
1164,CLOSED,2025-07-14 14:32:00+00:00,121000.0,122000.0,2025-08-11 03:16:00+00:00,3411.8432566183583,38.335317490093914,0.022044445519840507,0.9812622213081356,37.61699879488217,3415.7524894980147,1.1012799935164634,3427.0887824006963,0.23506644927920917,27 days 12:44:00
1165,CLOSED,2025-07-14 15:45:00+00:00,120000.0,121000.0,2025-08-11 02:13:00+00:00,3411.8432566183583,38.335317490093914,0.03278243751126367,0.9721349281154259,37.267101112514474,3414.781998520211,1.0913464206108647,3426.1934485043153,0.23544143302100906,27 days 10:28:00
1166,CLOSED,2025-07-15 01:20:00+00:00,119000.0,120000.0,2025-07-16 21:00:00+00:00,3411.8432566183583,38.335317490093914,0.043337196184214444,0.9631633832434178,36.92317409146942,3413.501608823328,1.081680289706887,3415.964865212238,0.235849101600067,1 days 19:40:00
1167,CLOSED,2025-07-15 02:17:00+00:00,118000.0,119000.0,2025-07-16 09:12:00+00:00,3411.8432566183583,38.335317490093914,0.053713217252023555,0.95434376533578,36.58507123883881,3411.911594558362,1.0722748882822204,3414.448632340464,0.2362896432836692,1 days 06:55:00
1168,CLOSED,2025-07-15 03:37:00+00:00,117000.0,118000.0,2025-07-15 13:12:00+00:00,3411.8432566183583,38.335317490093914,0.06391484810390623,0.9456723791116797,36.2526508948587,3410.012185462625,1.063123793205461,3412.1482987015615,0.23676327432886524,0 days 09:35:00
1169,CLOSED,2025-07-15 14:42:00+00:00,117000.0,118000.0,2025-07-16 00:47:00+00:00,3411.8432566183583,38.335317490093914,0.0639104106892357,0.9456761509141497,36.25279548810389,3410.248948736954,1.063054223696213,3412.622334401758,0.23676421865622643,0 days 10:05:00
1170,CLOSED,2025-07-15 14:54:00+00:00,116000.0,117000.0,2025-07-15 16:09:00+00:00,3411.8432566183583,38.335317490093914,0.07394119849572427,0.9371499812786344,35.92594206815202,3408.0403288170305,1.0541524923979502,3410.4861666901397,0.23727133585712323,0 days 01:15:00
1171,CLOSED,2025-07-16 22:38:00+00:00,119000.0,120000.0,2025-07-17 21:07:00+00:00,3411.8432566183583,38.335317490093914,0.04332218302648061,0.9631761444274914,36.92366329551243,3414.6845463970544,1.0813198933550627,3416.6733057763395,0.23585222642172,0 days 22:29:00
1172,CLOSED,2025-07-17 01:47:00+00:00,118000.0,119000.0,2025-07-17 09:25:00+00:00,3411.8432566183583,38.335317490093914,0.05369474295325329,0.9543594684897347,36.58567322423126,3413.094527536037,1.071920889652095,3414.9207750906276,0.23629353128795572,0 days 07:38:00
1173,CLOSED,2025-07-17 11:57:00+00:00,118000.0,119000.0,2025-07-17 15:41:00+00:00,3411.8432566183583,38.335317490093914,0.05369102584492447,0.9543626280318142,36.58579434628,3413.3308210673245,1.071850232636984,3415.157069526225,0.23629431357112907,0 days 03:44:00
1174,CLOSED,2025-07-18 08:31:00+00:00,119000.0,120000.0,2025-07-22 18:55:00+00:00,3411.8432566183583,38.335317490093914,0.0433131968950009,0.9631837826392492,36.92395610878523,3415.3929864683346,1.0811041732262328,3418.564670578916,0.23585409678495495,4 days 10:24:00
1175,CLOSED,2025-07-18 14:22:00+00:00,118000.0,119000.0,2025-07-21 06:30:00+00:00,3411.8432566183583,38.335317490093914,0.05368368511016836,0.9543688676563569,36.58603354426786,3413.802964856349,1.071708997880239,3416.102759916503,0.23629585846376955,2 days 16:08:00
1176,CLOSED,2025-07-18 20:27:00+00:00,117000.0,118000.0,2025-07-18 23:48:00+00:00,3411.8432566183583,38.335317490093914,0.0638799220455804,0.9457020662612566,36.2537889611631,3411.9035400863277,1.062567816915651,3414.0396766165113,0.23677070695236324,0 days 03:21:00
1177,CLOSED,2025-07-20 22:13:00+00:00,117000.0,118000.0,2025-07-21 02:28:00+00:00,3411.8432566183583,38.335317490093914,0.06387548937490302,0.9457058340313325,36.25393339982519,3412.14031079328,1.0624983177024336,3414.2764484123095,0.2367716502701569,0 days 04:15:00
1178,CLOSED,2025-07-21 12:00:00+00:00,118000.0,119000.0,2025-07-21 13:52:00+00:00,3411.8432566183583,38.335317490093914,0.05367252488513838,0.9543783538476324,36.58639720042218,3414.512803072035,1.071496852127935,3416.339058490061,0.2362982071863513,0 days 01:52:00
1179,CLOSED,2025-07-21 16:07:00+00:00,118000.0,119000.0,2025-07-22 11:05:00+00:00,3411.8432566183583,38.335317490093914,0.053668810784620484,0.9543815108330725,36.58651822446134,3414.749101279221,1.0714262494645779,3416.8121320465393,0.23629898883650924,0 days 18:58:00
1180,CLOSED,2025-07-21 19:00:00+00:00,117000.0,118000.0,2025-07-22 07:05:00+00:00,3411.8432566183583,38.335317490093914,0.06386235352031361,0.9457169995077335,36.25436143190795,3412.849671921168,1.0622900191059275,3414.985816870252,0.23677444571476514,0 days 12:05:00
1181,CLOSED,2025-07-22 14:00:00+00:00,118000.0,119000.0,2025-07-22 14:58:00+00:00,3411.8432566183583,38.335317490093914,0.05366137663031155,0.9543878298642352,36.58676046652719,3415.222174713772,1.0712849294963807,3417.0484328439793,0.23630055338974643,0 days 00:58:00
1182,CLOSED,2025-07-23 02:45:00+00:00,119000.0,120000.0,2025-08-11 02:00:00+00:00,3411.8432566183583,38.335317490093914,0.04328922433816804,0.9632041593125572,36.92473725502588,3417.2843509759323,1.0805286731401398,3424.98752370268,0.235859086405803,18 days 23:15:00
1183,CLOSED,2025-07-23 09:29:00+00:00,118000.0,119000.0,2025-07-24 00:29:00+00:00,3411.8432566183583,38.335317490093914,0.05365418562755237,0.9543939422165805,36.58699478549496,3415.6943220251105,1.071143707139552,3417.5205884624575,0.23630206677056975,0 days 15:00:00
1184,CLOSED,2025-07-24 04:41:00+00:00,118000.0,119000.0,2025-07-24 14:58:00+00:00,3411.8432566183583,38.335317490093914,0.05365047401969205,0.9543970970832618,36.58711572831083,3415.9306240918813,1.0710731497375607,3417.756891432199,0.2363028478961411,0 days 10:17:00
1185,CLOSED,2025-07-25 00:22:00+00:00,118000.0,119000.0,2025-07-27 16:12:00+00:00,3411.8432566183583,38.335317490093914,0.05364676291304154,0.9544002515239147,36.58723665479476,3416.1669269397776,1.0710026013737515,3418.942932145013,0.23630362891623946,2 days 15:50:00
1186,CLOSED,2025-07-25 02:35:00+00:00,117000.0,118000.0,2025-07-26 10:40:00+00:00,3411.8432566183583,38.335317490093914,0.06383626711918591,0.9457391729486919,36.25521145780694,3414.2674842233005,1.061873787725642,3417.116605185165,0.23677999716851872,1 days 08:05:00
1187,CLOSED,2025-07-25 03:06:00+00:00,116000.0,117000.0,2025-07-25 20:33:00+00:00,3411.8432566183583,38.335317490093914,0.07385588649677276,0.9372224964777431,35.928721961332705,3412.0588098034186,1.0529924589254864,3414.9803881906123,0.23728969554181134,0 days 17:27:00
1188,CLOSED,2025-07-25 07:12:00+00:00,115000.0,116000.0,2025-07-25 09:59:00+00:00,3411.8432566183583,38.335317490093914,0.0837096776734471,0.92884677397757,35.60763598007965,3409.54104124166,1.0443527603677807,3412.2965954310785,0.23783299929108637,0 days 02:47:00
1189,CLOSED,2025-07-25 14:57:00+00:00,115000.0,116000.0,2025-07-25 16:48:00+00:00,3411.8432566183583,38.335317490093914,0.08370383890077443,0.9288517369343418,35.60782623660318,3409.778874240951,1.0442854962121206,3412.534429892863,0.23783427006569013,0 days 01:51:00
1190,CLOSED,2025-07-28 14:34:00+00:00,118000.0,119000.0,2025-07-29 06:20:00+00:00,3411.8432566183583,38.335317490093914,0.0536281440466282,0.9544160775603661,36.58784335092673,3417.3529675307614,1.0706486481952024,3419.1792403035843,0.23630754734546855,0 days 15:46:00
1191,CLOSED,2025-07-29 14:08:00+00:00,118000.0,119000.0,2025-08-10 15:08:00+00:00,3411.8432566183583,38.335317490093914,0.053624435954704806,0.9544192294385009,36.58796417917572,3417.589275078107,1.0705781541972892,3423.4712806227535,0.2363083277310949,12 days 01:00:00
1192,CLOSED,2025-07-29 16:38:00+00:00,117000.0,118000.0,2025-07-29 17:30:00+00:00,3411.8432566183583,38.335317490093914,0.06380989577895677,0.9457615885878867,36.25607076845222,3415.6898254748103,1.0614567663037822,3417.8260021089513,0.23678560926025227,0 days 00:52:00
1193,CLOSED,2025-07-30 18:49:00+00:00,117000.0,118000.0,2025-07-31 00:27:00+00:00,3411.8432566183583,38.335317490093914,0.06380547259697159,0.9457653482925742,36.256214897925084,3415.9266110840704,1.0613874074542513,3418.300086117386,0.2367865505587332,0 days 05:38:00
1194,CLOSED,2025-07-30 19:04:00+00:00,116000.0,117000.0,2025-07-30 19:49:00+00:00,3411.8432566183583,38.335317490093914,0.0738204920151527,0.9372525817871202,35.92987529121947,3413.717920933618,1.052514476105073,3416.1638555578115,0.2372973126593365,0 days 00:45:00
1195,CLOSED,2025-07-31 19:35:00+00:00,117000.0,118000.0,2025-08-10 03:20:00+00:00,3411.8432566183583,38.335317490093914,0.06379661849944492,0.9457728742754719,36.25650340886889,3416.4006949472887,1.0612485667296203,3421.6449488053013,0.23678843480153233,9 days 07:45:00
1196,CLOSED,2025-07-31 23:00:00+00:00,116000.0,117000.0,2025-08-07 19:42:00+00:00,3411.8432566183583,38.335317490093914,0.07381032529287264,0.9372612235010582,35.930206574066936,3414.192002044886,1.0523780312456652,3419.270616755776,0.2372995006026244,6 days 20:42:00
1197,CLOSED,2025-08-01 00:50:00+00:00,115000.0,116000.0,2025-08-01 02:40:00+00:00,3423.1510206666303,38.46237101872618,0.08365834834569146,0.9288904039061623,35.72732735077323,3411.674202022357,1.0472080637006589,3414.4307062502953,0.2386324502205781,0 days 01:50:00
1198,CLOSED,2025-08-01 07:11:00+00:00,115000.0,116000.0,2025-08-01 13:12:00+00:00,3423.1510206666303,38.46237101872618,0.08365249720071334,0.9288953773793936,35.727518642345906,3411.9128344725777,1.0471404275446197,3414.6693401709663,0.23863372790855664,0 days 06:01:00
1199,CLOSED,2025-08-01 13:44:00+00:00,115000.0,116000.0,2025-08-07 10:33:00+00:00,3423.1510206666303,38.46237101872618,0.08364664684282569,0.9289003501835982,35.72770990818623,3412.1514682004863,1.0470727997027764,3416.824749287082,0.2386350054246691,5 days 20:49:00
1200,CLOSED,2025-08-01 14:03:00+00:00,114000.0,115000.0,2025-08-01 14:10:00+00:00,3423.1510206666303,38.46237101872618,0.09336596413644885,0.9206389304840185,35.40995611855958,3409.3235056120297,1.0386211827734109,3412.3906335709726,0.23920823119512846,0 days 00:07:00
1201,CLOSED,2025-08-01 18:16:00+00:00,114000.0,115000.0,2025-08-04 01:03:00+00:00,3423.1510206666303,38.46237101872618,0.0933594137635684,0.9206444983009668,35.41017027000081,3409.562713843225,1.0385545960551295,3413.349941627316,0.23920967787264402,2 days 06:47:00
1202,CLOSED,2025-08-01 22:43:00+00:00,113000.0,114000.0,2025-08-02 04:30:00+00:00,3423.1510206666303,38.46237101872618,0.1029193423497473,0.9125185590027148,35.09762737783579,3406.4247638812512,1.0303361973521428,3409.802493919475,0.2398174288956625,0 days 05:47:00
1203,CLOSED,2025-08-02 14:41:00+00:00,113000.0,114000.0,2025-08-03 11:07:00+00:00,3423.1510206666303,38.46237101872618,0.10291209718325765,0.912524717394231,35.09786424417517,3406.6645813101472,1.030270618267828,3410.2827748919603,0.23981904737192394,0 days 20:26:00
1204,CLOSED,2025-08-03 00:37:00+00:00,112000.0,113000.0,2025-08-03 01:01:00+00:00,3423.1510206666303,38.46237101872618,0.11231636771311344,0.9045310874438536,34.79041028323735,3403.216653686235,1.0222802079189903,3406.9050110702,0.24046168638917464,0 days 00:24:00
1205,CLOSED,2025-08-05 07:36:00+00:00,114000.0,115000.0,2025-08-05 10:26:00+00:00,3423.1510206666303,38.46237101872618,0.09333315373151431,0.9206668193282128,35.41102878963226,3410.5220216837547,1.0382876452488068,3413.589157970012,0.2392154775116495,0 days 02:50:00
1206,CLOSED,2025-08-05 12:39:00+00:00,114000.0,115000.0,2025-08-06 14:57:00+00:00,3423.1510206666303,38.46237101872618,0.09332660776321425,0.9206723834012679,35.411242797074486,3410.7612371612663,1.0382210988930676,3414.0682005544,0.23921692321638943,1 days 02:18:00
1207,CLOSED,2025-08-05 14:32:00+00:00,113000.0,114000.0,2025-08-05 23:03:00+00:00,3423.1510206666303,38.46237101872618,0.10288345572489589,0.9125490626338385,35.098800619813495,3407.623276728041,1.0300082423874901,3411.001025364037,0.23982544550235474,0 days 08:31:00
1208,CLOSED,2025-08-08 15:40:00+00:00,116000.0,117000.0,2025-08-09 08:43:00+00:00,3423.1510206666303,38.46237101872618,0.07374833234091219,0.9373139175102246,36.051315656293966,3417.061976646998,1.055038389782717,3419.508838147065,0.238099360315978,0 days 17:03:00
1209,CLOSED,2025-08-11 10:57:00+00:00,121000.0,122000.0,2025-08-13 13:57:00+00:00,3423.1510206666303,38.46237101872618,0.02197575920381552,0.9813206046767569,37.743917185398146,3426.428591869761,1.101552715120257,3428.0342932478916,0.23585955495914845,2 days 03:00:00
1210,CLOSED,2025-08-11 12:31:00+00:00,120000.0,121000.0,2025-08-13 13:49:00+00:00,3423.1510206666303,38.46237101872618,0.03271698448039168,0.9721905631916671,37.39275414238226,3425.456926110161,1.0916136138615606,3427.138038061543,0.23623526802647632,2 days 01:18:00
1211,CLOSED,2025-08-11 19:51:00+00:00,119000.0,120000.0,2025-08-12 16:03:00+00:00,3423.1510206666303,38.46237101872618,0.04327488972417006,0.9632163437344554,37.047584384015515,3424.1743168353682,1.0819421254889559,3425.6934986859173,0.23664378018468568,0 days 20:12:00
1212,CLOSED,2025-08-13 05:51:00+00:00,119000.0,120000.0,2025-08-13 08:59:00+00:00,3423.1510206666303,38.46237101872618,0.043271899214675384,0.9632188856675259,37.047682152788376,3424.410960615553,1.0818702129760995,3425.930143189098,0.2366444046888816,0 days 03:08:00
1213,CLOSED,2025-08-13 14:52:00+00:00,121000.0,122000.0,2025-08-13 19:10:00+00:00,3423.1510206666303,38.46237101872618,0.021969697563186754,0.9813257570712912,37.744115358708356,3427.373974877621,1.101254652552354,3428.2701542408354,0.23586079333269794,0 days 04:18:00
1214,CLOSED,2025-08-14 00:35:00+00:00,124000.0,125000.0,2025-10-05 04:46:00+00:00,3423.1510206666303,38.46237101872618,0.0,1.0,38.46237101872618,3429.08894007267,1.1216498519257152,3446.728956891146,0.23267408113243704,52 days 04:11:00
1215,CLOSED,2025-08-14 05:00:00+00:00,123000.0,124000.0,2025-10-05 02:34:00+00:00,3423.1510206666303,38.46237101872618,0.01111604602973867,0.9905513608747222,38.09895395506769,3428.7406074706214,1.1111646612186639,3446.4574569529627,0.23296859873578768,51 days 21:34:00
1216,CLOSED,2025-08-14 06:00:00+00:00,122000.0,123000.0,2025-10-03 16:11:00+00:00,3423.1510206666303,38.46237101872618,0.02204018424393052,0.9812658433926591,37.74181093657172,3428.083200440099,1.1009595954884177,3445.406800718324,0.2332948171222995,50 days 10:11:00
1217,CLOSED,2025-08-14 10:52:00+00:00,121000.0,122000.0,2025-10-03 15:53:00+00:00,3423.1510206666303,38.46237101872618,0.03277719825125079,0.9721393814864369,37.39078557264632,3427.1171008056635,1.0910273700264375,3444.5161049953545,0.23365285594016427,50 days 05:01:00
1218,CLOSED,2025-08-14 12:33:00+00:00,120000.0,121000.0,2025-10-02 19:12:00+00:00,3423.1510206666303,38.46237101872618,0.043331712277714325,0.9631680445639428,37.04572668339936,3425.8426464545505,1.08136101118767,3443.0809055330224,0.23404286132454644,49 days 06:39:00
1219,CLOSED,2025-08-14 12:34:00+00:00,119000.0,120000.0,2025-10-02 16:11:00+00:00,3423.1510206666303,38.46237101872618,0.05370819754325349,0.9543480320882345,36.70648809116887,3424.260131487687,1.0719538435072558,3441.5724142238705,0.2344650061164657,49 days 03:37:00
1220,CLOSED,2025-08-14 12:35:00+00:00,118000.0,119000.0,2025-08-14 12:36:00+00:00,3423.1510206666303,38.46237101872618,0.06391097832685,0.9456756684221775,36.372928422235674,3422.36980633418,1.0627994775700758,3424.494988982138,0.23491949013751423,0 days 00:01:00
1221,CLOSED,2025-08-14 13:40:00+00:00,118000.0,119000.0,2025-08-14 14:31:00+00:00,3423.1510206666303,38.46237101872618,0.06390659162851774,0.9456793971157599,36.37307183663165,3422.604725824317,1.0627307197406906,3424.7299095430217,0.234920416398829,0 days 00:51:00
1222,CLOSED,2025-08-14 15:37:00+00:00,118000.0,119000.0,2025-08-15 03:29:00+00:00,3423.1510206666303,38.46237101872618,0.06390220551503666,0.9456831253122189,36.37321523190709,3422.8396462407154,1.0626619705032216,3424.9648310300236,0.23492134253665853,0 days 11:52:00
1223,CLOSED,2025-08-15 13:42:00+00:00,118000.0,119000.0,2025-10-02 00:02:00+00:00,3423.1510206666303,38.46237101872618,0.06389781998629217,0.9456868530116517,36.373358608065715,3423.0745675832522,1.0625932298561032,3439.755440484257,0.23492226855101705,47 days 10:20:00
1224,CLOSED,2025-08-15 15:09:00+00:00,117000.0,118000.0,2025-08-17 04:50:00+00:00,3423.1510206666303,38.46237101872618,0.0739291285637684,0.9371602407207968,36.04540488260203,3420.8766350062665,1.053689119149893,3423.30992112299,0.23540976656481405,1 days 13:41:00
1225,CLOSED,2025-08-18 01:29:00+00:00,117000.0,118000.0,2025-10-01 16:37:00+00:00,3423.1510206666303,38.46237101872618,0.07392404143459233,0.9371645647805965,36.04557119619435,3421.1120447728317,1.0536214752530224,3437.393346258133,0.2354108527460994,44 days 15:08:00
1226,CLOSED,2025-08-18 02:07:00+00:00,116000.0,117000.0,2025-08-22 15:45:00+00:00,3423.1510206666303,38.46237101872618,0.08378928879433634,0.9287791045248142,35.72304651267367,3418.6066662599674,1.0449592480247365,3423.0094115826755,0.23593132090646662,4 days 13:38:00
1227,CLOSED,2025-08-18 03:48:00+00:00,115000.0,116000.0,2025-08-18 15:50:00+00:00,3423.1510206666303,38.46237101872618,0.09349304029177234,0.9205309157519935,35.405801615860945,3415.7939609315613,1.036532121691702,3418.843106071093,0.23648489316494903,0 days 12:02:00
1228,CLOSED,2025-08-19 03:43:00+00:00,115000.0,116000.0,2025-08-22 14:40:00+00:00,3423.1510206666303,38.46237101872618,0.09348656795729064,0.920536417236303,35.406013215991614,3416.030445824726,1.036466558992966,3420.2681074784823,0.23648630649925906,3 days 10:57:00
1229,CLOSED,2025-08-19 14:42:00+00:00,114000.0,115000.0,2025-08-22 14:08:00+00:00,3423.1510206666303,38.46237101872618,0.1030320068977291,0.9124227941369303,35.093944034037435,3412.9104870322008,1.02827027451735,3417.218921083036,0.23707344482256332,2 days 23:26:00
1230,CLOSED,2025-08-19 18:43:00+00:00,113000.0,114000.0,2025-08-20 08:56:00+00:00,3423.1510206666303,38.46237101872618,0.11242342194325858,0.9044400913482302,34.78691035764623,3409.483306536138,1.0202985974724705,3413.1481470932717,0.23769434074233686,0 days 14:13:00
1231,CLOSED,2025-08-20 13:45:00+00:00,113000.0,114000.0,2025-08-20 15:07:00+00:00,3423.1510206666303,38.46237101872618,0.11241558481782928,0.9044467529048451,34.78716657690831,3409.72100087688,1.0202349860285365,3413.385843442954,0.23769609145454496,0 days 01:22:00
1232,CLOSED,2025-08-21 11:55:00+00:00,113000.0,114000.0,2025-08-22 14:03:00+00:00,3423.1510206666303,38.46237101872618,0.11240774872727677,0.9044534135818147,34.78742276233716,3409.9586969683346,1.0201713819368352,3413.861894711793,0.23769784193556376,1 days 02:08:00
1233,CLOSED,2025-08-22 12:31:00+00:00,112000.0,113000.0,2025-08-22 14:00:00+00:00,3423.1510206666303,38.46237101872618,0.1216475340313012,0.896599596073394,34.48534631941491,3406.2242775480613,1.0124214822471662,3410.1970211722273,0.23835316870858492,0 days 01:29:00
1234,CLOSED,2025-08-23 02:26:00+00:00,116000.0,117000.0,2025-09-17 02:52:00+00:00,3423.1510206666303,38.46237101872618,0.08374280931315663,0.9288186120838169,35.72456606706607,3420.504083668201,1.0444240145082504,3431.3802743237343,0.23594135673795336,25 days 00:26:00
1235,CLOSED,2025-08-23 13:29:00+00:00,115000.0,116000.0,2025-09-12 00:44:00+00:00,3423.1510206666303,38.46237101872618,0.09344157601674483,0.9205746603857669,35.407484138195215,3417.691363733733,1.0360058990087837,3427.689508943992,0.236496131185163,19 days 11:15:00
1236,CLOSED,2025-08-24 19:34:00+00:00,114000.0,115000.0,2025-09-11 22:24:00+00:00,3423.1510206666303,38.46237101872618,0.10298275434589044,0.9124646588059931,35.0955542484715,3414.5713776059415,1.0278172680366708,3424.6402983069165,0.2370843224566812,18 days 02:50:00
1237,CLOSED,2025-08-24 19:36:00+00:00,113000.0,114000.0,2025-09-10 13:44:00+00:00,3423.1510206666303,38.46237101872618,0.11237000843924208,0.9044854928266443,34.788656606153786,3411.1441555247566,1.0198530176395328,3421.2832332042835,0.23770627262658905,16 days 18:08:00
1238,CLOSED,2025-08-24 19:37:00+00:00,112000.0,113000.0,2025-08-24 19:44:00+00:00,3423.1510206666303,38.46237101872618,0.12160688647451828,0.8966341464966594,34.4866752106134,3407.4096839876784,1.0121082701817579,3411.6215419871505,0.23836235363673097,0 days 00:07:00
1239,CLOSED,2025-08-24 19:37:00+00:00,111000.0,112000.0,2025-08-24 19:38:00+00:00,3423.1510206666303,38.46237101872618,0.13069682496239304,0.888907698781966,34.18949771195407,3403.3679056057867,1.0045783664951282,3407.648713294163,0.23905296800197817,0 days 00:01:00
1240,CLOSED,2025-08-24 19:56:00+00:00,112000.0,113000.0,2025-08-24 21:32:00+00:00,3423.1510206666303,38.46237101872618,0.12158985040814407,0.8966486271530776,34.487232170993146,3407.887099309317,1.0119828258976873,3411.8599087517146,0.23836620319271162,0 days 01:36:00
1241,CLOSED,2025-08-25 06:45:00+00:00,112000.0,113000.0,2025-08-28 04:50:00+00:00,3423.1510206666303,38.46237101872618,0.12158134634593105,0.8966558556059586,34.48751019442975,3408.1254655125094,1.0119202049166216,3413.7739433311594,0.23836812481374636,2 days 22:05:00
1242,CLOSED,2025-08-25 08:07:00+00:00,111000.0,112000.0,2025-08-25 14:17:00+00:00,3423.1510206666303,38.46237101872618,0.13066958632850306,0.8889308516207723,34.190388225030375,3404.0836788478764,1.0043932949557288,3408.3645011081153,0.23905919446941226,0 days 06:10:00
1243,CLOSED,2025-08-25 19:56:00+00:00,111000.0,112000.0,2025-08-26 23:03:00+00:00,3423.1510206666303,38.46237101872618,0.13066041041644857,0.8889386511460187,34.190688213264174,3404.322738042346,1.004331576180862,3409.0838992947497,0.23906129198714865,1 days 03:07:00
1244,CLOSED,2025-08-25 20:11:00+00:00,110000.0,111000.0,2025-08-26 19:21:00+00:00,3423.1510206666303,38.46237101872618,0.1396045245209126,0.8813361541572243,33.89827815341241,3399.973532005775,0.9970159424568966,3404.803056184266,0.23978748283845874,0 days 23:10:00
1245,CLOSED,2025-08-26 00:45:00+00:00,109000.0,110000.0,2025-08-26 02:09:00+00:00,3423.1510206666303,38.46237101872618,0.1484083019078712,0.8738529433783095,33.61045612402246,3395.3167603803977,0.9899063473611481,3400.214067727166,0.24054910942120244,0 days 01:24:00
1246,CLOSED,2025-08-27 03:11:00+00:00,111000.0,112000.0,2025-08-27 14:26:00+00:00,3423.1510206666303,38.46237101872618,0.13063280523006437,0.8889621155544453,34.19159071004681,3405.0421359265924,1.0041458914499592,3409.3229678067114,0.23906760224464563,0 days 11:15:00
1247,CLOSED,2025-08-27 20:21:00+00:00,111000.0,112000.0,2025-08-27 20:26:00+00:00,3423.1510206666303,38.46237101872618,0.13062363416028944,0.888969910963754,34.19189053997189,3405.281203528837,1.0040842002868775,3409.562037807595,0.23906969865548433,0 days 00:05:00
1248,CLOSED,2025-08-28 00:24:00+00:00,111000.0,112000.0,2025-08-28 03:32:00+00:00,3423.1510206666303,38.46237101872618,0.1306144642977279,0.8889777053469313,34.19219033042951,3405.5202732274925,1.0040225160082445,3409.8011099045743,0.23907179479035534,0 days 03:08:00
1249,CLOSED,2025-08-28 19:55:00+00:00,112000.0,113000.0,2025-09-05 12:30:00+00:00,3423.1510206666303,38.46237101872618,0.12151310348039704,0.8967138620416625,34.489741259481264,3410.039499811729,1.0114176466690625,3416.4193491858205,0.2383835453178662,7 days 16:35:00
1250,CLOSED,2025-08-29 06:29:00+00:00,111000.0,112000.0,2025-09-03 14:39:00+00:00,3423.1510206666303,38.46237101872618,0.13059680464542334,0.8889927160513902,34.19276767771366,3405.9976910157275,1.003898733340503,3411.965927594241,0.23907583160256962,5 days 08:10:00
1251,CLOSED,2025-08-29 07:56:00+00:00,110000.0,111000.0,2025-08-29 12:30:00+00:00,3423.1510206666303,38.46237101872618,0.13953703441050858,0.8813935207510677,33.9004846086289,3401.648444284209,0.9965898935144781,3406.2374758009323,0.23980309072095451,0 days 04:34:00
1252,CLOSED,2025-08-29 13:35:00+00:00,110000.0,111000.0,2025-09-02 13:50:00+00:00,3423.1510206666303,38.46237101872618,0.1395271982813684,0.8814018814608369,33.90080618135002,3401.8882473749295,0.9965290954959973,3407.6850484167326,0.23980536544160458,4 days 00:15:00
1253,CLOSED,2025-08-29 13:56:00+00:00,109000.0,110000.0,2025-09-02 02:58:00+00:00,3423.1510206666303,38.46237101872618,0.14832663584481084,0.8739223595319108,33.613126033876966,3397.2314116469506,0.9894270351627767,3402.8545876100497,0.24056821789254457,3 days 13:02:00
1254,CLOSED,2025-08-29 19:02:00+00:00,108000.0,109000.0,2025-08-31 00:38:00+00:00,3423.1510206666303,38.46237101872618,0.1569889539267429,0.8665593891622685,33.329928735719896,3392.266794673359,0.9825267513762646,3397.472770432986,0.2413670114219002,1 days 05:36:00
1255,CLOSED,2025-09-01 00:09:00+00:00,108000.0,109000.0,2025-09-01 07:50:00+00:00,3435.037514422742,38.595927128345416,0.15697778462284454,0.8665688830705821,33.44602946268387,3392.508161684781,0.9858791156474024,3397.715095275406,0.24220778386139585,0 days 07:41:00
1256,CLOSED,2025-09-01 21:32:00+00:00,108000.0,109000.0,2025-09-01 23:40:00+00:00,3435.037514422742,38.595927128345416,0.1569665780095696,0.8665784086918659,33.44639711286879,3392.750369468643,0.9858195702770497,3397.9573060923813,0.24221044629211264,0 days 02:08:00
1257,CLOSED,2025-09-02 12:43:00+00:00,109000.0,110000.0,2025-09-02 13:36:00+00:00,3435.037514422742,38.595927128345416,0.14828445585188882,0.8739582125258945,33.73122748386844,3398.1977651064185,0.9926210837470816,3403.096120142534,0.24141346671964214,0 days 00:53:00
1258,CLOSED,2025-09-04 04:58:00+00:00,111000.0,112000.0,2025-09-05 07:01:00+00:00,3435.037514422742,38.595927128345416,0.13052298012282618,0.8890554668955978,34.3139200133596,3407.92414222968,1.0068862621721755,3412.4466185624524,0.2399229287334137,1 days 02:03:00
1259,CLOSED,2025-09-04 14:05:00+00:00,110000.0,111000.0,2025-09-04 22:56:00+00:00,3435.037514422742,38.595927128345416,0.13949334461899157,0.8814306570738571,34.01963340911221,3403.5736839748047,0.9995268669894922,3408.164768801491,0.24064591792361512,0 days 08:51:00
1260,CLOSED,2025-09-05 14:15:00+00:00,112000.0,113000.0,2025-09-09 06:47:00+00:00,3435.037514422742,38.595927128345416,0.12141891042970183,0.8967939261347535,34.61259302223973,3412.684903417656,1.0142334848311578,3417.1392712547204,0.23923266269843424,3 days 16:32:00
1261,CLOSED,2025-09-05 14:26:00+00:00,111000.0,112000.0,2025-09-08 09:14:00+00:00,3435.037514422742,38.595927128345416,0.130531180564719,0.8890484965199889,34.31365098525054,3408.641875976044,1.0066663566827487,3413.1654445663235,0.239921047688874,2 days 18:48:00
1262,CLOSED,2025-09-06 16:21:00+00:00,110000.0,111000.0,2025-09-07 08:21:00+00:00,3435.037514422742,38.595927128345416,0.13949930897084806,0.8814255873747792,34.01943773937603,3404.2903246176015,0.9993107078256428,3408.882501235516,0.2406445338074903,0 days 16:00:00
1263,CLOSED,2025-09-09 14:33:00+00:00,112000.0,113000.0,2025-09-10 12:30:00+00:00,3435.037514422742,38.595927128345416,0.12139330634047772,0.8968156896105939,34.61343300376732,3413.404701661851,1.0140442176960562,3417.6184378828425,0.23923846841826446,0 days 21:57:00
1264,CLOSED,2025-09-09 15:37:00+00:00,111000.0,112000.0,2025-09-10 07:23:00+00:00,3435.037514422742,38.595927128345416,0.13050386654324778,0.8890717134382394,34.31454706373549,3409.3616658879223,1.0064801105458177,3413.6446046053575,0.23992731306963577,0 days 15:46:00
1265,CLOSED,2025-09-12 08:06:00+00:00,115000.0,116000.0,2025-09-12 18:09:00+00:00,3435.037514422742,38.595927128345416,0.0932455334462291,0.9207412965707052,35.53686398650122,3424.8768339156622,1.037609984528171,3427.9269996124463,0.23736029406830994,0 days 10:03:00
1266,CLOSED,2025-09-15 00:10:00+00:00,115000.0,116000.0,2025-09-15 04:22:00+00:00,3435.037514422742,38.595927128345416,0.09323907153401702,0.9207467891960855,35.53707597947014,3425.11419420973,1.0375442675618451,3428.164361536095,0.23736171002649797,0 days 04:12:00
1267,CLOSED,2025-09-15 08:50:00+00:00,115000.0,116000.0,2025-09-16 06:11:00+00:00,3435.037514422742,38.595927128345416,0.09323261047882334,0.9207522810930002,35.53728794432325,3425.3515559197567,1.0374785584535708,3428.401724875486,0.23736312579688956,0 days 21:21:00
1268,CLOSED,2025-09-16 13:45:00+00:00,115000.0,116000.0,2025-09-16 16:00:00+00:00,3435.037514422742,38.595927128345416,0.09322615028048302,0.9207577722615894,35.53749988106597,3425.588919045553,1.0374128572020114,3428.639089630431,0.23736454137952023,0 days 02:15:00
1269,CLOSED,2025-09-17 13:36:00+00:00,116000.0,117000.0,2025-09-18 03:01:00+00:00,3435.037514422742,38.595927128345416,0.08353836924305796,0.9289923861434007,35.85532243837842,3428.874944878138,1.045687667668869,3432.091930569486,0.23680493155622884,0 days 13:25:00
1270,CLOSED,2025-09-17 18:15:00+00:00,115000.0,116000.0,2025-09-17 18:28:00+00:00,3435.037514422742,38.595927128345416,0.09325110378141269,0.9207365617857992,35.53668124308801,3426.0609681044116,1.037246026090129,3429.1122584793425,0.23735907347578689,0 days 00:13:00
1271,CLOSED,2025-09-17 18:43:00+00:00,115000.0,116000.0,2025-09-17 20:08:00+00:00,3435.037514422742,38.595927128345416,0.09324464374977487,0.9207420528126914,35.5368931743618,3426.2983271778876,1.0371803556181343,3429.349619181925,0.23736048902189566,0 days 01:25:00
1272,CLOSED,2025-09-19 14:47:00+00:00,116000.0,117000.0,2025-10-01 14:02:00+00:00,3435.037514422742,38.595927128345416,0.083521037825279,0.9290071178485129,35.8558910221954,3429.5864693721924,1.0454873012360306,3434.9601421450025,0.23680868674354372,11 days 23:15:00
1273,CLOSED,2025-09-22 00:32:00+00:00,115000.0,116000.0,2025-10-01 08:48:00+00:00,3435.037514422742,38.595927128345416,0.09323190588704044,0.9207528799960156,35.53731105954039,3426.7724871331984,1.0370490364614353,3432.2178262818557,0.2373632801896477,9 days 08:16:00
1274,CLOSED,2025-09-22 05:59:00+00:00,114000.0,115000.0,2025-10-01 08:27:00+00:00,3435.037514422742,38.595927128345416,0.10278488010991574,0.9126328519065716,35.22391104712009,3423.650112398094,1.028840853788284,3429.1664862176403,0.23795142329871055,9 days 02:28:00
1275,CLOSED,2025-09-22 06:02:00+00:00,113000.0,114000.0,2025-09-29 14:41:00+00:00,3435.037514422742,38.595927128345416,0.11218363529124865,0.9046439100024386,34.915570427555586,3420.2193783688253,1.0208576282673294,3425.5675778840705,0.23857345792125528,7 days 08:39:00
1276,CLOSED,2025-09-22 06:02:00+00:00,112000.0,113000.0,2025-09-22 06:12:00+00:00,3435.037514422742,38.595927128345416,0.12143172985802508,0.8967830296206787,34.61217246117654,3416.4802743186096,1.0130944621970537,3420.4585788428003,0.23922975589677264,0 days 00:10:00
1277,CLOSED,2025-09-22 19:44:00+00:00,112000.0,113000.0,2025-09-23 06:35:00+00:00,3435.037514422742,38.595927128345416,0.12142322752616629,0.8967902566027587,34.61245139325026,3416.7195040745064,1.0130316917140614,3420.6978108077396,0.23923168379806015,0 days 10:51:00
1278,CLOSED,2025-09-23 17:46:00+00:00,112000.0,113000.0,2025-09-24 11:05:00+00:00,3435.037514422742,38.595927128345416,0.12141472631634212,0.8967974826311091,34.6127302885139,3416.958735758304,1.0129689283716947,3420.9370447002884,0.23923361144493072,0 days 17:19:00
1279,CLOSED,2025-09-25 04:19:00+00:00,112000.0,113000.0,2025-09-29 13:43:00+00:00,3435.037514422742,38.595927128345416,0.12140622622834031,0.8968047077059107,34.61300914697444,3417.197969369749,1.0129061721688397,3421.8982765360993,0.2392355388374341,4 days 09:24:00
1280,CLOSED,2025-09-25 13:04:00+00:00,111000.0,112000.0,2025-09-28 22:46:00+00:00,3435.037514422742,38.595927128345416,0.1305054056545998,0.8890704051935902,34.31449657082034,3413.1504322010114,1.0053613883256889,3417.9199413890524,0.23992696002317615,3 days 09:42:00
1281,CLOSED,2025-09-25 17:21:00+00:00,110000.0,111000.0,2025-09-28 22:05:00+00:00,3435.037514422742,38.595927128345416,0.13946074726876337,0.8814583648215512,34.0207028153231,3408.7943630757127,0.9980274311597559,3413.632482412274,0.24065348262121233,3 days 04:44:00
1282,CLOSED,2025-09-25 17:56:00+00:00,109000.0,110000.0,2025-09-26 17:27:00+00:00,3435.037514422742,38.595927128345416,0.14827548403308252,0.8739658385718798,33.731521818183566,3404.1296179067826,0.9909000421354477,3409.0357648904956,0.2414155732622305,0 days 23:31:00
1283,CLOSED,2025-09-30 09:38:00+00:00,113000.0,114000.0,2025-09-30 19:30:00+00:00,3435.037514422742,38.595927128345416,0.11212077628371316,0.9046973401588438,34.91763261397866,3422.1368784326305,1.0203458790336655,3425.8061675109934,0.2385875485673381,0 days 09:52:00
1284,CLOSED,2025-10-01 17:49:00+00:00,117000.0,118000.0,2025-10-01 22:08:00+00:00,3443.165001812913,38.68724721138105,0.07362097172574619,0.9374221740331158,36.26628338824942,3435.1954697404076,1.055726921734384,3437.63042094125,0.2368523070945514,0 days 04:19:00
1285,CLOSED,2025-10-03 01:50:00+00:00,120000.0,121000.0,2025-10-03 15:18:00+00:00,3443.165001812913,38.68724721138105,0.043130729979085985,0.9633388795177769,37.26892938023906,3441.8065248808502,1.0828304586798134,3443.316583354101,0.2354529834222987,0 days 13:28:00
1286,CLOSED,2025-10-03 17:00:00+00:00,122000.0,123000.0,2025-10-03 17:11:00+00:00,3443.165001812913,38.68724721138105,0.02193355011456098,0.9813564824026232,37.9659808372016,3444.749479522884,1.1021405493458436,3445.6417069862896,0.23468048661387542,0 days 00:11:00
1287,CLOSED,2025-10-03 17:51:00+00:00,122000.0,123000.0,2025-10-05 02:30:00+00:00,3443.165001812913,38.68724721138105,0.021932055949138156,0.9813577524432325,37.966029971576624,3444.984160009498,1.1020668951775952,3445.876387826107,0.2346807903299606,1 days 08:39:00
1288,CLOSED,2025-10-05 05:06:00+00:00,125000.0,126000.0,2025-10-06 18:56:00+00:00,3443.165001812913,38.68724721138105,0.0,1.0,38.68724721138105,3446.690223112267,1.1224463095626713,3447.4246762605035,0.23154348405809344,1 days 13:50:00
1289,CLOSED,2025-10-05 09:29:00+00:00,124000.0,125000.0,2025-10-06 13:57:00+00:00,3443.165001812913,38.68724721138105,0.011124655539094506,0.9905440427917697,38.321422257246,3446.3423473853427,1.111944734286759,3447.154079616309,0.2318214263767473,1 days 04:28:00
1290,CLOSED,2025-10-05 09:41:00+00:00,123000.0,124000.0,2025-10-06 00:16:00+00:00,3443.165001812913,38.68724721138105,0.022057885392936325,0.9812507974160041,37.96189217599773,3445.6861027992186,1.1017222998101341,3446.5743887073627,0.23213048935755864,0 days 14:35:00
1291,OPEN,2025-10-06 18:57:00+00:00,126000.0,127000.0,,3443.165001812913,38.68724721138105,0.0,1.0,38.68724721138105,3447.385718512059,1.1222198607958211,,-11.802505255645059,86 days 05:02:00
1292,OPEN,2025-10-06 21:16:00+00:00,125000.0,126000.0,,3443.165001812913,38.68724721138105,0.011123114922215691,0.9905453523161166,38.32147291913814,3447.0402966619577,1.1117210598393021,,-11.477872277125968,86 days 02:43:00
1293,CLOSED,2025-10-07 06:25:00+00:00,124000.0,125000.0,2025-10-07 12:56:00+00:00,3443.165001812913,38.68724721138105,0.022055542057546455,0.9812527892510855,37.96196923461393,3446.3889753745784,1.1014998453704126,3447.269851988073,0.2296469530009233,0 days 06:31:00
1294,OPEN,2025-10-07 13:42:00+00:00,124000.0,125000.0,,3443.165001812913,38.68724721138105,0.022054072504751294,0.9812540383709614,37.96201755962337,3446.618622327579,1.1014278549329826,,-11.155759789921575,85 days 10:17:00
1295,CLOSED,2025-10-07 14:08:00+00:00,123000.0,124000.0,2025-10-08 17:31:00+00:00,3443.165001812913,38.68724721138105,0.03279985077559351,0.9721201268407456,37.60865166624703,3445.6618213379625,1.0914783172668832,3448.0009027601477,0.22997048394979203,1 days 03:23:00
1296,CLOSED,2025-10-07 15:07:00+00:00,122000.0,123000.0,2025-10-08 10:38:00+00:00,3443.165001812913,38.68724721138105,0.043364285658955684,0.9631403571898877,37.26124909786303,3444.3999180799738,1.0817921839527196,3446.3534845216122,0.23032430289694616,0 days 19:31:00
1297,CLOSED,2025-10-07 16:24:00+00:00,121000.0,122000.0,2025-10-07 16:46:00+00:00,3443.165001812913,38.68724721138105,0.05375181057341722,0.9543109610125954,36.9196640652249,3442.8332475700554,1.0723628305635402,3444.6305532362417,0.23070884489525412,0 days 00:22:00
1298,CLOSED,2025-10-07 18:02:00+00:00,121000.0,122000.0,2025-10-07 19:52:00+00:00,3443.165001812913,38.68724721138105,0.05374820883430188,0.9543140224908434,36.919782505390714,3443.0639564149506,1.0722944148801987,3444.861262940562,0.23070958502100325,0 days 01:50:00
1299,CLOSED,2025-10-08 13:43:00+00:00,122000.0,123000.0,2025-10-08 14:01:00+00:00,3443.165001812913,38.68724721138105,0.0433555785090678,0.9631477582672924,37.261535425174216,3445.091660812787,1.0815832811944182,3446.5838108827797,0.23032607278228312,0 days 00:18:00
1300,CLOSED,2025-10-08 15:48:00+00:00,122000.0,123000.0,2025-10-08 16:51:00+00:00,3443.165001812913,38.68724721138105,0.0433526801093916,0.9631502219070172,37.261630736613284,3445.321986885569,1.0815137417764626,3446.8141376407107,0.2303266619343205,0 days 01:03:00
1301,OPEN,2025-10-08 20:58:00+00:00,123000.0,124000.0,,3443.165001812913,38.68724721138105,0.032786697072170454,0.9721313074886551,37.60908421473668,3447.0441872894417,1.0910531507955608,,-10.836133662179638,84 days 03:01:00
1302,CLOSED,2025-10-09 02:19:00+00:00,122000.0,123000.0,2025-10-09 12:05:00+00:00,3443.165001812913,38.68724721138105,0.04334701337264677,0.9631550386332502,37.26181708249182,3445.7822800857666,1.0813746793533443,3447.274435693598,0.23032781380081957,0 days 09:46:00
1303,OPEN,2025-10-09 14:08:00+00:00,122000.0,123000.0,,3443.165001812913,38.68724721138105,0.04334411610442377,0.9631575013112398,37.261912356724,3446.0126078995677,1.0813051661884685,,-10.518679966797762,83 days 09:51:00
1304,CLOSED,2025-10-09 14:46:00+00:00,121000.0,122000.0,2025-10-10 13:26:00+00:00,3443.165001812913,38.68724721138105,0.053726958324633534,0.9543320854240614,36.920481310553484,3444.4459277821416,1.0718844796709108,3446.474378712069,0.23071395181403886,0 days 22:40:00
1305,CLOSED,2025-10-09 16:58:00+00:00,120000.0,121000.0,2025-10-09 17:59:00+00:00,3443.165001812913,38.68724721138105,0.06393729622863614,0.9456532982056592,36.584722923940184,3442.574766278991,1.0627139686927953,3444.6769903962486,0.23113038939850128,0 days 01:01:00
1306,OPEN,2025-10-10 14:57:00+00:00,121000.0,122000.0,,3443.165001812913,38.68724721138105,0.053719755376597136,0.9543382079298924,36.92071817345012,3444.9077721233534,1.071747652352769,,-10.203369464396157,82 days 09:02:00
1307,OPEN,2025-10-10 15:04:00+00:00,120000.0,121000.0,,3443.165001812913,38.68724721138105,0.06392878796364765,0.9456605302308995,36.58500271108849,3443.036608427753,1.062579544508383,,-9.889971411457168,82 days 08:55:00
1308,OPEN,2025-10-10 15:30:00+00:00,119000.0,120000.0,,3443.165001812913,38.68724721138105,0.07396949377462413,0.9371259302915695,36.25482253338539,3440.861210300045,1.0536554751135676,,-9.57841084594293,82 days 08:29:00
1309,OPEN,2025-10-10 17:05:00+00:00,118000.0,119000.0,,3443.165001812913,38.68724721138105,0.08384588355965922,0.9287309989742897,35.930045750191226,3438.3817846406587,1.0449696398082284,,-9.268559733510692,82 days 06:54:00
1310,OPEN,2025-10-10 19:10:00+00:00,117000.0,118000.0,,3443.165001812913,38.68724721138105,0.09356183981851514,0.9204724361542621,35.6105446887621,3435.5984963368314,1.0365164825497346,,-8.960291232819777,82 days 04:49:00
1311,CLOSED,2025-10-10 19:21:00+00:00,116000.0,117000.0,2025-10-10 19:45:00+00:00,3443.165001812913,38.68724721138105,0.10312112168802871,0.9123470465651756,35.29619573304033,3432.5114682678773,1.0282906862610304,3435.831562868283,0.23311220333111748,0 days 00:24:00
1312,OPEN,2025-10-10 20:52:00+00:00,116000.0,117000.0,,3443.165001812913,38.68724721138105,0.10311411889731034,0.9123529989372862,35.29642601393166,3432.7445804712083,1.0282275650432042,,-8.653535983153017,82 days 03:07:00
1313,CLOSED,2025-10-10 20:55:00+00:00,115000.0,116000.0,2025-10-27 06:50:00+00:00,3443.165001812913,38.68724721138105,0.11251978706722374,0.9043581809928598,34.987128515705656,3429.3538912658605,1.0202250810222164,3455.7536395304646,0.2336884626692992,16 days 09:55:00
1314,CLOSED,2025-10-10 20:56:00+00:00,114000.0,115000.0,2025-10-10 21:04:00+00:00,3443.165001812913,38.68724721138105,0.12177596076382474,0.896490433350749,34.68274701767855,3425.6595796937745,1.012439975742683,3429.5881517786665,0.23429564666245994,0 days 00:08:00
1315,CLOSED,2025-10-10 21:11:00+00:00,114000.0,115000.0,2025-10-12 20:28:00+00:00,3443.165001812913,38.68724721138105,0.1217676325497839,0.8964975123326837,34.683020884002666,3425.893875340437,1.0123787293485895,3440.715382922904,0.23429749673757527,1 days 23:17:00
1316,CLOSED,2025-10-10 21:13:00+00:00,113000.0,114000.0,2025-10-10 22:48:00+00:00,3443.165001812913,38.68724721138105,0.130877173267049,0.8887544027230083,34.383461288348336,3421.8959350877094,1.0048073331448937,3434.662516172472,0.23493762680701025,0 days 01:35:00
1317,CLOSED,2025-10-10 21:13:00+00:00,112000.0,113000.0,2025-10-10 21:46:00+00:00,3443.165001812913,38.68724721138105,0.13984395714288486,0.8811326364285479,34.08859613152717,3417.5943202545154,0.9974441942830863,3429.4832110445113,0.23561094122468518,0 days 00:33:00
1318,CLOSED,2025-10-10 21:13:00+00:00,111000.0,112000.0,2025-10-10 21:14:00+00:00,3443.165001812913,38.68724721138105,0.14867119123723657,0.8736294874483489,33.79831995206639,3412.9889421834837,0.9902850704943591,3418.0676770238174,0.23631785310484332,0 days 00:01:00
1319,CLOSED,2025-10-10 21:13:00+00:00,110000.0,111000.0,2025-10-10 21:14:00+00:00,3443.165001812913,38.68724721138105,0.15736198416653643,0.866242313458444,33.51253052572546,3408.0796695090626,0.9833259129929017,3413.225986042053,0.23705880581729843,0 days 00:01:00
1320,CLOSED,2025-10-10 21:16:00+00:00,111000.0,112000.0,2025-10-10 21:18:00+00:00,3443.165001812913,38.68724721138105,0.14865057361641287,0.873647012426049,33.79899794521105,3413.4623188424057,0.9901676007565589,3419.261666553426,0.23632259363291297,0 days 00:02:00
1321,CLOSED,2025-10-10 21:16:00+00:00,110000.0,111000.0,2025-10-10 21:18:00+00:00,3443.165001812913,38.68724721138105,0.1573403271146037,0.8662607219525869,33.51324269968915,3408.5530393880535,0.9832102452982768,3414.4199701876523,0.2370638435481638,0 days 00:02:00
1322,CLOSED,2025-10-10 21:16:00+00:00,109000.0,110000.0,2025-10-10 21:17:00+00:00,3443.165001812913,38.68724721138105,0.1658966751388028,0.8589878261320176,33.231874381136166,3403.3396845120647,0.9764489431474603,3408.7908689728692,0.2378396103070486,0 days 00:01:00
1323,CLOSED,2025-10-10 21:17:00+00:00,108000.0,109000.0,2025-10-10 21:18:00+00:00,3443.165001812913,38.68724721138105,0.16461372348437672,0.8600783350382798,33.274063168778945,3398.397682489083,0.9791103419187855,3404.093835495265,0.24096244695250846,0 days 00:01:00
1324,CLOSED,2025-10-10 21:17:00+00:00,107000.0,108000.0,2025-10-10 21:18:00+00:00,3443.165001812913,38.68724721138105,0.1730614155954026,0.8528977967439078,32.99626790867379,3392.876781708314,0.9725159512589242,3398.639480117265,0.24180035175078274,0 days 00:01:00
1325,CLOSED,2025-10-10 21:19:00+00:00,108000.0,109000.0,2025-10-10 21:29:00+00:00,3443.165001812913,38.68724721138105,0.1451654275560425,0.8766093865773639,33.91360404633557,3400.9424392638957,0.9971825354878947,3409.7955453421,0.24559384210255075,0 days 00:10:00
1326,CLOSED,2025-10-10 21:19:00+00:00,107000.0,108000.0,2025-10-10 21:22:00+00:00,3443.165001812913,38.68724721138105,0.15391352797727464,0.8691735012193166,33.62593011125331,3396.023535347521,0.9901559798175048,3402.6982962849243,0.2464145869876191,0 days 00:03:00
1327,CLOSED,2025-10-10 21:19:00+00:00,106000.0,107000.0,2025-10-10 21:21:00+00:00,3443.165001812913,38.68724721138105,0.16252471326480303,0.8618539937249174,33.34275851535193,3390.7909723370326,0.9833327618060491,3397.2790140801035,0.24727335724743682,0 days 00:02:00
1328,CLOSED,2025-10-10 21:19:00+00:00,105000.0,106000.0,2025-10-10 21:20:00+00:00,3443.165001812913,38.68724721138105,0.17100199926738846,0.8546483006227198,33.06399008497787,3385.2444527268494,0.9767090839878485,3391.2882532464123,0.24817075209439565,0 days 00:01:00
1329,CLOSED,2025-10-10 21:19:00+00:00,104000.0,105000.0,2025-10-10 21:20:00+00:00,3443.165001812913,38.68724721138105,0.17934830859268647,0.8475539376962165,32.78952871263298,3379.383631636574,0.9702813378649646,3385.4935678540514,0.24910740945668408,0 days 00:01:00
1330,CLOSED,2025-10-10 21:20:00+00:00,103000.0,104000.0,2025-10-10 21:21:00+00:00,3443.165001812913,38.68724721138105,0.1682681803510955,0.8569720467015688,33.153889423986776,3374.715377185065,0.982420314558239,3380.772925821174,0.254964353672797,0 days 00:01:00
1331,CLOSED,2025-10-10 21:20:00+00:00,102000.0,103000.0,2025-10-10 21:21:00+00:00,3443.165001812913,38.68724721138105,0.1766607768251857,0.8498383396985921,32.87790593762906,3368.847485904803,0.9759392811692907,3374.971355468446,0.2559651346940157,0 days 00:01:00
1332,CLOSED,2025-10-10 21:21:00+00:00,104000.0,105000.0,2025-10-10 21:22:00+00:00,3443.165001812913,38.68724721138105,0.159889309518307,0.8640940869094391,33.429421554158054,3381.648579183445,0.988553978078649,3387.135202151235,0.2539687799716219,0 days 00:01:00
1333,CLOSED,2025-10-10 21:23:00+00:00,107000.0,108000.0,2025-10-10 21:24:00+00:00,3443.165001812913,38.68724721138105,0.1538339903591193,0.8692411081947486,33.62854563902506,3397.779399721646,0.989721276248246,3402.9447326761247,0.2464337538684589,0 days 00:01:00
1334,CLOSED,2025-10-10 21:24:00+00:00,106000.0,107000.0,2025-10-10 21:25:00+00:00,3443.165001812913,38.68724721138105,0.15260462121700438,0.8702860719655463,33.66897241075285,3393.1408431631858,0.9922656903143945,3399.3175454513475,0.2496925933481151,0 days 00:01:00
1335,CLOSED,2025-10-10 21:24:00+00:00,105000.0,106000.0,2025-10-10 21:25:00+00:00,3443.165001812913,38.68724721138105,0.16123297231148728,0.8629519735352358,33.38523633170682,3387.904869695066,0.9854242552776199,3394.14891044341,0.2505819529946294,0 days 00:01:00
1336,CLOSED,2025-10-10 21:24:00+00:00,104000.0,105000.0,2025-10-10 21:25:00+00:00,3443.165001812913,38.68724721138105,0.1697262613378018,0.8557326778628684,33.105941655337894,3382.351543285926,0.9787847665052507,3388.662360114351,0.2515112503037571,0 days 00:01:00
1337,CLOSED,2025-10-10 21:24:00+00:00,103000.0,104000.0,2025-10-10 21:25:00+00:00,3443.165001812913,38.68724721138105,0.17808744063236953,0.8486256754624859,32.830991296542415,3376.480488135753,0.9723435811906409,3382.8575274948807,0.25248116048501146,0 days 00:01:00
1338,CLOSED,2025-10-10 21:24:00+00:00,102000.0,103000.0,2025-10-10 21:25:00+00:00,3443.165001812913,38.68724721138105,0.18631937088330766,0.8416285347491885,32.56029118399426,3370.2912791951126,0.9660972446206565,3376.7339961757516,0.2534924010792423,0 days 00:01:00
1339,CLOSED,2025-10-10 21:25:00+00:00,107000.0,108000.0,2025-10-10 21:27:00+00:00,3443.165001812913,38.68724721138105,0.15376591836030468,0.869298969393741,33.630784129534426,3399.2835928337254,0.9893491734680185,3404.944466175204,0.2464501577779501,0 days 00:02:00
1340,CLOSED,2025-10-10 21:26:00+00:00,106000.0,107000.0,2025-10-10 21:27:00+00:00,3443.165001812913,38.68724721138105,0.16237002262758315,0.8619854807665543,33.347845387036834,3394.0509796499273,0.9825381406167457,3399.779112560789,0.24731108201572738,0 days 00:01:00
1341,CLOSED,2025-10-10 21:26:00+00:00,105000.0,106000.0,2025-10-10 21:27:00+00:00,3443.165001812913,38.68724721138105,0.17084037675700517,0.8547856797565456,33.06930490548987,3388.504361692214,0.9759262900572189,3394.2991933148787,0.2482106439223415,0 days 00:01:00
1342,CLOSED,2025-10-10 21:30:00+00:00,108000.0,109000.0,2025-10-10 21:31:00+00:00,3443.165001812913,38.68724721138105,0.14498434866518545,0.8767633036345923,33.91955867357862,3405.19006247592,0.9961135223364198,3410.0411883098773,0.24563696402438495,0 days 00:01:00
1343,CLOSED,2025-10-10 21:32:00+00:00,109000.0,110000.0,2025-10-10 21:33:00+00:00,3443.165001812913,38.68724721138105,0.14612009722674987,0.8757979173572626,33.88221053601309,3410.006988914845,0.9936111757587721,3414.854931301461,0.2424940482683482,0 days 00:01:00
1344,CLOSED,2025-10-10 21:33:00+00:00,110000.0,111000.0,2025-10-10 21:34:00+00:00,3443.165001812913,38.68724721138105,0.14725277715820784,0.8748351394155234,33.84496330777136,3414.8207724380136,0.9911197560042874,3419.6655907527374,0.23941034767611313,0 days 00:01:00
1345,CLOSED,2025-10-10 21:35:00+00:00,111000.0,112000.0,2025-10-10 21:38:00+00:00,3443.165001812913,38.68724721138105,0.14838240197225186,0.8738749583235859,33.80781654449988,3419.6314722605903,0.9886391799450482,3424.4732242678465,0.23638425327914092,0 days 00:03:00
1346,CLOSED,2025-10-10 21:39:00+00:00,111000.0,112000.0,2025-10-10 21:40:00+00:00,3443.165001812913,38.68724721138105,0.14837214565102494,0.8738836761966288,33.80815381500945,3419.8678565138694,0.9885807064332791,3424.7096112192894,0.23638661147454343,0 days 00:01:00
1347,CLOSED,2025-10-10 21:44:00+00:00,111000.0,112000.0,2025-10-10 21:45:00+00:00,3443.165001812913,38.68724721138105,0.14836189064525485,0.8738923929515334,33.80849104226132,3420.1042431253436,0.9885222390580296,3424.946000528582,0.23638896936749632,0 days 00:01:00
1348,CLOSED,2025-10-10 21:46:00+00:00,111000.0,112000.0,2025-10-10 21:47:00+00:00,3443.165001812913,38.68724721138105,0.13846084067547124,0.8823082854258495,34.13407875491959,3420.914389735062,0.9978056994744953,3425.454693737007,0.23866547865439713,0 days 00:01:00
1349,CLOSED,2025-10-10 22:05:00+00:00,112000.0,113000.0,2025-10-10 22:10:00+00:00,3443.165001812913,38.68724721138105,0.13952445938534108,0.8814042095224601,34.099102546947314,3425.420286585622,0.9954720791630652,3430.1939660273392,0.23568355866004964,0 days 00:05:00
1350,CLOSED,2025-10-10 22:05:00+00:00,111000.0,112000.0,2025-10-10 22:06:00+00:00,3443.165001812913,38.68724721138105,0.14833411422109585,0.8739160029120685,33.809404446641196,3420.814804294701,0.9883436076163723,3425.6566627186476,0.2363953558909131,0 days 00:01:00
1351,CLOSED,2025-10-10 22:27:00+00:00,112000.0,113000.0,2025-10-10 22:34:00+00:00,3443.165001812913,38.68724721138105,0.1395052332835513,0.8814205517089814,34.09973478115724,3425.8923655001727,0.995353360325982,3430.4296545930683,0.23568792848791276,0 days 00:07:00
1352,CLOSED,2025-10-10 23:06:00+00:00,113000.0,114000.0,2025-10-10 23:34:00+00:00,3443.165001812913,38.68724721138105,0.1305426553296884,0.8890387429697648,34.394461629766745,3430.6646058886618,1.0025597247463187,3434.897540049744,0.23501279067968994,0 days 00:28:00
1353,CLOSED,2025-10-10 23:54:00+00:00,113000.0,114000.0,2025-10-12 16:05:00+00:00,3443.165001812913,38.68724721138105,0.1305337133036481,0.8890463436918992,34.39475568078294,3430.8996186793415,1.0024996211933048,3436.7867901259765,0.2350147998912533,1 days 16:11:00
1354,CLOSED,2025-10-11 00:16:00+00:00,112000.0,113000.0,2025-10-11 00:48:00+00:00,3443.165001812913,38.68724721138105,0.1394797731940106,0.8814421927850911,34.10057201481861,3426.59789270133,0.9951728531513135,3431.135288275242,0.2356937152152483,0 days 00:32:00
1355,CLOSED,2025-10-11 01:12:00+00:00,112000.0,113000.0,2025-10-11 02:43:00+00:00,3443.165001812913,38.68724721138105,0.13947017993390254,0.8814503470561829,34.10088748112017,3426.833586416545,0.9951136120613203,3431.370984488838,0.2356958956310038,0 days 01:31:00
1356,CLOSED,2025-10-11 03:24:00+00:00,112000.0,113000.0,2025-10-12 15:05:00+00:00,3443.165001812913,38.68724721138105,0.13946058790460128,0.881458500281089,34.101202906947684,3427.0692823121763,0.995054377305739,3432.5538301759007,0.23569807576701862,1 days 11:41:00
1357,CLOSED,2025-10-11 07:09:00+00:00,111000.0,112000.0,2025-10-11 10:21:00+00:00,3443.165001812913,38.68724721138105,0.1482664958274399,0.8739734785466761,33.81162802072589,3422.46367933601,0.9879324132750377,3427.3056741334353,0.2364109031209125,0 days 03:12:00
1358,CLOSED,2025-10-11 19:20:00+00:00,111000.0,112000.0,2025-10-12 06:27:00+00:00,3443.165001812913,38.68724721138105,0.1482562548436385,0.8739821833829073,33.811964786877105,3422.700090239131,0.9878740145332101,3428.0164108631457,0.23641325778984168,0 days 11:07:00
1359,CLOSED,2025-10-11 20:56:00+00:00,110000.0,111000.0,2025-10-11 21:46:00+00:00,3443.165001812913,38.68724721138105,0.15692566442877096,0.8666131852355448,33.526878533849874,3417.7904688180024,0.9809518412474448,3422.9372364108585,0.23716029984410625,0 days 00:50:00
1360,CLOSED,2025-10-12 00:28:00+00:00,110000.0,111000.0,2025-10-12 03:09:00+00:00,3443.165001812913,38.68724721138105,0.1569147761207561,0.8666224402973574,33.527236586714174,3418.0276291178466,0.9808942531973378,3423.174399604421,0.23716283261568094,0 days 02:41:00
1361,CLOSED,2025-10-13 11:27:00+00:00,114000.0,115000.0,2025-10-13 13:31:00+00:00,3443.165001812913,38.68724721138105,0.12137341426662768,0.8968325978733664,34.69598442115202,3437.0211062086823,1.0094783636468427,3440.9497810576277,0.234385070548214,0 days 02:04:00
1362,CLOSED,2025-10-13 14:30:00+00:00,114000.0,115000.0,2025-10-13 16:09:00+00:00,3443.165001812913,38.68724721138105,0.12136513786228773,0.8968396328170555,34.69625658375763,3437.2554912792307,1.009417445743751,3441.1841682410172,0.23438690911404336,0 days 01:39:00
1363,CLOSED,2025-10-14 02:18:00+00:00,114000.0,115000.0,2025-10-26 22:03:00+00:00,3443.165001812913,38.68724721138105,0.1213568625216916,0.8968466668565621,34.69652871138292,3437.489878188345,1.0093565345905535,3452.1292809702363,0.23438874744356752,12 days 19:45:00
1364,CLOSED,2025-10-14 04:47:00+00:00,113000.0,114000.0,2025-10-21 16:36:00+00:00,3443.165001812913,38.68724721138105,0.13043905983890827,0.8891267991369279,34.39786828047427,3433.491806056566,1.0018334169255207,3444.6375888049456,0.23503606787176778,7 days 11:49:00
1365,CLOSED,2025-10-14 06:43:00+00:00,112000.0,113000.0,2025-10-14 16:20:00+00:00,3443.165001812913,38.68724721138105,0.13937910878489482,0.8815277575328394,34.10388227936733,3429.189931077146,0.9945171590030574,3434.201108472456,0.2357165948475668,0 days 09:37:00
1366,CLOSED,2025-10-14 10:13:00+00:00,111000.0,112000.0,2025-10-14 14:17:00+00:00,3443.165001812913,38.68724721138105,0.14818019362988383,0.8740468354145987,33.814465996009865,3424.5841556337523,0.9874035637401987,3429.663521893066,0.2364307462440962,0 days 04:04:00
1367,CLOSED,2025-10-14 13:37:00+00:00,110000.0,111000.0,2025-10-14 13:45:00+00:00,3443.165001812913,38.68724721138105,0.15684540100116556,0.8666814091490093,33.5295179292558,3419.6743394126784,0.9804886255635215,3424.821320635385,0.23717897023137624,0 days 00:08:00
1368,CLOSED,2025-10-14 17:01:00+00:00,112000.0,113000.0,2025-10-14 18:06:00+00:00,3443.165001812913,38.68724721138105,0.13935028424467052,0.8815522583920301,34.104830150163735,3429.899257388469,0.9943391216723727,3434.4368325741016,0.23572314626815682,0 days 01:05:00
1369,CLOSED,2025-10-15 03:22:00+00:00,112000.0,113000.0,2025-10-15 08:16:00+00:00,3443.165001812913,38.68724721138105,0.1393407079196507,0.8815603982682969,34.10514505956914,3430.134980534737,0.9942799701209528,3434.67255821434,0.23572532283480285,0 days 04:54:00
1370,CLOSED,2025-10-15 11:17:00+00:00,112000.0,113000.0,2025-10-21 15:24:00+00:00,3443.165001812913,38.68724721138105,0.13933113282232892,0.8815685371010205,34.10545992860273,3430.370705857572,0.9942208248911852,3440.404487256796,0.23572749912241875,6 days 04:07:00
1371,CLOSED,2025-10-15 13:46:00+00:00,111000.0,112000.0,2025-10-15 14:08:00+00:00,3443.165001812913,38.68724721138105,0.14812957628706702,0.874089860155993,33.81613050481639,3425.7649147644615,0.987111823087295,3430.6071294416815,0.2364423844896777,0 days 00:22:00
1372,CLOSED,2025-10-15 14:48:00+00:00,111000.0,112000.0,2025-10-21 14:57:00+00:00,3443.165001812913,38.68724721138105,0.14811935325835815,0.8740985497303956,33.816466680529466,3426.0013571489517,0.9870535109382104,3435.8668886220285,0.2364447350302612,6 days 00:09:00
1373,CLOSED,2025-10-16 09:34:00+00:00,110000.0,111000.0,2025-10-16 09:44:00+00:00,3443.165001812913,38.68724721138105,0.15678146012461577,0.8667357588940766,33.531620571279106,3421.0915068489644,0.9801439249476197,3426.238537143069,0.23719384376671115,0 days 00:10:00
1374,CLOSED,2025-10-16 14:17:00+00:00,110000.0,111000.0,2025-10-16 14:40:00+00:00,3443.165001812913,38.68724721138105,0.15677059078103275,0.8667449978361221,33.53197800051399,3421.3287006927308,0.9800864206273028,3426.4757338755144,0.23719637212688838,0 days 00:23:00
1375,CLOSED,2025-10-16 15:27:00+00:00,110000.0,111000.0,2025-10-20 05:54:00+00:00,3443.165001812913,38.68724721138105,0.1567597228286074,0.8667542355956837,33.532335384001826,3421.565897064858,0.9800289222185393,3429.8344706115518,0.23719890016347023,3 days 14:27:00
1376,CLOSED,2025-10-16 15:43:00+00:00,109000.0,110000.0,2025-10-20 03:51:00+00:00,3443.165001812913,38.68724721138105,0.16528800017422354,0.85950519985191,33.251890146138315,3416.3517963229983,0.9733157510864997,3424.6874256014808,0.23798286258627854,3 days 12:08:00
1377,CLOSED,2025-10-16 16:23:00+00:00,108000.0,109000.0,2025-10-16 16:58:00+00:00,3443.165001812913,38.68724721138105,0.1736863781263742,0.8523665785925819,32.97571654073027,3410.833217877239,0.9667935789968934,3416.590594094313,0.2388018952588311,0 days 00:35:00
1378,CLOSED,2025-10-16 18:03:00+00:00,108000.0,109000.0,2025-10-17 01:06:00+00:00,3443.165001812913,38.68724721138105,0.17367421871254862,0.8523769140943337,32.9761163928416,3411.0720197724977,0.9667376180184243,3416.829399288352,0.23880479088786188,0 days 07:03:00
1379,CLOSED,2025-10-17 06:19:00+00:00,108000.0,109000.0,2025-10-19 17:07:00+00:00,3443.165001812913,38.68724721138105,0.1736620608537034,0.8523872482743521,32.976516193818696,3411.3108245633857,0.966681662555313,3418.996513676698,0.2388076861465933,2 days 10:48:00
1380,CLOSED,2025-10-17 06:42:00+00:00,107000.0,108000.0,2025-10-19 09:49:00+00:00,3443.165001812913,38.68724721138105,0.18193238131287356,0.8453574758840574,32.704553651515624,3405.487488716786,0.9603486654957275,3412.9994471744676,0.2396626369587196,2 days 03:07:00
1381,CLOSED,2025-10-17 07:31:00+00:00,106000.0,107000.0,2025-10-17 16:00:00+00:00,3443.165001812913,38.68724721138105,0.19007835843324103,0.8384333953317451,32.4366800354768,3399.359080448636,0.9541998732065666,3406.9364534037336,0.24055378521367032,0 days 08:29:00
1382,CLOSED,2025-10-17 08:15:00+00:00,105000.0,106000.0,2025-10-17 11:15:00+00:00,3443.165001812913,38.68724721138105,0.1981026357772171,0.8316127595893654,32.172808414372575,3392.925239645089,0.9482321637519475,3399.843019423483,0.24148174617350548,0 days 03:00:00
1383,CLOSED,2025-10-17 10:21:00+00:00,104000.0,105000.0,2025-10-17 11:04:00+00:00,3443.165001812913,38.68724721138105,0.20600777792780572,0.8248933887613652,31.91285445404479,3386.1855614216774,0.9424425766155089,3393.1677014976012,0.2424471718116621,0 days 00:43:00
1384,CLOSED,2025-10-17 13:13:00+00:00,105000.0,106000.0,2025-10-17 13:37:00+00:00,3443.165001812913,38.68724721138105,0.1980743846617696,0.8316367730374958,32.17373742857679,3393.4091685630738,0.9481243148229201,3400.0845090795488,0.2414887191417776,0 days 00:24:00
1385,CLOSED,2025-10-17 13:47:00+00:00,105000.0,106000.0,2025-10-17 13:55:00+00:00,3443.165001812913,38.68724721138105,0.19806028989059918,0.8316487535929907,32.17420092328896,3393.6506572822154,0.9480705049663382,3400.326001745017,0.24149219802714583,0 days 00:08:00
1386,CLOSED,2025-10-17 14:23:00+00:00,105000.0,106000.0,2025-10-17 15:17:00+00:00,3443.165001812913,38.68724721138105,0.19804619692221923,0.8316607326161136,32.17466435871786,3393.8921494802426,0.9480167000487995,3400.5674978888655,0.24149567646753667,0 days 00:54:00
1387,CLOSED,2025-10-19 10:05:00+00:00,107000.0,108000.0,2025-10-19 11:00:00+00:00,3443.165001812913,38.68724721138105,0.18184221426556663,0.8454341178742684,32.70751871913769,3407.176110650579,0.9599597337189708,3413.23913452956,0.23968436530678616,0 days 00:55:00
1388,CLOSED,2025-10-20 00:19:00+00:00,108000.0,109000.0,2025-10-20 03:42:00+00:00,3443.165001812913,38.68724721138105,0.17355180805946888,0.8524809631494514,32.98014176435905,3413.4779385486327,0.9661741589688371,3419.235351273802,0.23883394162204752,0 days 03:23:00
1389,CLOSED,2025-10-20 17:37:00+00:00,110000.0,111000.0,2025-10-20 19:04:00+00:00,3443.165001812913,38.68724721138105,0.15660599256015753,0.8668849063238662,33.537390674766314,3424.9246334406234,0.9792154357882964,3430.0717103676557,0.2372346599575721,0 days 01:27:00
1390,CLOSED,2025-10-21 01:54:00+00:00,110000.0,111000.0,2025-10-21 14:51:00+00:00,3443.165001812913,38.68724721138105,0.15659514566566815,0.866894126184182,33.537747365781605,3425.161868100581,0.979158026898738,3431.0246635820645,0.237237183095786,0 days 12:57:00
1391,CLOSED,2025-10-21 04:00:00+00:00,109000.0,110000.0,2025-10-21 14:18:00+00:00,3443.165001812913,38.68724721138105,0.16511577402548275,0.8596515920783396,33.25755365839203,3419.947712796105,0.9724579570019533,3425.8775751311146,0.23802339618759305,0 days 10:18:00
1392,CLOSED,2025-10-21 04:30:00+00:00,108000.0,109000.0,2025-10-21 12:21:00+00:00,3443.165001812913,38.68724721138105,0.17350666170617465,0.8525193375497515,32.98162636427004,3414.4290276293295,0.9659485113729102,3420.1865536599516,0.238844692723454,0 days 07:51:00
1393,CLOSED,2025-10-21 13:09:00+00:00,108000.0,109000.0,2025-10-21 14:07:00+00:00,3443.165001812913,38.68724721138105,0.1734945254906333,0.8525296533329617,32.982025453525274,3414.667872322053,0.9658926339766314,3420.4254016451614,0.23884758282806473,0 days 00:58:00
1394,CLOSED,2025-10-21 16:56:00+00:00,113000.0,114000.0,2025-10-26 13:44:00+00:00,3443.165001812913,38.68724721138105,0.13016807986045897,0.8893571321186099,34.406779229477536,3440.639545629958,1.0000111541233212,3447.9654567028842,0.23509695520344565,4 days 20:48:00
1395,CLOSED,2025-10-21 17:18:00+00:00,112000.0,113000.0,2025-10-26 11:42:00+00:00,3443.165001812913,38.68724721138105,0.13909176504563447,0.8817719997112107,34.113331336901425,3436.3375829604906,0.9927235177957091,3443.7322843093843,0.23578190411787858,4 days 18:24:00
1396,CLOSED,2025-10-21 20:16:00+00:00,111000.0,112000.0,2025-10-24 12:30:00+00:00,3443.165001812913,38.68724721138105,0.14787684383973226,0.8743046827362275,33.82444139908451,3431.7316350067235,0.9856377186970288,3438.72074238049,0.23650049426240116,2 days 16:14:00
1397,CLOSED,2025-10-21 22:21:00+00:00,110000.0,111000.0,2025-10-23 17:40:00+00:00,3443.165001812913,38.68724721138105,0.15652638945203085,0.8669525689657738,33.540008356120765,3426.821555970302,0.9787497775507583,3433.6410254050816,0.23725317674536228,1 days 19:19:00
1398,CLOSED,2025-10-21 22:31:00+00:00,109000.0,110000.0,2025-10-23 06:17:00+00:00,3443.165001812913,38.68724721138105,0.16504338137536573,0.8597131258309392,33.25993422989069,3421.607157109217,0.9720558995437313,3428.2556413511998,0.23804043387229257,1 days 07:46:00
1399,CLOSED,2025-10-22 00:28:00+00:00,108000.0,109000.0,2025-10-22 13:58:00+00:00,3443.165001812913,38.68724721138105,0.17343070866783777,0.8525838976323379,32.98412401614505,3416.088206447986,0.9655524688702816,3422.0857369611513,0.2388627800939247,0 days 13:30:00
1400,CLOSED,2025-10-22 11:03:00+00:00,107000.0,108000.0,2025-10-22 11:18:00+00:00,3443.165001812913,38.68724721138105,0.181691173084707,0.8455625028779991,32.712485581515246,3410.2644284498197,0.9592360436514634,3416.327928278537,0.23972076303131473,0 days 00:15:00
1401,CLOSED,2025-10-22 14:06:00+00:00,108000.0,109000.0,2025-10-22 15:01:00+00:00,3443.165001812913,38.68724721138105,0.1734064149577648,0.8526045472859,32.984922894397236,3416.5667899911114,0.9654405993474826,3422.324606331991,0.2388685653705025,0 days 00:55:00
1402,CLOSED,2025-10-22 15:22:00+00:00,108000.0,109000.0,2025-10-23 06:08:00+00:00,3443.165001812913,38.68724721138105,0.17339429213144505,0.8526148516882717,32.985321543359156,3416.805658556482,0.9653847727849602,3422.8032080746448,0.23887145228661666,0 days 14:46:00
1403,CLOSED,2025-10-22 21:01:00+00:00,107000.0,108000.0,2025-10-23 01:10:00+00:00,3443.165001812913,38.68724721138105,0.18165330503455138,0.8455946907206313,32.713730840540364,3410.9818682836612,0.9590707926278502,3417.045389570544,0.23972988842911036,0 days 04:09:00
1404,CLOSED,2025-10-23 12:02:00+00:00,109000.0,110000.0,2025-10-23 15:10:00+00:00,3443.165001812913,38.68724721138105,0.16497423593237545,0.8597718994574809,33.262208019710215,3423.041250992301,0.9717150796844145,3428.4937003508785,0.23805670732345163,0 days 03:08:00
1405,CLOSED,2025-10-23 20:02:00+00:00,110000.0,111000.0,2025-10-24 04:27:00+00:00,3443.165001812913,38.68724721138105,0.15643922248524691,0.8670266608875401,33.54287476861451,3428.730959737454,0.9782883277369468,3433.8783017476517,0.23727345299164426,0 days 08:25:00
1406,CLOSED,2025-10-24 13:38:00+00:00,111000.0,112000.0,2025-10-26 09:21:00+00:00,3443.165001812913,38.68724721138105,0.14777422152861733,0.8743919117006753,33.827816047596095,3434.114812721129,0.9850519826036788,3439.1945481255298,0.23652408980479578,1 days 19:43:00
1407,CLOSED,2025-10-24 14:21:00+00:00,110000.0,111000.0,2025-10-24 20:56:00+00:00,3443.165001812913,38.68724721138105,0.15641858485849833,0.8670442028702764,33.543553419637206,3429.204699938223,0.9781729688006521,3434.352077804991,0.2372782535900697,0 days 06:35:00
1408,CLOSED,2025-10-26 21:28:00+00:00,113000.0,114000.0,2025-10-26 22:02:00+00:00,3443.165001812913,38.68724721138105,0.13004230021320787,0.8894640448187733,34.41091538753879,3443.9674045470792,0.9991649555714718,3448.200586088495,0.2351252170224285,0 days 00:34:00
1409,CLOSED,2025-10-27 08:50:00+00:00,115000.0,116000.0,2025-10-28 14:19:00+00:00,3443.165001812913,38.68724721138105,0.11176987201673162,0.9049956087857781,35.01178884230969,3452.3629906780793,1.0141398496289933,3456.221992115218,0.23385317563825225,1 days 05:29:00
1410,CLOSED,2025-10-27 23:01:00+00:00,114000.0,115000.0,2025-10-28 13:20:00+00:00,3443.165001812913,38.68724721138105,0.12097057610536434,0.8971750103104403,34.709231415753344,3448.668440222482,1.0064531287186937,3452.5974321331223,0.2344745592258164,0 days 14:19:00
1411,OPEN,2025-10-28 14:42:00+00:00,115000.0,116000.0,,3443.165001812913,38.68724721138105,0.11175471201435662,0.9050084947877969,35.01228736625536,3452.8313184129433,1.0140167340218744,,-8.35406213916849,64 days 09:17:00
1412,OPEN,2025-10-28 19:20:00+00:00,114000.0,115000.0,,3443.165001812913,38.68724721138105,0.12095429388729216,0.8971888501958016,34.7097668428197,3449.136763128166,1.006331996280135,,-8.050056043628658,64 days 04:39:00
1413,OPEN,2025-10-28 20:09:00+00:00,113000.0,114000.0,,3443.165001812913,38.68724721138105,0.13000907481715698,0.8894922864054166,34.4120079767829,3445.138343196579,0.9988570718717102,,-7.747095635676423,64 days 03:50:00
1414,OPEN,2025-10-29 15:29:00+00:00,112000.0,113000.0,,3443.165001812913,38.68724721138105,0.1389223167479438,0.8819160307642477,34.11890350185639,3440.8359945108596,0.9915876129023884,,-7.445057973917194,63 days 08:30:00
1415,CLOSED,2025-10-29 16:13:00+00:00,111000.0,112000.0,2025-10-29 18:02:00+00:00,3443.165001812913,38.68724721138105,0.1476971811905923,0.8744573959879965,33.83034945440815,3436.2296104957013,0.9845194672403709,3441.072518402993,0.23654180338521513,0 days 01:49:00
1416,OPEN,2025-10-29 18:35:00+00:00,111000.0,112000.0,,3443.165001812913,38.68724721138105,0.1476870147707746,0.8744660374448416,33.83068376858539,3436.4661522990864,0.9844614283761174,,-7.143890845290777,63 days 05:24:00
1417,CLOSED,2025-10-29 18:39:00+00:00,110000.0,111000.0,2025-10-29 18:53:00+00:00,3443.165001812913,38.68724721138105,0.15632605290876012,0.8671228550275539,33.54659625508951,3431.555580349744,0.9775915170131221,3436.7034391068705,0.23729977780585187,0 days 00:14:00
1418,CLOSED,2025-10-29 23:39:00+00:00,110000.0,111000.0,2025-10-30 02:59:00+00:00,3443.165001812913,38.68724721138105,0.15631524335849983,0.8671320431452751,33.5469517180712,3431.7928801275502,0.977534276976073,3436.940741757464,0.23730229225727584,0 days 03:20:00
1419,CLOSED,2025-10-30 04:11:00+00:00,110000.0,111000.0,2025-10-30 07:11:00+00:00,3443.165001812913,38.68724721138105,0.15630443518852696,0.8671412300897521,33.547307135663296,3432.0301824198073,0.9774770428158133,3437.6550632073513,0.23730480638761975,0 days 03:00:00
1420,CLOSED,2025-10-30 04:26:00+00:00,109000.0,110000.0,2025-10-30 05:46:00+00:00,3443.165001812913,38.68724721138105,0.16481013723516794,0.8599113833501073,33.26760426754626,3426.8152233032024,0.970802395218692,3432.5071906367166,0.23809532812069278,0 days 01:20:00
1421,CLOSED,2025-10-30 04:32:00+00:00,108000.0,109000.0,2025-10-30 04:36:00+00:00,3443.165001812913,38.68724721138105,0.1731864100517118,0.852791551456045,32.9921575709572,3421.295641718243,0.9643176452996582,3427.0541409988955,0.23892095708948347,0 days 00:04:00
1422,CLOSED,2025-10-30 10:02:00+00:00,110000.0,111000.0,2025-10-31 14:56:00+00:00,3443.165001812913,38.68724721138105,0.15627190973996785,0.8671688767210273,33.548376707722,3432.744503511405,0.9773047971791919,3438.847312012556,0.23731237225838697,1 days 04:54:00
1423,CLOSED,2025-10-30 12:24:00+00:00,109000.0,110000.0,2025-10-31 01:10:00+00:00,3443.165001812913,38.68724721138105,0.16477609907736984,0.8599403157842356,33.268723583777806,3427.529533611569,0.9706327329212749,3433.4613194089898,0.238103339036158,0 days 12:46:00
1424,CLOSED,2025-10-30 13:37:00+00:00,108000.0,109000.0,2025-10-31 00:52:00+00:00,3443.165001812913,38.68724721138105,0.17315089052539945,0.8528217430534104,32.99332560074818,3422.009930934947,0.9641504924485675,3428.008250976489,0.23892941566921166,0 days 11:15:00
1425,CLOSED,2025-10-30 17:21:00+00:00,107000.0,108000.0,2025-10-30 23:34:00+00:00,3443.165001812913,38.68724721138105,0.18139907576324768,0.8458107856012395,32.722090956607566,3416.185415394501,0.957854653004214,3422.2497236386293,0.23979115229723647,0 days 06:13:00
1426,CLOSED,2025-10-31 02:38:00+00:00,109000.0,110000.0,2025-10-31 04:40:00+00:00,3443.165001812913,38.68724721138105,0.16474164547199746,0.8599696013488022,33.26985656165392,3428.2463575185716,0.9704628282821325,3433.6994319989467,0.2381114477276327,0 days 02:02:00
1427,CLOSED,2025-10-31 16:09:00+00:00,110000.0,111000.0,2025-11-02 07:53:00+00:00,3443.165001812913,38.68724721138105,0.15621765282067185,0.8672149951024289,33.55016090094428,3433.9367512383933,0.9770174389159894,3439.3227555067397,0.23732499317086564,1 days 15:44:00
1428,CLOSED,2025-10-31 16:51:00+00:00,109000.0,110000.0,2025-10-31 19:33:00+00:00,3443.165001812913,38.68724721138105,0.1647193185119768,0.8599885792648198,33.27059076498245,3428.7217633506457,0.9703496830979214,3434.1748600296105,0.23811670240064586,0 days 02:42:00
1429,OPEN,2025-11-02 16:00:00+00:00,110000.0,111000.0,,3476.2562723164096,39.05905923951022,0.1561960268825017,0.8672333771498736,33.87331985257742,3434.4121929339644,0.9862916257480431,,-6.9099811764092,59 days 07:59:00
1430,OPEN,2025-11-03 02:32:00+00:00,109000.0,110000.0,,3476.2562723164096,39.05905923951022,0.16478992494425815,0.8599285637973806,33.588000715108834,3429.1939470164225,0.9794721801702744,,-6.606491104448477,58 days 21:27:00
1431,OPEN,2025-11-03 03:26:00+00:00,108000.0,109000.0,,3476.2562723164096,39.05905923951022,0.17325242664145762,0.852735437354761,33.307043963269265,3423.668147769262,0.9728467399789004,,-6.3034901324780215,58 days 20:33:00
1432,CLOSED,2025-11-03 08:46:00+00:00,107000.0,108000.0,2025-11-03 12:04:00+00:00,3476.2562723164096,39.05905923951022,0.18158639424814582,0.8456515648890761,33.030354568986944,3417.8345393221935,0.9664117495733818,3423.910196578341,0.24205014262036428,0 days 03:18:00
1433,OPEN,2025-11-03 15:26:00+00:00,107000.0,108000.0,,3476.2562723164096,39.05905923951022,0.18157353525816264,0.8456624950305618,33.030781490030726,3418.0765894648134,0.96635580349013,,-6.0009299609902484,58 days 08:33:00
1434,CLOSED,2025-11-03 15:28:00+00:00,106000.0,107000.0,2025-11-03 17:18:00+00:00,3476.2562723164096,39.05905923951022,0.1897812632622382,0.8386859262270976,32.7582832758477,3411.9348670866802,0.9601086935114543,3418.319531767902,0.24293882821817903,0 days 01:50:00
1435,CLOSED,2025-11-03 22:30:00+00:00,106000.0,107000.0,2025-11-04 01:21:00+00:00,3476.2562723164096,39.05905923951022,0.18976775129412368,0.8386974113999949,32.758731875896274,3412.1778059148983,0.9600534831189068,3418.562474375364,0.24294215508268735,0 days 02:51:00
1436,CLOSED,2025-11-04 05:21:00+00:00,106000.0,107000.0,2025-11-11 01:19:00+00:00,3476.2562723164096,39.05905923951022,0.1897542410649145,0.8387088950948227,32.75918041821284,3412.4207480699806,0.9599982779597444,3424.2427198236833,0.24294548151905815,6 days 19:58:00
1437,CLOSED,2025-11-04 05:44:00+00:00,105000.0,106000.0,2025-11-10 00:39:00+00:00,3476.2562723164096,39.05905923951022,0.1978379694400195,0.8318377259759835,32.49079901655541,3405.970557469921,0.9539365789671052,3417.6141122710574,0.24386851094992323,5 days 18:55:00
1438,CLOSED,2025-11-04 08:13:00+00:00,104000.0,105000.0,2025-11-09 20:05:00+00:00,3476.2562723164096,39.05905923951022,0.2058012710785117,0.825068919583265,32.22641580668144,3399.2115085063347,0.9480556219004512,3410.9200578553914,0.24482934866287565,5 days 11:52:00
1439,CLOSED,2025-11-04 14:37:00+00:00,103000.0,104000.0,2025-11-04 14:45:00+00:00,3476.2562723164096,39.05905923951022,0.2136466787225766,0.8184003230858099,31.965946701042952,3392.1431644125837,0.942352523219004,3399.457354791927,0.24582868199692598,0 days 00:08:00
1440,CLOSED,2025-11-04 16:12:00+00:00,103000.0,104000.0,2025-11-05 16:51:00+00:00,3476.2562723164096,39.05905923951022,0.21363119686552828,0.818413482664301,31.966460701798805,3392.3889930945807,0.9422993874484479,3401.445717434286,0.24583263483240714,1 days 00:39:00
1441,CLOSED,2025-11-04 17:02:00+00:00,102000.0,103000.0,2025-11-05 13:48:00+00:00,3476.2562723164096,39.05905923951022,0.2213607233684874,0.8118433851367857,31.70983887326222,3385.010865322526,0.9367721444593025,3394.13154482186,0.2468713546938659,0 days 20:46:00
1442,CLOSED,2025-11-04 17:17:00+00:00,101000.0,102000.0,2025-11-05 03:25:00+00:00,3476.2562723164096,39.05905923951022,0.22897720573819186,0.8053693751225369,31.456970132598496,3377.322424279806,0.931417442008265,3386.5065502748703,0.24795006768813366,0 days 10:08:00
1443,CLOSED,2025-11-04 20:17:00+00:00,100000.0,101000.0,2025-11-04 20:41:00+00:00,3476.2562723164096,39.05905923951022,0.23648295755521376,0.7989894860780683,31.207777668469095,3369.3230924111485,0.9262328608010175,3377.571525230913,0.24906958564982773,0 days 00:24:00
1444,CLOSED,2025-11-04 21:21:00+00:00,100000.0,101000.0,2025-11-04 22:09:00+00:00,3476.2562723164096,39.05905923951022,0.23646547737986212,0.7990043442271172,31.208358013792985,3369.572161996799,0.9261816193097643,3378.0708356021905,0.24907421739166224,0 days 00:48:00
1445,CLOSED,2025-11-04 21:35:00+00:00,99000.0,100000.0,2025-11-04 21:56:00+00:00,3476.2562723164096,39.05905923951022,0.24386232374933114,0.7927170248130685,30.962781232341936,3361.2613072437025,0.9211655507298836,3369.82243346817,0.2502355683232018,0 days 00:21:00
1446,CLOSED,2025-11-05 01:17:00+00:00,100000.0,101000.0,2025-11-05 01:59:00+00:00,3476.2562723164096,39.05905923951022,0.2364304426549822,0.7990341237432651,31.20952117367833,3370.071471782514,0.9260789106401605,3378.5701654711147,0.24908350058233708,0 days 00:42:00
1447,CLOSED,2025-11-05 01:39:00+00:00,99000.0,100000.0,2025-11-05 01:52:00+00:00,3476.2562723164096,39.05905923951022,0.24382644690837416,0.792747520127882,30.96397235064976,3361.7606042462903,0.9210641683271171,3370.3217529190733,0.2502451947247941,0 days 00:13:00
1448,CLOSED,2025-11-06 01:19:00+00:00,103000.0,104000.0,2025-11-06 04:45:00+00:00,3476.2562723164096,39.05905923951022,0.2135060557465908,0.8185198526153978,31.97061541202,3394.3773552184675,0.9418698060446589,3401.6915862110636,0.24586458592546379,0 days 03:26:00
1449,CLOSED,2025-11-06 07:17:00+00:00,103000.0,104000.0,2025-11-07 22:07:00+00:00,3476.2562723164096,39.05905923951022,0.2134905920044934,0.8185329967961806,31.971128811355847,3394.623219804393,0.9418167125245229,3403.1774631748394,0.24586853413582332,1 days 14:50:00
1450,CLOSED,2025-11-06 15:00:00+00:00,102000.0,103000.0,2025-11-07 19:36:00+00:00,3476.2562723164096,39.05905923951022,0.221216080505761,0.8119663315701031,31.714641045284456,3387.2450420880987,0.9362960356046066,3395.8632501306856,0.2469087411566946,1 days 04:36:00
1451,CLOSED,2025-11-06 16:39:00+00:00,101000.0,102000.0,2025-11-06 18:48:00+00:00,3476.2562723164096,39.05905923951022,0.22882859745481526,0.805495692163407,31.4619039573808,3379.556503934038,0.9309477122444013,3387.493058038674,0.24798895707206725,0 days 02:09:00
1452,CLOSED,2025-11-06 20:31:00+00:00,101000.0,102000.0,2025-11-07 03:01:00+00:00,3476.2562723164096,39.05905923951022,0.22881180744067378,0.8055099636754273,31.462461389214237,3379.8044928911095,0.9308958981322916,3387.7410519519217,0.24799335086016683,0 days 06:30:00
1453,CLOSED,2025-11-07 09:26:00+00:00,101000.0,102000.0,2025-11-07 17:23:00+00:00,3476.2562723164096,39.05905923951022,0.22879501959282983,0.8055242333460947,31.463018749126167,3380.0524862419697,0.9308440882853736,3388.2381693769235,0.24799774408135278,0 days 07:57:00
1454,CLOSED,2025-11-07 11:15:00+00:00,100000.0,101000.0,2025-11-07 15:10:00+00:00,3476.2562723164096,39.05905923951022,0.23629602038002814,0.7991483826769761,31.213984020138792,3372.052996188123,0.9256670655954721,3380.301636939562,0.2491191186045647,0 days 03:55:00
1455,CLOSED,2025-11-08 00:34:00+00:00,103000.0,104000.0,2025-11-09 14:30:00+00:00,3476.2562723164096,39.05905923951022,0.21339718492212578,0.818612392816193,31.974229945204893,3396.109096250303,0.9414959602006938,3403.6702922638815,0.24589238287880377,1 days 13:56:00
1456,CLOSED,2025-11-08 07:21:00+00:00,102000.0,103000.0,2025-11-09 14:09:00+00:00,3476.2562723164096,39.05905923951022,0.22111999011675892,0.8120480084007549,31.717831265451377,3388.7308853548866,0.9359796436632561,3396.3560523600154,0.24693357805283256,1 days 06:48:00
1457,CLOSED,2025-11-09 14:58:00+00:00,103000.0,104000.0,2025-11-09 15:52:00+00:00,3476.2562723164096,39.05905923951022,0.21336622230857027,0.8186387110377152,31.975257910178406,3396.6019222112345,0.9413896194630331,3403.9161935890575,0.2459002882687784,0 days 00:54:00
1458,CLOSED,2025-11-10 14:52:00+00:00,105000.0,106000.0,2025-11-10 18:00:00+00:00,3476.2562723164096,39.05905923951022,0.1975367693156278,0.8320937460817164,32.50079892103174,3411.1639134164534,0.9527774022585898,3417.858065924051,0.24394356794722682,0 days 03:08:00
1459,CLOSED,2025-11-11 02:02:00+00:00,106000.0,107000.0,2025-11-11 02:35:00+00:00,3476.2562723164096,39.05905923951022,0.18943890498196522,0.8389769307653295,32.76964963934547,3418.100993065979,0.9587092278965006,3424.4857535034516,0.24302312234940615,0 days 00:33:00
1460,OPEN,2025-11-11 04:28:00+00:00,106000.0,107000.0,,3476.2562723164096,39.05905923951022,0.18942543704720935,0.8389883785098721,32.77009677747772,3418.344016188328,0.9586541501466102,,-5.700583465007114,50 days 19:31:00
1461,OPEN,2025-11-11 06:08:00+00:00,105000.0,106000.0,,3476.2562723164096,39.05905923951022,0.19749768267843096,0.8321269697233337,32.502096605217815,3411.8937117903724,0.9526116388942996,,-5.3982664832971565,50 days 17:51:00
1462,CLOSED,2025-11-11 14:49:00+00:00,104000.0,105000.0,2025-11-12 09:20:00+00:00,3476.2562723164096,39.05905923951022,0.20544972296587977,0.8253677354790022,32.23808727445475,3405.1344411591735,0.9467493231627084,3412.384564493681,0.24491801871137397,0 days 18:31:00
1463,CLOSED,2025-11-11 17:40:00+00:00,103000.0,104000.0,2025-11-12 08:36:00+00:00,3476.2562723164096,39.05905923951022,0.21328408194276685,0.8187085303486482,31.9779849867802,3398.0657629105062,0.94106433535855,3405.3803804946974,0.2459212603880374,0 days 14:56:00
1464,OPEN,2025-11-12 14:48:00+00:00,104000.0,105000.0,,3476.2562723164096,39.05905923951022,0.2054201123112693,0.8253929045354211,32.239070354120415,3405.625280438273,0.946641738282244,,-5.096075797750888,49 days 09:11:00
1465,CLOSED,2025-11-12 15:38:00+00:00,103000.0,104000.0,2025-11-13 07:26:00+00:00,3476.2562723164096,39.05905923951022,0.21325356506740908,0.8187344696927022,31.97899815315624,3398.5565917632894,0.9409582359364045,3406.6143133613996,0.2459290519719275,0 days 15:48:00
1466,CLOSED,2025-11-12 15:53:00+00:00,102000.0,103000.0,2025-11-13 05:54:00+00:00,3476.2562723164096,39.05905923951022,0.22097180214398085,0.8121739681776163,31.722751135837605,3391.177997925992,0.935449308624876,3399.299700246997,0.2469718808355168,0 days 14:01:00
1467,CLOSED,2025-11-12 19:28:00+00:00,101000.0,102000.0,2025-11-13 00:36:00+00:00,3476.2562723164096,39.05905923951022,0.2285771991619147,0.8057093807123725,31.47025043107365,3383.4889639789985,0.9301124007233199,3391.4260799757185,0.2480547456304798,0 days 05:08:00
1468,CLOSED,2025-11-13 03:15:00+00:00,101000.0,102000.0,2025-11-13 03:25:00+00:00,3476.2562723164096,39.05905923951022,0.22856044264133366,0.8057236237548664,31.47080675091417,3383.7370187246293,0.9300606571008255,3391.674139667638,0.24805913065362972,0 days 00:10:00
1469,OPEN,2025-11-13 09:08:00+00:00,103000.0,104000.0,,3476.2562723164096,39.05905923951022,0.21319152414831227,0.8187872044739346,31.98105792410038,3399.5456065723806,0.9407450767029285,,-4.793876196299124,48 days 14:51:00
1470,CLOSED,2025-11-13 14:36:00+00:00,102000.0,103000.0,2025-11-13 14:52:00+00:00,3476.2562723164096,39.05905923951022,0.22090797810989463,0.8122282186065896,31.724870106556637,3392.166990697534,0.9352390431708383,3399.792617754511,0.2469883777081101,0 days 00:16:00
1471,OPEN,2025-11-13 15:33:00+00:00,102000.0,103000.0,,3476.2562723164096,39.05905923951022,0.22089189466504605,0.8122418895347109,31.72540408014799,3392.4139790752415,0.9351866923032846,,-4.491144068292076,48 days 08:26:00
1472,OPEN,2025-11-13 16:17:00+00:00,101000.0,102000.0,,3476.2562723164096,39.05905923951022,0.2284951056559345,0.8057791601924557,31.47297595191992,3384.724896514277,0.9298532942612863,,-4.187908922530827,48 days 07:42:00
1473,OPEN,2025-11-13 17:41:00+00:00,100000.0,101000.0,,3476.2562723164096,39.05905923951022,0.2359878202282131,0.7994103528060189,31.224216326928058,3376.7247643717783,0.9246894107680451,,-3.884113977245736,48 days 06:18:00
1474,CLOSED,2025-11-13 18:25:00+00:00,99000.0,100000.0,2025-11-13 23:14:00+00:00,3476.2562723164096,39.05905923951022,0.2433722740015585,0.7931335670986752,30.979050982151207,3368.412951067798,0.9196927880333302,3376.9751678916527,0.2503670574830217,0 days 04:49:00
1475,OPEN,2025-11-14 00:15:00+00:00,99000.0,100000.0,,3476.2562723164096,39.05905923951022,0.24335418599621025,0.7931489419032213,30.97965150755277,3368.663318125281,0.9196422610970062,,-3.5796919161743865,47 days 23:44:00
1476,OPEN,2025-11-14 04:34:00+00:00,98000.0,99000.0,,3476.2562723164096,39.05905923951022,0.2506321371204167,0.7869626834476457,30.738022072065522,3360.0391365390897,0.9148114299563286,,-3.274360969858204,47 days 19:25:00
1477,CLOSED,2025-11-14 04:38:00+00:00,97000.0,98000.0,2025-11-14 05:01:00+00:00,3476.2562723164096,39.05905923951022,0.2578061094411796,0.7808648069749974,30.499844753685135,3351.1018569491703,0.9101437692930071,3360.292015630088,0.2528336512035949,0 days 00:23:00
1478,OPEN,2025-11-14 06:13:00+00:00,97000.0,98000.0,,3476.2562723164096,39.05905923951022,0.2577866599749278,0.7808813390213114,30.500490479861465,3351.354690600374,0.9100943736396191,,-2.9681153665922224,47 days 17:46:00
1479,CLOSED,2025-11-14 06:49:00+00:00,96000.0,97000.0,2025-11-14 06:56:00+00:00,3476.2562723164096,39.05905923951022,0.26485829965787167,0.7748704452908091,30.26571062555937,3342.1035249339084,0.9055886629411903,3351.608876950466,0.2541364431055335,0 days 00:07:00
1480,CLOSED,2025-11-14 11:42:00+00:00,96000.0,97000.0,2025-11-14 15:46:00+00:00,3476.2562723164096,39.05905923951022,0.264838161135002,0.7748875630352483,30.266379228553472,3342.3576613770147,0.9055398103650001,3352.1185050221607,0.2541420572604096,0 days 04:04:00
1481,CLOSED,2025-11-14 12:39:00+00:00,95000.0,96000.0,2025-11-14 14:36:00+00:00,3476.2562723164096,39.05905923951022,0.27180946410402446,0.7689619555115792,30.034930573256393,3332.7917703129538,0.9011943332552117,3342.6132010739775,0.25548533954238195,0 days 01:57:00
1482,OPEN,2025-11-14 17:48:00+00:00,96000.0,97000.0,,3476.2562723164096,39.05905923951022,0.26479778598068865,0.7749218819164146,30.267719691765983,3342.8672887738176,0.9054418580543875,,-2.6608567471014553,47 days 06:11:00
1483,CLOSED,2025-11-14 18:59:00+00:00,95000.0,96000.0,2025-11-15 02:41:00+00:00,3476.2562723164096,39.05905923951022,0.27176830604345625,0.7689969398630622,30.036297029113424,3333.301382420098,0.9010975481402759,3343.1228401332237,0.2554969629898771,0 days 07:42:00
1484,CLOSED,2025-11-16 01:40:00+00:00,95000.0,96000.0,2025-11-16 05:11:00+00:00,3476.2562723164096,39.05905923951022,0.2717474766473057,0.7690146448497901,30.036988569238865,3333.556879383088,0.9010492292784141,3343.378343676764,0.2555028454194428,0 days 03:31:00
1485,CLOSED,2025-11-16 15:53:00+00:00,95000.0,96000.0,2025-11-17 08:25:00+00:00,3476.2562723164096,39.05905923951022,0.27172664996434986,0.7690323475303026,30.0376800192857,3333.8123822285074,0.9010009135309176,3344.147658338267,0.2555087270827876,0 days 16:32:00
1486,CLOSED,2025-11-16 17:44:00+00:00,94000.0,95000.0,2025-11-16 18:11:00+00:00,3476.2562723164096,39.05905923951022,0.27859839741258213,0.7631913621993052,29.80953662722516,3323.9308359950996,0.8968157912437715,3334.0693406192077,0.2568995380216208,0 days 00:27:00
1487,CLOSED,2025-11-16 18:47:00+00:00,94000.0,95000.0,2025-11-17 00:35:00+00:00,3476.2562723164096,39.05905923951022,0.27857686679960747,0.7632096632203337,29.810251447889655,3324.187735533121,0.8967679872360999,3334.326247039279,0.2569056983689144,0 days 05:48:00
1488,CLOSED,2025-11-17 13:09:00+00:00,95000.0,96000.0,2025-11-17 14:36:00+00:00,3476.2562723164096,39.05905923951022,0.2716639605102861,0.7690856335662568,30.039761321720675,3334.5816961919804,0.9008554613019507,3344.6601046759756,0.2555264312109209,0 days 01:27:00
1489,CLOSED,2025-11-17 13:42:00+00:00,94000.0,95000.0,2025-11-17 14:36:00+00:00,3476.2562723164096,39.05905923951022,0.2785345523687314,0.7632456304865782,29.811656295472584,3324.700125990732,0.896672035544528,3334.838672908823,0.2569178053902199,0 days 00:54:00
1490,OPEN,2025-11-17 14:53:00+00:00,95000.0,96000.0,,3476.2562723164096,39.05905923951022,0.2716222187707747,0.7691211140448415,30.04114715583556,3335.094140428582,0.9007585960369644,,-2.352515346445223,44 days 09:06:00
1491,OPEN,2025-11-17 15:19:00+00:00,94000.0,95000.0,,3476.2562723164096,39.05905923951022,0.2784920410695341,0.7632817650908961,29.813067679123233,3325.21255426836,0.8965762997873362,,-2.042330950401233,44 days 08:40:00
1492,CLOSED,2025-11-17 17:44:00+00:00,93000.0,94000.0,2025-12-03 22:49:00+00:00,3476.2562723164096,39.05905923951022,0.2852657626720087,0.7575241017287926,29.588178764781674,3315.0143530534497,0.8925505477081297,3339.680493987488,0.2583697037183441,16 days 05:05:00
1493,CLOSED,2025-11-17 19:33:00+00:00,92000.0,93000.0,2025-11-18 15:27:00+00:00,3476.2562723164096,39.05905923951022,0.2919451933294931,0.7518465856699309,29.366420328705328,3304.4985424200777,0.8886800811598659,3315.7986671988087,0.2598586654853996,0 days 19:54:00
1494,CLOSED,2025-11-18 02:16:00+00:00,91000.0,92000.0,2025-11-18 14:32:00+00:00,3476.2562723164096,39.05905923951022,0.2985320890673802,0.7462477242927268,29.147734070499304,3293.6640725243988,0.8849637798113178,3305.02300229426,0.26139816036332064,0 days 12:16:00
1495,CLOSED,2025-11-18 03:30:00+00:00,90000.0,91000.0,2025-11-18 08:17:00+00:00,3476.2562723164096,39.05905923951022,0.3050281535831265,0.7407260694543425,28.932063427066726,3282.5098368497424,0.8814006618433509,3293.927138630942,0.2629895633456947,0 days 04:47:00
1496,CLOSED,2025-11-19 00:19:00+00:00,92000.0,93000.0,2025-11-20 05:04:00+00:00,3476.2562723164096,39.05905923951022,0.2918759233219504,0.7519054651763422,29.368720106834235,3305.2827888092725,0.8885388023762504,3317.372109514811,0.2598790158470976,1 days 04:45:00
1497,CLOSED,2025-11-19 05:08:00+00:00,91000.0,92000.0,2025-11-19 07:47:00+00:00,3476.2562723164096,39.05905923951022,0.2984617155040552,0.746307541821553,29.15007048690129,3294.4482916412244,0.8848240405187644,3305.5442801331446,0.2614191134483086,0 days 02:39:00
1498,CLOSED,2025-11-19 15:30:00+00:00,91000.0,92000.0,2025-11-20 00:30:00+00:00,3476.2562723164096,39.05905923951022,0.2984380340255897,0.7463276710782487,29.150856716731013,3294.709710754673,0.8847776974577174,3306.5964227914765,0.2614261643919811,0 days 09:00:00
1499,CLOSED,2025-11-19 15:53:00+00:00,90000.0,91000.0,2025-11-19 15:56:00+00:00,3476.2562723164096,39.05905923951022,0.3049326481761345,0.7408072490502857,28.93523422571371,3283.5554127043006,0.8812165652439216,3294.9728057636357,0.2630183855883139,0 days 00:03:00
1500,CLOSED,2025-11-19 16:05:00+00:00,90000.0,91000.0,2025-11-19 23:05:00+00:00,3476.2562723164096,39.05905923951022,0.30490822450761584,0.7408280091685265,28.936045096401898,3283.8184310898887,0.8811706768695526,3295.5005038969725,0.26302575632178105,0 days 07:00:00
1501,CLOSED,2025-11-19 17:36:00+00:00,89000.0,90000.0,2025-11-19 21:20:00+00:00,3476.2562723164096,39.05905923951022,0.31131332200696243,0.735383676294082,28.723394576139356,3272.3431577505667,0.8777623003292856,3284.0831836859643,0.26467155795444697,0 days 03:44:00
1502,CLOSED,2025-11-20 06:42:00+00:00,92000.0,93000.0,2025-11-28 14:30:00+00:00,3476.2562723164096,39.05905923951022,0.29173704542126955,0.7520235113919209,29.37333088096153,3306.8562288028243,0.8882554561979099,3325.2248709319992,0.2599198158355911,8 days 07:48:00
1503,CLOSED,2025-11-20 14:05:00+00:00,91000.0,92000.0,2025-11-28 11:02:00+00:00,3476.2562723164096,39.05905923951022,0.29832062444649665,0.7464274692204779,29.154754738280335,3296.0216769570093,0.8845437802216435,3314.4491380785867,0.26146112202057736,7 days 20:57:00
1504,CLOSED,2025-11-20 15:58:00+00:00,90000.0,91000.0,2025-11-27 01:58:00+00:00,3476.2562723164096,39.05905923951022,0.3048134121675291,0.7409085996576003,28.93919288508877,3284.8672821490563,0.8809851479343757,3303.3531295041053,0.26305436940616644,6 days 10:00:00
1505,CLOSED,2025-11-20 16:07:00+00:00,89000.0,90000.0,2025-11-26 18:07:00+00:00,3476.2562723164096,39.05905923951022,0.3112170590625095,0.7354654997968669,28.726590525181816,3273.3918778619322,0.8775787194762957,3291.9356847217105,0.26470100700894506,6 days 02:00:00
1506,CLOSED,2025-11-20 16:47:00+00:00,88000.0,89000.0,2025-11-24 20:46:00+00:00,3476.2562723164096,39.05905923951022,0.3175331658877253,0.7300968089954335,28.516894513130016,3261.5942382677895,0.8743237947426331,3279.1239689077916,0.26640256015232566,4 days 03:59:00
1507,CLOSED,2025-11-20 17:11:00+00:00,87000.0,88000.0,2025-11-20 22:26:00+00:00,3476.2562723164096,39.05905923951022,0.32376328484729217,0.7248012078798016,28.31005331544573,3249.4730768058107,0.8712198146068082,3261.862488828721,0.2681606346737837,0 days 05:15:00
1508,CLOSED,2025-11-20 23:36:00+00:00,87000.0,88000.0,2025-11-23 21:58:00+00:00,3476.2562723164096,39.05905923951022,0.3237365686992652,0.7248239166056245,28.310940296912904,3249.741237440485,0.8711752176062721,3265.9830661138203,0.268169036406924,2 days 22:22:00
1509,CLOSED,2025-11-21 02:44:00+00:00,86000.0,87000.0,2025-11-23 14:00:00+00:00,3476.2562723164096,39.05905923951022,0.3298818644544195,0.7196004152137434,28.106915246609756,3237.295194238968,0.8682221904455396,3253.593739158704,0.2699855499456518,2 days 11:16:00
1510,CLOSED,2025-11-21 07:32:00+00:00,85000.0,86000.0,2025-11-23 01:53:00+00:00,3476.2562723164096,39.05905923951022,0.33594413831314407,0.7144474824338276,27.90564653990181,3224.5228572912065,0.8654194054417166,3240.877714840505,0.2718620614193128,1 days 18:21:00
1511,CLOSED,2025-11-21 07:33:00+00:00,84000.0,85000.0,2025-11-21 14:36:00+00:00,3476.2562723164096,39.05905923951022,0.34192480289965865,0.7093639175352902,27.70708727738194,3211.422748189878,0.8627667376709924,3226.4620893958745,0.27380044693626004,0 days 07:03:00
1512,CLOSED,2025-11-21 07:34:00+00:00,83000.0,84000.0,2025-11-21 07:37:00+00:00,3476.2562723164096,39.05905923951022,0.34782522625265827,0.7043485576852404,27.511192039891387,3197.9933212169763,0.8602642118533936,3211.9765294497374,0.27580268334121527,0 days 00:03:00
1513,CLOSED,2025-11-21 07:34:00+00:00,82000.0,83000.0,2025-11-21 07:35:00+00:00,3476.2562723164096,39.05905923951022,0.3536467326403641,0.6994002772556904,27.317916861459885,3184.2329614543987,0.8579120055645182,3198.271304290326,0.2778708542628898,0 days 00:01:00
1514,CLOSED,2025-11-21 09:31:00+00:00,83000.0,84000.0,2025-11-21 13:17:00+00:00,3476.2562723164096,39.05905923951022,0.3477650171565271,0.704399735416952,27.513190993946054,3198.5469947545803,0.8601777944506049,3213.0881863407985,0.2758227230723662,0 days 03:46:00
1515,CLOSED,2025-11-21 10:03:00+00:00,82000.0,83000.0,2025-11-21 11:07:00+00:00,3476.2562723164096,39.05905923951022,0.35358587370368655,0.6994520073518664,27.319937390350887,3184.7866089333484,0.8578263081651459,3198.824998424403,0.2778914065653204,0 days 01:04:00
1516,CLOSED,2025-11-21 12:08:00+00:00,82000.0,83000.0,2025-11-21 12:44:00+00:00,3476.2562723164096,39.05905923951022,0.35355502394357186,0.6994782296479639,27.320961608567554,3185.064500339914,0.8577836211998792,3199.382940200484,0.2779018246507192,0 days 00:36:00
1517,CLOSED,2025-11-21 12:23:00+00:00,81000.0,82000.0,2025-11-21 12:36:00+00:00,3476.2562723164096,39.05905923951022,0.3592979280010248,0.6945967611991289,27.13029604324871,3170.971457471885,0.8555831046451245,3185.3446560667953,0.2800389157584142,0 days 00:13:00
1518,CLOSED,2025-11-21 15:17:00+00:00,84000.0,85000.0,2025-11-21 17:04:00+00:00,3476.2562723164096,39.05905923951022,0.34171846565014496,0.7095393041973768,27.7139377154062,3213.3618770444646,0.8624592802132977,3227.011836595142,0.27386814272015414,0 days 01:47:00
1519,CLOSED,2025-11-21 15:39:00+00:00,83000.0,84000.0,2025-11-21 16:51:00+00:00,3476.2562723164096,39.05905923951022,0.3476165702498835,0.704525915287599,27.518119460988487,3199.932361749844,0.8599594100776724,3213.6378570516436,0.2758721314888817,0 days 01:12:00
1520,CLOSED,2025-11-21 18:06:00+00:00,84000.0,85000.0,2025-11-21 18:48:00+00:00,3476.2562723164096,39.05905923951022,0.3416600146330117,0.7095889875619401,27.715878300885898,3213.911617318673,0.8623721371656422,3227.2857258763825,0.2738873195165539,0 days 00:42:00
1521,CLOSED,2025-11-21 20:07:00+00:00,84000.0,85000.0,2025-11-21 21:29:00+00:00,3476.2562723164096,39.05905923951022,0.34163090108450656,0.7096137340781694,27.716844876529272,3214.1855046381897,0.8623287248521541,3227.5596237246696,0.27389687118254713,0 days 01:22:00
1522,CLOSED,2025-11-22 04:17:00+00:00,84000.0,85000.0,2025-11-22 22:51:00+00:00,3476.2562723164096,39.05905923951022,0.3416017914821695,0.7096384772401559,27.717811321159076,3214.4594015093726,0.8622853132985279,3227.833531123196,0.2739064215538569,0 days 18:34:00
1523,CLOSED,2025-11-23 23:18:00+00:00,87000.0,88000.0,2025-11-24 02:18:00+00:00,3476.2562723164096,39.05905923951022,0.32332660007198355,0.725172389938814,28.32455133747734,3253.861813829305,0.8704902960873933,3266.5214957899243,0.2682979639379255,0 days 03:00:00
1524,CLOSED,2025-11-24 00:21:00+00:00,86000.0,87000.0,2025-11-24 00:41:00+00:00,3476.2562723164096,39.05905923951022,0.329466673561832,0.7199533274724428,28.120699667428642,3241.4156007244546,0.8675437873854769,3254.132026473274,0.27011795844380515,0 days 00:20:00
1525,CLOSED,2025-11-24 04:16:00+00:00,87000.0,88000.0,2025-11-24 17:41:00+00:00,3476.2562723164096,39.05905923951022,0.32327310812959215,0.7252178580898467,28.32632728068204,3254.400229751687,0.8704008505691188,3267.0599476056586,0.26831478616187,0 days 13:25:00
1526,CLOSED,2025-11-24 09:21:00+00:00,86000.0,87000.0,2025-11-24 16:02:00+00:00,3476.2562723164096,39.05905923951022,0.32941249974416936,0.719999375217456,28.12249824902896,3241.9539944781664,0.8674551920517193,3254.670459713957,0.27013523501215886,0 days 06:41:00
1527,CLOSED,2025-11-25 00:14:00+00:00,88000.0,89000.0,2025-11-26 17:34:00+00:00,3476.2562723164096,39.05905923951022,0.3169761043254173,0.7305703113233953,28.535389068607923,3267.3262437949916,0.873355977928428,3280.1956025132918,0.26657533481844453,1 days 17:20:00
1528,CLOSED,2025-11-25 08:59:00+00:00,87000.0,88000.0,2025-11-25 17:37:00+00:00,3476.2562723164096,39.05905923951022,0.32319881257860594,0.725281009308185,28.32879390786016,3255.20485388322,0.8702614790607108,3267.594672314475,0.2683381507349516,0 days 08:38:00
1529,CLOSED,2025-11-25 19:04:00+00:00,87000.0,88000.0,2025-11-26 01:39:00+00:00,3476.2562723164096,39.05905923951022,0.32317217234335555,0.7253036535081478,28.32967836900794,3255.473192033955,0.8702169146509887,3267.863019736802,0.2683465285949289,0 days 06:35:00
1530,CLOSED,2025-11-26 04:08:00+00:00,87000.0,88000.0,2025-11-26 17:25:00+00:00,3476.2562723164096,39.05905923951022,0.3231455356679439,0.7253262946822476,28.330562711968355,3255.74153856255,0.8701723517179637,3268.131375535751,0.2683549053354106,0 days 13:17:00
1531,CLOSED,2025-11-28 14:41:00+00:00,92000.0,93000.0,2025-12-03 02:26:00+00:00,3476.2562723164096,39.05905923951022,0.2910459017746233,0.7526109834915702,29.39627698850329,3314.7089855637814,0.8868433734765235,3328.7002103815444,0.2601228622000171,4 days 11:45:00
1532,CLOSED,2025-11-28 16:30:00+00:00,91000.0,92000.0,2025-11-30 13:24:00+00:00,3476.2562723164096,39.05905923951022,0.297618453596716,0.7470243144427914,29.1780669511755,3303.8741616070606,0.8831470426519753,3314.9707286801076,0.26167018697053734,1 days 20:54:00
1533,CLOSED,2025-11-30 21:12:00+00:00,91000.0,92000.0,2025-12-02 18:18:00+00:00,3476.2562723164096,39.05905923951022,0.29759488377986737,0.7470443487871128,29.178849473817174,3304.135831794031,0.8831007851748658,3317.397426019085,0.26167720466797917,1 days 21:06:00
1534,CLOSED,2025-12-01 00:04:00+00:00,90000.0,91000.0,2025-12-02 15:51:00+00:00,3498.403474907503,39.30790421244385,0.30407641780990463,0.7415350448615811,29.148188513589282,3292.980899214008,0.8851611778418325,3306.3011148737532,0.2649541187696798,1 days 15:47:00
1535,CLOSED,2025-12-01 00:08:00+00:00,89000.0,90000.0,2025-12-02 15:03:00+00:00,3498.403474907503,39.30790421244385,0.3105247039219616,0.7360540016663326,28.93274019268619,3281.502452402444,0.8816918656118644,3294.881044820037,0.266600571962023,1 days 14:55:00
1536,CLOSED,2025-12-01 00:33:00+00:00,88000.0,89000.0,2025-12-02 14:47:00+00:00,3498.403474907503,39.30790421244385,0.3168845752772404,0.7306481110143457,28.72024596075494,3269.699459157712,0.8783757137163117,3283.136001881278,0.26830225320034984,1 days 14:14:00
1537,CLOSED,2025-12-01 00:56:00+00:00,87000.0,88000.0,2025-12-02 14:08:00+00:00,3498.403474907503,39.30790421244385,0.3231576123489485,0.7253160295033938,28.5106530114695,3257.570638342272,0.8752121189911675,3271.0647108351036,0.27006077033236764,1 days 13:12:00
1538,CLOSED,2025-12-01 04:13:00+00:00,86000.0,87000.0,2025-12-02 01:06:00+00:00,3498.403474907503,39.30790421244385,0.3293453473662077,0.7200564547387235,28.303910150421654,3245.114646173132,0.8722006226744445,3258.665833711334,0.2718778165631548,0 days 20:53:00
1539,CLOSED,2025-12-01 12:48:00+00:00,85000.0,86000.0,2025-12-01 13:03:00+00:00,3498.403474907503,39.30790421244385,0.33544926537769787,0.7148681244289568,28.099967759582825,3232.33007462778,0.8693409123082421,3245.3884995633607,0.2737551753195504,0 days 00:15:00
1540,CLOSED,2025-12-01 15:25:00+00:00,85000.0,86000.0,2025-12-01 21:21:00+00:00,3498.403474907503,39.30790421244385,0.33542085763666646,0.7148922710088335,28.100916911031675,3232.603829803099,0.8692966534270093,3245.93796916055,0.27376442213163443,0 days 05:56:00
1541,CLOSED,2025-12-01 15:42:00+00:00,84000.0,85000.0,2025-12-01 16:37:00+00:00,3498.403474907503,39.30790421244385,0.3414420621061785,0.7097742472097484,27.89973812178023,3219.4891928275265,0.8665889664713301,3232.8796367478717,0.2757042157002161,0 days 00:55:00
1542,CLOSED,2025-12-02 20:29:00+00:00,91000.0,92000.0,2025-12-02 22:53:00+00:00,3498.403474907503,39.30790421244385,0.2973764779668294,0.747229993728195,29.37204501813291,3306.5625283426775,0.888295465951912,3317.66103093314,0.26340979080151783,0 days 02:24:00
1543,CLOSED,2025-12-03 00:35:00+00:00,91000.0,92000.0,2025-12-03 01:26:00+00:00,3498.403474907503,39.30790421244385,0.2973527900324428,0.7472501284724236,29.372836472730388,3306.8259381334788,0.8882486415148219,3317.924448621093,0.2634168886011352,0 days 00:51:00
1544,CLOSED,2025-12-03 14:03:00+00:00,92000.0,93000.0,2025-12-03 14:41:00+00:00,3498.403474907503,39.30790421244385,0.29074107345050215,0.7528700875670732,29.593745286500727,3318.1843018410004,0.8918656287440537,3328.962280023595,0.2618702269730804,0 days 00:38:00
1545,CLOSED,2025-12-03 15:21:00+00:00,92000.0,93000.0,2025-12-03 17:53:00+00:00,3498.403474907503,39.30790421244385,0.2907181300526144,0.7528895894552778,29.594511864854237,3318.4461720679737,0.8918183490200075,3329.224157808031,0.26187701029994415,0 days 02:32:00
1546,CLOSED,2025-12-04 00:12:00+00:00,93000.0,94000.0,2025-12-04 02:21:00+00:00,3498.403474907503,39.30790421244385,0.28402617360072224,0.7585777524393861,29.818101630578333,3329.4822294153637,0.8955777377978138,3339.9411035849307,0.26037743468368646,0 days 02:09:00
1547,CLOSED,2025-12-04 05:21:00+00:00,93000.0,94000.0,2025-12-09 16:41:00+00:00,3498.403474907503,39.30790421244385,0.2840039634736352,0.75859663104741,29.818843709094203,3329.742606850047,0.8955299922507517,3343.9094390407054,0.26038391465690935,5 days 11:20:00
1548,CLOSED,2025-12-04 14:54:00+00:00,92000.0,93000.0,2025-12-04 15:39:00+00:00,3498.403474907503,39.30790421244385,0.2907186730394531,0.7528891279164649,29.59449372273079,3319.2240877637805,0.8916087898924933,3330.00455111293,0.2618768497632544,0 days 00:45:00
1549,CLOSED,2025-12-04 17:31:00+00:00,92000.0,93000.0,2025-12-09 16:01:00+00:00,3498.403474907503,39.30790421244385,0.29069573801545406,0.7529086226868641,29.595260021298284,3319.4859646135437,0.8915615350325417,3333.4506258288307,0.26188363061433506,4 days 22:30:00
1550,CLOSED,2025-12-04 19:21:00+00:00,91000.0,92000.0,2025-12-04 19:45:00+00:00,3498.403474907503,39.30790421244385,0.29731676666809065,0.7472807483321229,29.374040075242448,3308.646303189647,0.8877963186008997,3319.7494641709764,0.26342768256137106,0 days 00:24:00
1551,CLOSED,2025-12-05 09:44:00+00:00,91000.0,92000.0,2025-12-08 09:02:00+00:00,3498.403474907503,39.30790421244385,0.29729309679698496,0.7473008677225628,29.37483092631467,3308.909730872208,0.8877495403469845,3321.8765477303095,0.2634347749485535,2 days 23:18:00
1552,CLOSED,2025-12-05 14:41:00+00:00,90000.0,91000.0,2025-12-05 15:03:00+00:00,3498.403474907503,39.30790421244385,0.3038221811735128,0.7417511460025141,29.15668299653728,3297.747812337896,0.8841392567209991,3309.1748385395467,0.2650313327702243,0 days 00:22:00
1553,CLOSED,2025-12-05 16:05:00+00:00,90000.0,91000.0,2025-12-07 17:35:00+00:00,3498.403474907503,39.30790421244385,0.3037977657447627,0.7417718991169517,29.1574987579717,3298.0128436706664,0.8840929414186149,3310.241667468683,0.2650387479600873,2 days 01:30:00
1554,CLOSED,2025-12-05 16:17:00+00:00,89000.0,90000.0,2025-12-06 14:15:00+00:00,3498.403474907503,39.30790421244385,0.31023658996118036,0.7362988985329967,28.942366575262948,3286.52749423231,0.8806366788671429,3298.279613740263,0.2666892742101936,0 days 21:58:00
1555,CLOSED,2025-12-06 23:21:00+00:00,89000.0,90000.0,2025-12-07 17:16:00+00:00,3498.403474907503,39.30790421244385,0.31021141747808867,0.7363202951436246,28.94320763118398,3286.7941835065203,0.8805908132740422,3298.8147146728825,0.2666970241152562,0 days 17:55:00
1556,CLOSED,2025-12-07 14:25:00+00:00,88000.0,89000.0,2025-12-07 15:09:00+00:00,3498.403474907503,39.30790421244385,0.3165616144197761,0.7309226277431904,28.731036638037082,3274.984168983745,0.8772878021866153,3287.0626718259036,0.26840305884917726,0 days 00:44:00
1557,CLOSED,2025-12-07 21:54:00+00:00,90000.0,91000.0,2025-12-08 01:26:00+00:00,3498.403474907503,39.30790421244385,0.30369952622737645,0.74185540270673,29.1607811090801,3299.079671775802,0.8839065439539285,3310.773459331922,0.26506858420342994,0 days 03:32:00
1558,CLOSED,2025-12-07 22:07:00+00:00,89000.0,90000.0,2025-12-07 22:34:00+00:00,3498.403474907503,39.30790421244385,0.31013690790521964,0.7363836282805634,28.945697124064242,3287.5942826209966,0.8804522284601256,3299.3464726169723,0.266719963533415,0 days 00:27:00
1559,CLOSED,2025-12-08 14:36:00+00:00,91000.0,92000.0,2025-12-09 15:44:00+00:00,3498.403474907503,39.30790421244385,0.29710210918294344,0.7474632071944981,29.381212150727404,3311.036813632799,0.8873719564141893,3322.6702340434863,0.2634920020495741,1 days 01:08:00
1560,CLOSED,2025-12-08 15:23:00+00:00,90000.0,91000.0,2025-12-08 21:28:00+00:00,3498.403474907503,39.30790421244385,0.3036282565713451,0.7419159819143566,29.163162350770754,3299.8748186640405,0.8837657169849099,3311.301980360391,0.26509022945226945,0 days 06:05:00
1561,CLOSED,2025-12-09 01:49:00+00:00,90000.0,91000.0,2025-12-09 15:02:00+00:00,3498.403474907503,39.30790421244385,0.30360386703440884,0.7419367130207525,29.16397724711518,3300.139908893493,0.8837194195470821,3311.567078820296,0.26509763677855247,0 days 13:13:00
1562,CLOSED,2025-12-09 20:23:00+00:00,93000.0,94000.0,2025-12-10 20:13:00+00:00,3498.403474907503,39.30790421244385,0.2836658949353652,0.7588839893049396,29.83013915995583,3333.710941556514,0.8948028093289966,3344.955888771592,0.26048254872005216,0 days 23:50:00
1563,CLOSED,2025-12-10 01:32:00+00:00,92000.0,93000.0,2025-12-10 10:01:00+00:00,3498.403474907503,39.30790421244385,0.2903748868477911,0.7531813461793776,29.605980210218487,3323.192289839793,0.8908897718839422,3333.972987765731,0.26197849181822974,0 days 08:29:00
1564,CLOSED,2025-12-10 11:42:00+00:00,92000.0,93000.0,2025-12-10 18:38:00+00:00,3498.403474907503,39.30790421244385,0.29035199741746465,0.7532008021951551,29.606744985423024,3323.454268331611,0.8908425570208236,3334.2349737972354,0.2619852591893306,0 days 06:56:00
1565,CLOSED,2025-12-10 19:03:00+00:00,92000.0,93000.0,2025-12-10 19:13:00+00:00,3498.403474907503,39.30790421244385,0.2903291110043368,0.7532202556463137,29.60750965981777,3323.7162535908,0.8907953447539659,3334.4969665951166,0.2619920256683663,0 days 00:10:00
1566,OPEN,2025-12-10 20:51:00+00:00,93000.0,94000.0,,3498.403474907503,39.30790421244385,0.28357688130401115,0.7589596508915906,29.833113258356466,3334.75737988191,0.8946112073500505,,-1.7448933134189275,21 days 03:08:00
1567,CLOSED,2025-12-10 21:06:00+00:00,92000.0,93000.0,2025-12-11 21:17:00+00:00,3498.403474907503,39.30790421244385,0.290284366845772,0.7532582881810937,29.60900463905186,3324.2386932435165,0.8907003188198213,3335.5481589576875,0.2620052544958682,1 days 00:11:00
1568,CLOSED,2025-12-11 01:12:00+00:00,91000.0,92000.0,2025-12-11 21:07:00+00:00,3498.403474907503,39.30790421244385,0.2968986336105025,0.7476361614310729,29.388010619291823,3313.3987155438035,0.8869445889933771,3324.7674715074486,0.2635529710144944,0 days 19:55:00
1569,CLOSED,2025-12-11 02:18:00+00:00,90000.0,91000.0,2025-12-11 18:44:00+00:00,3498.403474907503,39.30790421244385,0.303421403195805,0.7420918072835657,29.170073677541744,3302.236336611641,0.8833430046824745,3313.663945277327,0.26515305272148737,0 days 16:26:00
1570,OPEN,2025-12-12 00:54:00+00:00,92000.0,93000.0,,3498.403474907503,39.30790421244385,0.29021533553962864,0.7533169647913156,29.61131109362597,3325.0294045217483,0.8905578715591864,,-1.4288835880461086,19 days 23:05:00
1571,OPEN,2025-12-12 15:28:00+00:00,91000.0,92000.0,,3498.403474907503,39.30790421244385,0.29682848859270194,0.7476957846962033,29.390354284886403,3314.1893994704924,0.8868037019725575,,-1.1108353178377577,19 days 08:31:00
1572,OPEN,2025-12-12 15:58:00+00:00,90000.0,91000.0,,3498.403474907503,39.30790421244385,0.3033501580437747,0.7421523656627915,29.17245410051161,3303.026967420764,0.8832036307378841,,-0.7907123086604742,19 days 08:01:00
1573,CLOSED,2025-12-14 11:44:00+00:00,89000.0,90000.0,2025-12-15 02:21:00+00:00,3498.403474907503,39.30790421244385,0.30978201310194264,0.7366852888633488,28.957554769357046,3291.540939030704,0.8797567858258051,3303.562416959233,0.2668292257393503,0 days 14:37:00
1574,CLOSED,2025-12-14 23:11:00+00:00,88000.0,89000.0,2025-12-15 01:34:00+00:00,3498.403474907503,39.30790421244385,0.3161256726168557,0.7312931782756726,28.745602202873766,3279.730085121834,0.8764624361399526,3291.8095637896486,0.26853912919725076,0 days 02:23:00
1575,CLOSED,2025-12-15 14:46:00+00:00,89000.0,90000.0,2025-12-17 15:06:00+00:00,3498.403474907503,39.30790421244385,0.30973163532474124,0.73672810997397,28.959237977471613,3292.076307385641,0.8796648459363692,3304.91062864421,0.26684473565106615,2 days 00:20:00
1576,CLOSED,2025-12-15 14:56:00+00:00,88000.0,89000.0,2025-12-17 14:54:00+00:00,3498.403474907503,39.30790421244385,0.3160745869506118,0.73133660109198,28.74730906277781,3280.2654329000243,0.8763714294109067,3293.1577583056173,0.268555074546704,1 days 23:58:00
1577,CLOSED,2025-12-15 15:21:00+00:00,87000.0,88000.0,2025-12-16 15:55:00+00:00,3498.403474907503,39.30790421244385,0.32233091991603596,0.7260187180713694,28.538274226390666,3268.1284230506662,0.8732298897774444,3280.807993863158,0.2703224060997478,1 days 00:34:00
1578,CLOSED,2025-12-15 17:32:00+00:00,86000.0,87000.0,2025-12-16 10:42:00+00:00,3498.403474907503,39.30790421244385,0.3285021553911305,0.7207731679175391,28.332082643402334,3255.6639241217526,0.8702397822295247,3268.4006660724103,0.2721484320307006,0 days 17:10:00
1579,CLOSED,2025-12-17 04:21:00+00:00,87000.0,88000.0,2025-12-17 14:52:00+00:00,3498.403474907503,39.30790421244385,0.32227742565798473,0.7260641881907131,28.540061561486354,3268.670893888797,0.8731396487436436,3281.0783350054608,0.2703393362308262,0 days 10:31:00
1580,CLOSED,2025-12-17 15:42:00+00:00,89000.0,90000.0,2025-12-22 11:35:00+00:00,3498.403474907503,39.30790421244385,0.30960484229181273,0.7368358840519592,28.963474350605797,3293.4245173701997,0.879433373919653,3308.41910091562,0.26688377168750677,4 days 19:53:00
1581,CLOSED,2025-12-17 15:50:00+00:00,88000.0,89000.0,2025-12-18 13:47:00+00:00,3498.403474907503,39.30790421244385,0.3159460118004313,0.7314458899696334,28.751604979512095,3281.6135910961116,0.8761423056487463,3294.2357528324237,0.26859520665911774,0 days 21:57:00
1582,CLOSED,2025-12-17 16:14:00+00:00,87000.0,88000.0,2025-12-18 13:30:00+00:00,3498.403474907503,39.30790421244385,0.32220058077540875,0.7261295063409026,28.542629081077337,3269.47648063032,0.8730030404003586,3282.1562358061838,0.27036365648467964,0 days 21:16:00
1583,CLOSED,2025-12-17 18:43:00+00:00,86000.0,87000.0,2025-12-18 08:23:00+00:00,3498.403474907503,39.30790421244385,0.3283700692074682,0.720885441173652,28.336495869799244,3257.0118310202893,0.8700151347292642,3269.748766149252,0.27219082399529526,0 days 13:40:00
1584,CLOSED,2025-12-18 14:36:00+00:00,88000.0,89000.0,2025-12-18 15:36:00+00:00,3498.403474907503,39.30790421244385,0.31586793552180703,0.7315122548064641,28.75421364216131,3282.4247407832504,0.8760052678405048,3294.5043750446703,0.2686195765780752,0 days 01:00:00
1585,CLOSED,2025-12-18 16:27:00+00:00,88000.0,89000.0,2025-12-19 15:16:00+00:00,3498.403474907503,39.30790421244385,0.31584208835858457,0.7315342248952031,28.755077240305003,3282.6933603598286,0.8759598927983041,3295.589739303361,0.26862764424323515,0 days 22:49:00
1586,CLOSED,2025-12-18 17:08:00+00:00,87000.0,88000.0,2025-12-19 07:07:00+00:00,3498.403474907503,39.30790421244385,0.3220952595174003,0.7262190294102098,28.54614804531047,3270.556207003725,0.8728224264784195,3283.510186414923,0.27039698908463805,0 days 13:59:00
1587,CLOSED,2025-12-18 17:17:00+00:00,86000.0,87000.0,2025-12-19 03:27:00+00:00,3498.403474907503,39.30790421244385,0.3282633633434276,0.7209761411580866,28.340061096099465,3258.0914740492613,0.8698362621746013,3271.1026405355988,0.2722250703568996,0 days 10:10:00
1588,CLOSED,2025-12-18 19:40:00+00:00,85000.0,86000.0,2025-12-19 03:03:00+00:00,3498.403474907503,39.30790421244385,0.33434787192945054,0.715804308859967,28.13676720752216,3245.2977411232005,0.8670011028875274,3258.365686990844,0.27411368246833234,0 days 07:23:00
1589,CLOSED,2025-12-19 15:30:00+00:00,88000.0,89000.0,2025-12-21 09:53:00+00:00,3498.403474907503,39.30790421244385,0.31573769538105795,0.7316229589261007,28.75856518909191,3283.7787237459816,0.8757765857099373,3296.1288335282256,0.2686602283833608,1 days 18:23:00
1590,CLOSED,2025-12-19 17:33:00+00:00,87000.0,88000.0,2025-12-19 19:37:00+00:00,3498.403474907503,39.30790421244385,0.32198946196691386,0.7263089573281232,28.549682923293833,3271.6415273057833,0.8726409261226328,3284.049244615575,0.2704304724240387,0 days 02:04:00
1591,CLOSED,2025-12-21 13:30:00+00:00,88000.0,89000.0,2025-12-22 00:10:00+00:00,3498.403474907503,39.30790421244385,0.3156858699289882,0.73166701056036,28.760296766511775,3284.317814446789,0.8756855575913918,3296.3975116823704,0.26867640464187303,0 days 10:40:00
1592,CLOSED,2025-12-22 02:05:00+00:00,88000.0,89000.0,2025-12-22 04:21:00+00:00,3498.403474907503,39.30790421244385,0.3156600470910861,0.7316889599725769,28.761159551904715,3284.586490851431,0.8756401949534063,3296.6661970188024,0.2686844647143829,0 days 02:16:00
1593,CLOSED,2025-12-22 19:01:00+00:00,89000.0,90000.0,2025-12-29 03:40:00+00:00,3498.403474907503,39.30790421244385,0.30927537284730616,0.7371159330797898,28.97448249096655,3296.9329853619206,0.8788314054186296,3310.305470513821,0.2669852061350184,6 days 08:39:00
1594,CLOSED,2025-12-22 19:57:00+00:00,88000.0,89000.0,2025-12-26 02:20:00+00:00,3498.403474907503,39.30790421244385,0.31561190840686143,0.7317298778541678,28.762767948074867,3285.1219245164084,0.875546436600186,3298.0132086883978,0.2686994902234652,3 days 06:23:00
1595,CLOSED,2025-12-23 14:54:00+00:00,87000.0,88000.0,2025-12-23 16:03:00+00:00,3498.403474907503,39.30790421244385,0.32186189059163045,0.726417392997114,28.55394530218374,3272.984552599302,0.8724130787451194,3285.3924858647315,0.27047084685271017,0 days 01:09:00
1596,CLOSED,2025-12-24 02:44:00+00:00,87000.0,88000.0,2025-12-24 22:37:00+00:00,3498.403474907503,39.30790421244385,0.32183529496816254,0.7264399992770618,28.554833907670528,3273.2550234461546,0.8723681382334632,3285.6629660266217,0.27047926396901545,0 days 19:53:00
1597,CLOSED,2025-12-25 23:45:00+00:00,87000.0,88000.0,2025-12-26 02:14:00+00:00,3498.403474907503,39.30790421244385,0.3218087029120963,0.7264626025247182,28.55572239396429,3273.525502710124,0.8723231992640123,3285.933454604378,0.27048767995628964,0 days 02:29:00
1598,CLOSED,2025-12-26 14:49:00+00:00,88000.0,89000.0,2025-12-29 02:06:00+00:00,3498.403474907503,39.30790421244385,0.3155081703584433,0.7318180551953232,28.766234014554712,3286.2020617974104,0.8753641277560645,3298.5524481807147,0.2687318699408081,2 days 11:17:00
1599,CLOSED,2025-12-26 15:01:00+00:00,87000.0,88000.0,2025-12-28 10:36:00+00:00,3498.403474907503,39.30790421244385,0.32175675583356794,0.7265067575414672,28.557458035133163,3274.064647066505,0.8722325645194593,3286.4726565027986,0.27050412042823524,1 days 19:35:00
1600,OPEN,2025-12-29 09:32:00+00:00,89000.0,90000.0,,3498.403474907503,39.30790421244385,0.30909852041598285,0.7372662576464146,28.980391434632214,3298.8193438394264,0.8785079876760558,,-0.4687100366028716,2 days 14:27:00
1601,CLOSED,2025-12-29 09:45:00+00:00,88000.0,89000.0,2025-12-30 14:57:00+00:00,3498.403474907503,39.30790421244385,0.3154325666910955,0.7318823183125689,28.768760063011797,3287.0082107587377,0.8752262914600729,3299.6292506787304,0.26875546808456363,1 days 05:12:00
1602,CLOSED,2025-12-29 12:11:00+00:00,87000.0,88000.0,2025-12-29 14:32:00+00:00,3498.403474907503,39.30790421244385,0.3216800849390965,0.7265719278017679,28.560019741482563,3274.8706984991604,0.8720961030483226,3287.278829791827,0.27052838561745673,0 days 02:21:00
1603,CLOSED,2025-12-30 02:33:00+00:00,87000.0,88000.0,2025-12-30 08:12:00+00:00,3498.403474907503,39.30790421244385,0.32165351399511716,0.7265945131041505,28.560907522385225,3275.141226884778,0.8720511740970497,3287.5493674838376,0.2705367949230748,0 days 05:39:00
1604,CLOSED,2025-12-30 19:06:00+00:00,88000.0,89000.0,2025-12-31 11:42:00+00:00,3498.403474907503,39.30790421244385,0.315354872669311,0.7319483582310857,28.771355953803056,3287.8180314073634,0.8750896697737061,3299.8980330201844,0.2687797186898422,0 days 16:36:00
1605,OPEN,2025-12-31 15:12:00+00:00,88000.0,89000.0,,3498.403474907503,39.30790421244385,0.3153290944588098,0.7319702697100117,28.77221724811783,3288.0868111260534,0.8750443312737343,,-0.14367413875902102,0 days 08:47:00
