Trade ID,Status,Buy Time,Buy Price,Sell Target,Sell Time,Base Order Size (USDT),BTC Allocation Before Buy,Alpha,Order Size (USDT),Portfolio Value at Buy,Order % of Portfolio,Portfolio Value at Sell,Net P&L,Holding Time
1,CLOSED,2024-01-01 18:09:00+00:00,43000.0,44000.0,2024-01-01 23:28:00+00:00,33.70786516853933,0.0,1.0,33.70786516853933,3000.0,1.1235955056179776,3000.7494120721194,0.7149547948785013,0 days 05:19:00
2,CLOSED,2024-01-01 23:33:00+00:00,44000.0,45000.0,2024-01-02 00:57:00+00:00,33.70786516853933,0.0,1.0,33.70786516853933,3000.7149547948784,1.1233277960866335,3001.4465686866047,0.6971744126659871,0 days 01:24:00
3,CLOSED,2024-01-02 00:58:00+00:00,45000.0,46000.0,2024-01-08 18:04:00+00:00,33.70786516853933,0.0,1.0,33.70786516853933,3001.4121292075447,1.1230668671096207,3006.3748152709118,0.6801842696629166,6 days 17:06:00
4,CLOSED,2024-01-03 11:55:00+00:00,44000.0,45000.0,2024-01-08 12:03:00+00:00,33.70786516853933,0.010972976183475347,0.990672970244046,33.393470907102675,3000.630106735635,1.1128819520987612,3005.6606189251843,0.6906718461739629,5 days 00:08:00
5,CLOSED,2024-01-03 12:01:00+00:00,43000.0,44000.0,2024-01-04 15:16:00+00:00,33.70786516853933,0.021599691007048363,0.9816402626440089,33.088997617213785,2999.0902150798906,1.1033011761645972,3003.486104492084,0.7018284126231222,1 days 03:15:00
6,CLOSED,2024-01-03 12:08:00+00:00,42000.0,43000.0,2024-01-03 15:56:00+00:00,33.70786516853933,0.03188756938683651,0.972895566021189,32.79423256251199,2996.7818858365154,1.0943149622435029,3000.530697628236,0.7136985408127714,0 days 03:48:00
7,CLOSED,2024-01-03 12:09:00+00:00,41000.0,42000.0,2024-01-03 12:15:00+00:00,33.70786516853933,0.04184337537928332,0.9644331309276092,32.508981941380085,2993.693817112244,1.0859153917329687,2997.508691718583,0.7263315325742852,0 days 00:06:00
8,CLOSED,2024-01-03 18:56:00+00:00,42000.0,43000.0,2024-01-03 19:35:00+00:00,33.70786516853933,0.03187225395650076,0.9729085841369743,32.79467137540363,2998.221915909902,1.0938040043460588,3001.244406167714,0.7137080906663797,0 days 00:39:00
9,CLOSED,2024-01-05 01:48:00+00:00,43000.0,44000.0,2024-01-05 09:01:00+00:00,33.70786516853933,0.021579144548120575,0.9816577271340975,33.089586307890926,3001.9457816565664,1.1022712838481403,3004.187945992807,0.7018408989440488,0 days 07:13:00
10,CLOSED,2024-01-08 18:24:00+00:00,46000.0,47000.0,2024-01-08 19:11:00+00:00,33.70786516853933,0.0,1.0,33.70786516853933,3006.3403927990016,1.1212258348814654,3007.0387318317325,0.6639328285295605,0 days 00:47:00
11,CLOSED,2024-01-08 19:12:00+00:00,47000.0,48000.0,2024-01-11 14:36:00+00:00,33.70786516853933,0.0,1.0,33.70786516853933,3007.004325627531,1.1209782733353681,3012.331169019088,0.6483729380827157,2 days 19:24:00
12,CLOSED,2024-01-09 12:56:00+00:00,46000.0,47000.0,2024-01-09 13:53:00+00:00,33.70786516853933,0.01096304047068489,0.9906814155999178,33.39375558201971,3006.254146330376,1.1108094644221027,3007.662449263877,0.6577459144309259,0 days 00:57:00
13,CLOSED,2024-01-09 21:17:00+00:00,46000.0,47000.0,2024-01-10 23:03:00+00:00,33.70786516853933,0.010960642364143118,0.9906834539904783,33.39382429181388,3006.911892244807,1.1105687658471348,3010.991029136836,0.6577472677853251,1 days 01:46:00
14,CLOSED,2024-01-09 21:25:00+00:00,45000.0,46000.0,2024-01-09 21:29:00+00:00,33.70786516853933,0.02158635249041386,0.9816516003831482,33.08937978819601,3005.436800239235,1.1009840494919765,3007.579993272025,0.667703976870051,0 days 00:04:00
15,CLOSED,2024-01-10 11:53:00+00:00,45000.0,46000.0,2024-01-10 17:41:00+00:00,33.70786516853933,0.021581557815649972,0.9816556758566976,33.08951716370891,3006.104504216105,1.1007440731784401,3008.247700161256,0.667706748943047,0 days 05:48:00
16,CLOSED,2024-01-10 20:12:00+00:00,45000.0,46000.0,2024-01-10 20:15:00+00:00,33.70786516853933,0.021576765250468723,0.9816597495371016,33.089654478778705,3006.772210965048,1.1005042004215646,3008.9154098212784,0.6677095197963823,0 days 00:03:00
17,CLOSED,2024-01-10 20:44:00+00:00,45000.0,46000.0,2024-01-10 20:57:00+00:00,33.70786516853933,0.02157197479348702,0.981663821425536,33.08979173344503,3007.439920484844,1.100264431154803,3009.5831222508737,0.6677122894308383,0 days 00:13:00
18,CLOSED,2024-01-11 05:44:00+00:00,46000.0,47000.0,2024-01-11 11:17:00+00:00,33.70786516853933,0.01094852261054268,0.9906937557810387,33.39417154318108,3010.2404720476325,1.1093522877415047,3011.6487835987637,0.6577541074822761,0 days 05:33:00
19,CLOSED,2024-01-11 15:05:00+00:00,48000.0,49000.0,2024-02-12 15:10:00+00:00,33.70786516853933,0.0,1.0,33.70786516853933,3012.2967783903528,1.1190087713253614,3022.5762911954635,0.6334613764044974,32 days 00:05:00
20,CLOSED,2024-01-11 15:42:00+00:00,47000.0,48000.0,2024-02-09 18:24:00+00:00,33.70786516853933,0.01094867631940058,0.9906936251285096,33.394167139163244,3011.561525581364,1.1088655123098206,3021.266459974158,0.6423389364643839,29 days 02:42:00
21,CLOSED,2024-01-11 16:16:00+00:00,46000.0,47000.0,2024-02-09 11:44:00+00:00,33.70786516853933,0.021567946160321663,0.9816672457637265,33.08990716057505,3010.116782790149,1.0992898132644284,3019.888886793797,0.6517611111547268,28 days 19:28:00
22,CLOSED,2024-01-12 15:19:00+00:00,45000.0,46000.0,2024-02-09 02:45:00+00:00,33.70786516853933,0.03186514417017325,0.9729146274553527,32.794875082764705,3007.953717796882,1.0902719310051314,3017.792401834125,0.6617612253200917,27 days 11:26:00
23,CLOSED,2024-01-12 16:17:00+00:00,44000.0,45000.0,2024-02-08 13:58:00+00:00,33.70786516853933,0.04184702346903229,0.9644300300513226,32.50887741746031,3005.062901608855,1.081803558922366,3014.9675949890056,0.6723759397584672,26 days 21:41:00
24,CLOSED,2024-01-12 22:03:00+00:00,43000.0,44000.0,2024-02-07 20:16:00+00:00,33.70786516853933,0.05151976411654841,0.9562082005009338,32.2317370955371,3001.4342721334924,1.0738778255046044,3011.4044227221248,0.683645637850276,25 days 22:13:00
25,CLOSED,2024-01-12 22:21:00+00:00,42000.0,43000.0,2024-01-13 05:42:00+00:00,33.70786516853933,0.06088897843348833,0.9482443683315349,31.963293314546124,2997.0570940924417,1.0664893030416271,3002.130346865493,0.6956148693120916,0 days 07:21:00
26,CLOSED,2024-01-14 21:38:00+00:00,42000.0,43000.0,2024-01-15 18:25:00+00:00,33.70786516853933,0.06087484942323043,0.9482563779902541,31.96369813450295,2997.752708961754,1.0662553331683355,3002.825970958917,0.6956236793798922,0 days 20:47:00
27,CLOSED,2024-01-18 16:40:00+00:00,42000.0,43000.0,2024-01-29 16:21:00+00:00,33.70786516853933,0.06086072678977482,0.9482683822286914,31.964102771753645,2998.4483326411337,1.0660214626275917,3006.396491224423,0.6956324854714779,10 days 23:41:00
28,CLOSED,2024-01-18 19:57:00+00:00,41000.0,42000.0,2024-01-19 20:09:00+00:00,33.70786516853933,0.06992746119584507,0.9405616579835316,31.704325550006686,2993.3111332184785,1.0591724060411138,2999.157167169506,0.7083535069629079,1 days 00:12:00
29,CLOSED,2024-01-22 04:18:00+00:00,41000.0,42000.0,2024-01-26 17:01:00+00:00,33.70786516853933,0.0699109170943151,0.9405757204698322,31.70479956639884,2994.0194867254413,1.0589376491024236,3001.3237015138125,0.7083640976683725,4 days 12:43:00
30,CLOSED,2024-01-22 19:17:00+00:00,40000.0,41000.0,2024-01-26 11:29:00+00:00,33.70786516853933,0.07868183919936701,0.933120436680538,31.453497865636116,2988.1100320994833,1.0526218086934536,2995.4781592828976,0.7218900158516632,3 days 16:12:00
31,CLOSED,2024-01-23 09:29:00+00:00,39000.0,40000.0,2024-01-24 00:44:00+00:00,33.70786516853933,0.0871628781252127,0.9259115535935692,31.210501806524807,2981.4152776660317,1.0468351068140231,2988.846837107624,0.7362797456942367,0 days 15:15:00
32,CLOSED,2024-02-01 01:21:00+00:00,42000.0,43000.0,2024-02-01 17:19:00+00:00,33.70786516853933,0.06078834069099725,0.9483299104126524,31.966176755482667,3002.0188524927826,1.0648226518943729,3007.092170967095,0.6956776214312264,0 days 15:58:00
33,CLOSED,2024-02-10 10:48:00+00:00,47000.0,48000.0,2024-02-10 20:46:00+00:00,33.70786516853933,0.010916164759613392,0.9907212599543286,33.39509865014591,3020.5308444536854,1.1056036296224607,3021.908817778675,0.6423568541376028,0 days 09:58:00
34,CLOSED,2024-02-12 15:14:00+00:00,49000.0,50000.0,2024-02-12 17:19:00+00:00,33.70786516853933,0.0,1.0,33.70786516853933,3022.5419154932165,1.115215805470109,3023.1954353281167,0.6191584498968083,0 days 02:05:00
35,CLOSED,2024-02-12 17:20:00+00:00,50000.0,51000.0,2024-02-14 09:10:00+00:00,33.70786516853933,0.0,1.0,33.70786516853933,3023.1610739431135,1.114987403716935,3024.414261432613,0.6054276404494345,1 days 15:50:00
36,CLOSED,2024-02-13 14:21:00+00:00,49000.0,50000.0,2024-02-14 08:52:00+00:00,33.70786516853933,0.01091850378384985,0.9907192717837277,33.39503163315936,3022.4538829318776,1.1048979712062672,3023.7748207728737,0.6134122086005078,0 days 18:31:00
37,CLOSED,2024-02-14 09:11:00+00:00,51000.0,52000.0,2024-02-14 14:37:00+00:00,33.70786516853933,0.0,1.0,33.70786516853933,3024.3799137921633,1.1145380583576958,3025.006483521179,0.5922352941176499,0 days 05:26:00
38,CLOSED,2024-02-15 01:10:00+00:00,52000.0,53000.0,2024-02-26 16:07:00+00:00,33.70786516853933,0.0,1.0,33.70786516853933,3024.972149086281,1.1143198517950348,3028.5197215594353,0.5795503457216995,11 days 14:57:00
39,CLOSED,2024-02-17 14:32:00+00:00,51000.0,52000.0,2024-02-17 21:34:00+00:00,33.70786516853933,0.010920436846252164,0.9907176286806857,33.394976247663564,3024.290861272971,1.1042250160292815,3025.5591948972456,0.5867379462092472,0 days 07:02:00
40,CLOSED,2024-02-20 17:22:00+00:00,51000.0,52000.0,2024-02-20 19:50:00+00:00,33.70786516853933,0.010918318600314367,0.9907194291897328,33.39503693897976,3024.8775992191804,1.1040128350185179,3026.1459339715993,0.5867390125342453,0 days 02:28:00
41,CLOSED,2024-02-21 10:08:00+00:00,51000.0,52000.0,2024-02-22 09:49:00+00:00,33.70786516853933,0.010916201172125535,0.9907212290036933,33.39509760686607,3025.4643382317145,1.103800735142177,3026.7326741118427,0.5867400784475976,0 days 23:41:00
42,CLOSED,2024-02-22 13:47:00+00:00,51000.0,52000.0,2024-02-22 20:31:00+00:00,33.70786516853933,0.010914084561213712,0.9907230281229683,33.395158251336014,3026.051078310162,1.1035887163538851,3027.319415317564,0.5867411439495314,0 days 06:44:00
43,CLOSED,2024-02-23 03:06:00+00:00,51000.0,52000.0,2024-02-26 15:15:00+00:00,33.70786516853933,0.010911968767107311,0.9907248265479588,33.395218872403106,3026.6378194541116,1.1033767786073032,3027.9061575883525,0.5867422090402883,3 days 12:09:00
44,CLOSED,2024-02-26 19:16:00+00:00,54000.0,55000.0,2024-02-27 01:43:00+00:00,33.70786516853933,0.0,1.0,33.70786516853933,3028.485399822184,1.1130271643547784,3029.0752874626332,0.5555898876404441,0 days 06:27:00
45,CLOSED,2024-02-27 03:51:00+00:00,56000.0,57000.0,2024-02-27 12:26:00+00:00,33.70786516853933,0.0,1.0,33.70786516853933,3029.0409897098243,1.112823011740375,3029.6086060822163,0.5333408908507238,0 days 08:35:00
46,CLOSED,2024-02-27 12:33:00+00:00,57000.0,58000.0,2024-02-28 07:50:00+00:00,33.70786516853933,0.0,1.0,33.70786516853933,3029.5743306006752,1.1126271050050802,3030.1313974250397,0.5228018923713833,0 days 19:17:00
47,CLOSED,2024-02-28 08:47:00+00:00,59000.0,60000.0,2024-02-28 13:22:00+00:00,33.70786516853933,0.0,1.0,33.70786516853933,3030.0971324930465,1.1124351363880471,3030.6341730567488,0.5027956579699122,0 days 04:35:00
48,CLOSED,2024-02-28 14:27:00+00:00,60000.0,61000.0,2024-02-28 14:57:00+00:00,33.70786516853933,0.0,1.0,33.70786516853933,3030.5999281510167,1.112250576376957,3031.1274562409044,0.4932926966292186,0 days 00:30:00
49,CLOSED,2024-02-28 14:59:00+00:00,61000.0,62000.0,2024-02-28 16:54:00+00:00,33.70786516853933,0.0,1.0,33.70786516853933,3031.093220847646,1.1120695640998106,3031.6115483481067,0.48410130779148375,0 days 01:55:00
50,CLOSED,2024-02-28 17:13:00+00:00,63000.0,64000.0,2024-02-28 17:16:00+00:00,33.70786516853933,0.0,1.0,33.70786516853933,3031.5773221554377,1.1118919818470336,3032.078124723656,0.46659390048154137,0 days 00:03:00
51,CLOSED,2024-02-28 17:23:00+00:00,63000.0,64000.0,2024-03-04 00:39:00+00:00,33.70786516853933,0.0,1.0,33.70786516853933,3032.0439160559195,1.1117208754808043,3037.787117345111,0.46659390048154137,4 days 07:16:00
52,CLOSED,2024-02-28 17:25:00+00:00,62000.0,63000.0,2024-02-29 06:08:00+00:00,33.70786516853933,0.010931853055757668,0.990707924902606,33.39464915402043,3031.4756977573643,1.1015971257406167,3035.394458059937,0.4707907616695266,0 days 12:43:00
53,CLOSED,2024-02-28 17:31:00+00:00,61000.0,62000.0,2024-02-28 23:13:00+00:00,33.70786516853933,0.021590865966051247,0.9816477639288564,33.08925046951202,3030.369707924745,1.0919212392791562,3034.355460941973,0.47521696630855104,0 days 05:42:00
54,CLOSED,2024-02-28 17:31:00+00:00,60000.0,61000.0,2024-02-28 17:34:00+00:00,33.70786516853933,0.031983775378507495,0.9728137909282686,32.79147609870569,3028.7221192085303,1.082683547980123,3031.3346011450203,0.47988193824509295,0 days 00:03:00
55,CLOSED,2024-02-28 17:31:00+00:00,59000.0,60000.0,2024-02-28 17:32:00+00:00,33.70786516853933,0.042116953557708336,0.9642005894759479,32.50114346548139,3026.528850189644,1.0738752238705689,3029.207142560526,0.4847958698005357,0 days 00:01:00
56,CLOSED,2024-02-28 17:37:00+00:00,60000.0,61000.0,2024-02-28 17:43:00+00:00,33.70786516853933,0.03197359147489226,0.9728224472463416,32.79176788470814,3029.686797016576,1.082348443311011,3031.8144876497167,0.4798862083435864,0 days 00:06:00
57,CLOSED,2024-02-28 18:20:00+00:00,60000.0,61000.0,2024-02-28 18:55:00+00:00,33.70786516853933,0.031968527830814546,0.9728267513438076,32.7919129666452,3030.16668322492,1.0821818201679159,3032.294376128593,0.47988833152341925,0 days 00:35:00
58,CLOSED,2024-02-28 20:27:00+00:00,60000.0,61000.0,2024-02-28 22:09:00+00:00,33.70786516853933,0.03196346576794454,0.9728310540972471,32.792058003277994,3030.646571556443,1.0820152475396378,3032.7742667299394,0.4798904540402731,0 days 01:42:00
59,CLOSED,2024-02-29 16:40:00+00:00,62000.0,63000.0,2024-03-01 20:57:00+00:00,33.70786516853933,0.010919784640930689,0.9907181830552089,33.39499493444524,3034.826048287295,1.1003923916262588,3036.815708900914,0.47079563640944855,1 days 04:17:00
60,CLOSED,2024-02-29 17:41:00+00:00,61000.0,62000.0,2024-02-29 20:18:00+00:00,33.70786516853933,0.02156713372408214,0.9816679363345302,33.0899304382426,3033.720052537369,1.0907377696424743,3035.3014787800835,0.47522673179651775,0 days 02:37:00
61,CLOSED,2024-02-29 21:10:00+00:00,61000.0,62000.0,2024-03-01 08:35:00+00:00,33.70786516853933,0.021563755800932654,0.9816708075692072,33.09002722143396,3034.195279269166,1.0905701240628194,3035.77670700012,0.4752281217649781,0 days 11:25:00
62,CLOSED,2024-03-02 01:21:00+00:00,62000.0,63000.0,2024-03-03 22:15:00+00:00,33.70786516853933,0.0109146731504149,0.9907225278221473,33.39514138726339,3036.247298777266,1.099882127543169,3037.286506750651,0.4707977010705804,1 days 20:54:00
63,CLOSED,2024-03-04 00:41:00+00:00,64000.0,65000.0,2024-03-04 08:27:00+00:00,33.70786516853933,0.0,1.0,33.70786516853933,3037.752908677374,1.1096315658937383,3038.7076248659682,0.4582505266853829,0 days 07:46:00
64,CLOSED,2024-03-04 00:49:00+00:00,63000.0,64000.0,2024-03-04 07:40:00+00:00,33.70786516853933,0.010914024277014276,0.9907230793645379,33.39515997857993,3037.1930421043403,1.0995402503438458,3038.215357474744,0.4622653458977837,0 days 06:51:00
65,CLOSED,2024-03-04 08:36:00+00:00,65000.0,66000.0,2024-03-04 14:38:00+00:00,33.70786516853933,0.0,1.0,33.70786516853933,3038.673424549957,1.109295421357484,3039.157780643302,0.4501638720829746,0 days 06:02:00
66,CLOSED,2024-03-04 14:42:00+00:00,66000.0,67000.0,2024-03-04 17:25:00+00:00,33.70786516853933,0.0,1.0,33.70786516853933,3039.12358842204,1.109131109276177,3039.600095061468,0.44232226762001403,0 days 02:43:00
67,CLOSED,2024-03-04 17:40:00+00:00,67000.0,68000.0,2024-03-04 23:03:00+00:00,33.70786516853933,0.0,1.0,33.70786516853933,3039.56591068966,1.1089697068253805,3040.0348021872287,0.43471474090222983,0 days 05:23:00
68,CLOSED,2024-03-04 23:04:00+00:00,68000.0,69000.0,2024-03-05 15:04:00+00:00,33.70786516853933,0.0,1.0,33.70786516853933,3040.000625430562,1.1088111261084101,3041.7612310856844,0.4273309649702526,0 days 16:00:00
69,CLOSED,2024-03-05 04:52:00+00:00,67000.0,68000.0,2024-03-05 13:18:00+00:00,33.70786516853933,0.010916024980740072,0.9907213787663709,33.39510265504621,3039.471709369756,1.0987140479741722,3041.2998825335326,0.430681187476722,0 days 08:26:00
70,CLOSED,2024-03-05 05:03:00+00:00,66000.0,67000.0,2024-03-05 05:27:00+00:00,33.70786516853933,0.021572715273942188,0.9816631920171491,33.089770517431994,3038.4451701378453,1.089036288778277,3039.906083295779,0.4342114891321387,0 days 00:24:00
71,CLOSED,2024-03-05 08:06:00+00:00,66000.0,67000.0,2024-03-05 10:32:00+00:00,33.70786516853933,0.021569632847939908,0.9816658120792511,33.08985883413206,3038.879381626977,1.0888835876209135,3040.3402960333883,0.4342126480439461,0 days 02:26:00
72,CLOSED,2024-03-05 15:05:00+00:00,68000.0,69000.0,2024-03-08 15:27:00+00:00,33.70786516853933,0.0,1.0,33.70786516853933,3041.7270617201852,1.1081817824074114,3049.260674333338,0.4273309649702526,3 days 00:22:00
73,CLOSED,2024-03-05 15:30:00+00:00,67000.0,68000.0,2024-03-08 14:11:00+00:00,33.70786516853933,0.010909828139639113,0.9907266460813068,33.39528020498787,3041.198145659379,1.0980961649161882,3048.7993259612063,0.4306834772561672,2 days 22:41:00
74,CLOSED,2024-03-05 16:06:00+00:00,66000.0,67000.0,2024-03-06 08:10:00+00:00,33.70786516853933,0.021560522168629522,0.981673556156665,33.090119870449385,3040.171603602569,1.0884293449500668,3046.099089092814,0.43421607342182256,0 days 16:04:00
75,CLOSED,2024-03-05 16:12:00+00:00,65000.0,66000.0,2024-03-05 16:31:00+00:00,33.70786516853933,0.031958561147596265,0.9728352230245432,32.79219852891719,3038.644502618964,1.0791719301370748,3040.609712150791,0.43793527089543005,0 days 00:19:00
76,CLOSED,2024-03-05 16:48:00+00:00,65000.0,66000.0,2024-03-06 05:31:00+00:00,33.70786516853933,0.03195395588221776,0.9728391375001149,32.79233047753196,3039.0824378898596,1.0790207619475045,3044.6383417601214,0.4379370330509076,0 days 12:43:00
77,CLOSED,2024-03-05 17:08:00+00:00,64000.0,65000.0,2024-03-05 17:46:00+00:00,33.70786516853933,0.042104071847679336,0.9642115389294725,32.50151254818447,3037.0516418010775,1.0701666083264207,3039.5244723442656,0.4418504455505712,0 days 00:38:00
78,CLOSED,2024-03-05 18:51:00+00:00,64000.0,65000.0,2024-03-06 05:10:00+00:00,33.70786516853933,0.04209794715870375,0.9642167449151018,32.50168803084613,3037.493492246628,1.0700167132475675,3042.6733145191956,0.441852831196222,0 days 10:19:00
79,CLOSED,2024-03-05 19:17:00+00:00,63000.0,64000.0,2024-03-05 23:41:00+00:00,33.70786516853933,0.05200606202586931,0.9557948472780111,32.217803840831834,3034.9556557636856,1.0615576468027461,3039.7546927922112,0.44596804585160044,0 days 04:24:00
80,CLOSED,2024-03-05 19:36:00+00:00,62000.0,63000.0,2024-03-05 20:14:00+00:00,33.70786516853933,0.06167915024497555,0.9475727222917708,31.940653560396772,3031.907220846886,1.0534838711678969,3036.320595202917,0.45029263666065944,0 days 00:38:00
81,CLOSED,2024-03-05 19:55:00+00:00,61000.0,62000.0,2024-03-05 20:01:00+00:00,33.70786516853933,0.0711224587536622,0.9395459100593871,31.6700868559344,3028.3444064205796,1.0457888075341992,3032.8218785095096,0.4548354037898932,0 days 00:06:00
82,CLOSED,2024-03-05 19:56:00+00:00,60000.0,61000.0,2024-03-05 19:57:00+00:00,33.70786516853933,0.08034095067010112,0.931710191930414,31.405961525744296,3024.2631999909922,1.038466543713452,3028.804239631602,0.4596058330542796,0 days 00:01:00
83,CLOSED,2024-03-05 20:37:00+00:00,62000.0,63000.0,2024-03-05 21:11:00+00:00,33.70786516853933,0.06165139947719578,0.9475963104443836,31.94144866666462,3033.2719547203915,1.0530360990862422,3036.7708998559415,0.4503038459021127,0 days 00:34:00
84,CLOSED,2024-03-06 02:01:00+00:00,63000.0,64000.0,2024-03-06 04:52:00+00:00,33.70786516853933,0.051967346972195884,0.9558277550736335,32.21891309236967,3037.2166615289448,1.0608039097266957,3040.200677318371,0.4459834004283181,0 days 02:51:00
85,CLOSED,2024-03-06 12:44:00+00:00,66000.0,67000.0,2024-03-06 14:21:00+00:00,33.70786516853933,0.02152582237165606,0.9817030509840924,33.091114078115474,3045.072384422372,1.0867102617132898,3046.9712740593236,0.4342291196407757,0 days 01:37:00
86,CLOSED,2024-03-06 12:46:00+00:00,65000.0,66000.0,2024-03-06 12:51:00+00:00,33.70786516853933,0.03190742235636801,0.9728786909970872,32.79366374147485,3043.5452673958707,1.0774823720474473,3045.5105130303637,0.4379548386062595,0 days 00:05:00
87,CLOSED,2024-03-06 14:58:00+00:00,66000.0,67000.0,2024-03-06 16:56:00+00:00,33.70786516853933,0.021519658609795284,0.981708290181674,33.09129068028115,3045.944568380619,1.0864048881189647,3047.405505675477,0.43423143705452816,0 days 01:58:00
88,CLOSED,2024-03-06 22:46:00+00:00,66000.0,67000.0,2024-03-07 08:19:00+00:00,33.70786516853933,0.02151659119339795,0.9817108974856117,33.091378566930736,3046.3787998176736,1.086252916705935,3047.839738354929,0.434232590323127,0 days 09:33:00
89,CLOSED,2024-03-08 15:32:00+00:00,69000.0,70000.0,2024-03-11 07:12:00+00:00,33.70786516853933,0.0,1.0,33.70786516853933,3049.226504967839,1.1054562563201535,3051.3777272630714,0.42016121152906294,2 days 15:40:00
90,CLOSED,2024-03-08 15:32:00+00:00,68000.0,69000.0,2024-03-08 20:01:00+00:00,33.70786516853933,0.010885319697064574,0.9907474782574951,33.395982413173996,3048.7047658374045,1.0954154297718934,3050.076792305458,0.4233770759256359,0 days 04:29:00
91,CLOSED,2024-03-08 16:02:00+00:00,67000.0,68000.0,2024-03-08 17:02:00+00:00,33.70786516853933,0.021514654239099075,0.9817125438967658,33.09143406393593,3047.6927123186842,1.0857864354297049,3049.1316865198805,0.4267649141605503,0 days 01:00:00
92,CLOSED,2024-03-08 21:55:00+00:00,68000.0,69000.0,2024-03-10 01:18:00+00:00,33.70786516853933,0.010882285133782496,0.9907500576362849,33.39606935852646,3049.5549078274903,1.0951129055852251,3050.500170571768,0.42337817817405465,1 days 03:23:00
93,CLOSED,2024-03-11 00:50:00+00:00,68000.0,69000.0,2024-03-11 06:53:00+00:00,33.70786516853933,0.010880774525633102,0.9907513416532119,33.396112639995906,3049.9782860056644,1.0949623081983437,3050.9235493425163,0.4233787268742475,0 days 06:03:00
94,CLOSED,2024-03-11 07:13:00+00:00,70000.0,71000.0,2024-03-11 07:36:00+00:00,33.70786516853933,0.0,1.0,33.70786516853933,3051.3435650745027,1.1046892770239822,3051.7909165993824,0.413196308186194,0 days 00:23:00
95,CLOSED,2024-03-11 07:37:00+00:00,71000.0,72000.0,2024-03-11 11:44:00+00:00,33.70786516853933,0.0,1.0,33.70786516853933,3051.756761382689,1.1045397062794406,3052.197337423202,0.406427599303683,0 days 04:07:00
96,CLOSED,2024-03-11 11:53:00+00:00,72000.0,73000.0,2024-03-12 14:07:00+00:00,33.70786516853933,0.0,1.0,33.70786516853933,3052.163188981993,1.1043926252115677,3052.5971777460377,0.39984691011236606,1 days 02:14:00
97,CLOSED,2024-03-12 14:09:00+00:00,72000.0,73000.0,2024-03-13 07:12:00+00:00,33.70786516853933,0.0,1.0,33.70786516853933,3052.5630358921053,1.1042479638324085,3054.6167758277597,0.39984691011236606,0 days 17:03:00
98,CLOSED,2024-03-12 15:00:00+00:00,71000.0,72000.0,2024-03-12 15:23:00+00:00,33.70786516853933,0.010880009870229935,0.9907519916103046,33.396134548661955,3052.0616313977234,1.094215601844444,3052.9658296165308,0.40266895345552456,0 days 00:23:00
99,CLOSED,2024-03-12 16:20:00+00:00,71000.0,72000.0,2024-03-13 01:30:00+00:00,33.70786516853933,0.010878574622588372,0.9907532115707999,33.39617567092584,3052.464300351179,1.0940726044554783,3054.1829118763444,0.40266944928114157,0 days 09:10:00
100,CLOSED,2024-03-12 17:06:00+00:00,70000.0,71000.0,2024-03-12 17:59:00+00:00,33.70786516853933,0.02150804166557998,0.981718164584257,33.09162352531204,3051.4933092435444,1.084440310751176,3053.278847741024,0.4056423212855478,0 days 00:53:00
101,CLOSED,2024-03-12 17:22:00+00:00,69000.0,70000.0,2024-03-12 17:37:00+00:00,33.70786516853933,0.03189465944795423,0.972889539469239,32.794029420311425,3050.0503579466017,1.0751963270006297,3051.9022241035104,0.4087704475873508,0 days 00:15:00
102,CLOSED,2024-03-13 07:15:00+00:00,73000.0,74000.0,2024-11-06 03:06:00+00:00,33.70786516853933,0.0,1.0,33.70786516853933,3054.5826339738273,1.1035178683212585,3207.1143055526586,0.3934465137755865,237 days 19:51:00
103,CLOSED,2024-03-13 13:54:00+00:00,72000.0,73000.0,2024-03-13 15:16:00+00:00,33.70786516853933,0.010874890125197486,0.9907563433935821,33.39628123798592,3054.087636282585,1.093494529797961,3054.978903229598,0.39615086258013577,0 days 01:22:00
104,CLOSED,2024-03-14 13:36:00+00:00,72000.0,73000.0,2024-10-29 18:24:00+00:00,33.70786516853933,0.010873479707790233,0.9907575422483783,33.39632164882174,3054.4837871451655,1.0933540321729842,3202.637035990241,0.39615134193852697,229 days 04:48:00
105,CLOSED,2024-03-14 15:27:00+00:00,71000.0,72000.0,2024-03-15 00:28:00+00:00,33.70786516853933,0.021500106723933293,0.9817249092846567,33.091850874763715,3053.5257270345655,1.0837259559263939,3056.0920616067297,0.3990000980571935,0 days 09:01:00
106,CLOSED,2024-03-14 16:30:00+00:00,70000.0,71000.0,2024-03-14 16:46:00+00:00,33.70786516853933,0.03188608919504284,0.9728968241842136,32.79427497250158,3052.10235507046,1.074481493650448,3053.9278620615405,0.4019973759989881,0 days 00:16:00
107,CLOSED,2024-03-14 18:50:00+00:00,70000.0,71000.0,2024-03-14 20:39:00+00:00,33.70786516853933,0.03188188997934737,0.9729003935175548,32.79439528710859,3052.504352446459,1.074343932084002,3054.73501111726,0.40199885083435305,0 days 01:49:00
108,CLOSED,2024-03-14 19:31:00+00:00,69000.0,70000.0,2024-03-14 20:05:00+00:00,33.70786516853933,0.04203184576801546,0.9642729310971868,32.50358194709619,3050.6132550680577,1.0654769788696485,3052.9096498078497,0.40515008297447963,0 days 00:34:00
109,CLOSED,2024-03-15 02:23:00+00:00,71000.0,72000.0,2024-04-08 08:55:00+00:00,33.70786516853933,0.021488789603038072,0.9817345288374176,33.09217512935116,3055.1338734424303,1.083166122997547,3083.4914667024145,0.39900400770892475,24 days 06:32:00
110,CLOSED,2024-03-15 02:39:00+00:00,70000.0,71000.0,2024-03-25 19:56:00+00:00,33.70786516853933,0.03186940196286852,0.9729110083315617,32.79475308982793,3053.7104965916706,1.073931308368329,3073.9500355602295,0.40200323683630756,10 days 17:17:00
111,CLOSED,2024-03-15 02:47:00+00:00,69000.0,70000.0,2024-03-15 18:53:00+00:00,33.70786516853933,0.042015452629111945,0.9642868652652549,32.504051638154664,3051.8193891867118,1.065071273658064,3056.996145431949,0.4051559375714149,0 days 16:06:00
112,CLOSED,2024-03-15 02:53:00+00:00,68000.0,69000.0,2024-03-15 02:56:00+00:00,33.70786516853933,0.051932575334630054,0.9558573109655645,32.21990935838981,3049.4579703442696,1.0565782401897585,3052.228013599966,0.4084674270687927,0 days 00:03:00
113,CLOSED,2024-03-15 03:22:00+00:00,68000.0,69000.0,2024-03-15 18:42:00+00:00,33.70786516853933,0.05192562002499247,0.9558632229787564,32.22010863973336,3049.866437771338,1.0564432671772312,3054.6998918809777,0.4084699534550964,0 days 15:20:00
114,CLOSED,2024-03-15 03:28:00+00:00,67000.0,68000.0,2024-03-15 03:32:00+00:00,33.70786516853933,0.06161793876704027,0.9476247520480158,31.94240737240503,3047.0319515699657,1.0483121897014205,3050.2785508518186,0.41194644855909246,0 days 00:04:00
115,CLOSED,2024-03-15 04:44:00+00:00,67000.0,68000.0,2024-03-15 05:02:00+00:00,33.70786516853933,0.06160960939596993,0.9476318320134256,31.94264602292446,3047.443898018525,1.0481783124438764,3050.6905006201137,0.41194952632441684,0 days 00:18:00
116,CLOSED,2024-03-15 09:00:00+00:00,67000.0,68000.0,2024-03-15 09:55:00+00:00,33.70786516853933,0.06160128221427984,0.9476389101178622,31.942884610714458,3047.85584754485,1.0480444682594003,3051.518054230709,0.4119526032807599,0 days 00:55:00
117,CLOSED,2024-03-15 09:10:00+00:00,66000.0,67000.0,2024-03-15 09:22:00+00:00,33.70786516853933,0.07107275334819745,0.9395881596540322,31.67151099957412,3044.5453558551776,1.0402706249281006,3048.271624656643,0.41560076540709545,0 days 00:12:00
118,CLOSED,2024-03-15 11:08:00+00:00,67000.0,68000.0,2024-03-15 12:35:00+00:00,33.70786516853933,0.06158456078344951,0.9476531233340679,31.943363707889933,3048.683400913538,1.047775695512302,3051.930013498446,0.4119587819753612,0 days 01:27:00
119,CLOSED,2024-03-15 19:48:00+00:00,69000.0,70000.0,2024-03-16 00:19:00+00:00,33.70786516853933,0.04197026863864024,0.9643252716571558,32.50534623563447,3055.1048906303545,1.0639682563870236,3057.8098063955326,0.4051720744475702,0 days 04:31:00
120,CLOSED,2024-03-15 20:09:00+00:00,68000.0,69000.0,2024-03-15 22:55:00+00:00,33.70786516853933,0.051877100987074376,0.9559044641609867,32.221498791943375,3052.7434517497945,1.0554931752772876,3055.513535510226,0.4084875770892893,0 days 02:46:00
121,CLOSED,2024-03-16 02:33:00+00:00,69000.0,70000.0,2024-03-25 15:55:00+00:00,33.70786516853933,0.04195909376156367,0.9643347703026709,32.505666414696776,3055.9185502818914,1.0636954447525544,3072.1246666946267,0.4051760654099752,9 days 13:22:00
122,CLOSED,2024-03-16 11:25:00+00:00,68000.0,69000.0,2024-03-25 14:20:00+00:00,33.70786516853933,0.05186338098050144,0.9559161261665737,32.2218918932553,3053.557106445516,1.0552248007820326,3069.8283915721677,0.4084925606253975,9 days 02:55:00
123,CLOSED,2024-03-16 18:07:00+00:00,67000.0,68000.0,2024-03-17 15:47:00+00:00,33.70786516853933,0.06154448516680056,0.9476871876082196,31.9445119418501,3050.722568883643,1.047112978009653,3055.2237851388754,0.4119735902174746,0 days 21:40:00
124,CLOSED,2024-03-16 22:03:00+00:00,66000.0,67000.0,2024-03-17 10:19:00+00:00,33.70786516853933,0.0710074957208104,0.9396436286373112,31.673380740583525,3047.412001725155,1.0393534160347557,3051.9772836194975,0.4156253005735593,0 days 12:16:00
125,CLOSED,2024-03-16 23:17:00+00:00,65000.0,66000.0,2024-03-17 00:04:00+00:00,33.70786516853933,0.08025725160094228,0.9317813361391991,31.408359645141545,3043.6222858893857,1.031940125775614,3047.8316423122383,0.4194542942110644,0 days 00:47:00
126,CLOSED,2024-03-17 06:59:00+00:00,65000.0,66000.0,2024-03-17 08:33:00+00:00,33.70786516853933,0.08024619253812419,0.9317907363425945,31.408676505930153,3044.041740183597,1.0318083386082537,3048.251101159495,0.41945852584302656,0 days 01:34:00
127,CLOSED,2024-03-18 01:02:00+00:00,67000.0,68000.0,2024-03-18 02:49:00+00:00,33.70786516853933,0.061510883747531796,0.947715748814598,31.945474679143754,3052.3890805944884,1.0465728265848075,3055.6357721211994,0.4119860061949048,0 days 01:47:00
128,CLOSED,2024-03-18 14:32:00+00:00,67000.0,68000.0,2024-03-18 16:19:00+00:00,33.70786516853933,0.06150258264216011,0.9477228047541639,31.94571251980328,3052.801066600683,1.0464393788808213,3056.0477614358642,0.4119890735158407,0 days 01:47:00
129,CLOSED,2024-03-18 16:56:00+00:00,67000.0,68000.0,2024-03-19 00:16:00+00:00,33.70786516853933,0.061494283715233126,0.9477298588420519,31.945950298046693,3053.2130556741986,1.0463059640950119,3056.459753816982,0.41199214003182405,0 days 07:20:00
130,CLOSED,2024-03-19 00:54:00+00:00,67000.0,68000.0,2024-03-20 22:15:00+00:00,33.70786516853933,0.0614859869659103,0.9477369110789763,31.94618801389808,3053.625047814231,1.046172582215521,3062.4175390504533,0.4119952057431746,1 days 21:21:00
131,CLOSED,2024-03-19 01:33:00+00:00,66000.0,67000.0,2024-03-20 20:30:00+00:00,33.70786516853933,0.0709404710042524,0.9397005996463854,31.675301111675914,3050.314453988686,1.0384274011571595,3059.1710144876088,0.415650500119483,1 days 18:57:00
132,CLOSED,2024-03-19 03:40:00+00:00,65000.0,66000.0,2024-03-19 03:53:00+00:00,33.70786516853933,0.08018194462807583,0.9318453470661355,31.41051731683603,3046.524682174126,1.031027829862195,3050.7341236594816,0.41948310961779356,0 days 00:13:00
133,CLOSED,2024-03-19 05:24:00+00:00,65000.0,66000.0,2024-03-20 19:56:00+00:00,33.70786516853933,0.08017090570854096,0.9318547301477402,31.410833600485628,3046.944165283744,1.0308962651293128,3055.4447801572774,0.4194873335421434,1 days 14:32:00
134,CLOSED,2024-03-19 07:10:00+00:00,64000.0,65000.0,2024-03-19 16:52:00+00:00,33.70786516853933,0.08920279557339904,0.9241776237626108,31.152054733571152,3042.6718975864355,1.0238387766450323,3048.2233009250426,0.42350488284007426,0 days 09:42:00
135,CLOSED,2024-03-19 09:11:00+00:00,63000.0,64000.0,2024-03-19 09:17:00+00:00,33.70786516853933,0.09803064135204911,0.9166739548507583,30.89912207362107,3037.9136245636364,1.0171165441894154,3043.0998182025096,0.4277144760636524,0 days 00:06:00
136,CLOSED,2024-03-19 10:47:00+00:00,63000.0,64000.0,2024-03-19 15:43:00+00:00,33.70786516853933,0.09801684134746592,0.916685684854654,30.89951746701081,3038.3413390397,1.0169863757564819,3043.5275385529894,0.4277199492119266,0 days 04:56:00
137,CLOSED,2024-03-19 20:04:00+00:00,64000.0,65000.0,2024-03-20 18:53:00+00:00,33.70786516853933,0.08916531633415843,0.9242094811159653,31.153128576942656,3043.9508368945512,1.0234438808717812,3051.235531549884,0.4235194814890235,0 days 22:49:00
138,CLOSED,2024-03-19 22:31:00+00:00,63000.0,64000.0,2024-03-20 12:19:00+00:00,33.70786516853933,0.09798973657791055,0.916708723908776,30.900294064340766,3039.1925460358852,1.0167270943278996,3046.111994891649,0.4277306990940488,0 days 13:48:00
139,CLOSED,2024-03-19 23:13:00+00:00,62000.0,63000.0,2024-03-20 00:25:00+00:00,33.70786516853933,0.10661432362339018,0.9093778249201183,30.65318510966691,3033.944517634426,1.0103409911255488,3039.624904361946,0.43214217639533103,0 days 01:12:00
140,CLOSED,2024-03-20 01:22:00+00:00,62000.0,63000.0,2024-03-20 02:29:00+00:00,33.70786516853933,0.10659914009444478,0.909390730919722,30.65362014336142,3034.3766598108214,1.010211439777965,3040.0570531129633,0.43214830940914695,0 days 01:07:00
141,CLOSED,2024-03-20 03:55:00+00:00,62000.0,63000.0,2024-03-20 07:44:00+00:00,33.70786516853933,0.10658396067422791,0.9094036334269062,30.65405505933392,3034.8088081202304,1.0100819194050359,3040.925984111081,0.432154440763334,0 days 03:49:00
142,CLOSED,2024-03-20 05:23:00+00:00,61000.0,62000.0,2024-03-20 06:30:00+00:00,33.70786516853933,0.1150104234129301,0.9022411400990095,30.41262269996661,3029.067100135126,1.0040260481060295,3035.245810460131,0.43677611586521436,0 days 01:07:00
143,CLOSED,2024-03-20 16:25:00+00:00,63000.0,64000.0,2024-03-20 17:15:00+00:00,33.70786516853933,0.09792011261211225,0.9167679042797046,30.90228890830465,3041.353497777412,1.0160702769634542,3046.5397552284244,0.4277583122941593,0 days 00:50:00
144,CLOSED,2024-03-21 03:44:00+00:00,67000.0,68000.0,2024-03-25 13:59:00+00:00,33.70786516853933,0.06136625813018031,0.9478386805893467,31.949618446831913,3059.5828328066796,1.0442475393785378,3067.0584699541328,0.41203944644951207,4 days 10:15:00
145,CLOSED,2024-03-21 15:13:00+00:00,66000.0,67000.0,2024-03-21 17:07:00+00:00,33.70786516853933,0.07080328808235,0.9398172051300026,31.679231633595595,3056.272184401411,1.0365317524819917,3059.998712326326,0.4157020773214164,0 days 01:54:00
146,CLOSED,2024-03-21 17:45:00+00:00,66000.0,67000.0,2024-03-24 22:10:00+00:00,33.70786516853933,0.07079365900832275,0.9398253898429256,31.679507522795248,3056.6878864787323,1.0363998124548353,3063.811898507872,0.4157056976021849,3 days 04:25:00
147,CLOSED,2024-03-21 18:43:00+00:00,65000.0,66000.0,2024-03-22 03:30:00+00:00,33.70786516853933,0.08001699924530356,0.931985550641492,31.415243280050294,3052.8979956387016,1.029030230454125,3057.107619851572,0.41954622420215415,0 days 08:47:00
148,CLOSED,2024-03-22 10:25:00+00:00,65000.0,66000.0,2024-03-24 18:34:00+00:00,33.70786516853933,0.08000600437515165,0.9319948962811211,31.415558301610826,3053.317541862904,1.0288991521806612,3060.0855541510723,0.4195504312714782,2 days 08:09:00
149,CLOSED,2024-03-22 12:03:00+00:00,64000.0,65000.0,2024-03-23 14:30:00+00:00,33.70786516853933,0.08902027610555481,0.9243327653102784,31.15728422394197,3049.0450820068127,1.0218702375969775,3055.452522089083,0.42357597653600365,1 days 02:27:00
150,CLOSED,2024-03-22 13:58:00+00:00,63000.0,64000.0,2024-03-22 15:29:00+00:00,33.70786516853933,0.09783099211363157,0.9168436567034132,30.90484236078921,3044.286534691366,1.0151752145736304,3049.4730823805203,0.42779365791300705,0 days 01:31:00
151,CLOSED,2024-03-22 16:36:00+00:00,63000.0,64000.0,2024-03-22 19:47:00+00:00,33.70786516853933,0.0978172464963223,0.916855340478126,30.90523619589189,3044.7143283492787,1.0150455137328915,3049.9008818896978,0.4277991094910263,0 days 03:11:00
152,CLOSED,2024-03-22 21:16:00+00:00,63000.0,64000.0,2024-03-23 01:26:00+00:00,33.70786516853933,0.0978035045659977,0.916867021118902,30.905629925356248,3045.14212745877,1.0149158440478965,3050.3286868488835,0.4278045596067592,0 days 04:10:00
153,CLOSED,2024-03-23 03:36:00+00:00,63000.0,64000.0,2024-03-23 04:18:00+00:00,33.70786516853933,0.09778976632122488,0.9168786986269588,30.906023549223335,3045.5699320183767,1.0147862055080483,3050.7564972566165,0.4278100082607921,0 days 00:42:00
154,CLOSED,2024-03-23 23:56:00+00:00,64000.0,65000.0,2024-03-24 08:12:00+00:00,33.70786516853933,0.08895799233067717,0.9243857065189244,31.15906875906487,3051.17986531862,1.0212137643288715,3055.876124136562,0.42360023687274406,0 days 08:16:00
155,CLOSED,2024-03-25 21:18:00+00:00,70000.0,71000.0,2024-03-26 07:18:00+00:00,33.70786516853933,0.03167423507402569,0.9730769001870782,32.80034495012623,3072.5265208982864,1.0675365933224457,3074.3521130090407,0.4020717827385738,0 days 10:00:00
156,CLOSED,2024-03-26 14:23:00+00:00,70000.0,71000.0,2024-03-27 13:07:00+00:00,33.70786516853933,0.03167009071603656,0.973080422891369,32.8004636929675,3072.9285926810253,1.0674007775869017,3074.754186367666,0.4020732383069756,0 days 22:44:00
157,CLOSED,2024-03-27 13:45:00+00:00,70000.0,71000.0,2024-03-28 13:27:00+00:00,33.70786516853933,0.03166594742743021,0.9730839446866844,32.80058240516914,3073.330665919332,1.0672649958854143,3075.966765393368,0.40207469349979164,0 days 23:42:00
158,CLOSED,2024-03-27 14:03:00+00:00,69000.0,70000.0,2024-03-27 14:23:00+00:00,33.70786516853933,0.04174893060599353,0.9645134089849055,32.51168794331142,3071.4394694924003,1.0585163167381073,3073.736066348337,0.40525112245513384,0 days 00:20:00
159,CLOSED,2024-03-27 15:52:00+00:00,69000.0,70000.0,2024-03-28 06:15:00+00:00,33.70786516853933,0.041743422905400514,0.9645180905304096,32.511845748216054,3071.8447206148558,1.0583818097976168,3074.1413195977275,0.40525308945895944,0 days 14:23:00
160,CLOSED,2024-03-29 07:37:00+00:00,70000.0,71000.0,2024-03-31 18:40:00+00:00,33.70786516853933,0.031653458593540795,0.9730945601954903,32.800940231308665,3074.543244824746,1.0668557121946864,3076.368844835732,0.40207907978884805,2 days 11:03:00
161,CLOSED,2024-04-01 05:46:00+00:00,70000.0,71000.0,2024-04-08 08:10:00+00:00,33.70786516853933,0.03164931959522935,0.973098078344055,32.80105882058613,3074.945323904535,1.0667200670396204,3082.134418402514,0.4020805334748445,7 days 02:24:00
162,CLOSED,2024-04-01 05:57:00+00:00,69000.0,70000.0,2024-04-01 13:28:00+00:00,33.70786516853933,0.041727147455440664,0.9645319246628754,32.51231206728794,3073.054120202059,1.0579804583835377,3075.3507322692303,0.4052589020248192,0 days 07:31:00
163,CLOSED,2024-04-01 14:52:00+00:00,69000.0,70000.0,2024-04-07 16:18:00+00:00,33.70786516853933,0.04172164541494604,0.9645366013972959,32.512469710021215,3073.459379104084,1.057846084808143,3079.9036835327365,0.40526086700722175,6 days 01:26:00
164,CLOSED,2024-04-02 02:36:00+00:00,68000.0,69000.0,2024-04-04 18:00:00+00:00,33.70786516853933,0.051571335854751,0.9561643645234617,32.230259478318935,3071.097739972743,1.0494703264834868,3076.3706904781397,0.4085986405619835,2 days 15:24:00
165,CLOSED,2024-04-02 02:37:00+00:00,67000.0,68000.0,2024-04-04 16:22:00+00:00,33.70786516853933,0.0611994546431955,0.9479804635532838,31.9543976478635,3068.2628826219448,1.041449147947756,3073.6004622844475,0.41210108159394565,2 days 13:45:00
166,CLOSED,2024-04-02 02:39:00+00:00,66000.0,67000.0,2024-04-02 02:41:00+00:00,33.70786516853933,0.07061102024474006,0.939980632791971,31.684740431190036,3064.9518467561084,1.0337761248916393,3068.6788352367557,0.4157743650154515,0 days 00:02:00
167,CLOSED,2024-04-02 09:03:00+00:00,66000.0,67000.0,2024-04-04 13:14:00+00:00,33.70786516853933,0.07060144284465825,0.9399887735820405,31.68501483984406,3065.3676211211236,1.0336448594787344,3070.35351374199,0.41577796586816973,2 days 04:11:00
168,CLOSED,2024-04-02 13:19:00+00:00,65000.0,66000.0,2024-04-02 14:30:00+00:00,33.70786516853933,0.07980005360114253,0.9321699544390288,31.421459138394233,3061.5772587316555,1.0263160613954734,3065.7874383037492,0.41962923612967984,0 days 01:11:00
169,CLOSED,2024-04-02 15:54:00+00:00,65000.0,66000.0,2024-04-02 18:49:00+00:00,33.70786516853933,0.07978911745823941,0.9321792501604965,31.42177247732011,3061.9968879677854,1.0261856437801413,3066.2070720423185,0.41963342072765286,0 days 02:55:00
170,CLOSED,2024-04-03 00:33:00+00:00,65000.0,66000.0,2024-04-03 02:01:00+00:00,33.70786516853933,0.07977818420338594,0.932188543427122,31.422085733498495,3062.4165213885135,1.0260552578018218,3066.6267099642964,0.41963760422054364,0 days 01:28:00
171,CLOSED,2024-04-04 20:07:00+00:00,68000.0,69000.0,2024-04-06 22:52:00+00:00,33.70786516853933,0.05152249669423579,0.9562058778098996,32.23165880258089,3074.0088922868604,1.0485219767403682,3077.6072298192366,0.40861638047474,2 days 02:45:00
172,CLOSED,2024-04-05 05:18:00+00:00,67000.0,68000.0,2024-04-05 14:42:00+00:00,33.70786516853933,0.06114189286965777,0.9480293910607909,31.95604688968958,3071.1740129790182,1.0405156710313666,3074.836982740008,0.41212235110268836,0 days 09:24:00
173,CLOSED,2024-04-05 12:32:00+00:00,66000.0,67000.0,2024-04-05 13:31:00+00:00,33.70786516853933,0.07054498901271176,0.940036759339195,31.686632337276237,3067.862930315286,1.0328568471610229,3071.58999068926,0.4157991910370953,0 days 00:59:00
174,CLOSED,2024-04-07 19:52:00+00:00,69000.0,70000.0,2024-04-08 07:22:00+00:00,33.70786516853933,0.04165993136342081,0.9645890583410923,32.514237921609855,3078.0123302078227,1.0563387807941154,3080.3089682321606,0.4052829073802684,0 days 11:30:00
175,CLOSED,2024-04-09 01:10:00+00:00,71000.0,72000.0,2024-10-29 15:22:00+00:00,33.70786516853933,0.021297784351463716,0.9818968833012558,33.09764775172773,3082.5332782096225,1.0737158293048923,3201.7459024492828,0.3990699930439021,203 days 14:12:00
176,CLOSED,2024-04-09 08:07:00+00:00,70000.0,71000.0,2024-04-10 22:25:00+00:00,33.70786516853933,0.031587747001177474,0.9731504150489991,32.80282297917975,3081.109818884131,1.0646430963976408,3083.7494414313546,0.4021021588081055,1 days 14:18:00
177,CLOSED,2024-04-09 14:42:00+00:00,69000.0,70000.0,2024-04-10 19:52:00+00:00,33.70786516853933,0.04164590213623949,0.9646009831841964,32.514639882613366,3079.218511238324,1.0559380493441315,3081.923889489208,0.40528791773679984,1 days 05:10:00
178,CLOSED,2024-04-10 12:37:00+00:00,68000.0,69000.0,2024-04-10 16:34:00+00:00,33.70786516853933,0.051477761667017875,0.9562439025830348,32.232940536506796,3076.856736337313,1.0475931542681072,3079.627303475493,0.4086326296377294,0 days 03:57:00
179,CLOSED,2024-04-11 11:57:00+00:00,70000.0,71000.0,2024-04-11 12:41:00+00:00,33.70786516853933,0.03157528517216761,0.9731610076036575,32.80318003158396,3082.325841590314,1.0642346629602042,3084.1515483287585,0.4021065356125888,0 days 00:44:00
180,CLOSED,2024-04-11 13:40:00+00:00,70000.0,71000.0,2024-04-12 04:45:00+00:00,33.70786516853933,0.031571166538040554,0.9731645084426656,32.803298037393226,3082.727948125927,1.0640996737105923,3084.553656430477,0.40210798214634735,0 days 15:05:00
181,CLOSED,2024-04-12 13:40:00+00:00,70000.0,71000.0,2024-05-20 23:24:00+00:00,33.70786516853933,0.031567048963420094,0.973168008381093,32.80341601284583,3083.1300561080734,1.063964718188196,3115.0641264576525,0.40210942830798047,38 days 09:44:00
182,CLOSED,2024-04-12 16:18:00+00:00,69000.0,70000.0,2024-05-20 19:59:00+00:00,33.70786516853933,0.041618786338202804,0.9646240316125276,32.5154167959279,3081.238739405795,1.0552709330857748,3112.8331273215867,0.40529760179236973,38 days 03:41:00
183,CLOSED,2024-04-12 17:28:00+00:00,68000.0,69000.0,2024-05-20 19:22:00+00:00,33.70786516853933,0.05144441984483166,0.9562722431318931,32.23389583590651,3078.8769440160795,1.0469368026726231,3110.536522564459,0.40864474043182497,38 days 01:54:00
184,CLOSED,2024-04-12 18:32:00+00:00,67000.0,68000.0,2024-05-20 16:39:00+00:00,33.70786516853933,0.06104919042903203,0.9481081881353228,31.95870297085358,3076.041876295264,1.0389553931997875,3107.766092002319,0.4121566053525285,37 days 22:07:00
185,CLOSED,2024-04-12 18:35:00+00:00,66000.0,67000.0,2024-04-12 18:37:00+00:00,33.70786516853933,0.07043808545952054,0.9401276273594076,31.689695304249696,3072.730565196151,1.0313203397391515,3076.4578946486395,0.4158393839858405,0 days 00:02:00
186,CLOSED,2024-04-12 18:38:00+00:00,66000.0,67000.0,2024-04-12 19:31:00+00:00,33.70786516853933,0.07042855420841485,0.9401357289228474,31.68996839065778,3073.1464045801367,1.0311896739910562,3076.873737893074,0.41584296748775174,0 days 00:53:00
187,CLOSED,2024-04-13 01:51:00+00:00,66000.0,67000.0,2024-04-13 03:35:00+00:00,33.70786516853933,0.07041902545427906,0.9401438283638628,31.690241405523466,3073.562247547625,1.031059040070163,3077.2895847199993,0.41584655005087257,0 days 01:44:00
188,CLOSED,2024-04-13 19:49:00+00:00,66000.0,67000.0,2024-04-22 22:53:00+00:00,33.70786516853933,0.07040949919615466,0.9401519256832686,31.690514348874224,3073.9780940976757,1.0309284379652206,3090.199507548186,0.41585013167554763,9 days 03:04:00
189,CLOSED,2024-04-13 19:54:00+00:00,65000.0,66000.0,2024-04-15 06:18:00+00:00,33.70786516853933,0.07958375852237873,0.9323538052559781,31.427656356943086,3070.187372038177,1.0236396854202257,3078.2595957164267,0.419711999125326,1 days 10:24:00
190,CLOSED,2024-04-13 19:56:00+00:00,64000.0,65000.0,2024-04-13 23:05:00+00:00,33.70786516853933,0.08855148516215124,0.9247312376121715,31.17071587456758,3065.9138939335844,1.0166859524738765,3072.341299094767,0.4237585766782104,0 days 03:09:00
191,CLOSED,2024-04-13 20:07:00+00:00,63000.0,64000.0,2024-04-13 22:41:00+00:00,33.70786516853933,0.09731694536822909,0.9172805964370053,30.91957066641591,3061.1541173763694,1.0100625280806252,3067.6440722005714,0.427997531327577,0 days 02:34:00
192,CLOSED,2024-04-13 20:07:00+00:00,62000.0,63000.0,2024-04-13 20:11:00+00:00,33.70786516853933,0.10588417891300753,0.9099984479239436,30.674104986200348,3055.904295915224,1.0037652366012217,3062.023858723364,0.43243710042827743,0 days 00:04:00
193,CLOSED,2024-04-13 20:09:00+00:00,61000.0,62000.0,2024-04-13 20:10:00+00:00,33.70786516853933,0.11425700405758066,0.9028815465510565,30.434209434305277,3050.1604710345773,0.997790435071187,3056.341610145473,0.4370861374661672,0 days 00:01:00
194,CLOSED,2024-04-13 20:13:00+00:00,62000.0,63000.0,2024-04-13 22:31:00+00:00,33.70786516853933,0.10585405932957177,0.9100240495698639,30.674967963029122,3056.7738191531184,1.0035079393452684,3062.4563088658774,0.4324492664946682,0 days 02:18:00
195,CLOSED,2024-04-13 23:56:00+00:00,64000.0,65000.0,2024-04-14 22:05:00+00:00,33.70786516853933,0.08848932360291366,0.9247840749375233,31.17249690800641,3068.0676225459792,1.0160303077719808,3074.0491731757957,0.4237827894103816,0 days 22:09:00
196,CLOSED,2024-04-14 00:25:00+00:00,63000.0,64000.0,2024-04-14 00:42:00+00:00,33.70786516853933,0.09724909715585056,0.917338267417527,30.921514632051473,3063.307816406912,1.0094158499657624,3068.4958554093187,0.42802444025532793,0 days 00:17:00
197,CLOSED,2024-04-14 03:01:00+00:00,63000.0,64000.0,2024-04-14 04:22:00+00:00,33.70786516853933,0.09723551080489284,0.9173498158158411,30.921903903904756,3063.7358408471673,1.0092875335934446,3068.9238856330417,0.4280298286675297,0 days 01:21:00
198,CLOSED,2024-04-14 17:22:00+00:00,63000.0,64000.0,2024-04-14 17:31:00+00:00,33.70786516853933,0.09722192807864621,0.9173613611331507,30.922293071903958,3064.163870675835,1.0091592479054885,3069.351921243634,0.42803521564217206,0 days 00:09:00
199,CLOSED,2024-04-15 14:39:00+00:00,65000.0,66000.0,2024-04-22 03:50:00+00:00,33.70786516853933,0.07947293515556127,0.9324480051177729,31.43083163318336,3074.4686849236728,1.0223175076497377,3086.4723584715425,0.41975440449986223,6 days 13:11:00
200,CLOSED,2024-04-15 15:01:00+00:00,64000.0,65000.0,2024-04-19 07:05:00+00:00,33.70786516853933,0.08842902105369699,0.9248353321043575,31.174224677674975,3070.1951548422503,1.0153825117112707,3081.4098679705357,0.42380627803408544,3 days 16:04:00
201,CLOSED,2024-04-15 19:00:00+00:00,63000.0,64000.0,2024-04-16 21:46:00+00:00,33.70786516853933,0.09718316215149804,0.9173943121712267,30.92340378105259,3065.4352712044556,1.0087769287296782,3071.9209189100593,0.42805059039555005,1 days 02:46:00
202,CLOSED,2024-04-16 04:44:00+00:00,62000.0,63000.0,2024-04-16 06:22:00+00:00,33.70786516853933,0.10573938418349765,0.910121523444027,30.678253599236868,3060.1852815561724,1.002496606468099,3065.8679852784567,0.43249558670499866,0 days 01:38:00
203,CLOSED,2024-04-16 10:25:00+00:00,62000.0,63000.0,2024-04-16 11:52:00+00:00,33.70786516853933,0.10572444216187646,0.910134224162405,30.678681713339497,3060.6177771428775,1.0023689316076052,3066.3004873352093,0.4325016221678517,0 days 01:27:00
204,CLOSED,2024-04-16 15:01:00+00:00,62000.0,63000.0,2024-04-16 17:18:00+00:00,33.70786516853933,0.10570950415414264,0.9101469214689788,30.67910971243749,3061.0502787650453,1.0022412870923088,3066.7329954256857,0.4325076560093919,0 days 02:17:00
205,CLOSED,2024-04-17 10:10:00+00:00,63000.0,64000.0,2024-04-18 15:09:00+00:00,33.70786516853933,0.09712848783049273,0.9174407853440811,30.924970292497118,3067.1608266597336,1.0082604741067882,3074.972546471317,0.42807227449455,1 days 04:59:00
206,CLOSED,2024-04-17 14:06:00+00:00,62000.0,63000.0,2024-04-18 11:25:00+00:00,33.70786516853933,0.10568029811417076,0.9101717466029549,30.679946514706344,3061.910810604543,1.0019869425474515,3069.352049019365,0.43251945307232376,0 days 21:19:00
207,CLOSED,2024-04-17 14:34:00+00:00,61000.0,62000.0,2024-04-18 03:06:00+00:00,33.70786516853933,0.11403811190327355,0.9030676048822175,30.440481063445535,3056.1666965639656,0.9960347090251861,3063.232327003998,0.43717620854760497,0 days 12:32:00
208,CLOSED,2024-04-17 15:44:00+00:00,60000.0,61000.0,2024-04-17 16:13:00+00:00,33.70786516853933,0.12220551223841444,0.8961253145973477,30.206471278562283,3049.9242967333907,0.9904006899749873,3056.6089873584115,0.4420520729554269,0 days 00:29:00
209,CLOSED,2024-04-17 16:46:00+00:00,60000.0,61000.0,2024-04-17 17:54:00+00:00,33.70786516853933,0.12218780249675251,0.8961403678777604,30.20697869250878,3050.366348806346,0.9902737979105107,3057.0510473723953,0.44205949862871563,0 days 01:08:00
210,CLOSED,2024-04-18 05:59:00+00:00,61000.0,62000.0,2024-04-18 11:01:00+00:00,33.70786516853933,0.113988830544034,0.9031094940375711,30.44189305744622,3057.487984344097,0.9956504559731482,3063.6695249248464,0.43719648714249715,0 days 05:02:00
211,CLOSED,2024-04-18 12:30:00+00:00,62000.0,63000.0,2024-04-18 14:09:00+00:00,33.70786516853933,0.10560473080591327,0.9102359788149738,30.682111645448554,3064.101814324889,1.0013411271782011,3069.7846011938486,0.43254997663154526,0 days 01:39:00
212,CLOSED,2024-04-18 17:52:00+00:00,63000.0,64000.0,2024-04-19 06:47:00+00:00,33.70786516853933,0.09703194734001973,0.9175228447609832,30.927736340257862,3070.2124526312055,1.0073484104903703,3076.712545791556,0.4281105629179436,0 days 12:55:00
213,CLOSED,2024-04-19 01:20:00+00:00,62000.0,63000.0,2024-04-19 06:40:00+00:00,33.70786516853933,0.10557596652572353,0.910260428453135,30.682935790555117,3064.962389948352,1.0010868613324861,3071.524557489073,0.4325615952564519,0 days 05:20:00
214,CLOSED,2024-04-19 01:43:00+00:00,61000.0,62000.0,2024-04-19 03:24:00+00:00,33.70786516853933,0.11392619708982596,0.903162732473648,30.443687611471283,3059.2181808909727,0.9951460082721136,3065.841943189176,0.4372222599390341,0 days 01:41:00
215,CLOSED,2024-04-19 02:21:00+00:00,60000.0,61000.0,2024-04-19 02:55:00+00:00,33.70786516853933,0.12208621299920971,0.8962267189506717,30.209889402831635,3052.975633312528,0.9895227814200868,3059.660521972515,0.44210209498232445,0 days 00:34:00
216,CLOSED,2024-04-19 14:27:00+00:00,64000.0,65000.0,2024-04-20 17:09:00+00:00,33.70786516853933,0.08822955492291872,0.9250048783155191,31.17993971850065,3077.13613906013,1.0132778762276065,3082.2618946809034,0.42388397267464484,1 days 02:42:00
217,CLOSED,2024-04-19 23:04:00+00:00,63000.0,64000.0,2024-04-19 23:45:00+00:00,33.70786516853933,0.09696544224440275,0.9175793740922576,30.92964182333453,3072.376160499079,1.006701009498469,3077.5644852275013,0.4281369391591099,0 days 00:41:00
218,CLOSED,2024-04-23 08:11:00+00:00,66000.0,67000.0,2024-04-23 14:33:00+00:00,33.70786516853933,0.07011503396884428,0.9404022211264824,31.698951273926376,3086.888016649061,1.0268902241661764,3090.6154769473023,0.4159608429235675,0 days 06:22:00
219,CLOSED,2024-04-23 20:23:00+00:00,66000.0,67000.0,2024-04-24 04:48:00+00:00,33.70786516853933,0.07010558718004604,0.9404102508969608,31.699221940346998,3087.3039774919844,1.0267606355399548,3091.031441616465,0.4159643946698601,0 days 08:25:00
220,CLOSED,2024-04-24 13:11:00+00:00,66000.0,67000.0,2024-05-17 15:19:00+00:00,33.70786516853933,0.0700961428558576,0.940418278572521,31.699492536152395,3087.7199418866544,1.026631078360799,3104.102808172298,0.4159679454895162,23 days 02:08:00
221,CLOSED,2024-04-24 14:35:00+00:00,65000.0,66000.0,2024-05-15 19:39:00+00:00,33.70786516853933,0.07923200495476385,0.9326527957884507,31.437734689498342,3083.929074951861,1.019405243293057,3099.955563799025,0.4198465938611413,21 days 05:04:00
222,CLOSED,2024-04-24 19:01:00+00:00,64000.0,65000.0,2024-04-25 21:15:00+00:00,33.70786516853933,0.08816241214228518,0.9250619496790576,31.181863472327787,3079.655295975609,1.0125114818231509,3084.781350985657,0.42391012565704855,1 days 02:14:00
223,CLOSED,2024-04-25 13:10:00+00:00,63000.0,64000.0,2024-04-25 15:50:00+00:00,33.70786516853933,0.09689158368503917,0.9176421538677167,30.931757995541016,3074.8950434704366,1.0059451642495845,3080.0836716594995,0.4281662318194215,0 days 02:40:00
224,CLOSED,2024-04-26 01:11:00+00:00,64000.0,65000.0,2024-05-06 08:21:00+00:00,33.70786516853933,0.08813802618960763,0.9250826777388335,31.182562170971917,3080.507372333086,1.0122540997963967,3092.291193874532,0.4239196243013552,10 days 07:10:00
225,CLOSED,2024-04-27 00:44:00+00:00,63000.0,64000.0,2024-04-28 02:52:00+00:00,33.70786516853933,0.09686496549872614,0.9176647793260828,30.932520651440996,3075.7471082229654,1.0056912861510412,3080.935758649165,0.42817678872028964,1 days 02:08:00
226,CLOSED,2024-04-28 22:32:00+00:00,63000.0,64000.0,2024-04-29 23:03:00+00:00,33.70786516853933,0.09685148273977257,0.9176762396711933,30.932906955208765,3076.175285011686,1.005563860613725,3081.796581866433,0.4281821360474183,1 days 00:31:00
227,CLOSED,2024-04-29 06:48:00+00:00,62000.0,63000.0,2024-04-29 14:35:00+00:00,33.70786516853933,0.10538015336364621,0.9104268696409007,30.68854616767081,3070.924763032206,0.9993258883154529,3076.608145133104,0.4326406891766581,0 days 07:47:00
228,CLOSED,2024-04-30 02:03:00+00:00,63000.0,64000.0,2024-05-04 10:51:00+00:00,33.70786516853933,0.09682438784583003,0.9176992703310445,30.93368326958577,3077.03610783691,1.0053077762331324,3087.1652458304534,0.42819288201282646,4 days 08:48:00
229,CLOSED,2024-04-30 08:48:00+00:00,62000.0,63000.0,2024-05-03 20:46:00+00:00,33.70786516853933,0.10535087103510336,0.9104517596201621,30.689385155735803,3071.7855727709875,0.9990731588745503,3081.9767976386643,0.4326525170544784,3 days 11:58:00
230,CLOSED,2024-04-30 11:42:00+00:00,61000.0,62000.0,2024-05-03 14:02:00+00:00,33.70786516853933,0.11368403398527921,0.9033685711125127,30.45062599255661,3066.040786910105,0.993157890219854,3076.293620029703,0.4373219066932954,3 days 02:20:00
231,CLOSED,2024-04-30 19:14:00+00:00,60000.0,61000.0,2024-04-30 22:35:00+00:00,33.70786516853933,0.12182743028360206,0.8964466842589383,30.21730396378444,3059.797548408934,0.9875589311291905,3066.4832370911454,0.4422106022624064,0 days 03:21:00
232,CLOSED,2024-05-01 01:09:00+00:00,60000.0,61000.0,2024-05-03 13:03:00+00:00,33.70786516853933,0.12180982598277591,0.8964616479146404,30.217808356673277,3060.239759011196,0.9874327090775742,3070.1115228715817,0.44221798372447907,2 days 11:54:00
233,CLOSED,2024-05-01 07:08:00+00:00,59000.0,60000.0,2024-05-03 12:34:00+00:00,33.70786516853933,0.1297657690176914,0.8896990963349622,29.98985717983019,3053.493626818522,0.9821490019311763,3063.426076148948,0.44733684253697703,2 days 05:26:00
234,CLOSED,2024-05-01 07:25:00+00:00,58000.0,59000.0,2024-05-01 18:51:00+00:00,33.70786516853933,0.137538446453585,0.8830923205144527,29.76715687127369,3046.239928215624,0.9771770304616224,3054.8632100292766,0.4526963555641217,0 days 11:26:00
235,CLOSED,2024-05-01 08:07:00+00:00,57000.0,58000.0,2024-05-01 12:10:00+00:00,33.70786516853933,0.14513078358664447,0.8766388339513522,29.54962361633772,3038.473738697269,0.9725153533499677,3046.6985074700965,0.45830844131600657,0 days 04:03:00
236,CLOSED,2024-05-01 15:09:00+00:00,57000.0,58000.0,2024-05-01 18:04:00+00:00,33.70786516853933,0.14510889607412994,0.8766574383369896,29.550250730460327,3038.932047138585,0.9723893220410907,3047.1568262752985,0.4583181677240198,0 days 02:55:00
237,CLOSED,2024-05-01 19:30:00+00:00,58000.0,59000.0,2024-05-02 12:16:00+00:00,33.70786516853933,0.13747664897965628,0.8831448483672921,29.76892747305479,3047.609251180228,0.9767960725780831,3056.2326193058884,0.4527232827233654,0 days 16:46:00
238,CLOSED,2024-05-01 19:57:00+00:00,57000.0,58000.0,2024-05-01 21:25:00+00:00,33.70786516853933,0.14506598159002623,0.8766939156484777,29.551480302757675,3039.843029394182,0.9721383642841277,3048.067859348285,0.45833723813149874,0 days 01:28:00
239,CLOSED,2024-05-02 01:36:00+00:00,57000.0,58000.0,2024-05-02 11:02:00+00:00,33.70786516853933,0.14504411232993294,0.876712504519557,29.552106893917653,3040.3013666323136,0.972012420158597,3048.5262069416603,0.45834695642847123,0 days 09:26:00
240,CLOSED,2024-05-05 01:35:00+00:00,63000.0,64000.0,2024-05-05 13:19:00+00:00,33.70786516853933,0.09665574759115887,0.9178426145475149,30.938515097107246,3082.4047710130826,1.003713574156544,3087.5935104996183,0.42825976554989253,0 days 11:44:00
241,CLOSED,2024-05-06 10:48:00+00:00,64000.0,65000.0,2024-05-15 15:21:00+00:00,33.70786516853933,0.0879236806660053,0.9252648714338955,31.188703531479625,3088.017214513055,1.0099912456737299,3095.74486690846,0.4240031146580776,9 days 04:33:00
242,CLOSED,2024-05-06 15:02:00+00:00,63000.0,64000.0,2024-05-07 08:20:00+00:00,33.70786516853933,0.09663099492729592,0.9178636543117985,30.939224302644895,3083.2568483987748,1.0034591934406156,3088.445694284877,0.4282695825755809,0 days 17:18:00
243,CLOSED,2024-05-07 18:34:00+00:00,63000.0,64000.0,2024-05-15 12:31:00+00:00,33.70786516853933,0.0966175745830396,0.9178750616044163,30.939608818126395,3083.6851179813502,1.0033322999716703,3091.047088780718,0.42827490514874356,7 days 17:57:00
244,CLOSED,2024-05-08 13:09:00+00:00,62000.0,63000.0,2024-05-09 22:43:00+00:00,33.70786516853933,0.10512715691719329,0.9106419166203857,30.695794942260196,3078.4343871648102,0.9971235726264914,3084.5555016819394,0.43274288088091595,1 days 09:34:00
245,CLOSED,2024-05-08 23:07:00+00:00,61000.0,62000.0,2024-05-09 15:10:00+00:00,33.70786516853933,0.11344386959074655,0.9035727108478654,30.457507107231418,3072.689301788802,0.9912328945689439,3078.8720379545657,0.4374207310061564,0 days 16:03:00
246,CLOSED,2024-05-10 14:35:00+00:00,62000.0,63000.0,2024-05-13 08:44:00+00:00,33.70786516853933,0.10509744961638494,0.9106671678260728,30.69664610649684,3079.304550776697,0.9968694424445346,3085.4256912610276,0.43275488041585675,2 days 18:09:00
247,CLOSED,2024-05-10 14:52:00+00:00,61000.0,62000.0,2024-05-13 07:52:00+00:00,33.70786516853933,0.11341202492396245,0.9035997788146319,30.458419510605573,3073.5594508347976,0.990981954239827,3079.7422147453603,0.43743383464426344,2 days 17:00:00
248,CLOSED,2024-05-14 06:12:00+00:00,62000.0,63000.0,2024-05-15 12:30:00+00:00,33.70786516853933,0.10506775824418284,0.9106924054924446,30.697496814352068,3080.174739491757,0.99661543290941,3085.8584589981083,0.4327668735168224,1 days 06:18:00
249,CLOSED,2024-05-16 17:22:00+00:00,65000.0,66000.0,2024-05-17 06:51:00+00:00,33.70786516853933,0.07891889568635313,0.9329189386665998,31.446705797750557,3096.1645068860134,1.0156665037601078,3100.375539300811,0.4199664017696918,0 days 13:29:00
250,CLOSED,2024-05-19 19:49:00+00:00,66000.0,67000.0,2024-05-20 04:37:00+00:00,33.70786516853933,0.0698006530059701,0.9406694449449254,31.707958818368276,3100.7913081680663,1.022576357681459,3104.518895800232,0.41607904196890644,0 days 08:48:00
251,CLOSED,2024-05-20 21:17:00+00:00,69000.0,70000.0,2024-05-20 23:13:00+00:00,33.70786516853933,0.041221414848770996,0.9649617973785447,32.52680215882735,3110.9416603672553,1.0455613029717656,3113.2385783782706,0.40543951786583676,0 days 01:56:00
252,CLOSED,2024-05-21 15:50:00+00:00,70000.0,71000.0,2024-06-04 18:22:00+00:00,33.70786516853933,0.031257724399642105,0.9734309342603042,32.812278682931606,3113.6405260157076,1.0538236000197176,3120.3730511225153,0.4022180683105958,14 days 02:32:00
253,CLOSED,2024-05-22 21:09:00+00:00,69000.0,70000.0,2024-05-23 11:31:00+00:00,33.70786516853933,0.04121352365769289,0.9649685048909611,32.5270282547515,3111.749073967796,1.0452972743485462,3114.0461215091536,0.40544233610238223,0 days 14:22:00
254,CLOSED,2024-05-23 12:56:00+00:00,69000.0,70000.0,2024-05-27 15:21:00+00:00,33.70786516853933,0.041208154481058745,0.9649730686911001,32.52718209071124,3112.154516303898,1.0451660391638151,3116.097533975937,0.40544425363417247,4 days 02:25:00
255,CLOSED,2024-05-23 13:50:00+00:00,68000.0,69000.0,2024-05-24 18:04:00+00:00,33.70786516853933,0.05093948443654356,0.9567014382289379,32.2483630863687,3109.7924123249177,1.0369940758283425,3113.800647060163,0.4088281487868102,1 days 04:14:00
256,CLOSED,2024-05-23 18:23:00+00:00,67000.0,68000.0,2024-05-23 21:02:00+00:00,33.70786516853933,0.06045272096032634,0.9486151871837226,31.975792826417617,3106.956820771952,1.0291675961712572,3110.204961557566,0.4123770053124858,0 days 02:39:00
257,CLOSED,2024-05-23 21:16:00+00:00,67000.0,68000.0,2024-05-23 21:54:00+00:00,33.70786516853933,0.06044469831787677,0.9486220064298048,31.976022688645106,3107.3691977772646,1.0290384133149646,3110.617341760365,0.4123799697392876,0 days 00:38:00
258,CLOSED,2024-05-24 06:27:00+00:00,67000.0,68000.0,2024-05-24 14:29:00+00:00,33.70786516853933,0.0604366777468554,0.9486288239151729,31.976252491522683,3107.781577747004,1.0289092618505051,3111.0297249267655,0.412382933400675,0 days 08:02:00
259,CLOSED,2024-05-28 01:46:00+00:00,69000.0,70000.0,2024-06-03 13:45:00+00:00,33.70786516853933,0.04118100954673245,0.9649961418852774,32.527959838829574,3114.205928614772,1.0445025340150937,3118.141914136831,0.40545394809539204,6 days 11:59:00
260,CLOSED,2024-05-28 03:35:00+00:00,68000.0,69000.0,2024-05-30 17:23:00+00:00,33.70786516853933,0.050906149999283716,0.9567297725006089,32.24931817417783,3111.843812597603,1.0363411570858307,3114.6149317611116,0.4088402568984577,2 days 13:48:00
261,CLOSED,2024-05-31 09:19:00+00:00,68000.0,69000.0,2024-05-31 12:37:00+00:00,33.70786516853933,0.050899462726184494,0.9567354566827432,32.24950977582281,3112.2526528545013,1.036211174765781,3115.0237746412618,0.40884268592549944,0 days 03:18:00
262,CLOSED,2024-05-31 14:00:00+00:00,68000.0,69000.0,2024-06-03 06:28:00+00:00,33.70786516853933,0.05089277717008309,0.9567411394054294,32.249701328272906,3112.6614955404266,1.0360812242024298,3115.845017317182,0.4088451143288623,2 days 16:28:00
263,CLOSED,2024-05-31 16:06:00+00:00,67000.0,68000.0,2024-06-02 11:48:00+00:00,33.70786516853933,0.06039761490257352,0.9486620273328125,31.977371707847613,3109.825871728431,1.028268881500902,3113.074065397781,0.4123973674157746,1 days 19:42:00
264,CLOSED,2024-06-03 14:46:00+00:00,69000.0,70000.0,2024-06-04 14:17:00+00:00,33.70786516853933,0.04115399322963911,0.9650191057548068,32.528733901847424,3116.2503079874355,1.0438421399741609,3118.54737851795,0.40546359662263853,0 days 23:31:00
265,CLOSED,2024-06-07 17:58:00+00:00,70000.0,71000.0,2024-10-29 02:14:00+00:00,33.70786516853933,0.03120451910522129,0.9734761587605619,32.81380310428861,3118.94944170028,1.052078711683134,3200.388790060692,0.4022367549071433,143 days 08:16:00
266,CLOSED,2024-06-07 18:05:00+00:00,69000.0,70000.0,2024-06-10 15:36:00+00:00,33.70786516853933,0.0411438114406641,0.9650277602754356,32.52902562726187,3117.057966372277,1.043581029874786,3119.355062590413,0.4054672329165072,2 days 21:31:00
267,CLOSED,2024-06-11 01:53:00+00:00,69000.0,70000.0,2024-07-29 13:05:00+00:00,33.70786516853933,0.04113846014537811,0.9650323088764287,32.52917895089086,3117.4634336051936,1.043450216616413,3144.5996002730285,0.40546914406221646,48 days 11:12:00
268,CLOSED,2024-06-11 02:18:00+00:00,68000.0,69000.0,2024-06-12 12:30:00+00:00,33.70786516853933,0.050853777595577944,0.9567742890437587,32.250818731812096,3115.1012769626195,1.0353056245817556,3118.2848704949183,0.40885928019579865,1 days 10:12:00
269,CLOSED,2024-06-11 09:51:00+00:00,67000.0,68000.0,2024-06-12 10:04:00+00:00,33.70786516853933,0.060351470560603734,0.9487012500234868,31.97869382101641,3112.2655962109548,1.0275052958188737,3115.513864093756,0.4124144180975797,1 days 00:13:00
270,CLOSED,2024-06-12 19:45:00+00:00,68000.0,69000.0,2024-07-27 13:35:00+00:00,33.70786516853933,0.05084037390234774,0.9567856821830044,32.25120277021363,3115.922550660913,1.0350450707888386,3140.65950754373,0.4088641488369902,44 days 17:50:00
271,CLOSED,2024-06-13 03:39:00+00:00,67000.0,68000.0,2024-06-13 12:30:00+00:00,33.70786516853933,0.060335670584082235,0.9487146800035301,31.97914651697293,3113.0868638832344,1.0272487699582675,3116.335143705215,0.41242025630787893,0 days 08:51:00
272,CLOSED,2024-06-13 15:22:00+00:00,67000.0,68000.0,2024-07-21 20:22:00+00:00,33.70786516853933,0.06032767840214933,0.948721473358173,31.979375506455273,3113.4992841395424,1.02712005329056,3134.557288591629,0.41242320947928235,38 days 05:00:00
273,CLOSED,2024-06-14 16:08:00+00:00,66000.0,67000.0,2024-06-17 18:17:00+00:00,33.70786516853933,0.06960909884739745,0.9408322659797121,31.713447167855467,3110.1870423812024,1.0196636644584312,3113.915617585363,0.41615106133823687,3 days 02:09:00
274,CLOSED,2024-06-18 00:45:00+00:00,66000.0,67000.0,2024-07-19 19:05:00+00:00,33.70786516853933,0.06959978621619294,0.940840181716236,31.713713990434922,3110.6031934425405,1.0195358269190544,3130.892891632015,0.4161545626447598,31 days 18:20:00
275,CLOSED,2024-06-18 01:43:00+00:00,65000.0,66000.0,2024-06-20 10:56:00+00:00,33.70786516853933,0.07867199200038524,0.9331288067996726,31.45378000448335,3106.811187038498,1.0124136328498934,3111.023446351999,0.4200608768211076,2 days 09:13:00
276,CLOSED,2024-06-20 14:04:00+00:00,65000.0,66000.0,2024-07-17 01:17:00+00:00,33.70786516853933,0.07866135647849959,0.9331378469932754,31.45408473011041,3107.2312479153193,1.0122865734957238,3125.89565557025,0.42006494638966174,26 days 11:13:00
277,CLOSED,2024-06-21 08:49:00+00:00,64000.0,65000.0,2024-07-16 16:03:00+00:00,33.70786516853933,0.08752877290718603,0.9256005430288918,31.20001830434467,3102.9560760536847,1.0054933920954694,3121.6835936244174,0.4241569363432731,25 days 07:14:00
278,CLOSED,2024-06-24 00:05:00+00:00,63000.0,64000.0,2024-07-15 22:11:00+00:00,33.70786516853933,0.09619669118566973,0.9182328124921807,30.951667836815083,3098.1941454727566,0.9990228624646805,3116.555666018592,0.42844182953085763,21 days 22:06:00
279,CLOSED,2024-06-24 09:30:00+00:00,62000.0,63000.0,2024-06-30 23:01:00+00:00,33.70786516853933,0.104669030911825,0.9110313237249488,30.708921024436478,3092.941658223741,0.9928710081803624,3100.830439991016,0.43292792963519844,6 days 13:31:00
280,CLOSED,2024-06-24 09:33:00+00:00,61000.0,62000.0,2024-06-25 14:29:00+00:00,33.70786516853933,0.11294949539234034,0.9039929289165107,30.471671761230702,3087.194603848902,0.9870343684599837,3094.269739909158,0.43762415912273767,1 days 04:56:00
281,CLOSED,2024-06-24 16:56:00+00:00,60000.0,61000.0,2024-06-25 03:06:00+00:00,33.70786516853933,0.12104157564187526,0.897114660704406,30.239820023744027,3080.948750656286,0.9815099980907672,3088.08507146151,0.44254011016447237,0 days 10:10:00
282,CLOSED,2024-06-24 20:29:00+00:00,59000.0,60000.0,2024-06-24 21:32:00+00:00,33.70786516853933,0.12894855371407646,0.8903937293430351,30.013271775607926,3074.1996363120115,0.9762954695946029,3081.3966883865855,0.4476861009973092,0 days 01:03:00
283,CLOSED,2024-06-26 17:05:00+00:00,61000.0,62000.0,2024-06-27 14:00:00+00:00,33.70786516853933,0.11290093494587983,0.9040342052960022,30.473063099865247,3088.522454219187,0.9866550608442696,3094.7073854629634,0.43764414107203464,0 days 20:55:00
284,CLOSED,2024-06-28 14:36:00+00:00,61000.0,62000.0,2024-06-30 18:55:00+00:00,33.70786516853933,0.11288493913138974,0.9040478017383187,30.47352140690962,3088.960098360259,0.9865301084039952,3095.1450366514455,0.4376507231275433,2 days 04:19:00
285,CLOSED,2024-07-02 14:39:00+00:00,62000.0,63000.0,2024-07-15 07:43:00+00:00,33.70786516853933,0.10457989885072268,0.9111070859768857,30.711474808209633,3095.5777313878607,0.9921080157932444,3111.365306051768,0.43296393234335895,12 days 17:04:00
286,CLOSED,2024-07-03 03:12:00+00:00,61000.0,62000.0,2024-07-15 02:28:00+00:00,33.70786516853933,0.11285394707548099,0.9040741449858412,30.47440938154521,3089.8306333103674,0.9862809000924329,3105.679862464956,0.4376634759281224,11 days 23:16:00
287,CLOSED,2024-07-03 10:33:00+00:00,60000.0,61000.0,2024-07-14 21:48:00+00:00,33.70786516853933,0.12093977871680776,0.8972011880907134,30.24273667721506,3083.5846913971177,0.9807655603424537,3099.4951109965937,0.44258279349219976,11 days 11:15:00
288,CLOSED,2024-07-04 01:54:00+00:00,59000.0,60000.0,2024-07-14 04:22:00+00:00,33.70786516853933,0.12884066856555915,0.8904854317192747,30.016362866941847,3076.8354395908964,0.9755595791932538,3092.8065965167148,0.44773220855391926,10 days 02:28:00
289,CLOSED,2024-07-04 02:00:00+00:00,58000.0,59000.0,2024-07-04 02:35:00+00:00,33.70786516853933,0.13655968541121646,0.883924267400466,29.79520002473481,3069.5781709973994,0.9706610604105724,3077.2888246629136,0.4531228334244446,0 days 00:35:00
290,CLOSED,2024-07-04 08:30:00+00:00,58000.0,59000.0,2024-07-10 04:07:00+00:00,33.70786516853933,0.13653952981485187,0.883941399657376,29.795777516540763,3070.031293830824,0.9705366058129399,3084.244153317376,0.45313161587004913,5 days 19:37:00
291,CLOSED,2024-07-04 09:22:00+00:00,57000.0,58000.0,2024-07-04 11:07:00+00:00,33.70786516853933,0.14407855719987508,0.8775332263801062,29.57977167573392,3062.2610392409697,0.9659454663298638,3070.490342701001,0.45877603137028444,0 days 01:45:00
292,CLOSED,2024-07-04 13:20:00+00:00,57000.0,58000.0,2024-07-04 15:50:00+00:00,33.70786516853933,0.14405697514449148,0.8775515711271823,29.58039003799491,3062.71981527234,0.9658209637881809,3070.949128951621,0.4587856220387607,0 days 02:30:00
293,CLOSED,2024-07-04 23:41:00+00:00,57000.0,58000.0,2024-07-06 16:43:00+00:00,33.70786516853933,0.14403539910288185,0.8775699107625504,29.58100822795114,3063.1786008943786,0.9656964898917144,3073.2856550644306,0.45879521003483603,1 days 17:02:00
294,CLOSED,2024-07-05 02:58:00+00:00,56000.0,57000.0,2024-07-05 17:32:00+00:00,33.70786516853933,0.15139617374477304,0.8713132523169429,29.370109628660998,3054.890114982239,0.961412964892577,3064.591876124754,0.46470698620076334,0 days 14:34:00
295,CLOSED,2024-07-05 03:11:00+00:00,55000.0,56000.0,2024-07-05 15:04:00+00:00,33.70786516853933,0.15858313004530253,0.8652043394614929,29.164191217803133,3046.0778981915737,0.9574341888996871,3055.8386941985077,0.47089881811123036,0 days 11:53:00
296,CLOSED,2024-07-05 04:19:00+00:00,54000.0,55000.0,2024-07-05 10:12:00+00:00,33.70786516853933,0.16559852210279705,0.8592412562126225,28.963188411661434,3036.7361595551993,0.9537604483856038,3046.55558979756,0.47738575299520747,0 days 05:53:00
297,CLOSED,2024-07-05 18:15:00+00:00,56000.0,57000.0,2024-07-06 13:49:00+00:00,33.70786516853933,0.15132618019117156,0.8713727468375042,29.372115061938345,3056.303106539546,0.9610341002857693,3065.0566168810183,0.4647387170613584,0 days 19:34:00
298,CLOSED,2024-07-07 13:18:00+00:00,57000.0,58000.0,2024-07-08 09:02:00+00:00,33.70786516853933,0.14392561579835203,0.8776632265714008,29.584153704653964,3065.5151263787816,0.9650630476451443,3074.6802153352332,0.45884399571629686,0 days 19:44:00
299,CLOSED,2024-07-07 23:46:00+00:00,56000.0,57000.0,2024-07-08 08:39:00+00:00,33.70786516853933,0.15128147992549412,0.87141074206333,29.373395799887533,3057.2265821925475,0.9607856993975844,3066.451123325508,0.4647589814689468,0 days 08:53:00
300,CLOSED,2024-07-08 01:01:00+00:00,55000.0,56000.0,2024-07-08 08:05:00+00:00,33.70786516853933,0.1584636418926193,0.8653059043912736,29.167614754762035,3048.4142483641454,0.9568127025522892,3057.6978311299936,0.47095409615736017,0 days 07:04:00
301,CLOSED,2024-07-08 10:54:00+00:00,57000.0,58000.0,2024-07-09 14:15:00+00:00,33.70786516853933,0.14386017126093062,0.877718854428209,29.586028800950867,3066.909683452124,0.9646853626171583,3076.0748673459793,0.45887307806510336,1 days 03:21:00
302,CLOSED,2024-07-08 14:28:00+00:00,56000.0,57000.0,2024-07-09 01:12:00+00:00,33.70786516853933,0.15121310759764847,0.8714688585419987,29.375354782314567,3058.6211045272644,0.9604116946304395,3067.8457444646947,0.4647899773634485,0 days 10:44:00
303,CLOSED,2024-07-08 14:34:00+00:00,55000.0,56000.0,2024-07-08 14:41:00+00:00,33.70786516853933,0.15839241104422264,0.8653664506124108,29.16965563862059,3049.8087009295027,0.9564421410998806,3059.092386534716,0.4709870492329209,0 days 00:07:00
304,CLOSED,2024-07-09 15:00:00+00:00,57000.0,58000.0,2024-07-09 18:38:00+00:00,33.70786516853933,0.1437947818532661,0.8777744354247238,29.58790231768732,3068.304333556786,0.9643079401901751,3076.5337713863737,0.45890213591525963,0 days 03:38:00
305,CLOSED,2024-07-10 12:33:00+00:00,58000.0,59000.0,2024-07-11 12:30:00+00:00,33.70786516853933,0.136230891091076,0.8842037425725854,29.804620536154566,3076.9866218984253,0.9686301631615755,3084.697428403616,0.45326609974999954,0 days 23:57:00
306,CLOSED,2024-07-11 14:17:00+00:00,58000.0,59000.0,2024-07-13 22:41:00+00:00,33.70786516853933,0.1362108260867485,0.8842207978262637,29.805195432345972,3077.439887998175,0.9685061777675785,3085.6096330451187,0.45327484272171503,2 days 08:24:00
307,CLOSED,2024-07-12 01:15:00+00:00,57000.0,58000.0,2024-07-12 13:57:00+00:00,33.70786516853933,0.14373384629188085,0.8778262306519012,29.589648224221392,3069.6694617749245,0.9639359739765682,3077.8990906733957,0.4589292145580437,0 days 12:42:00
308,CLOSED,2024-07-16 06:54:00+00:00,63000.0,64000.0,2024-07-16 12:26:00+00:00,33.70786516853933,0.0957762856542082,0.918590157193923,30.963713163840104,3111.7935239347808,0.995043948953506,3116.9842868072674,0.4286085643890658,0 days 05:32:00
309,CLOSED,2024-07-17 08:18:00+00:00,65000.0,66000.0,2024-07-19 16:01:00+00:00,33.70786516853933,0.07828665136612806,0.9334563463387912,31.46482066310532,3122.1034568244654,1.0078083925863437,3127.164515887895,0.42020832328829627,2 days 07:43:00
310,CLOSED,2024-07-17 16:41:00+00:00,64000.0,65000.0,2024-07-18 02:02:00+00:00,33.70786516853933,0.08711464788978342,0.9259525492936841,31.21188368405677,3117.8281092238662,1.0010777563945459,3122.527978116999,0.4243182433995152,0 days 09:21:00
311,CLOSED,2024-07-18 14:42:00+00:00,64000.0,65000.0,2024-07-19 13:55:00+00:00,33.70786516853933,0.0871027937069593,0.9259626253490846,31.21222332637364,3118.2524274672655,1.000952426155092,3122.95230132236,0.4243228607572114,0 days 23:13:00
312,CLOSED,2024-07-21 18:10:00+00:00,66000.0,67000.0,2024-07-21 18:29:00+00:00,33.70786516853933,0.06922198150813434,0.9411613157180858,31.72453873207031,3127.5804672185977,1.0143476423576527,3131.3091992171435,0.4162966073646679,0 days 00:19:00
313,CLOSED,2024-07-22 09:00:00+00:00,67000.0,68000.0,2024-07-22 19:45:00+00:00,33.70786516853933,0.05997665749959042,0.9490198411253481,31.989432846921847,3131.721428793782,1.0214648261113999,3134.969851703218,0.41255291434587704,0 days 10:45:00
314,CLOSED,2024-07-23 04:42:00+00:00,67000.0,68000.0,2024-07-26 14:03:00+00:00,33.70786516853933,0.05996875759971747,0.9490265560402401,31.989659192367647,3132.1339817081275,1.021337509161147,3137.4759330694806,0.41255583341837365,3 days 09:21:00
315,CLOSED,2024-07-23 13:54:00+00:00,66000.0,67000.0,2024-07-23 14:32:00+00:00,33.70786516853933,0.0691977577029842,0.9411819059524634,31.7252327849145,3128.8215763317403,1.013967463817782,3132.550471476031,0.41630571488382984,0 days 00:38:00
316,CLOSED,2024-07-23 16:53:00+00:00,66000.0,67000.0,2024-07-24 14:31:00+00:00,33.70786516853933,0.06918855181226104,0.9411897309595781,31.725496549199267,3129.237882046624,1.0138409972350761,3132.9667809195826,0.4163091760587143,0 days 21:38:00
317,CLOSED,2024-07-24 16:09:00+00:00,66000.0,67000.0,2024-07-26 02:42:00+00:00,33.70786516853933,0.0691793482941604,0.9411975539499636,31.725760245504393,3129.6541912226826,1.0137145610042584,3134.2276915994144,0.4163126363415621,1 days 10:33:00
318,CLOSED,2024-07-25 01:07:00+00:00,65000.0,66000.0,2024-07-25 21:53:00+00:00,33.70786516853933,0.07819950343226938,0.9335304220825711,31.467317598288915,3125.861837101526,1.006676533965659,3130.49898271725,0.42024166951194175,0 days 20:46:00
319,CLOSED,2024-07-25 02:46:00+00:00,64000.0,65000.0,2024-07-25 15:18:00+00:00,33.70786516853933,0.08701744148131763,0.92603517474088,31.21466881149034,3121.58611295716,0.9999618040945176,3126.2863965860956,0.42435610655420675,0 days 12:32:00
320,CLOSED,2024-07-26 14:33:00+00:00,67000.0,68000.0,2024-07-26 19:46:00+00:00,33.70786516853933,0.05992081379462244,0.949067308274571,31.991032863187787,3134.6400628448964,1.0205647928251698,3137.8885080112755,0.4125735490153595,0 days 05:13:00
321,CLOSED,2024-07-27 19:41:00+00:00,68000.0,69000.0,2024-07-27 21:22:00+00:00,33.70786516853933,0.05047790507744017,0.9570937806841758,32.26158811294975,3138.2971873204283,1.0279965913774936,3141.893673080167,0.40899580886680553,0 days 01:41:00
322,CLOSED,2024-07-27 20:22:00+00:00,67000.0,68000.0,2024-07-27 20:45:00+00:00,33.70786516853933,0.0599083789207529,0.9490778779173601,31.991389143281804,3135.461337584504,1.0203088381222818,3138.7099402798012,0.4125781437948852,0 days 00:23:00
323,CLOSED,2024-07-27 20:49:00+00:00,67000.0,68000.0,2024-07-27 20:53:00+00:00,33.70786516853933,0.05990049694321263,0.9490845775982693,31.99161497522256,3135.873915728299,1.0201818005107066,3139.1225215650197,0.4125810562449388,0 days 00:04:00
324,CLOSED,2024-07-27 23:55:00+00:00,68000.0,69000.0,2024-07-29 02:17:00+00:00,33.70786516853933,0.050458062128732974,0.9571106471905769,32.26215664687338,3139.5313423293355,1.0276105930809685,3142.302676672932,0.4090030164472509,1 days 02:22:00
325,CLOSED,2024-07-29 14:02:00+00:00,69000.0,70000.0,2024-10-28 22:07:00+00:00,33.70786516853933,0.04080800583320799,0.9653131950417733,32.53864702388,3142.7079711324186,1.035369729633367,3198.5631057471896,0.4055871615337452,91 days 08:05:00
326,CLOSED,2024-07-29 15:07:00+00:00,68000.0,69000.0,2024-10-18 18:46:00+00:00,33.70786516853933,0.050447946118600054,0.9571192457991899,32.26244648761315,3140.3456679405413,1.0273533521158855,3194.1973157662305,0.4090066908989698,81 days 03:39:00
327,CLOSED,2024-07-29 16:31:00+00:00,67000.0,68000.0,2024-10-16 11:26:00+00:00,33.70786516853933,0.05987246419929767,0.9491084054305969,31.99241816058192,3137.5096676544777,1.0196755245219256,3191.013072370208,0.412591414554889,78 days 18:55:00
328,CLOSED,2024-07-30 00:21:00+00:00,66000.0,67000.0,2024-07-30 07:47:00+00:00,33.70786516853933,0.06908631067857812,0.9412766359232086,31.7284259299958,3134.1969161170036,1.012330328284049,3137.926199802873,0.4163476160592978,0 days 07:26:00
329,CLOSED,2024-07-30 14:04:00+00:00,66000.0,67000.0,2024-10-15 13:51:00+00:00,33.70786516853933,0.06907713445225185,0.941284435715586,31.728688844345598,3134.613263733063,1.0122042553523611,3186.9269968786994,0.41635106608114825,76 days 23:47:00
330,CLOSED,2024-07-31 19:53:00+00:00,65000.0,66000.0,2024-09-27 14:10:00+00:00,33.70786516853933,0.07808369865309318,0.9336288561448708,31.470635600388906,3130.8205189528517,1.0051881099499984,3176.663120913814,0.4202859809705721,57 days 18:17:00
331,CLOSED,2024-08-01 02:03:00+00:00,64000.0,65000.0,2024-08-01 21:43:00+00:00,33.70786516853933,0.0868884252708661,0.9261448385197638,31.218365343362827,3126.544352764888,0.9984942422376186,3131.673849097457,0.4244063600386383,0 days 19:40:00
332,CLOSED,2024-08-01 15:21:00+00:00,63000.0,64000.0,2024-08-01 20:36:00+00:00,33.70786516853933,0.09549537724363304,0.9188289293429119,30.971761663244227,3121.7811396756497,0.992118290088144,3126.973286287113,0.42871997401738327,0 days 05:15:00
333,CLOSED,2024-08-02 02:26:00+00:00,64000.0,65000.0,2024-08-02 13:31:00+00:00,33.70786516853933,0.08686472287799193,0.9261649855537069,31.219044456866527,3127.3974790989446,0.9982435768241796,3132.09826537892,0.42441559242755744,0 days 11:05:00
334,CLOSED,2024-08-02 14:42:00+00:00,64000.0,65000.0,2024-08-25 23:28:00+00:00,33.70786516853933,0.08685293616376634,0.9261750042607986,31.219382166094338,3127.821894691372,0.9981189216393925,3157.587636896909,0.42442018350535804,23 days 08:46:00
335,CLOSED,2024-08-02 15:06:00+00:00,63000.0,64000.0,2024-08-23 21:20:00+00:00,33.70786516853933,0.09545663387872656,0.9188618612030824,30.9728717259466,3123.058664713343,0.9917479961520195,3152.8870593411525,0.42873533982247736,21 days 06:14:00
336,CLOSED,2024-08-02 21:14:00+00:00,62000.0,63000.0,2024-08-23 17:57:00+00:00,33.70786516853933,0.10386649015099679,0.9117134833716527,30.73191516983099,3117.8045399941007,0.9856908852242913,3147.6951038572656,0.43325209627561634,20 days 20:43:00
337,CLOSED,2024-08-03 00:55:00+00:00,61000.0,62000.0,2024-08-03 11:45:00+00:00,33.70786516853933,0.11208613351666424,0.9047267865108354,30.496408534073105,3112.055475856339,0.9799442449103983,3118.2427528527824,0.43797942054388983,0 days 10:50:00
338,CLOSED,2024-08-03 15:56:00+00:00,61000.0,62000.0,2024-08-08 22:54:00+00:00,33.70786516853933,0.11207036113978569,0.9047401930311821,30.496860439253332,3112.4934552768827,0.9798208695844591,3133.5007338603473,0.4379859106579218,5 days 06:58:00
339,CLOSED,2024-08-03 19:28:00+00:00,60000.0,61000.0,2024-08-04 02:29:00+00:00,33.70786516853933,0.12010218994948614,0.8979131385429368,30.266735007065286,3106.2451776105922,0.9743833238027682,3112.936632819304,0.4429339934506409,0 days 07:01:00
340,CLOSED,2024-08-04 14:37:00+00:00,60000.0,61000.0,2024-08-08 21:58:00+00:00,33.70786516853933,0.12008506645954913,0.8979276935093833,30.2672256239118,3106.688111604043,0.9742601940265013,3127.3136939622013,0.4429411733092934,4 days 07:21:00
341,CLOSED,2024-08-04 15:58:00+00:00,59000.0,60000.0,2024-08-08 21:42:00+00:00,33.70786516853933,0.12793233860910475,0.891257512182261,30.042388051087453,3099.9361142659304,0.9691292640784481,3120.6224848792,0.4481204072583047,4 days 05:44:00
342,CLOSED,2024-08-04 17:40:00+00:00,58000.0,59000.0,2024-08-04 19:17:00+00:00,33.70786516853933,0.13559909112547064,0.8847407725433499,29.822722670000562,3092.675657940593,0.964301658773344,3100.3899198439562,0.4535413954409968,0 days 01:37:00
343,CLOSED,2024-08-05 00:08:00+00:00,58000.0,59000.0,2024-08-08 15:01:00+00:00,33.70786516853933,0.13557920841219026,0.8847576728496382,29.823292343246234,3093.1291993360337,0.9641786818878454,3113.4223780914654,0.4535500589826107,3 days 14:53:00
344,CLOSED,2024-08-05 00:37:00+00:00,57000.0,58000.0,2024-08-08 12:32:00+00:00,33.70786516853933,0.14306727838022334,0.8783928133768102,29.608746518319446,3085.3552816055267,0.9596543611960285,3105.2489075437393,0.45922542507881303,3 days 11:55:00
345,CLOSED,2024-08-05 00:57:00+00:00,56000.0,57000.0,2024-08-06 18:16:00+00:00,33.70786516853933,0.15038026432186707,0.872176775326413,29.39921714583415,3077.0626461792335,0.9554312188716387,3095.613334841624,0.4651675383318974,1 days 17:19:00
346,CLOSED,2024-08-05 01:08:00+00:00,55000.0,56000.0,2024-08-06 00:59:00+00:00,33.70786516853933,0.15752057110325,0.8661075145622374,29.19463532232261,3068.2457592478722,0.9515090254530059,3086.3839317570287,0.47139038301455116,0 days 23:51:00
347,CLOSED,2024-08-05 01:10:00+00:00,54000.0,55000.0,2024-08-05 01:36:00+00:00,33.70786516853933,0.16449040326105233,0.8601831572281056,28.99493788409345,3058.8987961585713,0.9478881066776677,3069.6934689809636,0.47790906367457,0 days 00:26:00
348,CLOSED,2024-08-05 01:10:00+00:00,53000.0,54000.0,2024-08-05 01:11:00+00:00,33.70786516853933,0.17129176385041375,0.8544020007271483,28.80006744024096,3049.0156264158522,0.9445693616892256,3059.3838552546204,0.48473991245918313,0 days 00:01:00
349,CLOSED,2024-08-05 01:13:00+00:00,53000.0,54000.0,2024-08-05 01:15:00+00:00,33.70786516853933,0.1712645357983923,0.8544251445713665,28.800847569821347,3049.5003663283114,0.9444447978374378,3059.8686090916567,0.4847530429820601,0 days 00:02:00
350,CLOSED,2024-08-05 02:04:00+00:00,54000.0,55000.0,2024-08-05 16:13:00+00:00,33.70786516853933,0.16441260691828985,0.8602492841194537,28.997166880431024,3060.3461981776877,0.9475126342796663,3075.1764270653052,0.4779458031067101,0 days 14:09:00
351,CLOSED,2024-08-05 05:04:00+00:00,53000.0,54000.0,2024-08-05 14:40:00+00:00,33.70786516853933,0.17121120720380403,0.8544704738767666,28.802375523935954,3050.4629849695402,0.9441968535875728,3065.351527494793,0.48477876029489053,0 days 09:36:00
352,CLOSED,2024-08-05 06:06:00+00:00,52000.0,53000.0,2024-08-05 07:41:00+00:00,33.70786516853933,0.17784319645652913,0.8488332830119503,28.612357854335404,3040.037068946175,0.941184505498607,3052.477656221243,0.4919416226296569,0 days 01:35:00
353,CLOSED,2024-08-05 06:19:00+00:00,51000.0,52000.0,2024-08-05 07:09:00+00:00,33.70786516853933,0.18431016519728932,0.843336359582304,28.427068300527104,3029.0616555270863,0.9384777047590508,3041.5598106373427,0.49945355695733085,0 days 00:50:00
354,CLOSED,2024-08-05 06:24:00+00:00,50000.0,51000.0,2024-08-05 06:32:00+00:00,33.70786516853933,0.19061349384962764,0.8379785302278165,28.246467311049997,3017.5295912949587,0.9360792150153582,3030.084956058776,0.5073353643031169,0 days 00:08:00
355,CLOSED,2024-08-05 06:24:00+00:00,49000.0,50000.0,2024-08-05 06:25:00+00:00,33.70786516853933,0.19675434784907164,0.8327588043282891,28.070521494211995,3005.4333432469452,0.9339924825577989,3018.045569223964,0.5156096504258194,0 days 00:01:00
356,CLOSED,2024-08-05 09:47:00+00:00,52000.0,53000.0,2024-08-05 14:00:00+00:00,33.70786516853933,0.17772543490331152,0.8489333803321852,28.615731921309617,3042.051409140492,0.9406722001912113,3054.9835507153766,0.4919996340662074,0 days 04:13:00
357,CLOSED,2024-08-05 10:36:00+00:00,51000.0,52000.0,2024-08-05 13:37:00+00:00,33.70786516853933,0.18418877433086478,0.8434395418187649,28.430546353441514,3031.0759275263185,0.9379687950160942,3043.566082887798,0.4995146651194915,0 days 03:01:00
358,CLOSED,2024-08-05 12:32:00+00:00,50000.0,51000.0,2024-08-05 12:41:00+00:00,33.70786516853933,0.1904885498330368,0.8380847326419187,28.250047167705127,3019.5437268662013,0.9355733754193423,3031.583682875208,0.5073996621800916,0 days 00:09:00
359,CLOSED,2024-08-05 12:53:00+00:00,50000.0,51000.0,2024-08-05 13:33:00+00:00,33.70786516853933,0.19045654579675228,0.8381119360727606,28.250964137284065,3020.0511265283817,0.9354465521833466,3032.0910999414714,0.5074161318890447,0 days 00:40:00
360,CLOSED,2024-08-05 13:42:00+00:00,51000.0,52000.0,2024-08-05 13:46:00+00:00,33.70786516853933,0.1840967992707737,0.8435177206198423,28.43318159392727,3032.5902579855074,0.9375873156307933,3044.0656465373877,0.49956096536473993,0 days 00:04:00
361,CLOSED,2024-08-05 17:06:00+00:00,54000.0,55000.0,2024-08-05 17:52:00+00:00,33.70786516853933,0.164118569966424,0.8604992155285396,29.005591534669875,3065.8291539940255,0.9460928863854884,3075.6545202998614,0.4780846624701951,0 days 00:46:00
362,CLOSED,2024-08-05 18:22:00+00:00,54000.0,55000.0,2024-08-05 21:16:00+00:00,33.70786516853933,0.16409298134629538,0.860520965855649,29.00632469176345,3066.307238656496,0.9459692859895079,3076.6175561610626,0.47809674673198543,0 days 02:54:00
363,CLOSED,2024-08-05 18:59:00+00:00,53000.0,54000.0,2024-08-05 20:06:00+00:00,33.70786516853933,0.17088023637685118,0.8547517990796765,28.811858395944153,3056.4238468710273,0.9426656720218927,3066.792496823173,0.48493836848180294,0 days 01:07:00
364,CLOSED,2024-08-05 23:49:00+00:00,54000.0,55000.0,2024-08-06 00:14:00+00:00,33.70786516853933,0.1640414608446468,0.8605647582820503,29.007800840967988,3067.2702737717095,0.9457204045243186,3077.0956787404057,0.4781210773612514,0 days 00:25:00
365,CLOSED,2024-08-06 08:34:00+00:00,55000.0,56000.0,2024-08-06 14:07:00+00:00,33.70786516853933,0.15704349046059357,0.8665130331084955,29.208304486803222,3077.5667483213865,0.9490713565427772,3086.855556752612,0.471611091806043,0 days 05:33:00
366,CLOSED,2024-08-06 22:27:00+00:00,56000.0,57000.0,2024-08-07 01:55:00+00:00,33.70786516853933,0.14988061880023898,0.8726014740197969,29.413532832127988,3087.320413882886,0.9527204465031519,3096.078743445887,0.4653940475113707,0 days 03:28:00
367,CLOSED,2024-08-07 14:33:00+00:00,56000.0,57000.0,2024-08-08 01:44:00+00:00,33.70786516853933,0.14985802864918388,0.8726206756481937,29.414180078029002,3087.7858079303974,0.9525978130505104,3097.015790357825,0.46540428852496163,0 days 11:11:00
368,CLOSED,2024-08-07 18:29:00+00:00,55000.0,56000.0,2024-08-08 01:43:00+00:00,33.70786516853933,0.15697675487305396,0.8665697583579042,29.210216573861942,3078.9686391080813,0.9487013346886048,3088.257747285696,0.4716419652675903,0 days 07:14:00
369,CLOSED,2024-08-08 13:48:00+00:00,57000.0,58000.0,2024-08-08 14:27:00+00:00,33.70786516853933,0.1425075016214563,0.8788686236217621,29.624785065902095,3097.474715035562,0.9564173331940169,3105.7083980269203,0.4594741795752846,0 days 00:39:00
370,CLOSED,2024-08-09 01:00:00+00:00,61000.0,62000.0,2024-08-23 14:13:00+00:00,33.70786516853933,0.11152365292928929,0.9052048950101041,30.512524550902388,3127.7514358255935,0.9755418605650286,3141.569424399169,0.43821087349364873,14 days 13:13:00
371,CLOSED,2024-08-09 13:35:00+00:00,60000.0,61000.0,2024-08-09 14:03:00+00:00,33.70786516853933,0.11952006898482936,0.898407941362895,30.28341375380545,3121.5028859632644,0.9701549176835149,3128.1948587262896,0.4431780760680084,0 days 00:28:00
372,CLOSED,2024-08-09 14:32:00+00:00,60000.0,61000.0,2024-08-10 00:16:00+00:00,33.70786516853933,0.11950310242834897,0.8984223629359034,30.283899874243936,3121.9460640393327,0.97003276972252,3128.6380444101424,0.4431851901246411,0 days 09:44:00
373,CLOSED,2024-08-11 15:09:00+00:00,60000.0,61000.0,2024-08-13 16:49:00+00:00,33.70786516853933,0.1194861404159467,0.8984367806464453,30.28438586448692,3122.389249229457,0.969910650056219,3130.8857183614327,0.4431923022759605,2 days 01:40:00
374,CLOSED,2024-08-11 20:08:00+00:00,59000.0,60000.0,2024-08-12 14:36:00+00:00,33.70786516853933,0.12729791966438367,0.8917967682852739,30.060565223099122,3115.6366924811714,0.9648289640330324,3123.745570283559,0.44839154288543526,0 days 18:28:00
375,CLOSED,2024-08-12 07:16:00+00:00,58000.0,59000.0,2024-08-12 08:07:00+00:00,33.70786516853933,0.1349300713158972,0.8853094393814873,29.841891215106315,3108.3753679491556,0.9600478604614412,3116.0907908751446,0.4538329090225126,0 days 00:51:00
376,CLOSED,2024-08-12 13:58:00+00:00,58000.0,59000.0,2024-08-12 14:13:00+00:00,33.70786516853933,0.1349103739627062,0.8853261821316998,29.84245557747303,3108.829200858178,0.9599258643490338,3116.54463294046,0.4538414917967266,0 days 00:15:00
377,CLOSED,2024-08-12 18:36:00+00:00,59000.0,60000.0,2024-08-13 16:21:00+00:00,33.70786516853933,0.1272425379593429,0.8918438427345585,30.062152002288492,3116.992758424876,0.9644601169198717,3124.1939871073337,0.4484152117141349,0 days 21:45:00
378,CLOSED,2024-08-14 13:49:00+00:00,60000.0,61000.0,2024-08-20 04:16:00+00:00,33.70786516853933,0.11940018936530614,0.8985098390394898,30.286848506949095,3124.636922687151,0.9692917691346604,3134.047090725711,0.4432283414476714,5 days 14:27:00
379,CLOSED,2024-08-14 14:11:00+00:00,59000.0,60000.0,2024-08-18 02:58:00+00:00,33.70786516853933,0.127206928653814,0.8918741106442581,30.06317226890758,3117.884322473226,0.9642170510373622,3126.4529487519317,0.4484304302877078,3 days 12:47:00
380,CLOSED,2024-08-15 06:22:00+00:00,58000.0,59000.0,2024-08-15 12:36:00+00:00,33.70786516853933,0.1348341668705028,0.8853909581600726,29.844639039103573,3110.6229101881377,0.9594425264905704,3118.338462841229,0.4538746976929744,0 days 06:14:00
381,CLOSED,2024-08-15 18:12:00+00:00,58000.0,59000.0,2024-08-16 17:33:00+00:00,33.70786516853933,0.1348144959266597,0.8854076784623393,29.845202644797954,3111.0767848858304,0.9593206696083911,3119.2519290544415,0.4538832689597889,0 days 23:21:00
382,CLOSED,2024-08-15 19:28:00+00:00,57000.0,58000.0,2024-08-16 02:31:00+00:00,33.70786516853933,0.1422640353624163,0.8790755699419461,29.631760784559983,3103.3015326834325,0.9548463297067149,3111.5366435193096,0.45958237150309955,0 days 07:03:00
383,CLOSED,2024-08-18 23:21:00+00:00,59000.0,60000.0,2024-08-20 00:26:00+00:00,33.70786516853933,0.12713288992711289,0.891937043561954,30.065293603211934,3119.700093241669,0.9637238421841761,3127.355321660268,0.4484620726854729,1 days 01:05:00
384,CLOSED,2024-08-19 09:55:00+00:00,58000.0,59000.0,2024-08-19 17:32:00+00:00,33.70786516853933,0.1347561767336952,0.8854572497763591,29.846873587967163,3112.438642916383,0.9589546015917723,3120.154267741967,0.4539086805194579,0 days 07:37:00
385,CLOSED,2024-08-20 14:20:00+00:00,60000.0,61000.0,2024-08-21 19:07:00+00:00,33.70786516853933,0.11927950761891397,0.8986124185239232,30.290306242379433,3127.798292550247,0.9684226222171848,3134.938858212452,0.4432789431581625,1 days 04:47:00
386,CLOSED,2024-08-20 15:04:00+00:00,59000.0,60000.0,2024-08-21 13:59:00+00:00,33.70786516853933,0.12707916900912702,0.8919827063422421,30.066832798053106,3121.0456313072914,0.9633576804021033,3128.2470331394316,0.4484850317331279,0 days 22:55:00
387,CLOSED,2024-08-22 02:51:00+00:00,60000.0,61000.0,2024-08-22 07:56:00+00:00,33.70786516853933,0.11924550963064551,0.8986413168139513,30.291280342043304,3128.690056525139,0.9681777291703396,3135.38215240027,0.4432931984735795,0 days 05:05:00
388,CLOSED,2024-08-23 14:48:00+00:00,61000.0,62000.0,2024-08-23 17:40:00+00:00,33.70786516853933,0.11123669511992308,0.9054488091480654,30.520746375777485,3135.8201104594355,0.9732939167644354,3142.007761700068,0.438328952646831,0 days 02:52:00
389,CLOSED,2024-08-26 00:51:00+00:00,64000.0,65000.0,2024-09-26 14:20:00+00:00,33.70786516853933,0.08615087203469966,0.9267717587705053,31.23949748664625,3153.3112658667183,0.990688671454696,3172.4501212484706,0.4246936465737292,31 days 13:29:00
390,CLOSED,2024-08-26 21:22:00+00:00,63000.0,64000.0,2024-09-20 04:08:00+00:00,33.70786516853933,0.09469014828261281,0.9195133739597792,30.99483283010492,3148.5477017857875,0.9844168094555255,3166.0324597266876,0.4290393317008352,24 days 06:46:00
391,CLOSED,2024-08-27 14:07:00+00:00,62000.0,63000.0,2024-09-19 12:06:00+00:00,33.70786516853933,0.10303731905247217,0.9124182788053987,30.755672319283104,3143.2928928774936,0.9784539133777048,3160.839866131042,0.4335870195872502,22 days 21:59:00
392,CLOSED,2024-08-27 21:37:00+00:00,61000.0,62000.0,2024-09-19 00:02:00+00:00,33.70786516853933,0.11119593859598353,0.905483452193414,30.521914118879124,3137.542759957985,0.9727967538293516,3155.1514801349463,0.4383457233903876,22 days 02:25:00
393,CLOSED,2024-08-27 21:48:00+00:00,60000.0,61000.0,2024-08-29 15:11:00+00:00,33.70786516853933,0.11916935525361089,0.8987060480344308,30.29346229329542,3131.2930019080736,0.9674425955934466,3139.3374067073187,0.44332512991188366,1 days 17:23:00
394,CLOSED,2024-08-27 22:13:00+00:00,59000.0,60000.0,2024-08-28 09:56:00+00:00,33.70786516853933,0.12696071444659968,0.8920833927203903,30.070226720912036,3124.5390861628052,0.962389200188908,3131.7417934138766,0.44853565640687165,0 days 11:43:00
395,CLOSED,2024-08-28 14:49:00+00:00,59000.0,60000.0,2024-08-29 11:24:00+00:00,33.70786516853933,0.12694249152405288,0.892098882204555,30.07074883835579,3124.987621819212,0.9622677743872182,3132.644334266468,0.4485434444522589,0 days 20:35:00
396,CLOSED,2024-08-28 16:22:00+00:00,58000.0,59000.0,2024-08-28 16:51:00+00:00,33.70786516853933,0.13455376536422822,0.885629299440406,29.85267301484515,3117.7247647519825,0.9575147027842257,3125.4418849549766,0.45399687770347086,0 days 00:29:00
397,CLOSED,2024-08-29 18:10:00+00:00,60000.0,61000.0,2024-09-17 15:13:00+00:00,33.70786516853933,0.1191011038467215,0.8987640617302868,30.295417811133266,3133.0874030165483,0.9669509309559868,3147.6325356015896,0.4433537476443554,18 days 21:03:00
398,CLOSED,2024-08-29 18:51:00+00:00,59000.0,60000.0,2024-09-13 21:10:00+00:00,33.70786516853933,0.12688845949837804,0.8921448094263786,30.072296946956584,3126.3334527563898,0.9619030535735972,3140.036594503521,0.44856653645997113,15 days 02:19:00
399,CLOSED,2024-08-30 15:30:00+00:00,58000.0,59000.0,2024-08-30 18:29:00+00:00,33.70786516853933,0.13449680297411398,0.8856777174720031,29.854305083325947,3119.07053536879,0.9571538939178257,3126.78774082295,0.45402169806023096,0 days 02:59:00
400,CLOSED,2024-09-01 05:25:00+00:00,58000.0,59000.0,2024-09-02 20:52:00+00:00,33.70786516853933,0.13447722804666817,0.8856943561603321,29.854865937988723,3119.5245570668503,0.9570325667209981,3127.241771620394,0.4540302274895929,1 days 15:27:00
401,CLOSED,2024-09-03 14:13:00+00:00,58000.0,59000.0,2024-09-13 15:28:00+00:00,33.70786516853933,0.13445765844875782,0.8857109903185558,29.85542663995132,3119.9785872943403,0.9569112673251415,3132.834089218068,0.4540387545967022,10 days 01:15:00
402,CLOSED,2024-09-04 01:00:00+00:00,57000.0,58000.0,2024-09-04 15:45:00+00:00,33.70786516853933,0.14188781983266696,0.879395353142233,29.64253999355842,3112.201652790611,0.9524620606437538,3120.9043416942254,0.45974955476535584,0 days 14:45:00
403,CLOSED,2024-09-04 01:04:00+00:00,56000.0,57000.0,2024-09-04 14:43:00+00:00,33.70786516853933,0.14914430068036394,0.8732273444216907,29.434629587248004,3103.9054066567996,0.9483094917815775,3112.667668388132,0.4657278497890722,0 days 13:39:00
404,CLOSED,2024-09-05 03:36:00+00:00,57000.0,58000.0,2024-09-09 21:15:00+00:00,33.70786516853933,0.14184563910385473,0.8794312067617235,29.64374854253001,3113.127130195166,0.9522177316501561,3123.731664810569,0.4597682991054697,4 days 17:39:00
405,CLOSED,2024-09-05 15:28:00+00:00,56000.0,57000.0,2024-09-06 13:22:00+00:00,33.70786516853933,0.14910022736750156,0.8732648067376236,29.435892361942372,3104.8308616713944,0.9480675010456584,3113.5931658483614,0.46574782997402764,0 days 21:54:00
406,CLOSED,2024-09-06 13:41:00+00:00,56000.0,57000.0,2024-09-09 19:42:00+00:00,33.70786516853933,0.14907786457383715,0.8732838151122384,29.43653309367096,3105.2966095013685,0.9479459386779068,3115.4949722586243,0.4657579679174795,3 days 06:01:00
407,CLOSED,2024-09-06 14:16:00+00:00,55000.0,56000.0,2024-09-09 16:13:00+00:00,33.70786516853933,0.15616023596419581,0.8672637994304335,29.233611216756188,3096.4754214687496,0.9440931135468152,3106.7329561253882,0.4720197062310447,3 days 01:57:00
408,CLOSED,2024-09-06 15:19:00+00:00,54000.0,55000.0,2024-09-08 22:20:00+00:00,33.70786516853933,0.16307348197411234,0.8613875403220045,29.035535067033862,3087.12344767427,0.9405368965373966,3097.4397595990563,0.4785782067423874,2 days 07:01:00
409,CLOSED,2024-09-06 20:50:00+00:00,53000.0,54000.0,2024-09-07 00:02:00+00:00,33.70786516853933,0.1698195471856424,0.855653384892204,28.8422489289507,3077.234514557201,0.9372782214845579,3087.6092190729164,0.48544987785030713,0 days 03:12:00
410,CLOSED,2024-09-09 23:54:00+00:00,57000.0,58000.0,2024-09-10 19:49:00+00:00,33.70786516853933,0.14171693270384225,0.8795406072017341,29.647436197811263,3115.9544520829877,0.9514720659023824,3124.19149405303,0.45982549386253524,0 days 19:55:00
411,CLOSED,2024-09-11 01:32:00+00:00,57000.0,58000.0,2024-09-12 01:59:00+00:00,33.70786516853933,0.1416960224355772,0.8795583809297594,29.64803531223908,3116.4142775768505,0.9513509011161294,3125.117148149085,0.4598347860011849,1 days 00:27:00
412,CLOSED,2024-09-11 13:50:00+00:00,56000.0,57000.0,2024-09-11 15:46:00+00:00,33.70786516853933,0.14894389635301275,0.8733976880999392,29.44037150898672,3108.117929635029,0.9472089597463811,3116.880384368913,0.46581870103817735,0 days 01:56:00
413,CLOSED,2024-09-15 23:09:00+00:00,59000.0,60000.0,2024-09-17 14:21:00+00:00,33.70786516853933,0.12660704862945257,0.8923840086649653,30.08035984263928,3133.2823882462753,0.9600270934875905,3140.9394403654956,0.44868680479852685,1 days 15:12:00
414,CLOSED,2024-09-16 14:29:00+00:00,58000.0,59000.0,2024-09-17 09:53:00+00:00,33.70786516853933,0.13420036467535118,0.8859296900259515,29.862798540200615,3126.0193262731905,0.9552979499906916,3133.736806048956,0.4541508658201856,0 days 19:24:00
415,CLOSED,2024-09-17 19:46:00+00:00,60000.0,61000.0,2024-09-18 18:01:00+00:00,33.70786516853933,0.11878660576764391,0.8990313850975027,30.30442871115178,3141.3825299246973,0.9646844477701418,3148.0760303698194,0.44348561630904726,0 days 22:15:00
416,CLOSED,2024-09-18 18:08:00+00:00,60000.0,61000.0,2024-09-18 18:33:00+00:00,33.70786516853933,0.11876983840025705,0.8990456373597815,30.30490912448702,3141.8260155410067,0.9645635682747591,3148.519523504597,0.44349264684593237,0 days 00:25:00
417,CLOSED,2024-09-18 19:21:00+00:00,60000.0,61000.0,2024-09-18 23:21:00+00:00,33.70786516853933,0.11875307550011106,0.8990598858249056,30.30538940982828,3142.2695081878524,0.9644427166689914,3148.963023667908,0.4434996755097238,0 days 04:00:00
418,CLOSED,2024-09-20 13:11:00+00:00,63000.0,64000.0,2024-09-22 22:58:00+00:00,33.70786516853933,0.09430911414158953,0.9198372529796489,31.005750100437606,3161.2686798157542,0.980800850570053,3166.4616612578334,0.4291904516759999,2 days 09:47:00
419,CLOSED,2024-09-23 00:15:00+00:00,63000.0,64000.0,2024-09-23 03:08:00+00:00,33.70786516853933,0.09429631197865163,0.9198481348181461,31.006116903982456,3161.69787026743,0.9806793114409703,3166.8908571591624,0.4291955290754679,0 days 02:53:00
420,CLOSED,2024-09-24 00:40:00+00:00,63000.0,64000.0,2024-09-24 17:56:00+00:00,33.70786516853933,0.09428351313955774,0.9198590138313759,31.00648361229357,3162.1270657965056,0.9805578007183393,3167.320058136475,0.42920060515668723,0 days 17:16:00
421,CLOSED,2024-09-25 17:36:00+00:00,63000.0,64000.0,2024-09-26 10:18:00+00:00,33.70786516853933,0.09427071762305557,0.9198698900204028,31.006850225406836,3162.556266401662,0.9804363183927238,3167.7492641884555,0.4292056799201447,0 days 16:42:00
422,CLOSED,2024-09-30 01:47:00+00:00,65000.0,66000.0,2024-10-14 14:29:00+00:00,33.70786516853933,0.07704886488183738,0.9345084648504383,31.500285332037247,3172.8701819780217,0.9928009507278179,3183.197933707534,0.4206819490313869,14 days 12:42:00
423,CLOSED,2024-09-30 08:47:00+00:00,64000.0,65000.0,2024-10-14 11:30:00+00:00,33.70786516853933,0.08574456683350677,0.9271171181915192,31.25113881544447,3168.5935304467585,0.9862779342050284,3178.984490160024,0.424851907710309,14 days 02:43:00
424,CLOSED,2024-09-30 23:41:00+00:00,63000.0,64000.0,2024-10-01 06:26:00+00:00,33.70786516853933,0.09424547771692504,0.9198913439406137,31.007573391256642,3163.829317317064,0.9800646710471458,3169.02296325547,0.42921569018846384,0 days 06:45:00
425,CLOSED,2024-10-01 13:37:00+00:00,63000.0,64000.0,2024-10-07 14:17:00+00:00,33.70786516853933,0.09423269379382158,0.9199022102752517,31.007939672199495,3164.2585330072525,0.9799433057933521,3172.088847472741,0.4292207603539211,6 days 00:40:00
426,CLOSED,2024-10-01 15:06:00+00:00,62000.0,63000.0,2024-10-07 00:38:00+00:00,33.70786516853933,0.10254149540356904,0.9128397289069663,30.769878502482012,3159.002865747614,0.9740376887945611,3166.8954230534728,0.43378729537927185,5 days 09:32:00
427,CLOSED,2024-10-01 20:19:00+00:00,61000.0,62000.0,2024-10-02 16:03:00+00:00,33.70786516853933,0.11066276162221718,0.9059366526211154,30.537190537790412,3153.251644474565,0.9684349357686264,3159.4416677498402,0.43856511831013023,0 days 19:44:00
428,CLOSED,2024-10-02 18:16:00+00:00,61000.0,62000.0,2024-10-04 13:00:00+00:00,33.70786516853933,0.110647372403899,0.9059497334566858,30.53763146483211,3153.6902095928745,0.9683142425322228,3160.7673882869003,0.4385714507597349,1 days 18:44:00
429,CLOSED,2024-10-02 19:46:00+00:00,60000.0,61000.0,2024-10-03 00:37:00+00:00,33.70786516853933,0.11858340982894221,0.8992041016453991,30.310250617260646,3147.439104274513,0.9630130913763043,3154.13402738357,0.4435708161207117,0 days 04:51:00
430,CLOSED,2024-10-03 13:17:00+00:00,60000.0,61000.0,2024-10-03 19:54:00+00:00,33.70786516853933,0.11856670014014332,0.8992183048808782,30.31072937800713,3147.8826750906333,0.9628926013621022,3154.577605692296,0.44357782247303845,0 days 06:37:00
431,CLOSED,2024-10-04 14:26:00+00:00,61000.0,62000.0,2024-10-04 16:29:00+00:00,33.70786516853933,0.11060087899540305,0.9059892528539074,30.538963579345197,3155.0159296822276,0.9679495844073621,3161.2059802216504,0.43859058215161184,0 days 02:03:00
432,CLOSED,2024-10-07 18:47:00+00:00,63000.0,64000.0,2024-10-14 03:42:00+00:00,33.70786516853933,0.09414147911051106,0.9199797427560656,31.010553126608958,3167.3244168528004,0.9790772603402109,3174.28299945049,0.4292569365365537,6 days 08:55:00
433,CLOSED,2024-10-08 15:34:00+00:00,62000.0,63000.0,2024-10-11 19:05:00+00:00,33.70786516853933,0.10244288704721963,0.9129235460098634,30.772703798085285,3162.0687055377875,0.9731826428752954,3169.089536457296,0.4338271258042923,3 days 03:31:00
434,CLOSED,2024-10-09 19:12:00+00:00,61000.0,62000.0,2024-10-11 15:09:00+00:00,33.70786516853933,0.11055695494439828,0.9060265882972615,30.540222077435782,3156.3173944738082,0.9675903358422281,3163.4000079376888,0.43860865628856516,1 days 19:57:00
435,CLOSED,2024-10-10 17:10:00+00:00,60000.0,61000.0,2024-10-11 09:51:00+00:00,33.70786516853933,0.11848697967737515,0.8992860672742311,30.31301350362577,3150.0661571726087,0.9622976785615731,3157.2100982707325,0.4436112491667856,0 days 16:41:00
436,CLOSED,2024-10-10 18:09:00+00:00,59000.0,60000.0,2024-10-10 20:15:00+00:00,33.70786516853933,0.1262360573788885,0.8926993512279447,30.090989367234094,3143.3104354051484,0.9573024995654175,3150.515259921905,0.4488453576699669,0 days 02:06:00
437,CLOSED,2024-10-15 14:39:00+00:00,66000.0,67000.0,2024-10-15 16:39:00+00:00,33.70786516853933,0.06801392937616935,0.9421881600302561,31.759151461694028,3183.6140605422584,0.997581706128178,3187.7645213612705,0.41675080346931637,0 days 02:00:00
438,CLOSED,2024-10-15 15:06:00+00:00,65000.0,66000.0,2024-10-15 15:31:00+00:00,33.70786516853933,0.07688987226547583,0.9346436085743456,31.50484073846109,3179.8208242061764,0.9907740869747304,3184.0350017177157,0.42074278585343095,0 days 00:25:00
439,CLOSED,2024-10-17 10:32:00+00:00,67000.0,68000.0,2024-10-18 01:56:00+00:00,33.70786516853933,0.05892095743602862,0.9499171861793757,32.01968043301267,3188.17689708361,1.0043257154991219,3191.4260430151794,0.4129430034685413,0 days 15:24:00
440,CLOSED,2024-10-21 13:17:00+00:00,68000.0,69000.0,2024-10-28 12:34:00+00:00,33.70786516853933,0.04963414356972996,0.9578109779657296,32.28576330221561,3191.834847064041,1.0115110852904297,3196.2660689957206,0.409302289473203,6 days 23:17:00
441,CLOSED,2024-10-21 15:02:00+00:00,67000.0,68000.0,2024-10-24 19:27:00+00:00,33.70786516853933,0.05891297450362798,0.9499239716719162,32.01990915748033,3188.998480909725,1.0040741426865156,3192.6647341397684,0.4129459532221702,3 days 04:25:00
442,CLOSED,2024-10-23 15:40:00+00:00,66000.0,67000.0,2024-10-24 00:47:00+00:00,33.70786516853933,0.06798530529875971,0.9422124904960543,31.75997158975464,3185.6849494267426,0.9969589615404305,3189.415431508041,0.4167615653761203,0 days 09:07:00
443,CLOSED,2024-10-25 17:56:00+00:00,67000.0,68000.0,2024-10-27 17:33:00+00:00,33.70786516853933,0.058897650625663024,0.9499369969681865,32.02034821241078,3189.8281884283233,1.0038267367681546,3193.4944543703,0.41295161551046533,1 days 23:37:00
444,CLOSED,2024-10-25 23:13:00+00:00,66000.0,67000.0,2024-10-26 02:46:00+00:00,33.70786516853933,0.06796773896663068,0.942227421878364,31.760474894776316,3186.5146499597804,0.9967151695090181,3190.2451457024868,0.41676816985900444,0 days 03:33:00
445,CLOSED,2024-10-29 20:24:00+00:00,72000.0,73000.0,2024-11-06 02:53:00+00:00,33.70786516853933,0.010372078536325113,0.9911837332441237,33.41068763744237,3202.1419198648778,1.043385598563733,3206.6868565768264,0.3963217530912999,7 days 06:29:00
446,CLOSED,2024-10-31 14:03:00+00:00,71000.0,72000.0,2024-11-06 02:17:00+00:00,33.70786516853933,0.020512812937450706,0.9825641090031669,33.12013850572473,3201.183646060197,1.034621632735341,3205.7955464924935,0.3993411719841262,5 days 12:14:00
447,CLOSED,2024-10-31 20:48:00+00:00,70000.0,71000.0,2024-11-01 13:55:00+00:00,33.70786516853933,0.030427729865225822,0.974136429614558,32.836059425209825,3199.7596484614483,1.0262039350673886,3201.992139463011,0.4025095763864215,0 days 17:07:00
448,CLOSED,2024-11-01 02:09:00+00:00,69000.0,70000.0,2024-11-01 10:29:00+00:00,33.70786516853933,0.040122099483360235,0.9658962154391438,32.55829939682508,3197.8673174651253,1.0181253993562585,3200.1656416547626,0.40583212409025293,0 days 08:20:00
449,CLOSED,2024-11-01 15:40:00+00:00,70000.0,71000.0,2024-11-06 00:42:00+00:00,33.70786516853933,0.030420044978363085,0.9741429617683913,32.83627961017049,3200.567990161925,1.0259516345568782,3204.4379410961997,0.4025122754482666,4 days 09:02:00
450,CLOSED,2024-11-01 19:02:00+00:00,69000.0,70000.0,2024-11-05 14:44:00+00:00,33.70786516853933,0.04011202799995405,0.965904776200039,32.55858796179907,3198.6756558030634,1.0178771299531735,3202.205597387399,0.40583572098991993,3 days 19:42:00
451,CLOSED,2024-11-03 02:42:00+00:00,68000.0,69000.0,2024-11-03 21:01:00+00:00,33.70786516853933,0.049588556044566454,0.9578497273621185,32.28706946164444,3196.3122074057947,1.0101350358339813,3199.085145180819,0.4093188482901482,0 days 18:19:00
452,CLOSED,2024-11-04 16:42:00+00:00,68000.0,69000.0,2024-11-05 08:05:00+00:00,33.70786516853933,0.049582206561046595,0.9578551244231104,32.28725138504867,3196.721526254085,1.0100113857237618,3199.907436879934,0.4093211546214306,0 days 15:23:00
453,CLOSED,2024-11-04 21:37:00+00:00,67000.0,68000.0,2024-11-04 22:56:00+00:00,33.70786516853933,0.05884692210909786,0.9499801162072669,32.02180166990787,3193.8840114855443,1.0025975130829452,3197.1346766020483,0.41297036007931354,0 days 01:19:00
454,CLOSED,2024-11-05 19:57:00+00:00,69000.0,70000.0,2024-11-06 00:23:00+00:00,33.70786516853933,0.040091504607061554,0.9659222210839977,32.55917599159543,3200.3131018870436,1.0173747053810807,3202.611441034008,0.4058430506535018,0 days 04:26:00
455,CLOSED,2024-11-06 03:10:00+00:00,74000.0,75000.0,2024-11-06 06:05:00+00:00,33.70786516853933,0.0,1.0,33.70786516853933,3207.0801701055293,1.0510452929347933,3207.501518420136,0.38721910112359126,0 days 02:55:00
456,CLOSED,2024-11-06 06:28:00+00:00,75000.0,76000.0,2024-11-06 20:54:00+00:00,33.70786516853933,0.0,1.0,33.70786516853933,3207.467389206653,1.0509184062780685,3208.65307220296,0.38115775280898845,0 days 14:26:00
457,CLOSED,2024-11-06 07:38:00+00:00,74000.0,75000.0,2024-11-06 18:31:00+00:00,33.70786516853933,0.010360251676980386,0.9911937860745667,33.41102649689551,3206.9846925774395,1.0418205791323318,3208.2379121032436,0.38380916688308986,0 days 10:53:00
458,CLOSED,2024-11-06 07:42:00+00:00,73000.0,74000.0,2024-11-06 09:38:00+00:00,33.70786516853933,0.020493355030548152,0.982580648224034,33.12069600755171,3206.0512439291897,1.0330682040802472,3207.3714153112583,0.38659293054710275,0 days 01:56:00
459,CLOSED,2024-11-06 21:00:00+00:00,76000.0,77000.0,2024-11-08 19:15:00+00:00,33.70786516853933,0.0,1.0,33.70786516853933,3208.6189490568927,1.0505412360806214,3209.4061240193746,0.37525591366055266,1 days 22:15:00
460,CLOSED,2024-11-07 04:02:00+00:00,75000.0,76000.0,2024-11-07 15:59:00+00:00,33.70786516853933,0.010358355280743813,0.9911953980113678,33.41108083184386,3208.1421601745747,1.0414463936980198,3208.996865707573,0.3778018105006211,0 days 11:57:00
461,CLOSED,2024-11-08 19:43:00+00:00,77000.0,78000.0,2024-11-10 04:45:00+00:00,33.70786516853933,0.0,1.0,33.70786516853933,3209.372006781054,1.0502947335901938,3210.147577778121,0.36950736903546044,1 days 09:02:00
462,CLOSED,2024-11-09 17:07:00+00:00,76000.0,77000.0,2024-11-10 00:57:00+00:00,33.70786516853933,0.010357699060554833,0.9911959557985284,33.41109963365826,3208.90097219766,1.0412007077543501,3209.744067928542,0.3719521440098319,0 days 07:50:00
463,CLOSED,2024-11-10 04:46:00+00:00,78000.0,79000.0,2024-11-10 04:54:00+00:00,33.70786516853933,0.0,1.0,33.70786516853933,3210.1134662940995,1.050052140600912,3210.511478394359,0.3639062229904937,0 days 00:08:00
464,CLOSED,2024-11-10 05:00:00+00:00,79000.0,80000.0,2024-11-10 11:56:00+00:00,33.70786516853933,0.0,1.0,33.70786516853933,3210.47737251709,1.049933117644482,3210.86991980766,0.35844687811122355,0 days 06:56:00
465,CLOSED,2024-11-10 12:02:00+00:00,80000.0,81000.0,2024-11-10 18:27:00+00:00,33.70786516853933,0.0,1.0,33.70786516853933,3210.8358193952013,1.0498159066535082,3211.223038496325,0.3531240168539327,0 days 06:25:00
466,CLOSED,2024-11-10 19:44:00+00:00,80000.0,81000.0,2024-11-10 22:21:00+00:00,33.70786516853933,0.0,1.0,33.70786516853933,3211.1889434120553,1.0497004618084842,3211.9314538548497,0.3531240168539327,0 days 02:37:00
467,CLOSED,2024-11-10 20:55:00+00:00,79000.0,80000.0,2024-11-10 21:54:00+00:00,33.70786516853933,0.010356892580058823,0.99119664130695,33.41112274068371,3210.7343085805946,1.0406068995305358,3211.5443271028544,0.35529134167079945,0 days 00:59:00
468,CLOSED,2024-11-10 22:24:00+00:00,81000.0,82000.0,2024-11-11 10:07:00+00:00,33.70786516853933,0.0,1.0,33.70786516853933,3211.89735877058,1.0494689401108916,3212.6293967870374,0.3479325842696639,0 days 11:43:00
469,CLOSED,2024-11-10 23:40:00+00:00,80000.0,81000.0,2024-11-11 01:38:00+00:00,33.70786516853933,0.010356209345100127,0.9911972220566649,33.411142316516795,3211.447920568333,1.040376277084512,3212.2474614027724,0.35001554454711226,0 days 01:58:00
470,CLOSED,2024-11-11 10:10:00+00:00,82000.0,83000.0,2024-11-11 15:15:00+00:00,33.70786516853933,0.0,1.0,33.70786516853933,3212.595306899397,1.049240939129433,3212.9722594891477,0.3428677719923243,0 days 05:05:00
471,CLOSED,2024-11-11 15:39:00+00:00,84000.0,85000.0,2024-11-11 18:39:00+00:00,33.70786516853933,0.0,1.0,33.70786516853933,3212.93817467139,1.0491289696847923,3213.3053496312614,0.33309991974317654,0 days 03:00:00
472,CLOSED,2024-11-11 18:42:00+00:00,85000.0,86000.0,2024-11-11 19:06:00+00:00,33.70786516853933,0.0,1.0,33.70786516853933,3213.271274591133,1.04902021298617,3213.633733282475,0.3283883674818213,0 days 00:24:00
473,CLOSED,2024-11-11 19:08:00+00:00,86000.0,87000.0,2024-11-11 20:11:00+00:00,33.70786516853933,0.0,1.0,33.70786516853933,3213.599662958615,1.0489130166732104,3213.957515062091,0.32378638620329525,0 days 01:03:00
474,CLOSED,2024-11-11 20:12:00+00:00,87000.0,88000.0,2024-11-11 21:24:00+00:00,33.70786516853933,0.0,1.0,33.70786516853933,3213.9234493448184,1.0488073440396013,3214.276800758999,0.31929019759783017,0 days 01:12:00
475,CLOSED,2024-11-11 21:31:00+00:00,88000.0,89000.0,2024-11-11 23:12:00+00:00,33.70786516853933,0.0,1.0,33.70786516853933,3214.2427395424165,1.0487031596542713,3214.9081714000467,0.3148961950970417,0 days 01:41:00
476,CLOSED,2024-11-11 22:17:00+00:00,87000.0,88000.0,2024-11-11 22:59:00+00:00,33.70786516853933,0.010358834791889752,0.9911949904268937,33.41106709304137,3213.826370798801,1.0396039872165528,3214.559271828844,0.31647884435137996,0 days 00:42:00
477,CLOSED,2024-11-11 23:25:00+00:00,89000.0,90000.0,2024-11-13 14:31:00+00:00,33.70786516853933,0.0,1.0,33.70786516853933,3214.874114581865,1.0484972029122037,3218.9821175826983,0.3106009342254765,1 days 15:06:00
478,CLOSED,2024-11-12 00:12:00+00:00,88000.0,89000.0,2024-11-12 00:59:00+00:00,33.70786516853933,0.010358123852486115,0.9911955947253868,33.41108746265349,3214.462045398681,1.0393990344505564,3215.500010968713,0.31212372137596844,0 days 00:47:00
479,CLOSED,2024-11-12 00:19:00+00:00,87000.0,88000.0,2024-11-12 00:29:00+00:00,33.70786516853933,0.020511066518886203,0.9825655934589468,33.120188543560005,3213.670981216212,1.0306029689145615,3214.7758252531926,0.31372356248833455,0 days 00:10:00
480,CLOSED,2024-11-12 02:23:00+00:00,88000.0,89000.0,2024-11-12 06:41:00+00:00,33.70786516853933,0.010356107545655514,0.9911973085861928,33.41114523324246,3215.0878926825453,1.0391985024510633,3216.1258599296802,0.31212426106421987,0 days 04:18:00
481,CLOSED,2024-11-12 02:53:00+00:00,87000.0,88000.0,2024-11-12 03:09:00+00:00,33.70786516853933,0.020507090618610918,0.9825689729741807,33.120302459803845,3214.2968277864784,1.0304058471977555,3215.4016736734425,0.3137246415344208,0 days 00:16:00
482,CLOSED,2024-11-12 09:46:00+00:00,88000.0,89000.0,2024-11-12 19:08:00+00:00,33.70786516853933,0.010354092018446476,0.9911990217843205,33.41120298149395,3215.713741585144,1.0389980472896303,3218.0116579569717,0.3121248005437849,0 days 09:22:00
483,CLOSED,2024-11-12 10:07:00+00:00,87000.0,88000.0,2024-11-12 10:13:00+00:00,33.70786516853933,0.020503116249119196,0.9825723511882487,33.120416332188164,3214.922675975755,1.0302088003449679,3216.0275237119895,0.31372572016505273,0 days 00:06:00
484,CLOSED,2024-11-12 10:35:00+00:00,87000.0,88000.0,2024-11-12 18:24:00+00:00,33.70786516853933,0.020501115663747776,0.9825740516858144,33.12047365233082,3215.23640169592,1.0301100607986704,3217.2874712181474,0.3137262631172604,0 days 07:49:00
485,CLOSED,2024-11-12 10:47:00+00:00,86000.0,87000.0,2024-11-12 10:57:00+00:00,33.70786516853933,0.030449075613821413,0.9741182857282518,32.83544783353658,3214.0653124115074,1.0216173176922843,3215.5518714998493,0.31540623947049795,0 days 00:10:00
486,CLOSED,2024-11-12 13:02:00+00:00,86000.0,87000.0,2024-11-12 14:53:00+00:00,33.70786516853933,0.03044608784439541,0.9741208253322639,32.8355334381662,3214.380718650978,1.0215197362167705,3215.8672786481225,0.3154070617597071,0 days 01:51:00
487,CLOSED,2024-11-12 16:11:00+00:00,86000.0,87000.0,2024-11-12 16:41:00+00:00,33.70786516853933,0.030443100653465522,0.9741233644445543,32.83561902622093,3214.6961257127377,1.021422173112579,3216.1826866185083,0.31540788388969787,0 days 00:30:00
488,CLOSED,2024-11-12 22:05:00+00:00,88000.0,89000.0,2024-11-13 13:43:00+00:00,33.70786516853933,0.01034802360456879,0.9912041799361165,33.41137685177921,3217.5995395540895,1.0383945062476456,3218.63751352522,0.31212642482616104,0 days 15:38:00
489,CLOSED,2024-11-13 04:31:00+00:00,87000.0,88000.0,2024-11-13 11:18:00+00:00,33.70786516853933,0.02049115005073012,0.9825825224568794,33.120759183939754,3216.8084717970073,1.0296155171910963,3217.913325101097,0.31372896775143033,0 days 06:47:00
490,CLOSED,2024-11-13 14:36:00+00:00,90000.0,91000.0,2024-11-13 14:50:00+00:00,33.70786516853933,0.0,1.0,33.70786516853933,3218.9480650640767,1.0471702086274057,3219.288514502279,0.3064011235954993,0 days 00:14:00
491,CLOSED,2024-11-13 15:03:00+00:00,91000.0,92000.0,2024-11-13 15:44:00+00:00,33.70786516853933,0.0,1.0,33.70786516853933,3219.2544661876723,1.0470705414119403,3219.5908040071563,0.3022936164958665,0 days 00:41:00
492,CLOSED,2024-11-13 16:15:00+00:00,93000.0,94000.0,2024-11-20 13:15:00+00:00,33.70786516853933,0.0,1.0,33.70786516853933,3219.5567598041685,1.0469722288912102,3227.057575270107,0.2943436027546227,6 days 21:00:00
493,CLOSED,2024-11-13 16:37:00+00:00,92000.0,93000.0,2024-11-13 18:49:00+00:00,33.70786516853933,0.010348059621939437,0.9912041493213515,33.41137581982084,3219.1609642260605,1.037890810404179,3219.852444524528,0.29565181712266053,0 days 02:12:00
494,CLOSED,2024-11-13 19:05:00+00:00,92000.0,93000.0,2024-11-19 17:34:00+00:00,33.70786516853933,0.010347109330323245,0.9912049570692253,33.41140304727726,3219.456616043183,1.0377963436681115,3226.4335709433835,0.29565205805399586,5 days 22:29:00
495,CLOSED,2024-11-13 19:13:00+00:00,91000.0,92000.0,2024-11-18 06:59:00+00:00,33.70786516853933,0.020494362272180586,0.9825797920686465,33.120667148381344,3218.698312670194,1.029008124744218,3223.9555706914334,0.29702759884018093,4 days 11:46:00
496,CLOSED,2024-11-13 19:36:00+00:00,90000.0,91000.0,2024-11-13 20:34:00+00:00,33.70786516853933,0.030446585576410525,0.974120402260051,32.835519177305095,3217.576700621222,1.0205046291815048,3218.996830746736,0.29847158576978927,0 days 00:58:00
497,CLOSED,2024-11-13 20:55:00+00:00,90000.0,91000.0,2024-11-14 08:03:00+00:00,33.70786516853933,0.030443761526317857,0.9741228027026299,32.835600091099884,3217.8751722069915,1.0204124875539988,3219.8968616573347,0.2984723212680862,0 days 11:08:00
498,CLOSED,2024-11-13 21:04:00+00:00,89000.0,90000.0,2024-11-13 23:18:00+00:00,33.70786516853933,0.04020471635550979,0.9658259910978166,32.55593228419607,3216.3893700640656,1.012188778734448,3218.4767839220467,0.2999864551342313,0 days 02:14:00
499,CLOSED,2024-11-13 21:21:00+00:00,88000.0,89000.0,2024-11-13 21:30:00+00:00,33.70786516853933,0.04977977556912233,0.957687190766246,32.28159069998582,3214.538416393981,1.0042372035546803,3216.6910019627776,0.3015720524654597,0 days 00:09:00
500,CLOSED,2024-11-14 14:41:00+00:00,90000.0,91000.0,2024-11-15 20:18:00+00:00,33.70786516853933,0.030435248870977857,0.9741300384596688,32.83584399302255,3218.7752030358592,1.020134738271026,3222.0032893390558,0.2984745383121705,1 days 05:37:00
501,CLOSED,2024-11-14 14:47:00+00:00,89000.0,90000.0,2024-11-15 12:10:00+00:00,33.70786516853933,0.04019354408892826,0.965835487524411,32.55625238846329,3217.28939794172,1.0119155712038634,3219.9816351415516,0.29998940473321056,0 days 21:23:00
502,CLOSED,2024-11-14 15:59:00+00:00,88000.0,89000.0,2024-11-14 16:54:00+00:00,33.70786516853933,0.04976601432860529,0.9576988878206855,32.281984982719734,3215.4384376511393,1.003968373479467,3217.5910336020506,0.30157573582339836,0 days 00:55:00
503,CLOSED,2024-11-14 20:11:00+00:00,88000.0,89000.0,2024-11-15 09:23:00+00:00,33.70786516853933,0.04976134721549053,0.957702854866833,32.2821187033764,3215.740013386963,1.0038783785065823,3218.19584741536,0.30157698503114005,0 days 13:12:00
504,CLOSED,2024-11-14 23:13:00+00:00,87000.0,88000.0,2024-11-15 00:08:00+00:00,33.70786516853933,0.05915144259338955,0.9497212737956189,32.01307664479614,3213.5228518143326,0.9961988173422133,3216.043316623433,0.3032366931730621,0 days 00:55:00
505,CLOSED,2024-11-15 14:34:00+00:00,89000.0,90000.0,2024-11-15 19:38:00+00:00,33.70786516853933,0.0401784784670965,0.965848293302968,32.55668404392027,3218.4957767604815,1.0115496897339293,3220.5832096559025,0.29999338221998073,0 days 05:04:00
506,CLOSED,2024-11-15 15:22:00+00:00,88000.0,89000.0,2024-11-15 16:11:00+00:00,33.70786516853933,0.04974748258889505,0.9577146397994392,32.2825159482957,3216.6448111930345,1.0036083510358829,3218.797417485857,0.30158069606157767,0 days 00:49:00
507,CLOSED,2024-11-17 02:03:00+00:00,90000.0,91000.0,2024-11-17 08:53:00+00:00,33.70786516853933,0.03041534449367408,0.974146957180377,32.836414286979,3220.881630471215,1.019485285529572,3222.3017696373367,0.29847972222721353,0 days 06:50:00
508,CLOSED,2024-11-17 14:30:00+00:00,90000.0,91000.0,2024-11-18 06:21:00+00:00,33.70786516853933,0.030412526159006244,0.9741493527648447,32.83649503701724,3221.180110193442,1.0193933252321399,3222.9002474532467,0.2984804562369803,0 days 15:51:00
509,CLOSED,2024-11-17 22:02:00+00:00,89000.0,90000.0,2024-11-18 00:30:00+00:00,33.70786516853933,0.04016372192259446,0.9658608363657947,32.557106843790834,3219.6942972216702,1.0111862754139398,3221.480160970628,0.29999727810702126,0 days 02:28:00
510,CLOSED,2024-11-18 11:25:00+00:00,91000.0,92000.0,2024-11-18 15:42:00+00:00,33.70786516853933,0.020465756392554536,0.9826041070663286,33.121486755044785,3223.1972275755984,1.0275972711715773,3224.8495723860733,0.29703494910876316,0 days 04:17:00
511,CLOSED,2024-11-18 13:04:00+00:00,90000.0,91000.0,2024-11-18 14:37:00+00:00,33.70786516853933,0.03040432508161393,0.9741563236806282,32.83673001170657,3222.0756057093595,1.019117302943528,3223.4957570619617,0.29848259213341066,0 days 01:33:00
512,CLOSED,2024-11-18 14:55:00+00:00,90000.0,91000.0,2024-11-18 15:34:00+00:00,33.70786516853933,0.03040150878483592,0.9741587175328895,32.83681070335583,3222.374088301493,1.0190254080855041,3223.7942404690807,0.2984833256124304,0 days 00:39:00
513,CLOSED,2024-11-18 17:47:00+00:00,91000.0,92000.0,2024-11-19 07:06:00+00:00,33.70786516853933,0.020460081489873626,0.9826089307336074,33.12164935057104,3224.0912284424535,1.0273173742224406,3225.445093733186,0.29703640727259994,0 days 13:19:00
514,CLOSED,2024-11-18 19:11:00+00:00,90000.0,91000.0,2024-11-18 20:19:00+00:00,33.70786516853933,0.030395941265095098,0.9741634499246692,32.836970222179865,3222.9696046286417,1.0188420695938714,3224.389760192347,0.29848477562259745,0 days 01:08:00
515,CLOSED,2024-11-19 14:05:00+00:00,91000.0,92000.0,2024-11-19 14:45:00+00:00,33.70786516853933,0.0204563030106361,0.9826121424409593,33.121757610369414,3224.6867496253485,1.027131010918117,3225.7421312206775,0.29703737815122366,0 days 00:40:00
516,CLOSED,2024-11-19 21:19:00+00:00,92000.0,93000.0,2024-11-20 08:15:00+00:00,33.70786516853933,0.010326001197150365,0.9912228989824222,33.41200783086817,3226.037742434543,1.0356979830512976,3226.729228963815,0.2956574096853828,0 days 10:56:00
517,CLOSED,2024-11-20 13:22:00+00:00,94000.0,95000.0,2024-11-21 03:25:00+00:00,33.70786516853933,0.0,1.0,33.70786516853933,3227.023539025091,1.0445497146488971,3227.3480668759157,0.29049545780539887,0 days 14:03:00
518,CLOSED,2024-11-21 05:52:00+00:00,97000.0,98000.0,2024-11-21 11:02:00+00:00,33.70786516853933,0.0,1.0,33.70786516853933,3227.3140344828967,1.044455693136173,3227.6274828785877,0.2794270821267162,0 days 05:10:00
519,CLOSED,2024-11-21 11:28:00+00:00,98000.0,99000.0,2024-11-22 03:15:00+00:00,33.70786516853933,0.0,1.0,33.70786516853933,3227.5934615650235,1.0443652699740804,3228.458458399838,0.27588821371244876,0 days 15:47:00
520,CLOSED,2024-11-21 14:34:00+00:00,97000.0,98000.0,2024-11-21 17:59:00+00:00,33.70786516853933,0.01032795511951283,0.9912212381484141,33.411951847699356,3227.2161398498206,1.0353180698102915,3228.1485671983583,0.2769740583178475,0 days 03:25:00
521,CLOSED,2024-11-21 15:38:00+00:00,96000.0,97000.0,2024-11-21 16:21:00+00:00,33.70786516853933,0.020462254158198905,0.982607083965531,33.12158709996172,3226.4950053892185,1.0265500812689528,3227.4942778266322,0.2781167916303886,0 days 00:43:00
522,CLOSED,2024-11-22 03:23:00+00:00,99000.0,100000.0,2024-12-05 02:36:00+00:00,33.70786516853933,0.0,1.0,33.70786516853933,3228.424440628685,1.0440964559782373,3237.8635419836846,0.2724208375893724,12 days 23:13:00
523,CLOSED,2024-11-22 13:19:00+00:00,98000.0,99000.0,2024-11-22 16:56:00+00:00,33.70786516853933,0.010326360561400029,0.99122259352281,33.41199753447674,3228.050589760452,1.0350518557689699,3228.6979185775836,0.27346663071843125,0 days 03:37:00
524,CLOSED,2024-11-23 16:17:00+00:00,98000.0,99000.0,2024-12-04 20:51:00+00:00,33.70786516853933,0.010325485830430962,0.9912233370441337,33.412022596993275,3228.324056391171,1.034964954365312,3237.010171876469,0.2734668358472021,11 days 04:34:00
525,CLOSED,2024-11-24 12:31:00+00:00,97000.0,98000.0,2024-11-24 22:59:00+00:00,33.70786516853933,0.020458446275391607,0.9826103206659171,33.121696202221926,3227.609903298424,1.0261988652461853,3228.874367084209,0.2745679347712766,0 days 10:28:00
526,CLOSED,2024-11-24 15:55:00+00:00,96000.0,97000.0,2024-11-24 22:00:00+00:00,33.70786516853933,0.03040351096175139,0.9741570156825113,32.83675333761274,3226.5549212072674,1.0177032202918876,3227.8856523133036,0.27572508703322995,0 days 06:05:00
527,CLOSED,2024-11-25 01:24:00+00:00,97000.0,98000.0,2024-11-25 04:12:00+00:00,33.70786516853933,0.020454958796599462,0.9826132850228905,33.121796124367094,3228.1601963202284,1.026027028092427,3229.1489359481534,0.27456876309290124,0 days 02:48:00
528,CLOSED,2024-11-25 14:34:00+00:00,97000.0,98000.0,2024-11-29 14:59:00+00:00,33.70786516853933,0.020453219163264865,0.9826147637112249,33.1218459677941,3228.4347650833215,1.0259413114373173,3233.323467510782,0.2745691762784688,4 days 00:25:00
529,CLOSED,2024-11-25 14:51:00+00:00,96000.0,97000.0,2024-11-27 20:15:00+00:00,33.70786516853933,0.030395786252797333,0.9741635816851223,32.83697466354345,3227.3797812999687,1.0174499714538372,3231.5051146178916,0.2757269454724849,2 days 05:24:00
530,CLOSED,2024-11-25 15:10:00+00:00,95000.0,96000.0,2024-11-25 15:29:00+00:00,33.70786516853933,0.0401549843909073,0.9658682632677288,32.55735718879985,3225.983372620327,1.0092227215156075,3227.656753282133,0.2769417906825282,0 days 00:19:00
531,CLOSED,2024-11-25 17:21:00+00:00,95000.0,96000.0,2024-11-27 16:32:00+00:00,33.70786516853933,0.04015153749195982,0.9658711931318341,32.55745594826407,3226.2603144110094,1.009139151073363,3230.174410178759,0.27694263075756,1 days 23:11:00
532,CLOSED,2024-11-25 21:44:00+00:00,94000.0,95000.0,2024-11-27 15:34:00+00:00,33.70786516853933,0.0497308687811083,0.9577287615360579,32.28299196188959,3224.521817897533,1.0011714537859413,3228.501064922849,0.2782158550358176,1 days 17:50:00
533,CLOSED,2024-11-25 22:38:00+00:00,93000.0,94000.0,2024-11-25 22:48:00+00:00,33.70786516853933,0.05913528845056003,0.949735004817024,32.01353948821429,3222.440503199426,0.9934563402002112,3224.801408741875,0.2795484229800209,0 days 00:10:00
534,CLOSED,2024-11-25 23:42:00+00:00,93000.0,94000.0,2024-11-26 00:27:00+00:00,33.70786516853933,0.05913015887791208,0.9497393649537748,32.013686459116,3222.7200516224057,0.9933747252728152,3225.0809585966363,0.27954970635838805,0 days 00:45:00
535,CLOSED,2024-11-26 08:16:00+00:00,93000.0,94000.0,2024-11-26 16:25:00+00:00,33.70786516853933,0.05912503017155281,0.9497437243541801,32.01383340519708,3222.999601328764,0.9932931233376064,3225.641454305737,0.2795509895200041,0 days 08:09:00
536,CLOSED,2024-11-26 11:24:00+00:00,92000.0,93000.0,2024-11-26 14:41:00+00:00,33.70786516853933,0.06835700733135183,0.941896543768351,31.749321700056775,3220.574665256184,0.9858278413033236,3223.2805943951626,0.28094457120395333,0 days 03:17:00
537,CLOSED,2024-11-26 18:12:00+00:00,93000.0,94000.0,2024-11-27 13:55:00+00:00,33.70786516853933,0.05911474982437678,0.9497524626492797,32.014127954470105,3223.560096889488,0.9931295521793287,3226.4843592242273,0.27955356158126676,0 days 19:43:00
538,CLOSED,2024-11-26 18:34:00+00:00,92000.0,93000.0,2024-11-27 02:26:00+00:00,33.70786516853933,0.06834520327154572,0.9419065772191861,31.749659906264704,3221.1351573583293,0.985666802392197,3224.1234964911637,0.2809475639355483,0 days 07:52:00
539,CLOSED,2024-11-26 20:36:00+00:00,91000.0,92000.0,2024-11-26 22:04:00+00:00,33.70786516853933,0.07740865505430286,0.9342026432038426,31.48997673720818,3218.365722401237,0.9784461883254639,3221.417615378394,0.2824034955540853,0 days 01:28:00
540,CLOSED,2024-11-27 23:10:00+00:00,96000.0,97000.0,2024-11-29 11:30:00+00:00,33.70786516853933,0.03036689710251061,0.974188137462866,32.837802386388745,3230.4501068330496,1.0165085762176054,3232.3347522563618,0.27573389573188933,1 days 12:20:00
541,CLOSED,2024-11-28 03:31:00+00:00,95000.0,96000.0,2024-11-28 14:08:00+00:00,33.70786516853933,0.040117056804400864,0.9659005017162593,32.55844387807616,3229.053688712195,1.008296764835182,3230.727088328198,0.2769510343589232,0 days 10:37:00
542,CLOSED,2024-11-28 15:48:00+00:00,95000.0,96000.0,2024-11-28 23:30:00+00:00,33.70786516853933,0.04011361632040685,0.9659034261276542,32.558542453741154,3229.330639746554,1.0082133446792687,3231.0040403005823,0.27695187287051226,0 days 07:42:00
543,CLOSED,2024-11-29 17:29:00+00:00,97000.0,98000.0,2024-12-02 01:26:00+00:00,33.70786516853933,0.02042680625651012,0.9826372146819664,33.12260274208876,3232.609296595643,1.0246398405452573,3233.8737800606386,0.27457544968770975,2 days 07:57:00
544,CLOSED,2024-12-01 02:31:00+00:00,96000.0,97000.0,2024-12-01 08:26:00+00:00,33.70786516853933,0.030356752502395827,0.9741967603729635,32.838093046279674,3231.5543042615204,1.0161702374295667,3232.8850573056175,0.2757363363575678,0 days 05:55:00
545,CLOSED,2024-12-02 03:43:00+00:00,97000.0,98000.0,2024-12-04 20:13:00+00:00,33.70786516853933,0.020423329437053054,0.9826401699785049,33.12270235882601,3233.1596083816885,1.0244685190597536,3236.3628615156626,0.27457627547759955,2 days 16:30:00
546,CLOSED,2024-12-02 07:23:00+00:00,96000.0,97000.0,2024-12-02 15:23:00+00:00,33.70786516853933,0.030351614316808606,0.9742011278307127,32.83824026395661,3232.1046149219997,1.0160017752008652,3233.7123263224044,0.2757375725214004,0 days 08:00:00
547,CLOSED,2024-12-02 08:40:00+00:00,95000.0,96000.0,2024-12-02 14:30:00+00:00,33.70786516853933,0.04009690559936296,0.9659176302405414,32.559021244063196,3230.708182986659,1.0077982720792722,3232.381601473363,0.27695594559202874,0 days 05:50:00
548,CLOSED,2024-12-02 16:41:00+00:00,96000.0,97000.0,2024-12-04 19:54:00+00:00,33.70786516853933,0.030346425044053535,0.9742055387125546,32.83838894536701,3232.657308440113,1.0158326668165407,3235.374138033374,0.2757388209759739,2 days 03:13:00
549,CLOSED,2024-12-02 17:57:00+00:00,95000.0,96000.0,2024-12-02 20:04:00+00:00,33.70786516853933,0.040090092702738146,0.9659234212026726,32.55921644503391,3231.2608748088746,1.00763193398799,3232.9342967002863,0.27695760602490793,0 days 02:07:00
550,CLOSED,2024-12-03 10:53:00+00:00,95000.0,96000.0,2024-12-03 15:13:00+00:00,33.70786516853933,0.04008665679801536,0.9659263417216869,32.55931488949506,3231.537832414899,1.0075486216778646,3233.4894908532933,0.2769584434204404,0 days 04:20:00
551,CLOSED,2024-12-03 13:54:00+00:00,94000.0,95000.0,2024-12-03 14:49:00+00:00,33.70786516853933,0.04965086279458359,0.957796766624604,32.28528426824508,3229.7992909569316,0.999606519161738,3231.8161048262095,0.27823561020515086,0 days 00:55:00
552,CLOSED,2024-12-03 16:48:00+00:00,95000.0,96000.0,2024-12-03 21:20:00+00:00,33.70786516853933,0.04007977089674281,0.9659321947377686,32.55951218217198,3232.093026468525,1.0073816537931586,3233.766451174109,0.2769601216459421,0 days 04:32:00
553,CLOSED,2024-12-04 16:20:00+00:00,95000.0,96000.0,2024-12-04 18:45:00+00:00,33.70786516853933,0.0400763367297789,0.9659351137796879,32.55961057684341,3232.369986590171,1.0072983820515722,3234.043412232058,0.27696095861794134,0 days 02:25:00
554,CLOSED,2024-12-04 21:38:00+00:00,98000.0,99000.0,2024-12-04 23:32:00+00:00,33.70786516853933,0.01029896816048481,0.9912458770635879,33.41278237292993,3236.6363096647633,1.0323304559476651,3237.283645697603,0.27347305437290714,0 days 01:54:00
555,CLOSED,2024-12-05 01:09:00+00:00,98000.0,99000.0,2024-12-05 02:29:00+00:00,33.70786516853933,0.01029809804346926,0.9912466166630511,33.41280730324892,3236.9097827191363,1.0322440088268632,3237.5571189811826,0.27347325841967773,0 days 01:20:00
556,CLOSED,2024-12-05 02:39:00+00:00,100000.0,101000.0,2024-12-05 02:41:00+00:00,33.70786516853933,0.0,1.0,33.70786516853933,3237.8295276833783,1.041063616238525,3238.1325613912436,0.2690228089887654,0 days 00:02:00
557,CLOSED,2024-12-05 02:43:00+00:00,101000.0,102000.0,2024-12-05 03:03:00+00:00,33.70786516853933,0.0,1.0,33.70786516853933,3238.098550492367,1.040977124164856,3238.3982501252517,0.26569206808321155,0 days 00:20:00
558,CLOSED,2024-12-05 03:10:00+00:00,103000.0,104000.0,2024-12-15 23:19:00+00:00,33.70786516853933,0.0,1.0,33.70786516853933,3238.3642425604503,1.0408917170443994,3249.793732247866,0.2592246100141793,10 days 20:09:00
559,CLOSED,2024-12-05 05:46:00+00:00,102000.0,103000.0,2024-12-05 09:11:00+00:00,33.70786516853933,0.01029869878022651,0.9912461060368075,33.41279009112834,3238.0036011292295,1.0318947786060486,3238.6243707022595,0.2601293808797607,0 days 03:25:00
560,CLOSED,2024-12-05 15:27:00+00:00,102000.0,103000.0,2024-12-15 12:38:00+00:00,33.70786516853933,0.010297871486849406,0.991246809236178,33.41281379447791,3238.2637305101093,1.031812618585409,3249.500505331824,0.2601295654180049,9 days 21:11:00
561,CLOSED,2024-12-05 15:50:00+00:00,101000.0,102000.0,2024-12-12 16:01:00+00:00,33.70786516853933,0.02040799640397199,0.9826532030566238,33.12314167606598,3237.57613510104,1.0230845636941988,3247.8333322551275,0.26108316172871326,7 days 00:11:00
562,CLOSED,2024-12-05 19:44:00+00:00,100000.0,101000.0,2024-12-06 17:50:00+00:00,33.70786516853933,0.03033486712736882,0.9742153629417365,32.83872009915966,3236.5612054182047,1.0146176146517976,3241.3161229154352,0.26208615349859343,0 days 22:06:00
563,CLOSED,2024-12-05 19:55:00+00:00,99000.0,100000.0,2024-12-06 17:41:00+00:00,33.70786516853933,0.04008281668957777,0.9659296058138589,32.5594249150739,3235.2185013431554,1.006405746676965,3240.0391129801724,0.2631393522681904,0 days 21:46:00
564,CLOSED,2024-12-05 20:18:00+00:00,98000.0,99000.0,2024-12-05 20:43:00+00:00,33.70786516853933,0.0496560248358124,0.9577923788895595,32.28513636706381,3233.5475223664193,0.9984432312730154,3235.4827675087167,0.264243628519246,0 days 00:25:00
565,CLOSED,2024-12-05 22:22:00+00:00,98000.0,99000.0,2024-12-06 14:25:00+00:00,33.70786516853933,0.04965196730583541,0.9577958277900399,32.28525262213618,3233.8117659949385,0.998365240723993,3238.4332755076334,0.2642445800302369,0 days 16:03:00
566,CLOSED,2024-12-05 22:26:00+00:00,97000.0,98000.0,2024-12-06 01:32:00+00:00,33.70786516853933,0.05905373053242466,0.949804329047439,32.01587626002604,3231.811949278562,0.9906478706835944,3236.498057634782,0.26540105225706156,0 days 03:06:00
567,CLOSED,2024-12-05 22:28:00+00:00,96000.0,97000.0,2024-12-05 22:48:00+00:00,33.70786516853933,0.06828869290320341,0.9419546110322771,31.751279023559903,3229.4826714191277,0.9831692024409432,3233.6996039844557,0.26661052882348457,0 days 00:20:00
568,CLOSED,2024-12-05 22:28:00+00:00,95000.0,96000.0,2024-12-05 22:31:00+00:00,33.70786516853933,0.07736060680625656,0.934243484214682,31.491353400494898,3226.8232464095904,0.9759243378308552,3230.835839298738,0.2678740707108034,0 days 00:03:00
569,CLOSED,2024-12-05 22:28:00+00:00,94000.0,95000.0,2024-12-05 22:30:00+00:00,33.70786516853933,0.08627309254335752,0.9266678713381461,31.235995663083578,3223.8329248830755,0.968908637354911,3227.90854585082,0.2691928075179355,0 days 00:02:00
570,CLOSED,2024-12-05 22:28:00+00:00,93000.0,94000.0,2024-12-05 22:29:00+00:00,33.70786516853933,0.09502964293219104,0.9192248035076376,30.985105736212503,3220.5108931859213,0.9621177124962367,3224.649037109966,0.27056794040584364,0 days 00:01:00
571,CLOSED,2024-12-05 22:28:00+00:00,92000.0,93000.0,2024-12-05 22:29:00+00:00,33.70786516853933,0.10363362765818734,0.9119114164905407,30.738587072714857,3216.856272371914,0.95554741866195,3221.0564430311424,0.27200074528029816,0 days 00:01:00
572,CLOSED,2024-12-05 22:28:00+00:00,91000.0,92000.0,2024-12-05 22:29:00+00:00,33.70786516853933,0.1120882973870297,0.9047249472210248,30.496346535540166,3212.8681171147705,0.949193848732471,3217.129827000823,0.27349257622947576,0 days 00:01:00
573,CLOSED,2024-12-05 22:35:00+00:00,95000.0,96000.0,2024-12-05 22:36:00+00:00,33.70786516853933,0.07732818019696923,0.9342710468325761,31.492282477502567,3228.1763745497346,0.9755440478959302,3231.10372221035,0.26788197369410227,0 days 00:01:00
574,CLOSED,2024-12-05 23:02:00+00:00,96000.0,97000.0,2024-12-05 23:21:00+00:00,33.70786516853933,0.06824880173173938,0.9419885185280216,31.752421972854663,3231.370292061789,0.9826302498001522,3233.9662252641456,0.26662012599012286,0 days 00:19:00
575,CLOSED,2024-12-06 00:11:00+00:00,96000.0,97000.0,2024-12-06 00:18:00+00:00,33.70786516853933,0.06824317099270191,0.9419933046562033,31.752583303018092,3231.6369121877788,0.9825541719512659,3234.2328469076474,0.266621480654301,0 days 00:07:00
576,CLOSED,2024-12-06 23:21:00+00:00,100000.0,101000.0,2024-12-08 23:49:00+00:00,33.70786516853933,0.030299854423472317,0.9742451237400486,32.839723272136474,3240.3011824340833,1.0134774955539037,3242.104518837608,0.26209415983215933,2 days 00:28:00
577,CLOSED,2024-12-07 05:45:00+00:00,99000.0,100000.0,2024-12-07 18:46:00+00:00,33.70786516853933,0.04003684011265071,0.9659686859042469,32.56074222149147,3238.958467334163,1.0052843390823323,3240.564349458279,0.263149998499145,0 days 13:01:00
578,CLOSED,2024-12-08 08:57:00+00:00,99000.0,100000.0,2024-12-08 12:50:00+00:00,33.70786516853933,0.040033587573720004,0.965971450562338,32.56083541221364,3239.221617332662,1.0052055480855266,3240.8275003039666,0.26315075164961854,0 days 03:53:00
579,CLOSED,2024-12-09 00:28:00+00:00,100000.0,101000.0,2024-12-11 16:23:00+00:00,33.70786516853933,0.030292483985096402,0.974251388612668,32.83993444761803,3241.0895773440643,1.0132374827643291,3246.622555391545,0.26209584522577956,2 days 15:55:00
580,CLOSED,2024-12-09 03:25:00+00:00,99000.0,100000.0,2024-12-09 14:48:00+00:00,33.70786516853933,0.040027161611603856,0.9659769126301367,32.561019526858544,3239.7468599233252,1.0050482625555863,3241.6170063907794,0.2631522396307062,0 days 11:23:00
581,CLOSED,2024-12-09 12:01:00+00:00,98000.0,99000.0,2024-12-09 13:23:00+00:00,33.70786516853933,0.04958743687857495,0.9578506786532113,32.28710152763634,3238.0758511295544,0.9971076346582018,3240.0111425617206,0.2642597127369015,0 days 01:22:00
582,CLOSED,2024-12-09 15:16:00+00:00,99000.0,100000.0,2024-12-11 15:19:00+00:00,33.70786516853933,0.040020646483043126,0.9659824504894133,32.56120619627236,3240.2742718756926,1.0048904340873497,3245.3455351224156,0.263153748258965,2 days 00:03:00
583,CLOSED,2024-12-09 15:34:00+00:00,98000.0,99000.0,2024-12-11 14:45:00+00:00,33.70786516853933,0.049579418512921206,0.957857494264017,32.287331267326415,3238.603261011588,0.9969523484405239,3243.739669641545,0.26426159308358166,1 days 23:11:00
584,CLOSED,2024-12-09 19:55:00+00:00,97000.0,98000.0,2024-12-10 00:35:00+00:00,33.70786516853933,0.058967845175944354,0.9498773316004473,32.0183370202398,3236.603390921024,0.9892573526325231,3239.9377881750484,0.2654214511474322,0 days 04:40:00
585,CLOSED,2024-12-09 21:02:00+00:00,96000.0,97000.0,2024-12-09 21:17:00+00:00,33.70786516853933,0.06818980253284514,0.9420386678470817,31.754112399339835,3234.274033961994,0.9818003071446906,3237.1379609678156,0.26663432023719125,0 days 00:15:00
586,CLOSED,2024-12-09 21:04:00+00:00,95000.0,96000.0,2024-12-09 21:07:00+00:00,33.70786516853933,0.07724903021263972,0.9343383243192562,31.494550257952458,3231.614499995429,0.9745763381739067,3234.5419753594174,0.26790126405527204,0 days 00:03:00
587,CLOSED,2024-12-09 22:22:00+00:00,96000.0,97000.0,2024-12-09 22:26:00+00:00,33.70786516853933,0.06817853451646766,0.9420482456610025,31.75443524700009,3234.808569546286,0.9816480500870556,3237.672502678442,0.26663703113855064,0 days 00:04:00
588,CLOSED,2024-12-09 22:22:00+00:00,95000.0,96000.0,2024-12-09 22:23:00+00:00,33.70786516853933,0.07723635353670395,0.9343490994938016,31.494913466083204,3232.14903189724,0.9744264003691685,3235.0765140770745,0.2679043536030328,0 days 00:01:00
589,CLOSED,2024-12-10 02:57:00+00:00,97000.0,98000.0,2024-12-10 14:07:00+00:00,33.70786516853933,0.05894354190055176,0.949897989384531,32.019033350040374,3237.9378893412054,0.9888711409641957,3240.4698571365975,0.2654272234917556,0 days 11:10:00
590,CLOSED,2024-12-10 03:23:00+00:00,96000.0,97000.0,2024-12-10 04:42:00+00:00,33.70786516853933,0.06816189118801701,0.9420623924901855,31.75491210641075,3235.6085245143663,0.981420090404072,3238.2045649498564,0.2666410352525119,0 days 01:19:00
591,CLOSED,2024-12-10 15:26:00+00:00,97000.0,98000.0,2024-12-11 08:31:00+00:00,33.70786516853933,0.05893385770149669,0.9499062209537278,32.019310818664984,3238.46995759995,0.9887172411009393,3241.804403939648,0.2654295236151185,0 days 17:05:00
592,CLOSED,2024-12-10 15:52:00+00:00,96000.0,97000.0,2024-12-10 21:30:00+00:00,33.70786516853933,0.06815076922636239,0.942071846157592,31.755230769357034,3236.1405896380015,0.9812685787210874,3239.2724614411945,0.2666437110154831,0 days 05:38:00
593,CLOSED,2024-12-10 16:35:00+00:00,95000.0,96000.0,2024-12-10 16:53:00+00:00,33.70786516853933,0.07720507465075217,0.9343756865468607,31.495809658882944,3233.481032885908,0.9740527109501143,3236.408541901249,0.26791197686425505,0 days 00:18:00
594,CLOSED,2024-12-10 17:06:00+00:00,95000.0,96000.0,2024-12-10 19:42:00+00:00,33.70786516853933,0.07719867830875832,0.9343811234375554,31.495992924861422,3233.748944862772,0.973977679216467,3236.6764556220332,0.26791353577482724,0 days 02:36:00
595,CLOSED,2024-12-11 00:42:00+00:00,96000.0,97000.0,2024-12-11 02:37:00+00:00,33.70786516853933,0.06813387399716682,0.9420862071024082,31.755714846148592,3236.9430588616556,0.9810402675824704,3239.5391097055567,0.2666477757326646,0 days 01:55:00
596,CLOSED,2024-12-11 17:57:00+00:00,100000.0,101000.0,2024-12-11 19:42:00+00:00,33.70786516853933,0.03025031544231797,0.9742872318740298,32.841142647439206,3245.6076136849274,1.011864234880591,3246.8846620984873,0.26210548788063903,0 days 01:45:00
597,CLOSED,2024-12-12 18:37:00+00:00,101000.0,102000.0,2024-12-14 01:02:00+00:00,33.70786516853933,0.020347852414273507,0.9827043254478676,33.12486490273711,3247.1457320173727,1.0201225210227147,3248.618644261942,0.26109674454256293,1 days 06:25:00
598,CLOSED,2024-12-12 19:29:00+00:00,100000.0,101000.0,2024-12-13 14:57:00+00:00,33.70786516853933,0.030245965156996818,0.9742909296165527,32.8412672904456,3246.1307835667217,1.0117049952732002,3247.407850145411,0.2621064826577211,0 days 19:28:00
599,CLOSED,2024-12-13 15:52:00+00:00,100000.0,101000.0,2024-12-13 16:46:00+00:00,33.70786516853933,0.030243523165589623,0.9742930053092488,32.84133725761513,3246.3928900493793,1.0116254677084264,3247.6699572570733,0.26210704106639326,0 days 00:54:00
600,CLOSED,2024-12-14 13:18:00+00:00,101000.0,102000.0,2024-12-15 01:48:00+00:00,33.70786516853933,0.020342932550757302,0.9827085073318563,33.12500586511875,3247.9310422856393,1.0198802078571216,3248.879742259793,0.2610978556359669,0 days 12:30:00
601,CLOSED,2024-12-15 23:28:00+00:00,105000.0,106000.0,2024-12-16 00:33:00+00:00,33.70786516853933,0.0,1.0,33.70786516853933,3249.7597311569966,1.0372417642253964,3250.04672955186,0.25300353130015907,0 days 01:05:00
602,CLOSED,2024-12-16 00:44:00+00:00,106000.0,107000.0,2024-12-16 16:37:00+00:00,33.70786516853933,0.0,1.0,33.70786516853933,3250.012734688297,1.0371610181328164,3250.799159251735,0.24998102607590056,0 days 15:53:00
603,CLOSED,2024-12-16 01:27:00+00:00,105000.0,106000.0,2024-12-16 14:54:00+00:00,33.70786516853933,0.010264600837311481,0.9912750892882852,33.4137670546613,3249.6613460938515,1.0282230514519681,3250.515176783872,0.2507960980798174,0 days 13:27:00
604,CLOSED,2024-12-16 11:50:00+00:00,104000.0,105000.0,2024-12-16 14:36:00+00:00,33.70786516853933,0.02034515136322457,0.9827066213412591,33.124942292402,3248.9923434709713,1.01954510169802,3249.9129979359477,0.25165560124941067,0 days 02:46:00
605,CLOSED,2024-12-16 16:38:00+00:00,107000.0,108000.0,2024-12-17 14:50:00+00:00,33.70786516853933,0.0,1.0,33.70786516853933,3250.7651674137023,1.0369209534553119,3251.2939715757725,0.24701501627637867,0 days 22:12:00
606,CLOSED,2024-12-16 19:16:00+00:00,106000.0,107000.0,2024-12-17 03:43:00+00:00,33.70786516853933,0.010263128743559129,0.9912763405679748,33.41380923262837,3250.416747798035,1.0279853884971595,3251.012955130088,0.24780027673994454,0 days 08:27:00
607,CLOSED,2024-12-17 14:52:00+00:00,108000.0,109000.0,2025-01-20 06:55:00+00:00,33.70786516853933,0.0,1.0,33.70786516853933,3251.259982706719,1.0367631425302712,3280.1244798231446,0.24410393258426666,33 days 16:03:00
608,CLOSED,2024-12-17 15:13:00+00:00,107000.0,108000.0,2025-01-20 06:54:00+00:00,33.70786516853933,0.010262453775910603,0.991276914290476,33.413828571589086,3250.9144770887415,1.027828594294853,3279.8463744515716,0.24486028311786612,33 days 15:41:00
609,CLOSED,2024-12-17 15:27:00+00:00,106000.0,107000.0,2024-12-17 16:14:00+00:00,33.70786516853933,0.02034270027418874,0.9827087047669396,33.12501252023392,3250.2572990144354,1.019150469419092,3251.160125865647,0.24565853035135632,0 days 00:47:00
610,CLOSED,2024-12-17 22:22:00+00:00,106000.0,107000.0,2025-01-20 06:51:00+00:00,33.70786516853933,0.02034116286354245,0.9827100115659889,33.12505656964008,3250.5029575447866,1.0190748017242397,3279.2560143253836,0.24565885702632073,33 days 08:29:00
611,CLOSED,2024-12-18 01:55:00+00:00,105000.0,106000.0,2025-01-19 19:58:00+00:00,33.70786516853933,0.03024279570696698,0.974293623649078,32.84135810053072,3249.5338802093406,1.0106482748354981,3275.858697877643,0.24649972730644976,32 days 18:03:00
612,CLOSED,2024-12-18 04:26:00+00:00,104000.0,105000.0,2024-12-18 11:58:00+00:00,33.70786516853933,0.03997074941208996,0.9660248629997236,32.56263583145136,3248.25262450815,1.0024662363316645,3249.7812653807514,0.24738366715008198,0 days 07:32:00
613,CLOSED,2024-12-18 14:33:00+00:00,104000.0,105000.0,2025-01-17 16:54:00+00:00,33.70786516853933,0.03996770551166101,0.9660274503150882,32.56272304432882,3248.5000081753,1.002392580033253,3273.8998362288594,0.24738432972057467,30 days 02:21:00
614,CLOSED,2024-12-18 19:57:00+00:00,103000.0,104000.0,2025-01-17 15:09:00+00:00,33.70786516853933,0.04952531293349113,0.9579034840065326,32.28888148336627,3246.9062411060763,0.9944506889230927,3272.371201646084,0.24831215707281729,29 days 19:12:00
615,CLOSED,2024-12-18 20:07:00+00:00,102000.0,103000.0,2025-01-17 14:36:00+00:00,33.70786516853933,0.058917192612540914,0.9499203862793402,32.0197883015508,3244.9995770764535,0.9867424491438199,3270.5291278720315,0.24928441127084966,29 days 18:29:00
616,CLOSED,2024-12-18 20:08:00+00:00,101000.0,102000.0,2024-12-18 20:11:00+00:00,33.70786516853933,0.0681471088872685,0.9420749574458218,31.755335644241185,3242.779576566353,0.9792628482588881,3245.249896807048,0.2503018437331832,0 days 00:03:00
617,CLOSED,2024-12-18 20:37:00+00:00,101000.0,102000.0,2024-12-19 10:19:00+00:00,33.70786516853933,0.06814184919258819,0.9420794281863001,31.75548634335843,3243.0298784100864,0.9791919141653649,3246.004043624666,0.2503030315734698,0 days 13:42:00
618,CLOSED,2024-12-18 23:58:00+00:00,100000.0,101000.0,2024-12-19 03:11:00+00:00,33.70786516853933,0.07721277951000158,0.9343691374164986,31.49558890167973,3240.4960458568253,0.9719372730588205,3243.533745291994,0.25136660998019167,0 days 03:13:00
619,CLOSED,2024-12-19 02:14:00+00:00,99000.0,100000.0,2024-12-19 02:52:00+00:00,33.70786516853933,0.08612891100301594,0.9267904256474364,31.24012670721696,3237.647832267878,0.9649019388663453,3240.7485514198074,0.25247702402468875,0 days 00:38:00
620,CLOSED,2024-12-19 14:49:00+00:00,101000.0,102000.0,2025-01-06 15:45:00+00:00,33.70786516853933,0.06812600690840474,0.942092894127856,31.755940251500768,3243.784025075665,0.9789782552110579,3259.860333359042,0.2503066093673283,18 days 00:56:00
621,CLOSED,2024-12-19 15:23:00+00:00,100000.0,101000.0,2024-12-19 16:37:00+00:00,33.70786516853933,0.07719495292748874,0.9343842900116346,31.496099663313526,3241.25018757885,0.9717268905687436,3244.0354190713865,0.25137068637390314,0 days 01:14:00
622,CLOSED,2024-12-19 17:18:00+00:00,100000.0,101000.0,2025-01-06 14:54:00+00:00,33.70786516853933,0.07718896664367761,0.9343893783528741,31.496271180433958,3241.5015582652236,0.9716568267605594,3257.390031225137,0.2513720552537606,17 days 21:36:00
623,CLOSED,2024-12-19 17:38:00+00:00,99000.0,100000.0,2025-01-06 14:48:00+00:00,33.70786516853933,0.08610251626668665,0.9268128611733164,31.240882960898308,3238.6533326883864,0.9646257179049615,3254.6048268104687,0.2524831359294488,17 days 21:10:00
624,CLOSED,2024-12-19 17:54:00+00:00,98000.0,99000.0,2024-12-19 17:59:00+00:00,33.70786516853933,0.09486472044317569,0.9193649876233007,30.989831043482045,3235.4901135898913,0.9578094803416886,3238.907008517366,0.25364196418516727,0 days 00:05:00
625,CLOSED,2024-12-19 18:10:00+00:00,98000.0,99000.0,2024-12-19 19:04:00+00:00,33.70786516853933,0.09485728423195415,0.919371308402839,30.990044103466484,3235.7437555540764,0.9577409845965961,3239.4155038603953,0.2536437080137368,0 days 00:54:00
626,CLOSED,2024-12-19 18:23:00+00:00,97000.0,98000.0,2024-12-19 18:27:00+00:00,33.70786516853933,0.10347079983069842,0.9120498201439063,30.74325236440134,3232.2648785795473,0.9511365410718376,3235.998646062887,0.25485141999701355,0 days 00:04:00
627,CLOSED,2024-12-19 19:31:00+00:00,98000.0,99000.0,2024-12-21 07:32:00+00:00,33.70786516853933,0.09484237981068164,0.9193839771609206,30.990471140255753,3236.252250682087,0.9576036952534854,3243.0057126286247,0.2536472031747721,1 days 12:01:00
628,CLOSED,2024-12-19 19:44:00+00:00,97000.0,98000.0,2024-12-19 21:25:00+00:00,33.70786516853933,0.10345465528839788,0.9120635430048618,30.74371493274815,3232.77336892736,0.9510012433364289,3237.275490618603,0.25485525453600744,0 days 01:41:00
629,CLOSED,2024-12-19 20:10:00+00:00,96000.0,97000.0,2024-12-19 20:21:00+00:00,33.70786516853933,0.11192206762659988,0.9048662425173901,30.501109298338996,3228.9781053595852,0.9446056400231408,3233.0295262717646,0.25611304897982734,0 days 00:11:00
630,CLOSED,2024-12-19 20:35:00+00:00,96000.0,97000.0,2024-12-19 20:43:00+00:00,33.70786516853933,0.11191319100135401,0.9048737876488491,30.501363628612893,3229.2342184085646,0.9445385984930079,3233.285641713039,0.2561151845513976,0 days 00:08:00
631,CLOSED,2024-12-19 21:03:00+00:00,96000.0,97000.0,2024-12-19 21:09:00+00:00,33.70786516853933,0.11190431571002124,0.904881331646482,30.501617920667936,3229.490333593116,0.9444715657882765,3233.5417592895246,0.2561173198020512,0 days 00:06:00
632,CLOSED,2024-12-20 00:29:00+00:00,97000.0,98000.0,2024-12-20 07:05:00+00:00,33.70786516853933,0.10342192135335088,0.9120913668496518,30.744652815156805,3233.7965697352297,0.9507293409515261,3237.7864761041283,0.25486302927177107,0 days 06:36:00
633,CLOSED,2024-12-20 02:01:00+00:00,96000.0,97000.0,2024-12-20 02:17:00+00:00,33.70786516853933,0.11188690037177074,0.9048961346839949,30.502116899460503,3230.00129557035,0.9443376057245348,3234.0527356195003,0.25612150964900593,0 days 00:16:00
634,CLOSED,2024-12-20 08:16:00+00:00,97000.0,98000.0,2024-12-21 05:46:00+00:00,33.70786516853933,0.10340558184267967,0.9121052554337223,30.745120969676037,3234.307554274151,0.9505936109584332,3239.588852363937,0.2548669101182881,0 days 21:30:00
635,CLOSED,2024-12-20 08:41:00+00:00,96000.0,97000.0,2024-12-20 15:26:00+00:00,33.70786516853933,0.11186934618386687,0.9049110557437131,30.50261985652966,3230.5122748196077,0.9442038061357599,3235.598971078245,0.25612573290092655,0 days 06:45:00
636,CLOSED,2024-12-20 09:47:00+00:00,95000.0,96000.0,2024-12-20 14:38:00+00:00,33.70786516853933,0.12019138441461123,0.8978373232475805,30.264179435311704,3226.399819978296,0.938017019710697,3231.547571023785,0.25743539310481367,0 days 04:51:00
637,CLOSED,2024-12-20 10:14:00+00:00,94000.0,95000.0,2024-12-20 10:28:00+00:00,33.70786516853933,0.12837464518313732,0.8908815515943332,30.0297152222809,3221.96935183787,0.9320298222312824,3226.658671674139,0.25879704418078475,0 days 00:14:00
638,CLOSED,2024-12-20 11:20:00+00:00,94000.0,95000.0,2024-12-20 13:33:00+00:00,33.70786516853933,0.12836433462249852,0.8908903155708763,30.03001063722055,3222.2281488820504,0.9319641331927238,3227.1776861921508,0.25879959007616904,0 days 02:13:00
639,CLOSED,2024-12-20 11:35:00+00:00,93000.0,94000.0,2024-12-20 12:46:00+00:00,33.70786516853933,0.13641109457567435,0.8840505696106769,29.799457402607086,3217.4787661803525,0.9261741745069438,3222.4884232628838,0.2602146296764829,0 days 01:11:00
640,CLOSED,2024-12-20 21:10:00+00:00,96000.0,97000.0,2024-12-20 22:18:00+00:00,33.70786516853933,0.11182464514360808,0.9049490516279332,30.503900616671906,3231.803647209547,0.9438661486445827,3235.8551088582954,0.25613648724371885,0 days 01:08:00
641,CLOSED,2024-12-21 11:23:00+00:00,98000.0,99000.0,2024-12-24 17:27:00+00:00,33.70786516853933,0.09473728090324107,0.9194733112322451,30.993482401086915,3239.8424590193536,0.9566354782098919,3246.6096529825945,0.2536718493921377,3 days 06:04:00
642,CLOSED,2024-12-21 13:22:00+00:00,97000.0,98000.0,2024-12-21 20:19:00+00:00,33.70786516853933,0.10334081062273419,0.912160310970676,30.74697677429245,3236.3635435569417,0.950047062404486,3240.0973807230394,0.254882294126336,0 days 06:57:00
643,CLOSED,2024-12-21 21:38:00+00:00,97000.0,98000.0,2024-12-24 15:36:00+00:00,33.70786516853933,0.10333267257881834,0.9121672283080045,30.747209942966446,3236.6184258510684,0.9499794506941753,3243.1927641298807,0.2548842270177296,2 days 17:58:00
644,CLOSED,2024-12-22 05:08:00+00:00,96000.0,97000.0,2024-12-22 09:38:00+00:00,33.70786516853933,0.11179093255467441,0.9049777073285268,30.504866539163825,3232.8230920968567,0.9435983866156412,3236.8746150420093,0.2561445979439654,0 days 04:30:00
645,CLOSED,2024-12-22 14:23:00+00:00,96000.0,97000.0,2024-12-24 14:37:00+00:00,33.70786516853933,0.11178207578335003,0.9049852355841524,30.50512030058941,3233.079236694801,0.9435314778048869,3239.458969644701,0.2561467287390009,2 days 00:14:00
646,CLOSED,2024-12-22 19:53:00+00:00,95000.0,96000.0,2024-12-23 03:58:00+00:00,33.70786516853933,0.12009813939639677,0.8979165815130628,30.26685106223807,3228.966701122103,0.9373540783718826,3233.8543901217527,0.2574581186946361,0 days 08:05:00
647,CLOSED,2024-12-23 01:17:00+00:00,94000.0,95000.0,2024-12-23 01:37:00+00:00,33.70786516853933,0.1282755568548276,0.8909657766733965,30.032554269889772,3224.5361239848426,0.9313759596768265,3229.225577479703,0.25882151118368313,0 days 00:20:00
648,CLOSED,2024-12-23 02:15:00+00:00,94000.0,95000.0,2024-12-23 03:08:00+00:00,33.70786516853933,0.12826526147976214,0.8909745277422022,30.032849249737154,3224.7949454960262,0.9313103548392474,3229.4844018308527,0.2588240533294268,0 days 00:53:00
649,CLOSED,2024-12-23 06:35:00+00:00,95000.0,96000.0,2024-12-23 09:05:00+00:00,33.70786516853933,0.12006931712024638,0.8979410804477905,30.267676869026648,3229.741804805311,0.9371546921798346,3234.1118560986506,0.25746514323318337,0 days 02:30:00
650,CLOSED,2024-12-23 13:41:00+00:00,95000.0,96000.0,2024-12-24 13:54:00+00:00,33.70786516853933,0.12005974632429671,0.8979492156243478,30.267951088461164,3229.999269948544,0.937088480795333,3235.407495166843,0.25746747581874985,1 days 00:13:00
651,CLOSED,2024-12-23 14:48:00+00:00,94000.0,95000.0,2024-12-23 22:58:00+00:00,33.70786516853933,0.1282348309020658,0.891000393733244,30.033721137075645,3225.5686801436127,0.9311139868749732,3230.7786569728096,0.25883156728233203,0 days 08:10:00
652,CLOSED,2024-12-23 16:19:00+00:00,93000.0,94000.0,2024-12-23 16:48:00+00:00,33.70786516853933,0.13627416289797253,0.8841669615367234,29.80338072595697,3220.819136404634,0.9253354337439191,3225.828989034709,0.26024888889532605,0 days 00:29:00
653,CLOSED,2024-12-23 18:48:00+00:00,93000.0,94000.0,2024-12-23 21:12:00+00:00,33.70786516853933,0.13626315255167643,0.8841763203310751,29.803696190935117,3221.079385293529,0.9252704645222267,3226.0892409968437,0.2602516435965754,0 days 02:24:00
654,CLOSED,2024-12-24 02:11:00+00:00,94000.0,95000.0,2024-12-24 13:33:00+00:00,33.70786516853933,0.12820385547112909,0.8910267228495403,30.034608635377765,3226.3480122433866,0.9309165818876962,3231.0374970846233,0.2588392157710224,0 days 11:22:00
655,CLOSED,2024-12-24 19:38:00+00:00,98000.0,99000.0,2024-12-24 22:18:00+00:00,33.70786516853933,0.094632014103655,0.9195627880118933,30.99649847231101,3243.446396334377,0.9556655077556424,3246.863352561376,0.2536965349810423,0 days 02:40:00
656,CLOSED,2024-12-25 01:36:00+00:00,98000.0,99000.0,2024-12-25 10:19:00+00:00,33.70786516853933,0.09462461273688587,0.919569079173647,30.996710533943162,3243.700092869358,0.9555973008134565,3247.117051046025,0.2536982706384201,0 days 08:43:00
657,CLOSED,2024-12-25 11:59:00+00:00,98000.0,99000.0,2024-12-25 19:14:00+00:00,33.70786516853933,0.09461721247715445,0.9195753693944188,30.996922563856813,3243.953791139996,0.955529103050627,3247.3707512660408,0.2537000060361905,0 days 07:15:00
658,CLOSED,2024-12-26 07:05:00+00:00,98000.0,99000.0,2025-01-06 02:05:00+00:00,33.70786516853933,0.09460981332422047,0.9195816586744125,30.997134562058854,3244.207491146032,0.9554609144653989,3251.504130713356,0.25370174117441735,10 days 19:00:00
659,CLOSED,2024-12-26 08:06:00+00:00,97000.0,98000.0,2025-01-03 16:22:00+00:00,33.70786516853933,0.10320273350529964,0.9122776765204953,30.750932916421192,3240.7285348017776,0.9488895038936702,3248.0872083885542,0.2549150892394678,8 days 08:16:00
660,CLOSED,2024-12-26 08:32:00+00:00,96000.0,97000.0,2024-12-27 09:05:00+00:00,33.70786516853933,0.11165122960937399,0.9050964548320322,30.508869264001085,3236.933121752122,0.9425239297958344,3241.2422501107203,0.2561782081989925,1 days 00:33:00
661,CLOSED,2024-12-27 07:39:00+00:00,95000.0,96000.0,2024-12-27 08:11:00+00:00,33.70786516853933,0.11995834053309584,0.8980354105468685,30.270856535287706,3232.8204678453408,0.9363605816150713,3237.1906639808362,0.25749219034463167,0 days 00:32:00
662,CLOSED,2024-12-27 14:33:00+00:00,96000.0,97000.0,2025-01-02 14:31:00+00:00,33.70786516853933,0.11163351443587667,0.9051115127295049,30.509376833578816,3237.4467921506657,0.9423900620560054,3244.353342627475,0.2561824701814359,5 days 23:58:00
663,CLOSED,2024-12-27 15:17:00+00:00,95000.0,96000.0,2024-12-31 13:28:00+00:00,33.70786516853933,0.11993943850457675,0.8980514772711098,30.27139811026213,3233.334132454419,0.9362285761441907,3239.5250485274264,0.25749679712957985,3 days 22:11:00
664,CLOSED,2024-12-27 17:04:00+00:00,94000.0,95000.0,2024-12-28 14:15:00+00:00,33.70786516853933,0.12810693910943194,0.8911091017569829,30.03738545248257,3228.903383087294,0.9302658484554136,3233.593050777952,0.2588631464694551,0 days 21:11:00
665,CLOSED,2024-12-29 16:20:00+00:00,94000.0,95000.0,2024-12-30 20:24:00+00:00,33.70786516853933,0.12809666952159035,0.8911178309066482,30.037679693482527,3229.162246233763,0.9302003864474779,3234.3739619831604,0.2588656822477873,1 days 04:04:00
666,CLOSED,2024-12-30 13:49:00+00:00,93000.0,94000.0,2024-12-30 17:44:00+00:00,33.70786516853933,0.13612801180066914,0.8842911899694312,29.807568201216785,3224.4125003508652,0.9244340852162454,3229.6843517315638,0.2602854547397726,0 days 03:55:00
667,CLOSED,2024-12-30 14:59:00+00:00,92000.0,93000.0,2024-12-30 17:36:00+00:00,33.70786516853933,0.1440265153727378,0.8775774619331729,29.581262761792345,3219.3427936049115,0.9188602972182482,3224.6743254492394,0.2617597711471298,0 days 02:37:00
668,CLOSED,2024-12-30 21:11:00+00:00,94000.0,95000.0,2024-12-31 13:12:00+00:00,33.70786516853933,0.1280656992903329,0.891144155603217,30.03856704280507,3229.9431571418977,0.9300029623241267,3235.1548983265516,0.2588733294525625,0 days 16:01:00
669,CLOSED,2024-12-30 21:40:00+00:00,93000.0,94000.0,2024-12-31 08:29:00+00:00,33.70786516853933,0.1360953237103303,0.8843189748462192,29.80850477009728,3225.1934009412043,0.9242392955845159,3230.465279590201,0.26029363304051145,0 days 10:49:00
670,CLOSED,2024-12-30 21:54:00+00:00,92000.0,93000.0,2024-12-30 22:42:00+00:00,33.70786516853933,0.14399214579965638,0.8776066760702921,29.582247507987375,3220.1236737676722,0.9186680545525439,3225.4552348113225,0.26176848500564986,0 days 00:48:00
671,CLOSED,2024-12-31 15:08:00+00:00,95000.0,96000.0,2025-01-02 04:47:00+00:00,33.70786516853933,0.11986239766077426,0.8981169619883419,30.27360546028119,3235.412338753651,0.935695432006148,3240.301753990778,0.25751557345296305,1 days 13:39:00
672,CLOSED,2024-12-31 17:35:00+00:00,94000.0,95000.0,2025-01-01 21:21:00+00:00,33.70786516853933,0.12802521550452575,0.8911785668211532,30.039726971499547,3230.981563967148,0.9297399683895252,3235.9315817489714,0.2588833257550789,1 days 03:46:00
673,CLOSED,2025-01-01 09:26:00+00:00,93000.0,94000.0,2025-01-01 13:58:00+00:00,33.70786516853933,0.13605254558148946,0.8843553362557339,29.809730435586538,3226.2317710671705,0.9239798176597245,3231.2419287108714,0.26030433578878487,0 days 04:32:00
674,CLOSED,2025-01-07 11:37:00+00:00,101000.0,102000.0,2025-01-17 02:15:00+00:00,33.70786516853933,0.06783623469051675,0.9423392005130607,31.764242713923398,3257.6403143520974,0.9750690576237203,3268.122783002369,0.25037205102018945,9 days 14:38:00
675,CLOSED,2025-01-07 14:57:00+00:00,100000.0,101000.0,2025-01-17 01:38:00+00:00,33.70786516853933,0.0768688755423946,0.9346614557889645,31.5054423299651,3255.1063864324237,0.9678775004492209,3265.6524080016666,0.25144525028987275,9 days 10:41:00
676,CLOSED,2025-01-07 15:07:00+00:00,99000.0,100000.0,2025-01-15 20:03:00+00:00,33.70786516853933,0.08574762624273807,0.9271145176936726,31.251051158213684,3252.257977944258,0.9609032054083045,3262.3606484816182,0.252565313451381,8 days 04:56:00
677,CLOSED,2025-01-07 15:35:00+00:00,98000.0,99000.0,2025-01-15 13:48:00+00:00,33.70786516853933,0.09447584540762463,0.9196955314035191,31.00097296865795,3249.0944723310313,0.954141938089495,3259.259679911668,0.2537331573182442,7 days 22:13:00
678,CLOSED,2025-01-07 17:38:00+00:00,97000.0,98000.0,2025-01-15 13:30:00+00:00,33.70786516853933,0.10305677787580586,0.912401738805565,30.75511479119882,3245.6151966735893,0.9475896841597102,3255.842446332847,0.254949755601789,7 days 19:52:00
679,CLOSED,2025-01-08 06:32:00+00:00,96000.0,97000.0,2025-01-14 09:47:00+00:00,33.70786516853933,0.11149355854918852,0.9052304752331898,30.51338680561314,3241.8194208982795,0.9412426432178678,3251.5956928957403,0.25621614129004655,6 days 03:15:00
680,CLOSED,2025-01-08 11:34:00+00:00,95000.0,96000.0,2025-01-08 15:06:00+00:00,33.70786516853933,0.11978921603183035,0.8981791663729441,30.275702237290254,3237.706356919509,0.9350972231495336,3242.0770047201318,0.2575334092120549,0 days 03:32:00
681,CLOSED,2025-01-08 15:15:00+00:00,95000.0,96000.0,2025-01-14 09:24:00+00:00,33.70786516853933,0.11977968852434835,0.8981872647543039,30.27597521643721,3237.963890328721,0.9350312802087353,3247.5437063787986,0.25753573124739404,5 days 18:09:00
682,CLOSED,2025-01-08 17:09:00+00:00,94000.0,95000.0,2025-01-08 18:28:00+00:00,33.70786516853933,0.1279365693880942,0.8912539160201199,30.042266832138875,3233.532687980053,0.9290849894239324,3238.4831790388716,0.2589052143551207,0 days 01:19:00
683,CLOSED,2025-01-08 17:29:00+00:00,93000.0,94000.0,2025-01-08 17:57:00+00:00,33.70786516853933,0.13595809145421373,0.8844356222639184,29.81243670552534,3228.7824403550326,0.9233337103458481,3233.7930765482233,0.2603279674616843,0 days 00:28:00
684,CLOSED,2025-01-08 18:53:00+00:00,94000.0,95000.0,2025-01-08 22:38:00+00:00,33.70786516853933,0.12791602892875295,0.89127137541056,30.042855350917755,3234.05192116187,0.9289540206307052,3238.742089919285,0.258910286228744,0 days 03:45:00
685,CLOSED,2025-01-09 02:07:00+00:00,94000.0,95000.0,2025-01-10 07:47:00+00:00,33.70786516853933,0.12790578910413833,0.8912800792614824,30.043148739151096,3234.3108314480987,0.9288887279179617,3240.045314471471,0.2589128146579007,1 days 05:40:00
686,CLOSED,2025-01-09 08:07:00+00:00,93000.0,94000.0,2025-01-09 15:48:00+00:00,33.70786516853933,0.1359256034882131,0.8844632370350188,29.813367540506256,3229.5605735685635,0.9231400638373355,3234.8330421515934,0.2603360956928995,0 days 07:41:00
687,CLOSED,2025-01-09 13:53:00+00:00,92000.0,93000.0,2025-01-09 15:15:00+00:00,33.70786516853933,0.143812824388817,0.8777590992695056,29.587385368635022,3224.49029219955,0.9175833290678732,3229.822453228516,0.26181394909682254,0 days 01:22:00
688,CLOSED,2025-01-09 17:48:00+00:00,93000.0,94000.0,2025-01-10 05:33:00+00:00,33.70786516853933,0.1359036308125814,0.8844819138093059,29.813997094695704,3230.0827236133537,0.9230103265387604,3235.3552041838057,0.2603415930819324,0 days 11:45:00
689,CLOSED,2025-01-09 19:58:00+00:00,92000.0,93000.0,2025-01-10 01:41:00+00:00,33.70786516853933,0.14378973342433093,0.8777787265893187,29.5880469636849,3225.012434852155,0.9174552830845537,3230.344609166216,0.2618198034435544,0 days 05:43:00
690,CLOSED,2025-01-10 13:30:00+00:00,94000.0,95000.0,2025-01-10 17:54:00+00:00,33.70786516853933,0.12785427185765277,0.8913238689209951,30.044624795089725,3235.6140557040717,0.9285602138525757,3240.824943636269,0.2589255353550861,0 days 04:24:00
691,CLOSED,2025-01-10 13:37:00+00:00,93000.0,94000.0,2025-01-10 14:08:00+00:00,33.70786516853933,0.13587122783834477,0.884509456337407,29.814925494519336,3230.86378066146,0.9228159253565087,3235.8744661599007,0.26034970004888436,0 days 00:31:00
692,CLOSED,2025-01-10 15:09:00+00:00,93000.0,94000.0,2025-01-10 15:39:00+00:00,33.70786516853933,0.13586027993539032,0.8845187620549182,29.8152391703905,3231.1241303615093,0.9227512768769633,3236.1348189157598,0.2603524391272991,0 days 00:30:00
693,CLOSED,2025-01-11 04:32:00+00:00,94000.0,95000.0,2025-01-11 21:54:00+00:00,33.70786516853933,0.12782347253643322,0.8913500483440318,30.045507247551633,3236.393683378603,0.9283637958465518,3241.083877667576,0.2589331403585682,0 days 17:22:00
694,CLOSED,2025-01-12 09:25:00+00:00,94000.0,95000.0,2025-01-12 15:19:00+00:00,33.70786516853933,0.1278132466218613,0.8913587403714179,30.045800237238808,3236.6526165189616,0.9282985787196786,3241.3428136287393,0.258935665353043,0 days 05:54:00
695,CLOSED,2025-01-12 22:13:00+00:00,94000.0,95000.0,2025-01-13 00:27:00+00:00,33.70786516853933,0.12780302224361637,0.891367431092926,30.046093182907622,3236.9115521843146,0.9282333699427804,3241.601752114474,0.2589381899681733,0 days 02:14:00
696,CLOSED,2025-01-13 02:47:00+00:00,94000.0,95000.0,2025-01-14 01:11:00+00:00,33.70786516853933,0.1277927994013686,0.8913761205088367,30.046386084567533,3237.170490374283,0.928168169514407,3243.173115667808,0.25894071420401943,0 days 22:24:00
697,CLOSED,2025-01-13 08:22:00+00:00,93000.0,94000.0,2025-01-13 21:31:00+00:00,33.70786516853933,0.13580634422648513,0.8845646074074877,29.81678451935352,3232.420194851997,0.9224291002401295,3238.4829737893174,0.2603659334135493,0 days 13:09:00
698,CLOSED,2025-01-13 10:28:00+00:00,92000.0,93000.0,2025-01-13 15:21:00+00:00,33.70786516853933,0.14368742820882546,0.8778656860224984,29.590978180533654,3227.3498389556335,0.9168816415052562,3233.210462725344,0.26184574130353155,0 days 04:53:00
699,CLOSED,2025-01-13 11:42:00+00:00,91000.0,92000.0,2025-01-13 14:52:00+00:00,33.70786516853933,0.15143868044769504,0.8712771216194592,29.368891739981773,3221.958389439496,0.9115229990630294,3227.878266122574,0.2633815120644556,0 days 03:10:00
700,CLOSED,2025-01-13 14:34:00+00:00,90000.0,91000.0,2025-01-13 14:43:00+00:00,33.70786516853933,0.15906263942685125,0.8647967564871765,29.150452465859882,3216.244749670807,0.9063505651690072,3222.223440117661,0.2649746978694232,0 days 00:09:00
701,CLOSED,2025-01-13 15:30:00+00:00,92000.0,93000.0,2025-01-13 20:45:00+00:00,33.70786516853933,0.143652255606429,0.8778955827345354,29.591985934871982,3228.140040906871,0.9166884199533921,3233.4723184017907,0.26185465875736824,0 days 05:15:00
702,CLOSED,2025-01-14 12:24:00+00:00,96000.0,97000.0,2025-01-14 13:30:00+00:00,33.70786516853933,0.11128825594969709,0.9054049824427575,30.519269071104187,3247.7998718318713,0.9396905682458281,3251.85196436709,0.2562655337542701,0 days 01:06:00
703,CLOSED,2025-01-14 16:02:00+00:00,96000.0,97000.0,2025-01-14 19:26:00+00:00,33.70786516853933,0.11127947551515242,0.9054124458121204,30.519520645352376,3248.056137365625,0.9396241738021683,3252.1082322672146,0.2562676461839253,0 days 03:24:00
704,CLOSED,2025-01-16 08:47:00+00:00,99000.0,100000.0,2025-01-16 17:33:00+00:00,33.70786516853933,0.08555678995705171,0.927276728536506,31.256518939432787,3259.5122102841597,0.9589324083773838,3262.867045624942,0.25260950306505237,0 days 08:46:00
705,CLOSED,2025-01-16 14:45:00+00:00,98000.0,99000.0,2025-01-16 15:57:00+00:00,33.70786516853933,0.09426704194718409,0.9198730143448935,31.006955539715516,3256.3486440282686,0.9522001151989161,3259.7660279176825,0.2537821227698984,0 days 01:12:00
706,CLOSED,2025-01-17 02:49:00+00:00,101000.0,102000.0,2025-01-17 08:31:00+00:00,33.70786516853933,0.0676646150965335,0.9424850771679465,31.769159904537524,3265.9027556191436,0.9727527817500735,3268.373198772569,0.25041080929032233,0 days 05:42:00
707,CLOSED,2025-01-18 03:37:00+00:00,104000.0,105000.0,2025-01-19 02:24:00+00:00,33.70786516853933,0.03967315119368809,0.9662778214853651,32.5711625219786,3272.618578935445,0.9952630206167724,3274.395685242956,0.24744844581180558,0 days 22:47:00
708,CLOSED,2025-01-18 04:19:00+00:00,103000.0,104000.0,2025-01-18 12:21:00+00:00,33.70786516853933,0.049162697098480757,0.9582117074662914,32.2992710381896,3271.0247223590686,0.9874358581703201,3272.8669800724397,0.24839205617897875,0 days 08:02:00
709,CLOSED,2025-01-19 09:14:00+00:00,104000.0,105000.0,2025-01-19 09:51:00+00:00,33.70786516853933,0.039667141151666155,0.9662829300210838,32.571334719811816,3273.1144194374356,0.9951175102949806,3274.643135170663,0.24744975402689562,0 days 00:37:00
710,CLOSED,2025-01-19 21:26:00+00:00,105000.0,106000.0,2025-01-20 06:48:00+00:00,33.70786516853933,0.030008641678555215,0.9744926545732281,32.84806700808634,3274.8896246199597,1.0030282169249674,3278.3531897913426,0.24655008283309598,0 days 09:22:00
711,CLOSED,2025-01-19 21:47:00+00:00,104000.0,105000.0,2025-01-20 06:45:00+00:00,33.70786516853933,0.03966318453977574,0.9662862931411906,32.57144808341092,3273.6082983793985,0.9949708430155018,3277.1375633682383,0.24745061526868284,0 days 08:58:00
712,CLOSED,2025-01-19 22:08:00+00:00,103000.0,104000.0,2025-01-19 22:14:00+00:00,33.70786516853933,0.04914992303488595,0.9582225654203469,32.29963703664091,3272.0143749439603,0.9871483843097146,3273.8567024146632,0.24839487082788025,0 days 00:06:00
713,CLOSED,2025-01-19 22:43:00+00:00,103000.0,104000.0,2025-01-20 06:43:00+00:00,33.70786516853933,0.04914619210322115,0.958225736712262,32.29974393412119,3272.262769814788,0.9870767174345652,3275.608792101231,0.24839569290478636,0 days 08:00:00
714,CLOSED,2025-01-19 22:48:00+00:00,102000.0,103000.0,2025-01-19 22:54:00+00:00,33.70786516853933,0.05846827684370701,0.950301964682849,32.032650494927495,3270.355841926313,0.9794851705207573,3272.5121689678535,0.24938454760758333,0 days 00:06:00
715,CLOSED,2025-01-19 23:01:00+00:00,102000.0,103000.0,2025-01-20 06:37:00+00:00,33.70786516853933,0.05846381862152474,0.9503057541717039,32.03277823050688,3270.6052264739205,0.9794143900712164,3273.7664784349404,0.24938554207039942,0 days 07:36:00
716,CLOSED,2025-01-19 23:12:00+00:00,101000.0,102000.0,2025-01-20 02:34:00+00:00,33.70786516853933,0.06762497886952358,0.942518767960905,31.77029554924399,3268.3848327525975,0.9720488000945531,3271.6101702599253,0.2504197606667731,0 days 03:22:00
717,CLOSED,2025-01-19 23:32:00+00:00,100000.0,101000.0,2025-01-19 23:34:00+00:00,33.70786516853933,0.07662946601636021,0.9348649538860938,31.512301816385186,3265.850458689661,0.9649033908621979,3268.636358050377,0.2514999959195876,0 days 00:02:00
718,CLOSED,2025-01-19 23:39:00+00:00,100000.0,101000.0,2025-01-19 23:43:00+00:00,33.70786516853933,0.07662356530945204,0.9348699694869658,31.512470881583116,3266.1019586855805,0.9648342666640171,3268.8878595661927,0.2515013452306256,0 days 00:04:00
719,CLOSED,2025-01-20 00:39:00+00:00,100000.0,101000.0,2025-01-20 02:02:00+00:00,33.70786516853933,0.07661766547956911,0.9348749843423663,31.5126399216528,3266.3534600308108,0.9647651519427277,3269.139362431093,0.2515026943411094,0 days 01:23:00
720,CLOSED,2025-01-20 06:56:00+00:00,109000.0,110000.0,2025-05-21 23:25:00+00:00,33.70786516853933,0.0,1.0,33.70786516853933,3280.0904938680887,1.0276504636550101,3375.3916107712835,0.24124626327182597,121 days 16:29:00
721,CLOSED,2025-01-20 06:56:00+00:00,108000.0,109000.0,2025-01-20 07:04:00+00:00,33.70786516853933,0.010173105256495785,0.9913528605319786,33.416388557257704,3279.7478487799535,1.0188706601237165,3280.5752518662634,0.2419931318345192,0 days 00:08:00
722,CLOSED,2025-01-20 06:58:00+00:00,107000.0,108000.0,2025-01-20 07:00:00+00:00,33.70786516853933,0.02016718799775816,0.9828578902019056,33.13004124276087,3279.096393574275,1.0103405714965432,3279.990619277271,0.2427806577455982,0 days 00:02:00
723,CLOSED,2025-01-20 07:22:00+00:00,108000.0,109000.0,2025-01-20 09:06:00+00:00,33.70786516853933,0.010171601809833782,0.9913541384616413,33.41643163353847,3280.2326225695338,1.018721398098958,3281.0600266343977,0.24199344378217802,0 days 01:44:00
724,CLOSED,2025-01-20 07:59:00+00:00,107000.0,108000.0,2025-01-20 08:14:00+00:00,33.70786516853933,0.02016421997226891,0.9828604130235714,33.13012628169342,3279.581166922323,1.010193820352491,3280.4753937326973,0.2427812809204326,0 days 00:15:00
725,CLOSED,2025-01-20 09:27:00+00:00,108000.0,109000.0,2025-05-21 14:59:00+00:00,33.70786516853933,0.01017009880458523,0.9913554160161026,33.416474697172,3280.7173972942364,1.018572179509645,3374.6314146207073,0.24199375563824077,121 days 05:32:00
726,CLOSED,2025-01-20 12:16:00+00:00,107000.0,108000.0,2025-01-20 13:36:00+00:00,33.70786516853933,0.020161252814526187,0.9828629351076528,33.13021129576358,3280.065941205624,1.01004711154027,3281.2037803764006,0.24278190391306964,0 days 01:20:00
727,CLOSED,2025-01-20 12:18:00+00:00,106000.0,107000.0,2025-01-20 12:30:00+00:00,33.70786516853933,0.029977676246673735,0.9745189751903274,32.84895421989868,3279.105452865604,1.0017657160489315,3280.309547938841,0.24361125334850442,0 days 00:12:00
728,CLOSED,2025-01-20 15:17:00+00:00,107000.0,108000.0,2025-05-21 14:49:00+00:00,33.70786516853933,0.020158263593684292,0.9828654759453683,33.13029694197871,3280.5523343628856,1.009899966994824,3374.046781492751,0.24278253153813978,120 days 23:32:00
729,CLOSED,2025-01-20 15:45:00+00:00,106000.0,107000.0,2025-01-20 16:43:00+00:00,33.70786516853933,0.02997325613898793,0.9745227322818603,32.84908086343349,3279.5918451375883,1.0016210069596445,3281.2858232319077,0.2436121925501098,0 days 00:58:00
730,CLOSED,2025-01-20 15:56:00+00:00,105000.0,106000.0,2025-01-20 16:38:00+00:00,33.70786516853933,0.03961762456075418,0.966325019123359,32.57275345359637,3278.3220500360817,0.9935800374840497,3280.0817272984473,0.24448364222190833,0 days 00:42:00
731,CLOSED,2025-01-20 16:13:00+00:00,104000.0,105000.0,2025-01-20 16:15:00+00:00,33.70786516853933,0.049095299443927515,0.9582689954726616,32.301202094584106,3276.742624779126,0.9857717188502537,3278.5674539737306,0.24539751231674245,0 days 00:02:00
732,CLOSED,2025-01-20 17:04:00+00:00,106000.0,107000.0,2025-01-21 18:36:00+00:00,33.70786516853933,0.029966554003772666,0.9745284290967933,32.849272890903144,3280.3253384846776,1.0014028945701352,3286.4603019037468,0.24361361664574588,1 days 01:32:00
733,CLOSED,2025-01-20 17:04:00+00:00,105000.0,106000.0,2025-01-21 16:11:00+00:00,33.70786516853933,0.03960882045277302,0.9663325026151429,32.57300570612841,3279.055541381375,0.9933654765849531,3285.011706722954,0.244485535571755,0 days 23:07:00
734,CLOSED,2025-01-20 17:05:00+00:00,104000.0,105000.0,2025-01-20 17:09:00+00:00,33.70786516853933,0.049084445683052376,0.9582782211694055,32.30151307312603,3277.476111662396,0.9855605951843877,3279.794663625068,0.24539987487156623,0 days 00:04:00
735,CLOSED,2025-01-20 17:06:00+00:00,103000.0,104000.0,2025-01-20 17:08:00+00:00,33.70786516853933,0.058397225067943516,0.950362358692248,32.034686248053305,3275.5866725556643,0.9779831660830192,3277.9698393883264,0.24635731180415377,0 days 00:02:00
736,CLOSED,2025-01-20 17:06:00+00:00,102000.0,103000.0,2025-01-20 17:07:00+00:00,33.70786516853933,0.06755082567787965,0.9425817981738023,31.772420163161875,3273.3867949207893,0.9706283477547515,3275.8340482702633,0.24735857028262132,0 days 00:01:00
737,CLOSED,2025-01-20 17:14:00+00:00,104000.0,105000.0,2025-01-20 17:21:00+00:00,33.70786516853933,0.04907337896390515,0.9582876278806807,32.30183015328137,3278.2152274193545,0.9853480602220774,3280.040066228658,0.24540228378133122,0 days 00:07:00
738,CLOSED,2025-01-20 17:33:00+00:00,104000.0,105000.0,2025-01-21 14:22:00+00:00,33.70786516853933,0.04906970567920516,0.9582907501726756,32.30193539907896,3278.4606297031355,0.98527751428279,3283.005644494298,0.24540308335085825,0 days 20:49:00
739,CLOSED,2025-01-20 17:37:00+00:00,103000.0,104000.0,2025-01-20 17:52:00+00:00,33.70786516853933,0.058379805939855416,0.9503771649511229,32.03518533543111,3276.5711861173127,0.9777045428209458,3279.4511861751735,0.24636114995083602,0 days 00:15:00
740,CLOSED,2025-01-20 17:39:00+00:00,102000.0,103000.0,2025-01-20 17:50:00+00:00,33.70786516853933,0.06753079235681639,0.9425988264967061,31.772994151574366,3274.3712990859212,0.9703540389706007,3277.3153867387173,0.24736303896811762,0 days 00:11:00
741,CLOSED,2025-01-20 17:42:00+00:00,101000.0,102000.0,2025-01-20 17:43:00+00:00,33.70786516853933,0.07652620588585016,0.9349527249970273,31.515260393158226,3271.860485802994,0.9632214004816779,3274.619731080216,0.24840952306449537,0 days 00:01:00
742,CLOSED,2025-01-20 17:44:00+00:00,101000.0,102000.0,2025-01-20 17:46:00+00:00,33.70786516853933,0.07652039622641824,0.9349576632075445,31.515426849692513,3272.1088953260582,0.9631533624907698,3274.86814208326,0.24841083510786177,0 days 00:02:00
743,CLOSED,2025-01-20 17:57:00+00:00,103000.0,104000.0,2025-01-20 18:10:00+00:00,33.70786516853933,0.05836216239773905,0.9503921619619218,32.035690852649054,3277.561730664404,0.9774244845772899,3279.697551722633,0.24636503754511097,0 days 00:13:00
744,CLOSED,2025-01-20 19:32:00+00:00,103000.0,104000.0,2025-01-20 20:23:00+00:00,33.70786516853933,0.05835777580892405,0.9503958905624146,32.035816535811726,3277.808095701949,0.9773548542338075,3279.9439178534994,0.24636600409012743,0 days 00:51:00
745,CLOSED,2025-01-20 21:48:00+00:00,103000.0,104000.0,2025-01-21 12:15:00+00:00,33.70786516853933,0.058353389862259165,0.9503996186170797,32.03594220057572,3278.054461706039,0.9772852335071592,3281.180817467669,0.2463669704936322,0 days 14:27:00
746,CLOSED,2025-01-20 22:03:00+00:00,102000.0,103000.0,2025-01-20 22:16:00+00:00,33.70786516853933,0.06750044379905788,0.9426246227708008,31.7738636889034,3275.854566576925,0.9699412181812824,3278.30184885922,0.24736980859754354,0 days 00:13:00
747,CLOSED,2025-01-20 23:52:00+00:00,102000.0,103000.0,2025-01-21 03:21:00+00:00,33.70786516853933,0.06749534701874182,0.9426289550340694,31.774009720249534,3276.1019363855225,0.9698724379530557,3278.7976384912463,0.24737094549881178,0 days 03:29:00
748,CLOSED,2025-01-21 01:26:00+00:00,101000.0,102000.0,2025-01-21 02:10:00+00:00,33.70786516853933,0.07648628285686293,0.9349866595716665,31.516404255224714,3273.5911047995705,0.9627471252905405,3276.3503775344284,0.24841853921181212,0 days 00:44:00
749,CLOSED,2025-01-21 04:35:00+00:00,102000.0,103000.0,2025-01-21 10:27:00+00:00,33.70786516853933,0.0674851341436444,0.9426376359779023,31.774302336333786,3276.5977258702333,0.9697346148250418,3279.0450120100454,0.24737322360970992,0 days 05:52:00
750,CLOSED,2025-01-21 14:35:00+00:00,104000.0,105000.0,2025-01-21 16:09:00+00:00,33.70786516853933,0.04902535909383746,0.9583284447702382,32.30320600349118,3281.4262078626243,0.9844257940675147,3283.4974312096206,0.2454127363402776,0 days 01:34:00
751,CLOSED,2025-01-21 15:02:00+00:00,103000.0,104000.0,2025-01-21 15:41:00+00:00,33.70786516853933,0.058327398549688964,0.9504217112327644,32.03668689548644,3279.536750801064,0.976866226233358,3281.6725927290317,0.24637269744332002,0 days 00:39:00
752,CLOSED,2025-01-21 16:37:00+00:00,105000.0,106000.0,2025-01-21 17:46:00+00:00,33.70786516853933,0.03955229302736467,0.96638055092674,32.57462531213731,3283.7419085509587,0.9919971246008111,3285.2562060483137,0.24449769196425564,0 days 01:09:00
753,CLOSED,2025-01-21 20:43:00+00:00,106000.0,107000.0,2025-01-24 18:27:00+00:00,33.70786516853933,0.029919358357022766,0.9745685453965307,32.850625125725756,3285.4998169628716,0.999866898671539,3290.631892611444,0.24362364495951994,2 days 21:44:00
754,CLOSED,2025-01-22 08:02:00+00:00,105000.0,106000.0,2025-01-23 14:50:00+00:00,33.70786516853933,0.03954682226998203,0.9663852010705153,32.5747820585567,3284.2300057631583,0.9918544682130835,3286.7289123057244,0.24449886846706193,1 days 06:48:00
755,CLOSED,2025-01-22 13:53:00+00:00,104000.0,105000.0,2025-01-22 15:15:00+00:00,33.70786516853933,0.04900801320856482,0.9583431887727198,32.30370299233887,3282.650544622927,0.9840737706684385,3284.4754291943514,0.24541651204578585,0 days 01:22:00
756,CLOSED,2025-01-22 15:36:00+00:00,104000.0,105000.0,2025-01-23 14:40:00+00:00,33.70786516853933,0.049004349560430274,0.9583463028736343,32.30380796203262,3282.895961134973,0.9840034026196934,3285.21460775463,0.24541730951770546,0 days 23:04:00
757,CLOSED,2025-01-23 01:49:00+00:00,103000.0,104000.0,2025-01-23 14:34:00+00:00,33.70786516853933,0.05830238312067254,0.9504429743474283,32.0374036296886,3281.0064680442792,0.9764504868161763,3283.389734569836,0.24637820936592902,0 days 12:45:00
758,CLOSED,2025-01-23 04:18:00+00:00,102000.0,103000.0,2025-01-23 14:31:00+00:00,33.70786516853933,0.0674415951972491,0.9426746440823383,31.775549800528257,3278.806509646986,0.9691193947260214,3281.2538685638956,0.24738293552204382,0 days 10:13:00
759,CLOSED,2025-01-23 14:54:00+00:00,105000.0,106000.0,2025-01-23 16:10:00+00:00,33.70786516853933,0.03953202776060932,0.9663977764034821,32.575205946184795,3285.459099598077,0.9914963163038568,3287.4652172642727,0.24450205007070025,0 days 01:16:00
760,CLOSED,2025-01-23 15:07:00+00:00,104000.0,105000.0,2025-01-23 15:36:00+00:00,33.70786516853933,0.04898979822982387,0.9583586715046497,32.304224882179206,3283.87963400097,0.9837213443423568,3285.950909100699,0.24542047692821,0 days 00:29:00
761,CLOSED,2025-01-23 15:08:00+00:00,103000.0,104000.0,2025-01-23 15:21:00+00:00,33.70786516853933,0.05828516122757307,0.950457612956563,32.03789706595156,3281.9901324555294,0.9761728638099636,3284.1260283758065,0.24638200405367883,0 days 00:13:00
762,CLOSED,2025-01-23 17:00:00+00:00,105000.0,106000.0,2025-01-23 17:51:00+00:00,33.70786516853933,0.039523170219415864,0.9664053053134966,32.575459729668424,3286.195404129129,0.9912818844776277,3287.7097214751284,0.24450395491152221,0 days 00:51:00
763,CLOSED,2025-01-23 19:05:00+00:00,105000.0,106000.0,2025-01-23 20:20:00+00:00,33.70786516853933,0.03952022978183004,0.9664078046854445,32.57554397816105,3286.4399080840403,0.9912106987878031,3288.445074221309,0.24450458726145285,0 days 01:15:00
764,CLOSED,2025-01-23 19:49:00+00:00,104000.0,105000.0,2025-01-23 20:12:00+00:00,33.70786516853933,0.0489752725113688,0.9583710183653366,32.30464106849449,3284.8604389327684,0.9834402912712503,3286.68533882618,0.24542363876367546,0 days 00:23:00
765,CLOSED,2025-01-23 20:17:00+00:00,104000.0,105000.0,2025-01-23 20:20:00+00:00,33.70786516853933,0.0489716136674557,0.9583741283826627,32.304745900539196,3285.105862571532,0.9833700115603435,3286.930763367104,0.245424435189868,0 days 00:03:00
766,CLOSED,2025-01-23 20:30:00+00:00,105000.0,106000.0,2025-01-24 14:44:00+00:00,33.70786516853933,0.03951138896750265,0.9664153193776227,32.575797282391775,3287.1752607452545,0.990996667302927,3289.427785193785,0.2445064885051167,0 days 18:14:00
767,CLOSED,2025-01-23 20:49:00+00:00,104000.0,105000.0,2025-01-24 05:11:00+00:00,33.70786516853933,0.048964387628407456,0.9583802705158536,32.30495293873664,3285.5957889306696,0.9832296793042402,3287.913472138391,0.24542600809289183,0 days 08:22:00
768,CLOSED,2025-01-23 20:54:00+00:00,103000.0,104000.0,2025-01-23 22:21:00+00:00,33.70786516853933,0.05825509588280417,0.9504831684996164,32.03875848875112,3283.706274037488,0.9756889263228102,3285.8421900709923,0.2463886286793624,0 days 01:27:00
769,CLOSED,2025-01-24 02:47:00+00:00,103000.0,104000.0,2025-01-24 03:36:00+00:00,33.70786516853933,0.058250725115420315,0.9504868836518927,32.038883718603124,3283.9526626661673,0.9756195356540699,3286.0885797890496,0.24638959173825725,0 days 00:49:00
770,CLOSED,2025-01-24 19:09:00+00:00,106000.0,107000.0,2025-05-19 00:08:00+00:00,33.70786516853933,0.029881418009465775,0.974600794691954,32.851712180627665,3289.671406306942,0.9986320249993517,3371.435421712634,0.24363170667148637,114 days 04:59:00
771,CLOSED,2025-01-24 20:35:00+00:00,105000.0,106000.0,2025-01-30 14:52:00+00:00,33.70786516853933,0.03949698135877194,0.9664275658450439,32.5762100846644,3288.4015837751945,0.9906396543960373,3294.387996106749,0.24450958690461277,5 days 18:17:00
772,CLOSED,2025-01-26 23:01:00+00:00,104000.0,105000.0,2025-01-30 03:47:00+00:00,33.70786516853933,0.048946567527269995,0.9583954176018205,32.305463514668105,3286.8220973753087,0.9828783718007016,3292.8736693938267,0.2454298870216931,3 days 04:46:00
773,CLOSED,2025-01-26 23:17:00+00:00,103000.0,104000.0,2025-01-29 20:24:00+00:00,33.70786516853933,0.05823394700215049,0.9505011450481721,32.039364439826024,3284.932562894578,0.9753431410352594,3291.0487584524153,0.2463932886431479,2 days 21:07:00
774,CLOSED,2025-01-27 00:47:00+00:00,102000.0,103000.0,2025-01-28 04:28:00+00:00,33.70786516853933,0.06736276292786898,0.9427416515113114,31.777808477909375,3282.732543784035,0.9680291663748767,3287.4272948092375,0.24740052005621038,1 days 03:41:00
775,CLOSED,2025-01-27 02:02:00+00:00,101000.0,102000.0,2025-01-27 14:51:00+00:00,33.70786516853933,0.07633653567778273,0.9351139446738846,31.520694764288248,3280.2215506346556,0.9609318845609572,3283.982700256399,0.2484523578538571,0 days 12:49:00
776,CLOSED,2025-01-27 05:50:00+00:00,100000.0,101000.0,2025-01-27 13:08:00+00:00,33.70786516853933,0.08515866719361634,0.9276151328854261,31.267925827598635,3277.399040598302,0.9540469573668562,3280.973705842726,0.24954962870932107,0 days 07:18:00
777,CLOSED,2025-01-27 06:45:00+00:00,99000.0,100000.0,2025-01-27 12:54:00+00:00,33.70786516853933,0.09383244510378669,0.9202424216617813,31.01940747174544,3274.2644167518665,0.9473702646934449,3277.9016513242036,0.25069321129438293,0 days 06:09:00
778,CLOSED,2025-01-27 07:29:00+00:00,98000.0,99000.0,2025-01-27 07:42:00+00:00,33.70786516853933,0.10236104663084891,0.9129931103637784,30.77504866394759,3270.8170274029358,0.9408978981738796,3274.516339373438,0.2518840383500418,0 days 00:13:00
779,CLOSED,2025-01-27 13:53:00+00:00,100000.0,101000.0,2025-01-27 14:31:00+00:00,33.70786516853933,0.08513912870400775,0.9276317406015934,31.26848563825596,3278.1511674766557,0.953845141385739,3281.223260504133,0.24955409656377725,0 days 00:38:00
780,CLOSED,2025-01-27 15:19:00+00:00,101000.0,102000.0,2025-01-27 21:08:00+00:00,33.70786516853933,0.07630745395563186,0.935138664137713,31.52152800464201,3281.471683967427,0.9605911932334963,3284.7314184003308,0.24845892561932104,0 days 05:49:00
781,CLOSED,2025-01-27 16:38:00+00:00,100000.0,101000.0,2025-01-27 20:45:00+00:00,33.70786516853933,0.08512644820803512,0.9276425190231702,31.2688489558372,3278.6491648561782,0.9537113421895764,3281.9719707729946,0.2495569962050297,0 days 04:07:00
782,CLOSED,2025-01-27 18:50:00+00:00,99000.0,100000.0,2025-01-27 20:20:00+00:00,33.70786516853933,0.09379716161386266,0.9202724126282167,31.020418403198317,3275.514522622909,0.9470395624550102,3278.899899810888,0.2507013814585797,0 days 01:30:00
783,CLOSED,2025-01-27 21:43:00+00:00,101000.0,102000.0,2025-01-27 23:08:00+00:00,33.70786516853933,0.07629004722964723,0.9351534598547998,31.522026736678647,3282.22040127071,0.9603872648063154,3284.9798817602214,0.24846285672399304,0 days 01:25:00
784,CLOSED,2025-01-28 14:13:00+00:00,102000.0,103000.0,2025-01-28 15:01:00+00:00,33.70786516853933,0.06731160944123558,0.9427851319749497,31.77927411151516,3285.2272577968697,0.9673386836814112,3287.6747082182483,0.2474119304880098,0 days 00:48:00
785,CLOSED,2025-01-28 16:25:00+00:00,102000.0,103000.0,2025-01-28 17:10:00+00:00,33.70786516853933,0.06730654055563753,0.9427894405277081,31.77941934363061,3285.474669727358,0.9672702588897998,3287.9221214259246,0.24741306116700557,0 days 00:45:00
786,CLOSED,2025-01-28 19:05:00+00:00,102000.0,103000.0,2025-01-29 08:05:00+00:00,33.70786516853933,0.06730147241024488,0.9427937484512918,31.779564554537927,3285.722082788525,0.9672018434245437,3288.418003700035,0.24741419168090317,0 days 13:00:00
787,CLOSED,2025-01-28 21:37:00+00:00,101000.0,102000.0,2025-01-29 02:04:00+00:00,33.70786516853933,0.07626755671856016,0.9351725767892238,31.52267112772665,3283.211070683848,0.9601171063656565,3285.970574101918,0.24846793594183936,0 days 04:27:00
788,CLOSED,2025-01-29 13:05:00+00:00,102000.0,103000.0,2025-01-29 18:55:00+00:00,33.70786516853933,0.06729131678524153,0.9428023807325447,31.7798555303105,3286.217964916148,0.9670647494960488,3288.6654204505912,0.247416457021437,0 days 05:50:00
789,CLOSED,2025-01-29 19:03:00+00:00,102000.0,103000.0,2025-01-29 19:40:00+00:00,33.70786516853933,0.06728625086266049,0.9428066867667386,31.780000677530516,3286.4653813731693,0.9669963620384164,3288.912838184054,0.24741758703949301,0 days 00:37:00
790,CLOSED,2025-01-30 17:38:00+00:00,105000.0,106000.0,2025-01-31 15:55:00+00:00,33.70786516853933,0.039440411574093795,0.9664756501620203,32.577830904337766,3293.118171713937,0.9892700232917029,3294.8779645416535,0.24452175240661234,0 days 22:17:00
791,CLOSED,2025-01-31 03:05:00+00:00,104000.0,105000.0,2025-01-31 13:06:00+00:00,33.70786516853933,0.048876917372403544,0.958454620233457,32.30745910899293,3291.5386682722906,0.9815305960221614,3293.3636244205572,0.24544504787799326,0 days 10:01:00
792,CLOSED,2025-01-31 16:26:00+00:00,105000.0,106000.0,2025-05-18 23:50:00+00:00,33.70786516853933,0.03943454430286779,0.9664806373425624,32.57799901154705,3293.608138514222,0.9891279606274987,3370.2313062704698,0.24452301418089917,107 days 07:24:00
793,CLOSED,2025-01-31 18:29:00+00:00,104000.0,105000.0,2025-05-12 01:07:00+00:00,33.70786516853933,0.04886969336453837,0.9584607606401424,32.307666088993564,3292.028633305048,0.9813907984317295,3365.754394316501,0.24544662033888898,100 days 06:38:00
794,CLOSED,2025-01-31 18:45:00+00:00,103000.0,104000.0,2025-05-08 21:21:00+00:00,33.70786516853933,0.05814298960824995,0.9505784588329875,32.041970522460254,3290.139058443961,0.9738789137263454,3363.4360759598617,0.24641333027886247,97 days 02:36:00
795,CLOSED,2025-01-31 20:16:00+00:00,102000.0,103000.0,2025-05-08 21:18:00+00:00,33.70786516853933,0.06725806294885225,0.9428306464934756,31.780808308768844,3287.9389732730815,0.9665875360555019,3361.300093051981,0.24742387470998395,97 days 01:02:00
796,CLOSED,2025-02-01 20:47:00+00:00,101000.0,102000.0,2025-02-03 22:06:00+00:00,33.70786516853933,0.07621842103382268,0.9352143421212508,31.52407894790733,3285.427884288921,0.9595121262182328,3291.504240056752,0.24847903265927584,2 days 01:19:00
797,CLOSED,2025-02-02 03:10:00+00:00,100000.0,101000.0,2025-02-03 19:35:00+00:00,33.70786516853933,0.08502745355771513,0.9277266644759421,31.27168531941378,3282.605244560172,0.9526483688904176,3288.7446772247213,0.24957963325109134,1 days 16:25:00
798,CLOSED,2025-02-02 11:28:00+00:00,99000.0,100000.0,2025-02-03 19:00:00+00:00,33.70786516853933,0.09368843635676839,0.9203648290967469,31.023533565058887,3279.47045308871,0.9459921657729811,3285.6724630042672,0.2507265576303368,1 days 07:32:00
799,CLOSED,2025-02-02 17:17:00+00:00,98000.0,99000.0,2025-02-03 15:43:00+00:00,33.70786516853933,0.10220453529385318,0.9131261450002248,30.77953297753567,3276.0228541121187,0.9395396292458913,3282.2869500774755,0.2519207410382478,0 days 22:26:00
800,CLOSED,2025-02-02 18:44:00+00:00,97000.0,98000.0,2025-02-02 19:39:00+00:00,33.70786516853933,0.11057880994321774,0.9060080115482649,30.539595894885338,3272.261736345864,0.933287076509623,3276.276061336844,0.25316317505036423,0 days 00:55:00
801,CLOSED,2025-02-02 21:29:00+00:00,97000.0,98000.0,2025-02-02 22:59:00+00:00,33.70786516853933,0.1105702555184166,0.906015282809346,30.53984099357346,3272.5148995209147,0.9332223666283198,3276.5292267910595,0.253165206837636,0 days 01:30:00
802,CLOSED,2025-02-02 23:24:00+00:00,97000.0,98000.0,2025-02-03 15:25:00+00:00,33.70786516853933,0.11056170234842264,0.9060225530038407,30.54008605630924,3272.768064727752,0.9331576650803619,3278.587435921571,0.2531672383268706,0 days 16:01:00
803,CLOSED,2025-02-03 00:43:00+00:00,96000.0,97000.0,2025-02-03 15:17:00+00:00,33.70786516853933,0.11879596093817579,0.8990234332025506,30.3041606697489,3268.692655006664,0.9271033978472079,3274.5731554957197,0.2544593021187751,0 days 14:34:00
804,CLOSED,2025-02-03 01:35:00+00:00,95000.0,96000.0,2025-02-03 14:33:00+00:00,33.70786516853933,0.1268942343123566,0.8921399008344969,30.07213148880327,3264.3021285389927,0.9212422840977249,3270.2432914802794,0.2558017807113231,0 days 12:58:00
805,CLOSED,2025-02-03 01:44:00+00:00,94000.0,95000.0,2025-02-03 07:48:00+00:00,33.70786516853933,0.1348592824692455,0.8853696099011413,29.843919434869935,3259.5956018967413,0.9155712266117895,3265.596968216048,0.25719585015522384,0 days 06:04:00
806,CLOSED,2025-02-03 01:49:00+00:00,93000.0,94000.0,2025-02-03 02:12:00+00:00,33.70786516853933,0.14269377205371497,0.8787102937543423,29.619448104078955,3254.572132450422,0.9100873140512629,3260.3745993919565,0.25864275364122946,0 days 00:23:00
807,CLOSED,2025-02-03 01:55:00+00:00,92000.0,93000.0,2025-02-03 01:56:00+00:00,33.70786516853933,0.1504002791585721,0.8721597627152138,29.39864368702968,3249.2307172748315,0.9047878173356267,3254.832345283015,0.2601438047293989,0 days 00:01:00
808,CLOSED,2025-02-03 02:07:00+00:00,92000.0,93000.0,2025-02-03 02:08:00+00:00,33.70786516853933,0.1503882385951345,0.8721699971941357,29.39898866946525,3249.490861079561,0.9047259994354372,3255.0924924888213,0.2601468574227255,0 days 00:01:00
809,CLOSED,2025-02-03 04:34:00+00:00,93000.0,94000.0,2025-02-03 05:56:00+00:00,33.70786516853933,0.1426596285942142,0.8787393156949179,29.62042637173881,3255.3510658662153,0.909899601377006,3260.633251675818,0.25865129606377124,0 days 01:22:00
810,CLOSED,2025-02-04 00:55:00+00:00,101000.0,102000.0,2025-05-08 20:39:00+00:00,33.70786516853933,0.07613580085219598,0.9352845692756334,31.526446155358432,3288.9931275185577,0.9585439960813827,3358.852591626727,0.24849769145716039,93 days 19:44:00
811,CLOSED,2025-02-04 05:01:00+00:00,100000.0,101000.0,2025-05-08 15:40:00+00:00,33.70786516853933,0.0849359184597976,0.927804469309172,31.274307954241756,3286.170462008341,0.9516946340978454,3356.0930080266485,0.2496005645258812,93 days 10:39:00
812,CLOSED,2025-02-04 05:16:00+00:00,99000.0,100000.0,2025-02-04 14:33:00+00:00,33.70786516853933,0.09358819287224546,0.9204500360585913,31.02640570984016,3283.035618299862,0.9450523636386057,3286.6731921782853,0.25074976978225294,0 days 09:17:00
813,CLOSED,2025-02-04 08:43:00+00:00,98000.0,99000.0,2025-02-04 11:04:00+00:00,33.70786516853933,0.10209578223267507,0.9132185851022262,30.7826489360301,3279.5879378541927,0.9386133111640523,3283.2876037991664,0.2519462441728635,0 days 02:21:00
814,CLOSED,2025-02-04 15:16:00+00:00,99000.0,100000.0,2025-02-04 19:15:00+00:00,33.70786516853933,0.09357386491045344,0.9204622148261146,31.02681623009375,3283.538314313817,0.9449201824397664,3286.9239456800697,0.25075308753230274,0 days 03:59:00
815,CLOSED,2025-02-04 19:52:00+00:00,99000.0,100000.0,2025-02-07 14:45:00+00:00,33.70786516853933,0.09356671952594273,0.9204682884029487,31.02702095740277,3283.7890674013497,0.9448542619686662,3289.1966350964885,0.2507547421011971,2 days 18:53:00
816,CLOSED,2025-02-04 20:25:00+00:00,98000.0,99000.0,2025-02-04 20:54:00+00:00,33.70786516853933,0.10207251792997876,0.9132383597595181,30.783315497511847,3280.341380132025,0.9384180464861527,3284.0410584136907,0.2519516997677407,0 days 00:29:00
817,CLOSED,2025-02-04 21:01:00+00:00,98000.0,99000.0,2025-02-05 14:41:00+00:00,33.70786516853933,0.10206467869427024,0.9132450231098703,30.783540104827093,3280.5933318317925,0.938352821915858,3284.546211101552,0.2519535381075748,0 days 17:40:00
818,CLOSED,2025-02-04 21:32:00+00:00,97000.0,98000.0,2025-02-04 23:52:00+00:00,33.70786516853933,0.11042830016834147,0.9061359448569097,30.5439082536037,3276.8320844049053,0.9321169796575243,3280.8465751498816,0.2531989230815057,0 days 02:20:00
819,CLOSED,2025-02-05 15:04:00+00:00,98000.0,99000.0,2025-02-06 10:50:00+00:00,33.70786516853933,0.10204896498622712,0.913258379761707,30.783990329046304,3281.098484292982,0.9382220764299827,3285.0513717124218,0.2519572230503826,0 days 19:46:00
820,CLOSED,2025-02-05 18:13:00+00:00,97000.0,98000.0,2025-02-06 06:16:00+00:00,33.70786516853933,0.11041141530642322,0.9061502969895403,30.544392033355294,3277.3372318263396,0.9319880705817395,3281.351731659499,0.25320293345605194,0 days 12:03:00
821,CLOSED,2025-02-06 14:31:00+00:00,98000.0,99000.0,2025-02-07 14:06:00+00:00,33.70786516853933,0.10203325587668521,0.9132717325048175,30.784440421510705,3281.603644449488,0.9380913649818612,3285.8110423169187,0.2519609069148281,0 days 23:35:00
822,CLOSED,2025-02-06 15:45:00+00:00,97000.0,98000.0,2025-02-07 12:47:00+00:00,33.70786516853933,0.11039453534978204,0.9061646449526852,30.544875672562426,3277.842386944566,0.931859194762405,3282.1113981639446,0.25320694266552835,0 days 21:02:00
823,CLOSED,2025-02-06 18:31:00+00:00,96000.0,97000.0,2025-02-06 20:47:00+00:00,33.70786516853933,0.11861723493864414,0.8991753503021525,30.309281470859073,3273.766788274528,0.9258228649461584,3278.096938747729,0.2545023006855729,0 days 02:16:00
824,CLOSED,2025-02-07 15:02:00+00:00,99000.0,100000.0,2025-05-08 15:21:00+00:00,33.70786516853933,0.09350200739037863,0.9205232937181782,31.028875069152075,3286.0617566111796,0.9442572102221005,3353.020749581876,0.25076972669523556,90 days 00:19:00
825,CLOSED,2025-02-07 15:19:00+00:00,98000.0,99000.0,2025-02-07 15:51:00+00:00,33.70786516853933,0.10200240811513663,0.9132979531021339,30.785324261869686,3282.6140487780704,0.9378295408602575,3286.3137642377424,0.25196814086858055,0 days 00:32:00
826,CLOSED,2025-02-07 15:57:00+00:00,98000.0,99000.0,2025-02-21 13:01:00+00:00,33.70786516853933,0.10199457917633607,0.9133046077001143,30.78554857416116,3282.866016918939,0.9377643929268322,3291.1476200724283,0.2519699767937347,13 days 21:04:00
827,CLOSED,2025-02-07 19:40:00+00:00,97000.0,98000.0,2025-02-10 13:55:00+00:00,33.70786516853933,0.11035292490661087,0.9062000138293808,30.54606788188924,3279.104728299819,0.9315368191282823,3284.13868819586,0.253216825687538,2 days 18:15:00
828,CLOSED,2025-02-07 20:37:00+00:00,96000.0,97000.0,2025-02-09 02:00:00+00:00,33.70786516853933,0.11857275564969146,0.8992131576977622,30.31055587745266,3275.029086152999,0.9255049369059756,3279.359290898159,0.2545130016786139,1 days 05:23:00
829,CLOSED,2025-02-09 13:48:00+00:00,96000.0,97000.0,2025-02-10 00:06:00+00:00,33.70786516853933,0.11856354169705374,0.8992209895575043,30.310819872724867,3275.283599154677,0.9254410787678915,3279.8696683853536,0.25451521840566826,0 days 10:18:00
830,CLOSED,2025-02-09 21:44:00+00:00,95000.0,96000.0,2025-02-09 22:41:00+00:00,33.70786516853933,0.1266471399936393,0.8923499310054066,30.079211157485616,3270.892770286566,0.9196024837845831,3275.5395157757134,0.25586200231073164,0 days 00:57:00
831,CLOSED,2025-02-10 01:41:00+00:00,96000.0,97000.0,2025-02-10 03:36:00+00:00,33.70786516853933,0.11854506918891494,0.8992366911894223,30.311349141216485,3275.7939763753934,0.9253130495940237,3280.124188582191,0.2545196625904893,0 days 01:55:00
832,CLOSED,2025-02-10 15:26:00+00:00,97000.0,98000.0,2025-02-11 00:42:00+00:00,33.70786516853933,0.11031011334420861,0.9062364036574226,30.547294505306382,3280.3773550104916,0.9312128209472013,3284.3919164278805,0.2532269939910101,0 days 09:16:00
833,CLOSED,2025-02-11 13:50:00+00:00,97000.0,98000.0,2025-02-12 22:32:00+00:00,33.70786516853933,0.11030159867066928,0.906243641129931,30.547538465053858,3280.6305820044818,0.931148378382462,3285.411421864596,0.25322901633683514,1 days 08:42:00
834,CLOSED,2025-02-11 17:53:00+00:00,96000.0,97000.0,2025-02-12 16:57:00+00:00,33.70786516853933,0.11851798203979327,0.8992597152661758,30.31212523369132,3276.5549232415883,0.9251218411960169,3281.396907888829,0.2545261793177396,0 days 23:04:00
835,CLOSED,2025-02-11 19:27:00+00:00,95000.0,96000.0,2025-02-11 21:35:00+00:00,33.70786516853933,0.1265987694170454,0.8923910459955114,30.080597056028477,3272.1640643387127,0.9192875560201352,3276.8108517451824,0.2558737911430349,0 days 02:08:00
836,CLOSED,2025-02-12 13:32:00+00:00,95000.0,96000.0,2025-02-12 16:50:00+00:00,33.70786516853933,0.12658887053252044,0.8923994600473576,30.08088067575363,3272.4199381298554,0.9192243429779509,3277.0667282351906,0.2558762036900397,0 days 03:18:00
837,CLOSED,2025-02-13 04:52:00+00:00,97000.0,98000.0,2025-02-14 17:43:00+00:00,33.70786516853933,0.11026733144248352,0.906272768273889,30.548520278895136,3281.6500871949693,0.9308890182440768,3285.9191949880164,0.2532371552496784,1 days 12:51:00
838,CLOSED,2025-02-13 06:46:00+00:00,96000.0,97000.0,2025-02-14 03:49:00+00:00,33.70786516853933,0.11848141302641338,0.8992907989275486,30.31317299755782,3277.5744173385915,0.9248660484167522,3281.9046719581984,0.25453497722720897,0 days 21:03:00
839,CLOSED,2025-02-14 21:08:00+00:00,97000.0,98000.0,2025-02-20 14:33:00+00:00,33.70786516853933,0.11025027233672782,0.9062872685137814,30.549009051026342,3282.157859327446,0.9307598951771991,3287.194698705884,0.25324120700940256,5 days 17:25:00
840,CLOSED,2025-02-17 05:00:00+00:00,96000.0,97000.0,2025-02-17 14:17:00+00:00,33.70786516853933,0.11846320797462866,0.8993062732215656,30.313694602974124,3278.082183948447,0.9247387009211986,3282.4124485082543,0.2545393570663883,0 days 09:17:00
841,CLOSED,2025-02-17 15:47:00+00:00,96000.0,97000.0,2025-02-20 01:03:00+00:00,33.70786516853933,0.11845401015532611,0.8993140913679728,30.313958135999087,3278.3367233055133,0.9246749402066861,3283.1801714347407,0.25454156991202836,2 days 09:16:00
842,CLOSED,2025-02-18 16:36:00+00:00,95000.0,96000.0,2025-02-19 09:56:00+00:00,33.70786516853933,0.1265308641055845,0.8924487655102532,30.082542657648986,3273.9458283505764,0.9188466833247715,3278.84995923974,0.2558903409628961,0 days 17:20:00
843,CLOSED,2025-02-18 18:00:00+00:00,94000.0,95000.0,2025-02-18 21:07:00+00:00,33.70786516853933,0.1344749514838178,0.8856962912387549,29.854931165351292,3269.2388231256973,0.9132074094485148,3274.203178921798,0.25729074959994946,0 days 03:07:00
844,CLOSED,2025-02-20 14:57:00+00:00,97000.0,98000.0,2025-02-20 18:00:00+00:00,33.70786516853933,0.11020744382085876,0.9063236727522701,30.55023616018888,3283.4333625519967,0.9304356990648408,3287.4479513237434,0.25325137933954167,0 days 03:03:00
845,CLOSED,2025-02-21 15:25:00+00:00,98000.0,99000.0,2025-05-08 03:44:00+00:00,33.70786516853933,0.10184461808265818,0.9134320746297405,30.789845212238447,3287.6998725272497,0.936516300332802,3349.6351435471147,0.25200514341726077,75 days 12:19:00
846,CLOSED,2025-02-21 17:45:00+00:00,97000.0,98000.0,2025-05-08 01:00:00+00:00,33.70786516853933,0.11019178417586728,0.9063369834505128,30.550684835410546,3283.938535812089,0.9303062314427768,3345.935431451875,0.25325509870911134,75 days 07:15:00
847,CLOSED,2025-02-21 19:26:00+00:00,96000.0,97000.0,2025-05-01 15:09:00+00:00,33.70786516853933,0.11840068230287754,0.8993594200425541,30.31548606885014,3279.862797699051,0.9242912871269375,3340.63860721949,0.2545543997254356,68 days 19:43:00
848,CLOSED,2025-02-21 20:56:00+00:00,95000.0,96000.0,2025-02-21 23:25:00+00:00,33.70786516853933,0.12647414722577477,0.8924969748580914,30.08416769184578,3275.4718242578765,0.9184682178929123,3280.118756819229,0.25590416394852156,0 days 02:29:00
849,CLOSED,2025-02-24 14:50:00+00:00,95000.0,96000.0,2025-05-01 10:17:00+00:00,33.70786516853933,0.12646426689883974,0.8925053731359862,30.084450779864707,3275.727728421825,0.9184051079348634,3336.308319992464,0.25590657197269095,65 days 19:27:00
850,CLOSED,2025-02-24 15:46:00+00:00,94000.0,95000.0,2025-02-24 17:20:00+00:00,33.70786516853933,0.13440448803559196,0.8857561851697469,29.856950061901582,3271.0206242651066,0.9127716847890398,3275.985096522173,0.2573081485148556,0 days 01:34:00
851,CLOSED,2025-02-24 19:42:00+00:00,94000.0,95000.0,2025-03-02 17:47:00+00:00,33.70786516853933,0.1343939162129945,0.8857651712189547,29.85725296243668,3271.277932413621,0.9127091485133255,3286.556058021442,0.25731075892133504,5 days 22:05:00
852,CLOSED,2025-02-24 22:17:00+00:00,93000.0,94000.0,2025-03-02 17:40:00+00:00,33.70786516853933,0.14220356170264772,0.8791269725527494,29.633493456834252,3266.253742734407,0.9072624416505377,3281.5916477762285,0.2587654003799429,5 days 19:23:00
853,CLOSED,2025-02-24 23:33:00+00:00,92000.0,93000.0,2025-03-02 17:31:00+00:00,33.70786516853933,0.14988573861561594,0.8725971221767265,29.413386140788536,3260.9114557398225,0.9019989208543334,3276.308697638864,0.2602742582990558,5 days 17:58:00
854,CLOSED,2025-02-25 00:14:00+00:00,91000.0,92000.0,2025-02-25 00:20:00+00:00,33.70786516853933,0.1574429155021569,0.8661735218231666,29.196860286174157,3255.249997844352,0.8969160680595503,3261.173369267306,0.26183872642488026,0 days 00:06:00
855,CLOSED,2025-02-25 07:06:00+00:00,91000.0,92000.0,2025-03-02 17:17:00+00:00,33.70786516853933,0.1574302524695681,0.8661842854008671,29.197223103400017,3255.5118365707767,0.8968550743822569,3270.7061416831716,0.2618419801857179,5 days 10:11:00
856,CLOSED,2025-02-25 07:24:00+00:00,90000.0,91000.0,2025-03-02 16:39:00+00:00,33.70786516853933,0.1648643012693264,0.8598653439210726,28.984225075991215,3249.530067081417,0.8919512814978676,3264.7828463826645,0.2634637075182553,5 days 09:15:00
857,CLOSED,2025-02-25 07:25:00+00:00,89000.0,90000.0,2025-02-25 08:16:00+00:00,33.70786516853933,0.17217804506084156,0.8536486616982847,28.77467398982982,3243.2267856917415,0.8872236168243328,3249.7952958151136,0.2651440718238156,0 days 00:51:00
858,CLOSED,2025-02-25 09:21:00+00:00,89000.0,90000.0,2025-03-02 16:35:00+00:00,33.70786516853933,0.17216397011046872,0.8536606254061017,28.775077260879833,3243.491929763565,0.887163522647562,3258.537618512408,0.2651477877626398,5 days 07:14:00
859,CLOSED,2025-02-25 10:01:00+00:00,88000.0,89000.0,2025-02-25 11:47:00+00:00,33.70786516853933,0.17935913462513067,0.847544735568639,28.568923670853,3236.865865362339,0.8826106752389308,3244.0275994218628,0.26688861240509,0 days 01:46:00
860,CLOSED,2025-02-25 10:23:00+00:00,87000.0,88000.0,2025-02-25 10:30:00+00:00,33.70786516853933,0.1864383663431534,0.8415273886083197,28.366091750842237,3229.9156849016654,0.8782301000437985,3237.134651331504,0.26869144619273655,0 days 00:07:00
861,CLOSED,2025-02-25 14:41:00+00:00,88000.0,89000.0,2025-02-25 20:35:00+00:00,33.70786516853933,0.17932946231619648,0.847569957031233,28.569773832513473,3237.4014454209364,0.8824909210108401,3244.5631965996827,0.2668965545476887,0 days 05:54:00
862,CLOSED,2025-02-25 15:00:00+00:00,87000.0,88000.0,2025-02-25 19:56:00+00:00,33.70786516853933,0.18640771704828057,0.8415534405089615,28.36696990479646,3230.451254458835,0.8781116837978257,3237.6702397454164,0.26869976430924325,0 days 04:56:00
863,CLOSED,2025-02-25 20:59:00+00:00,88000.0,89000.0,2025-02-25 22:03:00+00:00,33.70786516853933,0.1792997989229183,0.8475951709155194,28.570623738725374,3237.937041739793,0.8823711940789911,3244.830101952691,0.2669044943039225,0 days 01:04:00
864,CLOSED,2025-02-26 12:50:00+00:00,88000.0,89000.0,2025-03-02 16:17:00+00:00,33.70786516853933,0.17928502038427313,0.8476077326733679,28.57104716876521,3238.203946234097,0.882311541927191,3251.969196010883,0.2669084499536716,4 days 03:27:00
865,CLOSED,2025-02-26 14:00:00+00:00,87000.0,88000.0,2025-02-26 15:01:00+00:00,33.70786516853933,0.18636181170723337,0.8415924600488516,28.36828517018601,3231.253739543399,0.8779343083776102,3238.743332916911,0.2687122228658403,0 days 01:01:00
866,CLOSED,2025-02-26 14:21:00+00:00,86000.0,87000.0,2025-02-26 14:47:00+00:00,33.70786516853933,0.1933247801623606,0.8356739368619934,28.16878438860652,3223.977989443607,0.8737275651645464,3231.5244189343543,0.27057984406082625,0 days 00:26:00
867,CLOSED,2025-02-26 16:10:00+00:00,87000.0,88000.0,2025-03-02 15:37:00+00:00,33.70786516853933,0.18633071335234222,0.8416188936505091,28.3691761904666,3231.7930316103257,0.8778153771911228,3244.80741155787,0.26872066285573837,3 days 23:27:00
868,CLOSED,2025-02-26 17:52:00+00:00,86000.0,87000.0,2025-02-27 10:56:00+00:00,33.70786516853933,0.1932927206435272,0.8357011874530018,28.169702947853995,3224.5172703881426,0.8736099262530278,3233.9855288580234,0.270588667431209,0 days 17:04:00
869,CLOSED,2025-02-26 18:36:00+00:00,85000.0,86000.0,2025-02-27 06:20:00+00:00,33.70786516853933,0.20014291139055024,0.8298785253180323,27.973433437686484,3216.914481508447,0.8695734250470168,3226.439183911398,0.27252245413741605,0 days 11:44:00
870,CLOSED,2025-02-26 18:38:00+00:00,84000.0,85000.0,2025-02-26 18:45:00+00:00,33.70786516853933,0.2068832013630561,0.8241492788414023,27.780312769934913,3208.983118780565,0.8657045469435694,3217.1891150533957,0.2745240586384696,0 days 00:07:00
871,CLOSED,2025-02-26 18:52:00+00:00,84000.0,85000.0,2025-02-26 19:17:00+00:00,33.70786516853933,0.20686550430584752,0.8241643213400296,27.78081982045044,3209.2576428392035,0.8656462930745871,3217.4636446352633,0.27452906929355336,0 days 00:25:00
872,CLOSED,2025-02-26 19:44:00+00:00,84000.0,85000.0,2025-02-26 21:21:00+00:00,33.70786516853933,0.20684780995311192,0.8241793615398549,27.781326793478257,3209.5321719084973,0.8655880454053381,3218.0147852854457,0.2745340791829065,0 days 01:37:00
873,CLOSED,2025-02-26 20:16:00+00:00,83000.0,84000.0,2025-02-26 20:41:00+00:00,33.70786516853933,0.21347912830030022,0.8185427409447448,27.591328346452073,3201.270601936465,0.8618867873825455,3209.808892470443,0.27660605850396536,0 days 00:25:00
874,CLOSED,2025-02-26 21:34:00+00:00,84000.0,85000.0,2025-02-26 22:03:00+00:00,33.70786516853933,0.2068122961924472,0.8242095482364199,27.782344322575952,3210.083312046184,0.8654711302451157,3218.289330448428,0.2745441343691155,0 days 00:29:00
875,CLOSED,2025-02-26 23:22:00+00:00,84000.0,85000.0,2025-02-27 01:24:00+00:00,33.70786516853933,0.20679460997010732,0.8242245815254088,27.78285106265423,3210.357856180553,0.8654129012180661,3218.5638801026444,0.27454914195647007,0 days 02:02:00
876,CLOSED,2025-02-27 13:50:00+00:00,86000.0,87000.0,2025-03-02 15:28:00+00:00,33.70786516853933,0.1931613873186518,0.835812820779146,28.17346586895998,3226.709668051655,0.8731329672424981,3237.5884920751223,0.27062481278246153,3 days 01:38:00
877,CLOSED,2025-02-27 14:58:00+00:00,85000.0,86000.0,2025-02-27 15:39:00+00:00,33.70786516853933,0.20000775964647732,0.8299934043004943,27.977305762938013,3219.106831697897,0.8691015000636546,3226.9823329089313,0.27256017905892094,0 days 00:41:00
878,CLOSED,2025-02-27 16:26:00+00:00,85000.0,86000.0,2025-03-01 04:32:00+00:00,33.70786516853933,0.19999082652237277,0.8300077974559832,27.97779092548258,3219.379391876956,0.8690429899649392,3229.7694946290235,0.27256490560375823,1 days 12:06:00
879,CLOSED,2025-02-27 19:30:00+00:00,84000.0,85000.0,2025-02-28 18:52:00+00:00,33.70786516853933,0.20672689979242598,0.8242821351764379,27.784791073363078,3211.4479298671467,0.8651795601279606,3221.619488746519,0.27456831307301144,0 days 23:22:00
880,CLOSED,2025-02-27 20:16:00+00:00,83000.0,84000.0,2025-02-27 21:16:00+00:00,33.70786516853933,0.2133549874703614,0.8186482606501928,27.59488519045594,3203.18622030621,0.8614823894883636,3211.7246862186576,0.2766417162507864,0 days 01:00:00
881,CLOSED,2025-02-28 01:30:00+00:00,83000.0,84000.0,2025-02-28 15:24:00+00:00,33.70786516853933,0.213336562755468,0.8186639216578522,27.595413089590526,3203.4628620224607,0.8614244733952855,3213.413463936714,0.27664700849685175,0 days 13:54:00
882,CLOSED,2025-02-28 01:32:00+00:00,82000.0,83000.0,2025-02-28 15:10:00+00:00,33.70786516853933,0.21985798559229025,0.8131207122465534,27.408563334153484,3194.869199457863,0.8578931287329209,3204.8751118564983,0.27879288696878746,0 days 13:38:00
883,CLOSED,2025-02-28 02:32:00+00:00,81000.0,82000.0,2025-02-28 14:06:00+00:00,33.70786516853933,0.22627490429591252,0.8076663313484744,27.224707798263186,3185.9418072214257,0.8545262106343,3196.0026614378817,0.2810134338936727,0 days 11:34:00
884,CLOSED,2025-02-28 02:44:00+00:00,80000.0,81000.0,2025-02-28 03:00:00+00:00,33.70786516853933,0.23258895396012533,0.8022993891338934,27.043799633726746,3176.678827444345,0.8513230673521888,3186.22524816192,0.28331118301041514,0 days 00:16:00
885,CLOSED,2025-02-28 04:02:00+00:00,80000.0,81000.0,2025-02-28 13:05:00+00:00,33.70786516853933,0.2325682124313232,0.8023170194333753,27.044393913484562,3176.9621386273557,0.8512658550337466,3186.794261434988,0.2833174086925858,0 days 09:03:00
886,CLOSED,2025-02-28 07:36:00+00:00,79000.0,80000.0,2025-02-28 09:27:00+00:00,33.70786516853933,0.23878052881622377,0.7970365505062098,26.866400578861008,3167.3616222951655,0.8482264983495256,3177.2479687718287,0.28569526326948846,0 days 01:51:00
887,CLOSED,2025-02-28 20:19:00+00:00,84000.0,85000.0,2025-03-01 02:27:00+00:00,33.70786516853933,0.20658280813691943,0.8244046130836185,27.788919542144445,3213.6879170808015,0.8647049825356687,3221.8941020304123,0.2746091104540618,0 days 06:08:00
888,CLOSED,2025-03-01 06:32:00+00:00,85000.0,86000.0,2025-03-01 21:57:00+00:00,33.70786516853933,0.19981783525429447,0.8301548400338497,27.982747416871337,3222.1665531066687,0.8684450960454426,3230.0421128314874,0.27261319267585193,0 days 15:25:00
889,CLOSED,2025-03-02 15:49:00+00:00,87000.0,88000.0,2025-03-02 16:03:00+00:00,33.70786516853933,0.1859817405925603,0.8419155204963238,28.37917484819069,3237.8571093509236,0.8764801499804208,3245.0762370342413,0.2688153728999474,0 days 00:14:00
890,CLOSED,2025-03-02 17:48:00+00:00,94000.0,95000.0,2025-04-25 14:12:00+00:00,33.70786516853933,0.13396102825289033,0.8861331259850432,29.86965593208011,3281.8488936070735,0.9101472036163868,3329.853490582804,0.25741764810955914,53 days 20:24:00
891,CLOSED,2025-03-02 18:34:00+00:00,93000.0,94000.0,2025-03-02 20:22:00+00:00,33.70786516853933,0.14174856356503518,0.8795137209697201,29.646529920327648,3276.8245597103505,0.9047335119750264,3282.107838532946,0.25887923730234874,0 days 01:48:00
892,CLOSED,2025-03-03 01:13:00+00:00,93000.0,94000.0,2025-04-23 07:58:00+00:00,33.70786516853933,0.14173736587638672,0.8795232390050713,29.646850752979937,3277.0834389476527,0.904671831074897,3323.58922690754,0.2588820388751678,51 days 06:45:00
893,CLOSED,2025-03-03 06:44:00+00:00,92000.0,93000.0,2025-03-03 12:02:00+00:00,33.70786516853933,0.14939736058564335,0.8730122435022032,29.42737899445629,3271.7408632980205,0.8994410078306918,3277.343907670247,0.26039807877971555,0 days 05:18:00
894,CLOSED,2025-03-03 14:38:00+00:00,92000.0,93000.0,2025-04-22 21:49:00+00:00,33.70786516853933,0.14938547098580413,0.8730223496620665,29.42771965153033,3272.0012613767994,0.8993798382323263,3318.3060159472434,0.2604010931986238,50 days 07:11:00
895,CLOSED,2025-03-03 14:43:00+00:00,91000.0,92000.0,2025-03-06 02:56:00+00:00,33.70786516853933,0.15692039612805828,0.8666176632911504,29.211831346892712,3266.3393582068347,0.8943293437498031,3277.9197491576856,0.26197298755547394,2 days 12:13:00
896,CLOSED,2025-03-03 14:56:00+00:00,90000.0,91000.0,2025-03-03 15:23:00+00:00,33.70786516853933,0.16433314656766962,0.8603168254174809,28.999443553398233,3260.3569827986303,0.8894560842998747,3266.603040755377,0.2636020419560374,0 days 00:27:00
897,CLOSED,2025-03-03 15:59:00+00:00,90000.0,91000.0,2025-03-03 17:43:00+00:00,33.70786516853933,0.16431986119702643,0.8603281179825275,28.99982420165823,3260.620584840587,0.8893958510991871,3266.8666466418813,0.26360550201065536,0 days 01:44:00
898,CLOSED,2025-03-03 18:05:00+00:00,90000.0,91000.0,2025-03-05 23:45:00+00:00,33.70786516853933,0.16430657779995594,0.8603394088700375,29.000204793372053,3260.8841903425973,0.8893356249589843,3271.732205971165,0.2636089615512702,2 days 05:40:00
899,CLOSED,2025-03-03 18:18:00+00:00,89000.0,90000.0,2025-03-05 10:33:00+00:00,33.70786516853933,0.17159843645819284,0.8541413290105361,28.791280753164138,3254.58012428774,0.8846388674933934,3264.4213237697622,0.2652970947512614,1 days 16:15:00
900,CLOSED,2025-03-03 18:27:00+00:00,88000.0,89000.0,2025-03-05 10:25:00+00:00,33.70786516853933,0.17877262804975483,0.8480432661577084,28.585728072731747,3247.953093117907,0.880115175717965,3257.8519655360087,0.2670455977907267,1 days 15:58:00
901,CLOSED,2025-03-03 18:39:00+00:00,87000.0,88000.0,2025-03-04 19:14:00+00:00,33.70786516853933,0.18583127851551814,0.8420434132618095,28.383485840285715,3241.001754519565,0.8757627422047843,3250.4201003775765,0.26885620780631925,1 days 00:35:00
902,CLOSED,2025-03-03 19:54:00+00:00,86000.0,87000.0,2025-03-03 22:54:00+00:00,33.70786516853933,0.19277643794880736,0.8361400277435138,28.184495317197097,3233.724697446738,0.8715799257571559,3241.272585501453,0.2707307579429923,0 days 03:00:00
903,CLOSED,2025-03-03 23:05:00+00:00,86000.0,87000.0,2025-03-04 19:02:00+00:00,33.70786516853933,0.19276029985822618,0.8361537451205078,28.184957700691275,3233.995428204681,0.8715212598905206,3243.199910967667,0.270735199442921,0 days 19:57:00
904,CLOSED,2025-03-04 01:38:00+00:00,85000.0,86000.0,2025-03-04 18:13:00+00:00,33.70786516853933,0.19959347466091507,0.8303455465382222,27.989175726007492,3226.391165325773,0.8675072020655434,3235.6521231881457,0.27267581847348765,0 days 16:35:00
905,CLOSED,2025-03-04 01:41:00+00:00,84000.0,85000.0,2025-03-04 17:36:00+00:00,33.70786516853933,0.206317046011886,0.8246305108898969,27.796534074940347,3218.4581430929534,0.8636599526575712,3227.775189448802,0.27468435699520555,0 days 15:55:00
906,CLOSED,2025-03-04 01:45:00+00:00,83000.0,84000.0,2025-03-04 02:53:00+00:00,33.70786516853933,0.21293284609236457,0.8190070808214901,27.60698025240978,3210.1947332929653,0.8599783672341581,3218.735021184315,0.2767629705583836,0 days 01:08:00
907,CLOSED,2025-03-04 13:20:00+00:00,83000.0,84000.0,2025-03-04 14:36:00+00:00,33.70786516853933,0.21291448993281528,0.8190226835571071,27.60750618731822,3210.4714962635235,0.8599206135126554,3219.011789959167,0.2767682431128726,0 days 01:16:00
908,CLOSED,2025-03-04 15:00:00+00:00,83000.0,84000.0,2025-03-04 17:15:00+00:00,33.70786516853933,0.2128961365882185,0.8190382839000143,27.60803204157352,3210.7482645066366,0.8598628658237637,3219.567488901164,0.2767735148588031,0 days 02:15:00
909,CLOSED,2025-03-04 15:20:00+00:00,82000.0,83000.0,2025-03-04 15:41:00+00:00,33.70786516853933,0.21940502925134786,0.8135057251363543,27.421541296731046,3202.1527489435066,0.856347071693513,3211.0273095644625,0.27892489548050037,0 days 00:21:00
910,CLOSED,2025-03-04 20:58:00+00:00,87000.0,88000.0,2025-03-04 21:24:00+00:00,33.70786516853933,0.18568993927302224,0.8421635516179311,28.387535447795432,3243.4686664842366,0.8752215102656179,3250.688999036441,0.2688945668057805,0 days 00:26:00
911,CLOSED,2025-03-05 00:17:00+00:00,87000.0,88000.0,2025-03-05 09:07:00+00:00,33.70786516853933,0.18567454622261628,0.8421766357107762,28.387976484632908,3243.737561051042,0.875162554008672,3250.9578982265293,0.2688987444283697,0 days 08:50:00
912,CLOSED,2025-03-05 14:36:00+00:00,89000.0,90000.0,2025-03-05 17:29:00+00:00,33.70786516853933,0.17141214730130447,0.8542996747938912,28.796618251479483,3258.117172256187,0.8838423153314141,3265.2208737967803,0.26534627709949987,0 days 02:53:00
913,CLOSED,2025-03-05 15:28:00+00:00,88000.0,89000.0,2025-03-05 16:19:00+00:00,33.70786516853933,0.17857978002238134,0.8482071869809759,28.591253493740762,3251.4900758369363,0.879327718273332,3258.384360091717,0.26709721583426926,0 days 00:51:00
914,CLOSED,2025-03-05 16:20:00+00:00,88000.0,89000.0,2025-03-05 16:58:00+00:00,33.70786516853933,0.17856511159558625,0.8482196551437517,28.59167376889051,3251.7571730527707,0.8792684154225594,3258.6514616583545,0.2671011420112883,0 days 00:38:00
915,CLOSED,2025-03-05 18:08:00+00:00,89000.0,90000.0,2025-03-05 19:04:00+00:00,33.70786516853933,0.17137009293948882,0.8543354210014344,28.797823179823634,3258.9167168911326,0.8836624461914917,3265.4862323939337,0.26535737990496244,0 days 00:56:00
916,CLOSED,2025-03-06 00:57:00+00:00,90000.0,91000.0,2025-03-06 01:46:00+00:00,33.70786516853933,0.1640617815354882,0.860547485694835,29.007218618927023,3265.749749287446,0.8882253952635566,3271.995885772355,0.2636727165241801,0 days 00:49:00
917,CLOSED,2025-03-06 09:05:00+00:00,91000.0,92000.0,2025-04-22 21:49:00+00:00,33.70786516853933,0.15663657998308356,0.866858907014379,29.219963157788058,3272.2577703997304,0.8929603108320718,3312.703052017522,0.2620459139930311,47 days 12:44:00
918,CLOSED,2025-03-06 12:49:00+00:00,90000.0,91000.0,2025-03-06 15:08:00+00:00,33.70786516853933,0.16403784357081985,0.8605678329648031,29.007904481959656,3266.2752975885164,0.88810347686786,3272.5215302718407,0.26367895095056326,0 days 02:19:00
919,CLOSED,2025-03-06 16:28:00+00:00,90000.0,91000.0,2025-03-07 00:13:00+00:00,33.70786516853933,0.16402460223899445,0.8605790880968547,29.008283868433306,3266.538976539467,0.8880434024137787,3273.317714213711,0.2636823995356714,0 days 07:45:00
920,CLOSED,2025-03-06 17:01:00+00:00,89000.0,90000.0,2025-03-06 22:00:00+00:00,33.70786516853933,0.17130569866408007,0.8543901561355319,28.799668184343776,3260.2347234566023,0.8833618014413843,3267.071563551417,0.2653743806887512,0 days 04:59:00
921,CLOSED,2025-03-06 19:30:00+00:00,88000.0,89000.0,2025-03-06 19:48:00+00:00,33.70786516853933,0.17846933244436947,0.848301067422286,28.594418002998406,3253.6074108038474,0.8788527438205512,3260.501941002063,0.26712677842803245,0 days 00:18:00
922,CLOSED,2025-03-07 00:15:00+00:00,90000.0,91000.0,2025-03-07 14:48:00+00:00,33.70786516853933,0.1639846327577144,0.8606130621559427,29.009429061436272,3267.335160098119,0.8878620539364902,3275.460868890203,0.2636928092255495,0 days 14:33:00
923,CLOSED,2025-03-07 00:15:00+00:00,89000.0,90000.0,2025-03-07 13:30:00+00:00,33.70786516853933,0.17126422188103543,0.8544254114011198,28.800856564082693,3261.0308931584195,0.8831825734771891,3268.949299017319,0.2653853310071739,0 days 13:15:00
924,CLOSED,2025-03-07 00:20:00+00:00,88000.0,89000.0,2025-03-07 09:28:00+00:00,33.70786516853933,0.17842637694272956,0.8483375795986798,28.5956487505173,3254.403553266414,0.8786755632016231,3262.379651660582,0.2671382759734584,0 days 09:08:00
925,CLOSED,2025-03-07 00:23:00+00:00,87000.0,88000.0,2025-03-07 01:41:00+00:00,33.70786516853933,0.1854732146860543,0.8423477675168538,28.39374497247822,3247.4517929787926,0.8743392291108798,3255.2162124344122,0.26895338513655176,0 days 01:18:00
926,CLOSED,2025-03-07 00:36:00+00:00,86000.0,87000.0,2025-03-07 01:18:00+00:00,33.70786516853933,0.1924067762794126,0.8364542401624993,28.19508674705054,3240.174196075093,0.8701719426444411,3247.995503689341,0.27083249564663703,0 days 00:42:00
927,CLOSED,2025-03-07 00:54:00+00:00,85000.0,86000.0,2025-03-07 01:05:00+00:00,33.70786516853933,0.1992290290484188,0.830655325308844,27.999617707039686,3232.5692758335686,0.8661722400309441,3240.4470792305133,0.2727775462182578,0 days 00:11:00
928,CLOSED,2025-03-07 03:36:00+00:00,87000.0,88000.0,2025-03-07 05:08:00+00:00,33.70786516853933,0.18542681798479901,0.8423872047129208,28.39507431616587,3248.2643564057935,0.874161435172876,3255.4851797547376,0.268965977046669,0 days 01:32:00
929,CLOSED,2025-03-07 14:27:00+00:00,89000.0,90000.0,2025-03-07 14:43:00+00:00,33.70786516853933,0.17117949628644286,0.8544974281565236,28.80328409516372,3262.6449461694483,0.8828200607295807,3269.2147091691495,0.2654076994786827,0 days 00:16:00
930,CLOSED,2025-03-07 15:13:00+00:00,90000.0,91000.0,2025-04-22 15:02:00+00:00,33.70786516853933,0.16387714030504602,0.8607044307407109,29.01250890137228,3269.478313617852,0.8873742572486554,3306.7791047047076,0.26372080466258296,45 days 23:49:00
931,CLOSED,2025-03-07 15:30:00+00:00,89000.0,90000.0,2025-04-22 13:41:00+00:00,33.70786516853933,0.17115267509785356,0.8545202261668244,28.80405256742105,3263.174009412089,0.882700477643561,3300.53291157376,0.26541478056198287,45 days 22:11:00
932,CLOSED,2025-03-07 16:21:00+00:00,88000.0,89000.0,2025-03-07 18:53:00+00:00,33.70786516853933,0.17831085270078859,0.8484357752043297,28.598958714752687,3256.546596263617,0.8781989714983831,3263.710255377314,0.2671691973960506,0 days 02:32:00
933,CLOSED,2025-03-07 16:42:00+00:00,87000.0,88000.0,2025-03-07 17:45:00+00:00,33.70786516853933,0.18535378682187886,0.8424492812014029,28.397166782069764,3249.5947250299514,0.8738679492350551,3256.8156779497904,0.268985797460946,0 days 01:03:00
934,CLOSED,2025-03-07 19:36:00+00:00,88000.0,89000.0,2025-04-22 12:56:00+00:00,33.70786516853933,0.1782815005898311,0.8484607244986435,28.59979970220147,3257.0827512584738,0.8780802296518583,3293.9631983504837,0.2671770538339011,45 days 17:20:00
935,CLOSED,2025-03-07 20:39:00+00:00,87000.0,88000.0,2025-03-07 20:52:00+00:00,33.70786516853933,0.18532346624779872,0.842475053689371,28.39803551761925,3250.1308696367023,0.8737505244148389,3257.351841210405,0.26899402636372116,0 days 00:13:00
936,CLOSED,2025-03-07 20:56:00+00:00,87000.0,88000.0,2025-03-24 14:04:00+00:00,33.70786516853933,0.18530812939465552,0.8424880900145428,28.398474944310436,3250.3998636630663,0.873691734416532,3269.063042568594,0.2689981887345638,16 days 17:08:00
937,CLOSED,2025-03-07 21:06:00+00:00,86000.0,87000.0,2025-03-07 21:24:00+00:00,33.70786516853933,0.19223643234223284,0.8365990325091021,28.19996738794726,3243.1220905330715,0.869531476174307,3250.670843911671,0.27087937743729285,0 days 00:18:00
938,CLOSED,2025-03-07 21:55:00+00:00,86000.0,87000.0,2025-03-19 23:43:00+00:00,33.70786516853933,0.19222037727718316,0.8366126793143943,28.200427392620036,3243.392969910509,0.8694730380882011,3260.750081220979,0.2708837960870589,12 days 01:48:00
939,CLOSED,2025-03-09 10:48:00+00:00,85000.0,86000.0,2025-03-19 22:41:00+00:00,33.70786516853933,0.19903699694452642,0.8308185525971525,28.005119750465816,3235.7878107935862,0.8654807233357332,3253.201428788605,0.2728311481609893,10 days 11:53:00
940,CLOSED,2025-03-09 13:50:00+00:00,84000.0,85000.0,2025-03-14 15:32:00+00:00,33.70786516853933,0.205744300340723,0.8251173447103854,27.81294420372086,3227.8537044592385,0.8616544227298045,3243.1066396116057,0.27484652130173615,5 days 01:42:00
941,CLOSED,2025-03-09 14:17:00+00:00,83000.0,84000.0,2025-03-10 09:24:00+00:00,33.70786516853933,0.21234410775071694,0.8195075084118906,27.623848598153618,3219.5890149283005,0.8579930068735433,3228.974798717856,0.27693207755356397,0 days 19:07:00
942,CLOSED,2025-03-09 21:24:00+00:00,82000.0,83000.0,2025-03-10 09:17:00+00:00,33.70786516853933,0.21883817016432874,0.8139875553603206,27.43778276495463,3210.992029857431,0.8544955113505179,3220.433182113067,0.27909009953587827,0 days 11:53:00
943,CLOSED,2025-03-09 22:32:00+00:00,81000.0,82000.0,2025-03-10 02:14:00+00:00,33.70786516853933,0.225228170502231,0.8085560550731037,27.254698485610238,3202.060958352612,0.8511611377827163,3211.557111976081,0.28132299776846637,0 days 03:42:00
944,CLOSED,2025-03-09 23:07:00+00:00,80000.0,81000.0,2025-03-09 23:17:00+00:00,33.70786516853933,0.23151572471903945,0.8032116339888165,27.074549460297185,3192.79392865075,0.847989255345981,3202.344722541052,0.28363331857794094,0 days 00:10:00
945,CLOSED,2025-03-10 09:30:00+00:00,83000.0,84000.0,2025-03-12 12:30:00+00:00,33.70786516853933,0.2122702006996373,0.8195703294053083,27.625966159729494,3220.7099934217367,0.8577601279269234,3232.938595389963,0.27695330633797965,2 days 03:00:00
946,CLOSED,2025-03-10 10:25:00+00:00,82000.0,83000.0,2025-03-10 11:54:00+00:00,33.70786516853933,0.2187624515062287,0.8140519162197056,27.43995223212491,3212.1129807460284,0.8542648529676516,3220.989226433587,0.2791121668003349,0 days 01:29:00
947,CLOSED,2025-03-10 13:51:00+00:00,82000.0,83000.0,2025-03-11 18:46:00+00:00,33.70786516853933,0.2187434440936563,0.8140680725203921,27.440496826530076,3212.3920929128285,0.8542075821649927,3224.117776310239,0.2791177062751551,1 days 04:55:00
948,CLOSED,2025-03-10 14:02:00+00:00,81000.0,82000.0,2025-03-11 11:33:00+00:00,33.70786516853933,0.22513122001845562,0.8086384629843127,27.257476280370096,3203.4609601414572,0.8508758689279132,3214.3951457547514,0.28135167016598217,0 days 21:31:00
949,CLOSED,2025-03-10 14:16:00+00:00,80000.0,81000.0,2025-03-10 15:37:00+00:00,33.70786516853933,0.2314165837908964,0.8032959037777381,27.077390014979937,3194.1938348498406,0.8477065392699579,3203.7447541829742,0.28366307626430753,0 days 01:21:00
950,CLOSED,2025-03-10 16:00:00+00:00,80000.0,81000.0,2025-03-11 08:28:00+00:00,33.70786516853933,0.23139603447098436,0.8033133706996634,27.077978787629103,3194.477497926105,0.8476496956140235,3205.1826669764846,0.2836692442539359,0 days 16:28:00
951,CLOSED,2025-03-10 16:52:00+00:00,79000.0,80000.0,2025-03-11 04:19:00+00:00,33.70786516853933,0.23758010468157126,0.7980569110206645,26.900794753505544,3184.872415871871,0.8446427749961013,3195.6318769708696,0.28606100831044046,0 days 11:27:00
952,CLOSED,2025-03-10 18:53:00+00:00,78000.0,79000.0,2025-03-10 19:31:00+00:00,33.70786516853933,0.24366480058017442,0.7928849195068517,26.726457960905115,3174.927335128775,0.8417974693528251,3185.1610928691944,0.28853575632385997,0 days 00:38:00
953,CLOSED,2025-03-11 00:21:00+00:00,78000.0,79000.0,2025-03-11 01:51:00+00:00,33.70786516853933,0.24364265846121816,0.7929037403079646,26.727092369931395,3175.2158708850993,0.841740954213647,3185.7407397001803,0.28854260533050535,0 days 01:30:00
954,CLOSED,2025-03-11 00:34:00+00:00,77000.0,78000.0,2025-03-11 01:30:00+00:00,33.70786516853933,0.24962897933191958,0.7878153675678683,26.555574187680957,3164.9286514690334,0.839057593774031,3175.5071209278076,0.29110358375570655,0 days 00:56:00
955,CLOSED,2025-03-11 13:07:00+00:00,81000.0,82000.0,2025-03-11 13:27:00+00:00,33.70786516853933,0.2249905472788817,0.8087580348129506,27.261506791447776,3205.4638870858616,0.8504699398199006,3214.676543104043,0.28139327310132245,0 days 00:20:00
956,CLOSED,2025-03-11 13:34:00+00:00,81000.0,82000.0,2025-03-11 18:03:00+00:00,33.70786516853933,0.22497079810326767,0.8087748216122225,27.262072638614242,3205.745280358963,0.8504129384715673,3215.241655078489,0.28139911377577675,0 days 04:29:00
957,CLOSED,2025-03-11 14:28:00+00:00,80000.0,81000.0,2025-03-11 15:09:00+00:00,33.70786516853933,0.2312526282404868,0.8034352659955862,27.08208761782875,3196.47809378257,0.8472477152434046,3206.029123767834,0.28371228841047014,0 days 00:41:00
958,CLOSED,2025-03-12 04:02:00+00:00,82000.0,83000.0,2025-03-12 11:56:00+00:00,33.70786516853933,0.21853061708032928,0.8142489754817201,27.44659467915911,3215.520642238796,0.8535661167471003,3224.396962208354,0.2791797320704532,0 days 07:54:00
959,CLOSED,2025-03-12 13:49:00+00:00,83000.0,84000.0,2025-03-13 00:26:00+00:00,33.70786516853933,0.2120092764896263,0.8197921149838177,27.633442078106214,3224.6737879529123,0.8569375972646361,3233.7762481157233,0.2770282532303483,0 days 10:37:00
960,CLOSED,2025-03-12 14:32:00+00:00,82000.0,83000.0,2025-03-12 19:20:00+00:00,33.70786516853933,0.21849512901555349,0.8142791403367795,27.447611472026278,3216.076677820051,0.8534501574953448,3225.2345259810427,0.27919007462709544,0 days 04:48:00
961,CLOSED,2025-03-12 15:05:00+00:00,81000.0,82000.0,2025-03-12 15:50:00+00:00,33.70786516853933,0.22487704869258632,0.8088545086113017,27.26475871723489,3207.145361275594,0.85012544321941,3216.358230807374,0.28142683947929825,0 days 00:45:00
962,CLOSED,2025-03-13 06:07:00+00:00,83000.0,84000.0,2025-03-14 15:03:00+00:00,33.70786516853933,0.21195421900508032,0.8198389138456817,27.63501956783197,3225.5114331202485,0.8567639625787594,3234.8977030285105,0.2770440677359076,1 days 08:56:00
963,CLOSED,2025-03-13 13:53:00+00:00,82000.0,83000.0,2025-03-14 10:27:00+00:00,33.70786516853933,0.218438720932127,0.8143270872076921,27.44922765868625,3216.9143024230034,0.8532781752380314,3226.355963541196,0.2792065140639046,0 days 20:34:00
964,CLOSED,2025-03-13 15:40:00+00:00,81000.0,82000.0,2025-03-14 02:48:00+00:00,33.70786516853933,0.22481931126948707,0.808903585420936,27.266412991716944,3207.9829455855815,0.8499550482098889,3217.4796313637717,0.2814439149004997,0 days 11:08:00
965,CLOSED,2025-03-13 17:46:00+00:00,80000.0,81000.0,2025-03-13 19:03:00+00:00,33.70786516853933,0.2310975992958823,0.8035670405985,27.086529458376408,3198.7154858025956,0.8467939577183144,3208.266835679743,0.28375882118756834,0 days 01:17:00
966,CLOSED,2025-03-14 16:34:00+00:00,84000.0,85000.0,2025-03-16 16:09:00+00:00,33.70786516853933,0.20527885852679076,0.8255129702522279,27.826279896142516,3235.1724224903764,0.8601173681717512,3243.6587006329482,0.27497830413797075,1 days 23:35:00
967,CLOSED,2025-03-16 11:16:00+00:00,83000.0,84000.0,2025-03-16 16:08:00+00:00,33.70786516853933,0.21186659596756383,0.8199133934275707,27.637530115536094,3226.907561024261,0.8564710823871134,3235.449607988623,0.27706923624886315,0 days 04:52:00
968,CLOSED,2025-03-16 16:11:00+00:00,84000.0,85000.0,2025-03-19 18:53:00+00:00,33.70786516853933,0.20524383586339875,0.825542739516111,27.827283354475654,3235.7244700307633,0.8600016352508251,3245.323457975984,0.274988220277379,3 days 02:42:00
969,CLOSED,2025-03-16 19:14:00+00:00,83000.0,84000.0,2025-03-17 12:00:00+00:00,33.70786516853933,0.21183066455839902,0.8199439351253608,27.63855961096722,3227.459595627203,0.8563564869538245,3236.2809093444657,0.2770795570521969,0 days 16:46:00
970,CLOSED,2025-03-16 23:06:00+00:00,82000.0,83000.0,2025-03-17 00:33:00+00:00,33.70786516853933,0.21831195901325606,0.8144348348387324,27.452859601305587,3218.8622482479723,0.8528746334593282,3227.7389603877673,0.27924345725409694,0 days 01:27:00
971,CLOSED,2025-03-17 13:02:00+00:00,83000.0,84000.0,2025-03-17 17:33:00+00:00,33.70786516853933,0.21179415721865852,0.8199749663641402,27.63960560778001,3228.015918641509,0.8562413043926986,3236.5580004452895,0.27709004328366404,0 days 04:31:00
972,CLOSED,2025-03-18 03:31:00+00:00,83000.0,84000.0,2025-03-19 11:38:00+00:00,33.70786516853933,0.21177597855518746,0.8199904182280906,27.64012645712665,3228.2930086847923,0.8561839455950515,3237.114356022667,0.27709526485484304,1 days 08:07:00
973,CLOSED,2025-03-18 13:35:00+00:00,82000.0,83000.0,2025-03-19 00:28:00+00:00,33.70786516853933,0.21825593099765958,0.8144824586519894,27.45446489838167,3219.6956408799283,0.8527037322968356,3228.5723898304304,0.27925978592484313,0 days 10:53:00
974,CLOSED,2025-03-20 00:51:00+00:00,86000.0,87000.0,2025-03-24 05:19:00+00:00,33.70786516853933,0.1916248797330892,0.8371188522268742,28.217489400905873,3253.4722067549287,0.8673038405651695,3261.842184967686,0.2710476879851882,4 days 04:28:00
975,CLOSED,2025-03-20 10:20:00+00:00,85000.0,86000.0,2025-03-20 14:06:00+00:00,33.70786516853933,0.19842414018176033,0.8313394808455037,28.02267912962372,3245.866832378948,0.8633342209262925,3253.745315485816,0.27300221493804244,0 days 03:46:00
976,CLOSED,2025-03-20 15:36:00+00:00,85000.0,86000.0,2025-03-23 23:58:00+00:00,33.70786516853933,0.19840745259819123,0.8313536652915374,28.023157257018116,3246.139834593886,0.8632763431315338,3254.2933525697254,0.27300687294511405,3 days 08:22:00
977,CLOSED,2025-03-20 16:30:00+00:00,84000.0,85000.0,2025-03-23 11:26:00+00:00,33.70786516853933,0.20509723643749278,0.8256673490281311,27.831483675105545,3238.2053000312285,0.8594724885058136,3246.414975812376,0.2750297276958342,2 days 18:56:00
978,CLOSED,2025-03-25 01:30:00+00:00,87000.0,88000.0,2025-03-25 14:41:00+00:00,33.70786516853933,0.1846428605882274,0.8430535685000067,28.41753601685416,3262.111064577222,0.8711394386731939,3269.332240569951,0.2691787404719257,0 days 13:11:00
979,CLOSED,2025-03-26 13:57:00+00:00,87000.0,88000.0,2025-04-02 20:14:00+00:00,33.70786516853933,0.18462762572014235,0.843066518137879,28.417972521501543,3262.380243317694,0.8710809409697058,3272.630164167769,0.2691828751643577,7 days 06:17:00
980,CLOSED,2025-03-26 19:07:00+00:00,86000.0,87000.0,2025-03-26 20:11:00+00:00,33.70786516853933,0.1915348370303318,0.8371953885242179,28.220069276097234,3255.102226804149,0.8669487871600159,3262.6514174759754,0.27107246939631935,0 days 01:04:00
981,CLOSED,2025-03-27 13:35:00+00:00,86000.0,87000.0,2025-03-27 14:39:00+00:00,33.70786516853933,0.19151888806949807,0.8372089451409266,28.220526240705393,3255.3732992735454,0.8668906342324231,3262.922494796636,0.27107685884425337,0 days 01:04:00
982,CLOSED,2025-03-28 04:55:00+00:00,86000.0,87000.0,2025-04-02 15:33:00+00:00,33.70786516853933,0.19150294150636366,0.837222499719591,28.220983136615427,3255.6443761323894,0.8668324877098871,3265.409086211715,0.27108124763229213,5 days 10:38:00
983,CLOSED,2025-03-28 10:55:00+00:00,85000.0,86000.0,2025-04-02 13:49:00+00:00,33.70786516853933,0.19829837884127546,0.8314463779849158,28.026282403985928,3248.0387337924917,0.8628678627628845,3257.8599925023236,0.2730373187151436,5 days 02:54:00
984,CLOSED,2025-03-28 15:02:00+00:00,84000.0,85000.0,2025-04-01 15:16:00+00:00,33.70786516853933,0.20498486480186112,0.8257628649184181,27.834703311856792,3240.103894904837,0.8590682340658187,3249.7062264041933,0.2750615440312174,4 days 00:14:00
985,CLOSED,2025-03-29 10:53:00+00:00,83000.0,84000.0,2025-04-01 08:29:00+00:00,33.70786516853933,0.21156420449808264,0.8201704261766298,27.646194140785276,3231.838213446173,0.8554324911984252,3241.21915389532,0.27715609404146235,2 days 21:36:00
986,CLOSED,2025-03-29 17:12:00+00:00,82000.0,83000.0,2025-03-30 01:06:00+00:00,33.70786516853933,0.21803813414805046,0.8146675859741571,27.46070514519631,3223.2399669069614,0.8519596873684757,3232.117658308351,0.279323260117323,0 days 07:54:00
987,CLOSED,2025-03-30 22:02:00+00:00,82000.0,83000.0,2025-03-31 12:51:00+00:00,33.70786516853933,0.21801924078431414,0.814683645333333,27.461246471910105,3223.519290167079,0.8519026566919274,3232.3969876220854,0.2793287663540234,0 days 14:49:00
988,CLOSED,2025-03-31 13:32:00+00:00,82000.0,83000.0,2025-03-31 14:07:00+00:00,33.70786516853933,0.21800035032223253,0.8146997022261023,27.461787715486597,3223.798618933433,0.8518456318643162,3232.676322441127,0.2793342717450713,0 days 00:35:00
989,CLOSED,2025-04-01 14:10:00+00:00,83000.0,84000.0,2025-04-01 14:51:00+00:00,33.70786516853933,0.2114912296706871,0.820232454779916,27.64828499258144,3232.953355838431,0.8552021000442538,3241.4963330643036,0.2771770550574324,0 days 00:41:00
990,CLOSED,2025-04-02 06:10:00+00:00,84000.0,85000.0,2025-04-02 09:06:00+00:00,33.70786516853933,0.20487943235829986,0.8258524824954452,27.837724129059954,3241.771275896184,0.8587195628526954,3249.9813208535547,0.27509139563893825,0 days 02:56:00
991,CLOSED,2025-04-02 20:26:00+00:00,87000.0,88000.0,2025-04-21 14:21:00+00:00,33.70786516853933,0.18444117509910846,0.8432250011657578,28.423314646036783,3265.6781664744317,0.8703648429851888,3286.799188074333,0.26923347724164515,18 days 17:55:00
992,CLOSED,2025-04-02 20:27:00+00:00,86000.0,87000.0,2025-04-21 00:46:00+00:00,33.70786516853933,0.19134260190085844,0.8373587883842704,28.22557713654844,3258.400083276436,0.8662403761101868,3279.5780534187234,0.2711253760465091,18 days 04:19:00
993,CLOSED,2025-04-02 21:06:00+00:00,85000.0,86000.0,2025-04-13 01:31:00+00:00,33.70786516853933,0.19813328735583388,0.8315867057475412,28.03101255328791,3250.794321635026,0.8622819464994442,3269.830319829685,0.2730834007200258,10 days 04:25:00
994,CLOSED,2025-04-02 22:09:00+00:00,84000.0,85000.0,2025-04-12 14:25:00+00:00,33.70786516853933,0.20481510330021616,0.8259071621948163,27.83956726499381,3242.8593077165438,0.8584882852841684,3261.9514797434504,0.2751096094424099,9 days 16:16:00
995,CLOSED,2025-04-02 22:39:00+00:00,83000.0,84000.0,2025-04-04 07:51:00+00:00,33.70786516853933,0.21138985144808503,0.8203186262691278,27.651189649521164,3234.593393246948,0.8548582862764201,3243.4160060654103,0.27720617455821994,1 days 09:12:00
996,CLOSED,2025-04-03 12:47:00+00:00,82000.0,83000.0,2025-04-03 23:46:00+00:00,33.70786516853933,0.2178592647119258,0.814819624994863,27.46583005600662,3225.994853438584,0.8513910066140008,3234.8728904251197,0.2793753893976074,0 days 10:59:00
997,CLOSED,2025-04-04 10:22:00+00:00,83000.0,84000.0,2025-04-04 17:37:00+00:00,33.70786516853933,0.2113534835223198,0.8203495390060281,27.65223165188859,3235.1499748109036,0.8547434235565812,3244.2520017334364,0.2772166207449409,0 days 07:15:00
998,CLOSED,2025-04-04 11:22:00+00:00,82000.0,83000.0,2025-04-04 12:30:00+00:00,33.70786516853933,0.21782200354464049,0.8148512969870556,27.466897651249067,3226.551421418846,0.8512772326799228,3235.429482885913,0.27938624870301254,0 days 01:08:00
999,CLOSED,2025-04-04 14:49:00+00:00,82000.0,83000.0,2025-04-04 15:01:00+00:00,33.70786516853933,0.21780314402702625,0.8148673275770277,27.46743800821442,3226.8308076675494,0.8512202729361169,3235.7088751773886,0.279391745075678,0 days 00:12:00
1000,CLOSED,2025-04-05 13:19:00+00:00,83000.0,84000.0,2025-04-11 17:44:00+00:00,33.70786516853933,0.2112988818103053,0.8203959504612405,27.653796082963165,3235.985969425428,0.8545709513033918,3253.463959239299,0.2772323043361027,6 days 04:25:00
1001,CLOSED,2025-04-06 16:57:00+00:00,82000.0,83000.0,2025-04-09 20:55:00+00:00,33.70786516853933,0.2177660606036373,0.8148988484869083,27.468500510794662,3227.387395639221,0.851106394847719,3243.2227067368076,0.2794025525798176,3 days 03:58:00
1002,CLOSED,2025-04-06 17:45:00+00:00,81000.0,82000.0,2025-04-09 17:58:00+00:00,33.70786516853933,0.2241296049899884,0.8094898357585099,27.286174239050897,3218.454360416753,0.8478036716828773,3234.344735432397,0.2816478904954849,3 days 00:13:00
1003,CLOSED,2025-04-06 18:20:00+00:00,80000.0,81000.0,2025-04-07 14:17:00+00:00,33.70786516853933,0.23039111219791694,0.8041675546317706,27.106771504441706,3209.1849780382754,0.8446621709232746,3220.7790859161823,0.28397087711517344,0 days 19:57:00
1004,CLOSED,2025-04-06 18:47:00+00:00,79000.0,80000.0,2025-04-07 14:13:00+00:00,33.70786516853933,0.23655211392026126,0.7989307031677779,26.930248421385773,3199.5772792533708,0.8416814494841649,3211.2257377692863,0.2863742163776912,0 days 19:26:00
1005,CLOSED,2025-04-06 22:51:00+00:00,78000.0,79000.0,2025-04-07 01:18:00+00:00,33.70786516853933,0.2426140771428184,0.7937780344286044,26.756562958267565,3189.6292086602457,0.8388612345792458,3199.8662822675715,0.28886076640173286,0 days 02:27:00
1006,CLOSED,2025-04-07 03:33:00+00:00,78000.0,79000.0,2025-04-07 14:10:00+00:00,33.70786516853933,0.24259210739728326,0.7937967087123092,26.75719242850481,3189.9180694266474,0.8388050052117519,3201.3316705577063,0.2888675620897807,0 days 10:37:00
1007,CLOSED,2025-04-07 04:17:00+00:00,77000.0,78000.0,2025-04-07 13:56:00+00:00,33.70786516853933,0.24855601807211858,0.7887273846386992,26.58631633613593,3179.6274740018735,0.8361456350946181,3191.094736986939,0.2914405807840623,0 days 09:39:00
1008,CLOSED,2025-04-07 06:25:00+00:00,76000.0,77000.0,2025-04-07 10:12:00+00:00,33.70786516853933,0.25442363821815395,0.7837399075145691,26.41819912970458,3168.992117894493,0.8336467288930043,3180.2185880712696,0.29410303506661606,0 days 03:47:00
1009,CLOSED,2025-04-07 06:44:00+00:00,75000.0,76000.0,2025-04-07 08:20:00+00:00,33.70786516853933,0.26019624413627984,0.7788331924841622,26.252804241039176,3158.0096696289165,0.8313085451737716,3169.289134243613,0.2968583094603119,0 days 01:36:00
1010,CLOSED,2025-04-07 13:42:00+00:00,76000.0,77000.0,2025-04-07 13:51:00+00:00,33.70786516853933,0.25437620152646234,0.7837802287025071,26.419558270871025,3169.5830792390198,0.8335341781674976,3180.5127076127483,0.2941181658308345,0 days 00:09:00
1011,CLOSED,2025-04-07 14:20:00+00:00,80000.0,81000.0,2025-04-09 17:25:00+00:00,33.70786516853933,0.230224347730004,0.8043093044294967,27.111549587511124,3211.5095715514017,0.8441995573568912,3225.1300622216722,0.2840209323731351,2 days 03:05:00
1012,CLOSED,2025-04-07 14:23:00+00:00,79000.0,80000.0,2025-04-07 22:50:00+00:00,33.70786516853933,0.23638185303812356,0.799075424917595,26.935126682615564,3201.9018083221013,0.8412227574439715,3212.6628987484073,0.28642609143711084,0 days 08:27:00
1013,CLOSED,2025-04-07 14:29:00+00:00,78000.0,79000.0,2025-04-07 14:33:00+00:00,33.70786516853933,0.24244036936085941,0.7939256860432695,26.761539978986615,3191.953611496011,0.8384062939575104,3202.190865225171,0.28891449774313926,0 days 00:04:00
1014,CLOSED,2025-04-07 15:14:00+00:00,78000.0,79000.0,2025-04-07 15:44:00+00:00,33.70786516853933,0.24241842725057924,0.7939443368370076,26.762168657427225,3192.2425259937536,0.8383501077849995,3202.479787146155,0.28892128488304536,0 days 00:30:00
1015,CLOSED,2025-04-07 16:18:00+00:00,78000.0,79000.0,2025-04-07 17:45:00+00:00,33.70786516853933,0.24239648859636792,0.7939629846930872,26.76279723684564,3192.5314472786367,0.8382939268980001,3202.7687158531107,0.2889280709539186,0 days 01:27:00
1016,CLOSED,2025-04-08 00:58:00+00:00,79000.0,80000.0,2025-04-08 01:36:00+00:00,33.70786516853933,0.23629674891838298,0.7991477634193744,26.93756505908004,3203.0549982671187,0.8409960201636719,3212.949353236127,0.28645202094723743,0 days 00:38:00
1017,CLOSED,2025-04-08 08:24:00+00:00,79000.0,80000.0,2025-04-08 11:58:00+00:00,33.70786516853933,0.23627561858235063,0.799165724205002,26.938170478820293,3203.341450288066,0.8409397155085615,3213.235812307532,0.2864584589347743,0 days 03:34:00
1018,CLOSED,2025-04-08 14:50:00+00:00,79000.0,80000.0,2025-04-09 17:21:00+00:00,33.70786516853933,0.2362544915502761,0.7991836821822653,26.938775803896586,3203.6279087470007,0.8408834162776678,3215.5766630351527,0.2864648959156675,1 days 02:31:00
1019,CLOSED,2025-04-08 16:18:00+00:00,78000.0,79000.0,2025-04-09 17:19:00+00:00,33.70786516853933,0.2423104674704519,0.7940361026501159,26.765261887082563,3193.6796621265717,0.8380697101368147,3205.6824364883914,0.2889546790334947,1 days 01:01:00
1020,CLOSED,2025-04-08 17:12:00+00:00,77000.0,78000.0,2025-04-09 14:00:00+00:00,33.70786516853933,0.2482688895732999,0.7889714438626951,26.594543051551522,3183.388787781275,0.8354161186226678,3195.153673543965,0.2915307624658112,0 days 20:48:00
1021,CLOSED,2025-04-09 00:05:00+00:00,76000.0,77000.0,2025-04-09 06:01:00+00:00,33.70786516853933,0.2541310933754491,0.7839885706308682,26.42658103250118,3172.7530458624956,0.8329227220178197,3184.277054662006,0.2941963473715177,0 days 05:56:00
1022,CLOSED,2025-04-09 01:25:00+00:00,75000.0,76000.0,2025-04-09 01:49:00+00:00,33.70786516853933,0.2598983514962935,0.7790864012281505,26.261339367241032,3161.7701014524264,0.8305897811854609,3173.0501589824676,0.2969548219361613,0 days 00:24:00
1023,CLOSED,2025-04-09 04:00:00+00:00,75000.0,76000.0,2025-04-09 04:15:00+00:00,33.70786516853933,0.2598739440225377,0.779107147580843,26.26203868250033,3162.0670562743626,0.8305338949213497,3173.347122419968,0.29696272956933356,0 days 00:15:00
1024,CLOSED,2025-04-09 11:06:00+00:00,76000.0,77000.0,2025-04-09 12:55:00+00:00,33.70786516853933,0.25405997715757755,0.7840490194160591,26.428618632001992,3173.6411597613733,0.8327538401975214,3184.571275755487,0.2942190311356363,0 days 01:49:00
1025,CLOSED,2025-04-09 14:52:00+00:00,77000.0,78000.0,2025-04-09 16:50:00+00:00,33.70786516853933,0.24815399780484484,0.7890691018658819,26.59783489435557,3184.8626514737543,0.8351328708648633,3195.445243723042,0.29156684781763076,0 days 01:58:00
1026,CLOSED,2025-04-10 03:06:00+00:00,82000.0,83000.0,2025-04-11 13:39:00+00:00,33.70786516853933,0.21727886665818225,0.8153129633405451,27.482459438445343,3234.624011067941,0.849633816616966,3244.6412567456646,0.2795445392170386,1 days 10:33:00
1027,CLOSED,2025-04-10 13:37:00+00:00,81000.0,82000.0,2025-04-11 09:27:00+00:00,33.70786516853933,0.2236310687976085,0.8099135915220328,27.30045814119212,3225.6907918259512,0.8463445476662776,3235.763129826447,0.2817953289333808,0 days 19:50:00
1028,CLOSED,2025-04-10 15:33:00+00:00,80000.0,81000.0,2025-04-11 04:15:00+00:00,33.70786516853933,0.2298814065035395,0.8046008044719914,27.121375431640164,3216.421048934851,0.8432159539753563,3226.5481203257195,0.2841238680390532,0 days 12:42:00
1029,CLOSED,2025-04-10 15:48:00+00:00,79000.0,80000.0,2025-04-10 19:56:00+00:00,33.70786516853933,0.2360314036552689,0.7993733068930214,26.945167648079376,3206.812806950758,0.8402476000368901,3216.7077193851947,0.28653286630124697,0 days 04:08:00
1030,CLOSED,2025-04-11 00:59:00+00:00,79000.0,80000.0,2025-04-11 01:47:00+00:00,33.70786516853933,0.23601031582871274,0.7993912315455942,26.945771849851493,3207.099339817059,0.8401913690452928,3216.9942592877696,0.28653929133700373,0 days 00:48:00
1031,CLOSED,2025-04-11 14:21:00+00:00,82000.0,83000.0,2025-04-11 16:47:00+00:00,33.70786516853933,0.21718362134949054,0.815393921852933,27.48518837706516,3236.042546961769,0.8493457047673939,3244.9208318024025,0.27957229728180266,0 days 02:26:00
1032,CLOSED,2025-04-12 02:49:00+00:00,83000.0,84000.0,2025-04-12 08:11:00+00:00,33.70786516853933,0.21069907987808498,0.8209057821036277,27.67098141922341,3245.197925349594,0.8526746921373837,3253.7413812034906,0.2774045891955801,0 days 05:22:00
1033,CLOSED,2025-04-13 02:17:00+00:00,85000.0,86000.0,2025-04-15 10:01:00+00:00,33.70786516853933,0.19743907112192846,0.8321767895463608,28.05090301841666,3262.2244513370297,0.8598704177733674,3270.654245154697,0.27327717737539814,2 days 07:44:00
1034,CLOSED,2025-04-13 13:40:00+00:00,84000.0,85000.0,2025-04-14 00:22:00+00:00,33.70786516853933,0.20410177565550477,0.826513490692821,27.860005304252393,3254.2891837566153,0.8561010940057875,3262.4998754917897,0.2753115774164314,0 days 10:42:00
1035,CLOSED,2025-04-14 15:40:00+00:00,84000.0,85000.0,2025-04-14 18:04:00+00:00,33.70786516853933,0.20408451018668713,0.826528166341316,27.860499989033126,3254.564495334032,0.8560438740413919,3262.775192457737,0.2753164658737681,0 days 02:24:00
1036,CLOSED,2025-04-15 14:19:00+00:00,85000.0,86000.0,2025-04-21 00:26:00+00:00,33.70786516853933,0.19738921863318623,0.8322191641617918,28.052331376240172,3263.048356557695,0.8596970780363662,3272.0288713308955,0.27329109270617735,5 days 10:07:00
1037,CLOSED,2025-04-15 19:45:00+00:00,84000.0,85000.0,2025-04-16 15:24:00+00:00,33.70786516853933,0.20405054958287533,0.826557032854556,27.861473017569303,3255.1130707615184,0.8559294995872829,3263.3237952716895,0.2753260813070142,0 days 19:39:00
1038,CLOSED,2025-04-16 17:46:00+00:00,84000.0,85000.0,2025-04-17 07:33:00+00:00,33.70786516853933,0.20403329190687586,0.8265717018791555,27.86196747907266,3255.3883968428254,0.8558722979443573,3263.599126739095,0.27533096755793096,0 days 13:47:00
1039,CLOSED,2025-04-17 14:29:00+00:00,84000.0,85000.0,2025-04-17 16:34:00+00:00,33.70786516853933,0.2040160368435857,0.8265863686829522,27.862461865717492,3255.6637278103835,0.8558151023925484,3263.874463091936,0.2753358530690946,0 days 02:05:00
1040,CLOSED,2025-04-20 10:54:00+00:00,84000.0,85000.0,2025-04-20 20:19:00+00:00,33.70786516853933,0.20399878439246616,0.8266010332664038,27.86295617751923,3255.9390636634525,0.8557579129312373,3264.149804329473,0.2753407378406685,0 days 09:25:00
1041,CLOSED,2025-04-21 17:00:00+00:00,87000.0,88000.0,2025-04-22 01:15:00+00:00,33.70786516853933,0.1836443847987363,0.8439022729210741,28.446144031047446,3279.8471849828707,0.8673008962518481,3287.068660866507,0.2694497234742279,0 days 08:15:00
1042,CLOSED,2025-04-23 13:58:00+00:00,93000.0,94000.0,2025-04-23 18:09:00+00:00,33.70786516853933,0.13996567751659914,0.8810291741108908,29.697612610479467,3318.564826998288,0.8948932493008306,3324.109471920755,0.25932530123972697,0 days 04:11:00
1043,CLOSED,2025-04-23 15:27:00+00:00,92000.0,93000.0,2025-04-23 15:56:00+00:00,33.70786516853933,0.14754208023754598,0.8745892317980859,29.48053590330627,3313.2216553061994,0.889784595488579,3318.825769016811,0.26086845559924043,0 days 00:29:00
1044,CLOSED,2025-04-23 19:26:00+00:00,93000.0,94000.0,2025-04-24 23:35:00+00:00,33.70786516853933,0.13994374096747172,0.881047820177649,29.69824112958368,3319.085020755127,0.8947719309349603,3324.6296776251515,0.2593307895901944,1 days 04:09:00
1045,CLOSED,2025-04-24 08:28:00+00:00,92000.0,93000.0,2025-04-24 14:01:00+00:00,33.70786516853933,0.14751910673969693,0.8746087592712576,29.48119413273902,3313.7418416830083,0.8896647820267704,3319.345968634415,0.2608742801641739,0 days 05:33:00
1046,CLOSED,2025-04-25 02:56:00+00:00,93000.0,94000.0,2025-04-25 11:14:00+00:00,33.70786516853933,0.13992181081657143,0.8810664608059143,29.698869465367903,3319.605225824882,0.8946506420198832,3324.8890145359487,0.25933627633987655,0 days 08:18:00
1047,CLOSED,2025-04-26 11:52:00+00:00,94000.0,95000.0,2025-04-27 00:20:00+00:00,33.70786516853933,0.13221669391027333,0.8876158101762677,29.919634050885428,3325.1463136460543,0.8997990232218764,3330.1113894032273,0.25784836113247067,0 days 12:28:00
1048,CLOSED,2025-04-27 05:13:00+00:00,94000.0,95000.0,2025-04-28 10:37:00+00:00,33.70786516853933,0.13220644196609505,0.8876245243288192,29.919927786364696,3325.4041620071866,0.8997380868226638,3330.6285812853257,0.25785089255420246,1 days 05:24:00
1049,CLOSED,2025-04-28 01:31:00+00:00,93000.0,94000.0,2025-04-28 04:11:00+00:00,33.70786516853933,0.13990415781689017,0.8810814658556434,29.699375253561016,3320.3792435664564,0.8944573217383622,3325.6635714770323,0.25934069298027396,0 days 02:40:00
1050,CLOSED,2025-04-28 13:58:00+00:00,94000.0,95000.0,2025-04-28 23:10:00+00:00,33.70786516853933,0.13218588343446755,0.8876419990807026,29.920516822945036,3325.921353592722,0.8996158851027651,3330.886437848924,0.25785596889025086,0 days 09:12:00
1051,CLOSED,2025-04-29 23:05:00+00:00,94000.0,95000.0,2025-04-30 03:54:00+00:00,33.70786516853933,0.13217563596525464,0.8876507094295336,29.920810430209,3326.179209561612,0.8995549711872722,3331.144296644565,0.2578584992070212,0 days 04:49:00
1052,CLOSED,2025-04-30 13:41:00+00:00,94000.0,95000.0,2025-05-01 03:11:00+00:00,33.70786516853933,0.13216538998421715,0.8876594185134155,29.92110399483423,3326.437068060819,0.8994940647494963,3331.6615094607237,0.25786102915633435,0 days 13:30:00
1053,CLOSED,2025-04-30 14:00:00+00:00,93000.0,94000.0,2025-04-30 14:28:00+00:00,33.70786516853933,0.139861000448775,0.8811181496185413,29.70061178489465,3321.4121359435367,0.8942163925843967,3326.6964884006647,0.25935149061120555,0 days 00:28:00
1054,CLOSED,2025-05-03 10:42:00+00:00,96000.0,97000.0,2025-05-07 00:07:00+00:00,33.70786516853933,0.11638863529813653,0.901069659996584,30.373134606626426,3336.5628191501783,0.9103120862074,3341.6658557723194,0.2550384654895588,3 days 13:25:00
1055,CLOSED,2025-05-04 22:32:00+00:00,95000.0,96000.0,2025-05-06 22:42:00+00:00,33.70786516853933,0.12433919907595439,0.8943116807854388,30.145337554565355,3332.1711881553692,0.9046755359304718,3337.335030106358,0.2564244915420417,2 days 00:10:00
1056,CLOSED,2025-05-05 01:31:00+00:00,94000.0,95000.0,2025-05-05 22:36:00+00:00,33.70786516853933,0.13215968374104206,0.8876642688201143,29.92126748831846,3327.4627829342758,0.8992217025469724,3332.4291145952293,0.2578624381483934,0 days 21:05:00
1057,CLOSED,2025-05-06 10:45:00+00:00,94000.0,95000.0,2025-05-06 18:56:00+00:00,33.70786516853933,0.13214944279178395,0.8876729736269836,29.92156090877473,3327.7206453724243,0.8991608400297687,3332.6869798583302,0.2578649668552515,0 days 08:11:00
1058,CLOSED,2025-05-07 18:09:00+00:00,96000.0,97000.0,2025-05-07 21:28:00+00:00,33.70786516853933,0.11635281505536016,0.9011001072029439,30.374160916953166,3337.590009512214,0.9100626748757654,3341.920903891541,0.25504708325701486,0 days 03:19:00
1059,CLOSED,2025-05-08 21:42:00+00:00,103000.0,104000.0,2025-05-09 07:43:00+00:00,33.70786516853933,0.056907890985374465,0.9516282926624318,32.07735817963253,3361.5464880603063,0.9542440746711776,3363.682797128401,0.24668547304388255,0 days 10:01:00
1060,CLOSED,2025-05-09 08:40:00+00:00,103000.0,104000.0,2025-05-10 07:06:00+00:00,33.70786516853933,0.056903715133594476,0.9516318421364447,32.07747782482398,3361.79317353335,0.9541776120364224,3363.9294836422414,0.2466863931548957,0 days 22:26:00
1061,CLOSED,2025-05-12 01:35:00+00:00,104000.0,105000.0,2025-05-12 07:00:00+00:00,33.70786516853933,0.04782166074243093,0.9593515883689337,32.33769398996406,3364.1748814079306,0.9612370084765186,3366.0000993500257,0.2456747472109555,0 days 05:25:00
1062,CLOSED,2025-05-12 11:48:00+00:00,104000.0,105000.0,2025-05-18 14:38:00+00:00,33.70786516853933,0.04781816873713076,0.9593545565734388,32.33779404180131,3364.4205561551416,0.9611697914114793,3368.4713119989347,0.2456755073211312,6 days 02:50:00
1063,CLOSED,2025-05-12 14:29:00+00:00,103000.0,104000.0,2025-05-13 16:12:00+00:00,33.70786516853933,0.05690009958366562,0.9516349153538842,32.077581416423065,3362.5306617639394,0.9539714174560296,3365.4115929863237,0.24668718980848325,1 days 01:43:00
1064,CLOSED,2025-05-12 18:07:00+00:00,102000.0,103000.0,2025-05-12 23:20:00+00:00,33.70786516853933,0.06582840421158692,0.9440458564201512,31.82177044112869,3360.3299061889065,0.9469835203537833,3363.027271659735,0.24774277816285917,0 days 05:13:00
1065,CLOSED,2025-05-12 18:47:00+00:00,101000.0,102000.0,2025-05-12 19:05:00+00:00,33.70786516853933,0.0746064197763805,0.9365845431900766,31.570265500789098,3357.817740261411,0.9402018794007356,3360.5787784622253,0.2488430842149434,0 days 00:18:00
1066,CLOSED,2025-05-13 02:16:00+00:00,102000.0,103000.0,2025-05-13 09:16:00+00:00,33.70786516853933,0.06581867759970986,0.9440541240402466,31.822049124952134,3360.8264920512843,0.9468518889688206,3363.275016888676,0.2477449478065843,0 days 07:00:00
1067,CLOSED,2025-05-14 09:04:00+00:00,103000.0,104000.0,2025-05-14 11:38:00+00:00,33.70786516853933,0.05688333470796167,0.9516491654982326,32.0780617583674,3363.5216797639323,0.9537046230847777,3365.658284354641,0.24669088379659598,0 days 02:34:00
1068,CLOSED,2025-05-14 14:31:00+00:00,103000.0,104000.0,2025-05-15 17:20:00+00:00,33.70786516853933,0.05687916301759355,0.9516527114350455,32.07818128432738,3363.768370647729,0.9536382339593255,3366.152724423461,0.24669180299068216,1 days 02:49:00
1069,CLOSED,2025-05-15 07:23:00+00:00,102000.0,103000.0,2025-05-15 15:44:00+00:00,33.70786516853933,0.06580434325618534,0.9440663082322425,31.82245982805312,3361.567608654692,0.9466553564510504,3364.0161429219916,0.24774814526310962,0 days 08:21:00
1070,CLOSED,2025-05-15 18:48:00+00:00,103000.0,104000.0,2025-05-16 00:35:00+00:00,33.70786516853933,0.05687080358433805,0.9516598169533127,32.07842079617908,3364.262810595983,0.9535051986766858,3366.399418309972,0.24669364491588652,0 days 05:47:00
1071,CLOSED,2025-05-17 01:05:00+00:00,103000.0,104000.0,2025-05-18 08:00:00+00:00,33.70786516853933,0.05686663368503836,0.9516633613677175,32.07854027082194,3364.509504240899,0.9534388364897636,3366.6461129942013,0.24669456371533727,1 days 06:55:00
1072,CLOSED,2025-05-18 18:10:00+00:00,104000.0,105000.0,2025-05-18 22:28:00+00:00,33.70786516853933,0.047783071422835166,0.9593843892905901,32.338799639008656,3366.8917687031376,0.9604941845655153,3368.716996160193,0.24568314700749028,0 days 04:18:00
1073,CLOSED,2025-05-19 00:30:00+00:00,106000.0,107000.0,2025-05-20 19:56:00+00:00,33.70786516853933,0.029165043004751673,0.9752097134459611,32.872237531886334,3370.474934311919,0.9752998664147368,3372.9087851024487,0.24378392480640798,1 days 19:26:00
1074,CLOSED,2025-05-19 01:06:00+00:00,105000.0,106000.0,2025-05-20 00:13:00+00:00,33.70786516853933,0.0385557576278597,0.9672276060163193,32.60317773088717,3369.2048978130665,0.9676816554567437,3371.4597871887663,0.2447119998931342,0 days 23:07:00
1075,CLOSED,2025-05-19 03:40:00+00:00,104000.0,105000.0,2025-05-19 16:24:00+00:00,33.70786516853933,0.047786040582284466,0.9593818655050582,32.33871456758624,3367.6249344258895,0.9602825491936596,3369.9450439934026,0.24568250070598197,0 days 12:44:00
1076,CLOSED,2025-05-19 04:06:00+00:00,103000.0,104000.0,2025-05-19 14:48:00+00:00,33.70786516853933,0.05685945628383423,0.9516694621587409,32.07874591546318,3365.73459727252,0.9530979044354457,3368.119403354461,0.24669614519050498,0 days 10:42:00
1077,CLOSED,2025-05-19 06:38:00+00:00,102000.0,103000.0,2025-05-19 07:43:00+00:00,33.70786516853933,0.06577944968984512,0.9440874677636316,31.823173070684213,3363.5333873968366,0.9461232996802018,3365.9823752544908,0.24775369808774172,0 days 01:05:00
1078,CLOSED,2025-05-20 07:48:00+00:00,105000.0,106000.0,2025-05-20 17:12:00+00:00,33.70786516853933,0.03854449077859339,0.9672371828381956,32.60350054510772,3370.1897421569442,0.9674084558883399,3371.704501937192,0.24471442286288436,0 days 09:24:00
1079,CLOSED,2025-05-20 22:22:00+00:00,106000.0,107000.0,2025-05-20 23:18:00+00:00,33.70786516853933,0.029152299599625096,0.9752205453403187,32.87260265192086,3371.948277003466,0.9748845460089205,3373.1525721032194,0.2437866325744693,0 days 00:56:00
1080,CLOSED,2025-05-21 17:24:00+00:00,108000.0,109000.0,2025-05-21 22:45:00+00:00,33.70786516853933,0.009888074851915521,0.9915951363758718,33.424555158737256,3374.2887852371273,0.9905659321446714,3375.116373856056,0.24205227232078386,0 days 05:21:00
1081,CLOSED,2025-05-21 17:29:00+00:00,107000.0,108000.0,2025-05-21 19:37:00+00:00,33.70786516853933,0.01960443032156686,0.9833362342266682,33.14616519865174,3373.637246323783,0.982505313360847,3374.531681984372,0.24289881590266305,0 days 02:08:00
1082,CLOSED,2025-05-21 23:28:00+00:00,110000.0,111000.0,2025-05-22 03:42:00+00:00,33.70786516853933,0.0,1.0,33.70786516853933,3375.3576276767576,0.9986457402956821,3375.630048514347,0.2384405515832526,0 days 04:14:00
1083,CLOSED,2025-05-22 05:55:00+00:00,111000.0,112000.0,2025-07-10 16:24:00+00:00,33.70786516853933,0.0,1.0,33.70786516853933,3375.5960682283408,0.9985751993789553,3392.470845859287,0.23568539325842863,49 days 10:29:00
1084,CLOSED,2025-05-23 11:47:00+00:00,110000.0,111000.0,2025-07-09 19:40:00+00:00,33.70786516853933,0.009886881753343464,0.9915961505096581,33.424589343022184,3375.2589895766555,0.9902822108241979,3392.201169793567,0.23643673307534385,47 days 07:53:00
1085,CLOSED,2025-05-23 11:59:00+00:00,109000.0,110000.0,2025-05-26 07:04:00+00:00,33.70786516853933,0.019603703865311198,0.9833368517144855,33.14618601284783,3374.6186381575803,0.9822202022491183,3376.688221358613,0.23722634101360285,2 days 19:05:00
1086,CLOSED,2025-05-23 12:13:00+00:00,108000.0,109000.0,2025-05-23 13:32:00+00:00,33.70786516853933,0.029154365674975268,0.975218789176271,32.872543455379926,3373.674775785626,0.9743838881957706,3374.8566904550744,0.23805474156799278,0 days 01:19:00
1087,CLOSED,2025-05-23 22:46:00+00:00,108000.0,109000.0,2025-05-24 10:40:00+00:00,33.70786516853933,0.029152308616795356,0.9752205376757239,32.87260239356373,3373.9128305271943,0.9743168850164747,3375.3336687482815,0.23805516838358898,0 days 11:54:00
1088,CLOSED,2025-05-23 23:42:00+00:00,107000.0,108000.0,2025-05-24 03:04:00+00:00,33.70786516853933,0.03853993312604972,0.9672410568428578,32.603631129534534,3372.6651701667183,0.9667022809715459,3374.1517564198243,0.23892306539922714,0 days 03:22:00
1089,CLOSED,2025-05-24 22:59:00+00:00,108000.0,109000.0,2025-05-25 22:52:00+00:00,33.70786516853933,0.029148187866833798,0.9752240403131913,32.872720459995215,3374.389808760977,0.9741826618444407,3375.8106490930754,0.2380560233911737,0 days 23:53:00
1090,CLOSED,2025-05-25 08:49:00+00:00,107000.0,108000.0,2025-05-25 22:09:00+00:00,33.70786516853933,0.038534518054420756,0.9672456596537423,32.603786280463225,3373.14214719032,0.9665701846458133,3374.628735828948,0.23892420236262524,0 days 13:20:00
1091,CLOSED,2025-05-26 17:46:00+00:00,109000.0,110000.0,2025-05-27 13:08:00+00:00,33.70786516853933,0.019595404697245085,0.9833439060073417,33.146423798000285,3376.047877699698,0.9818114256301635,3377.1635069298923,0.23722804283539745,0 days 19:22:00
1092,CLOSED,2025-05-27 01:20:00+00:00,108000.0,109000.0,2025-05-27 03:12:00+00:00,33.70786516853933,0.029142089569235616,0.9752292238661497,32.872895186499434,3375.1040129106245,0.9739816924382867,3376.2859326611883,0.2380572887168313,0 days 01:52:00
1093,CLOSED,2025-05-27 14:32:00+00:00,109000.0,110000.0,2025-05-27 15:40:00+00:00,33.70786516853933,0.019592646413659057,0.9833462505483898,33.14650282747382,3376.52316303125,0.9816755646869834,3377.400735618014,0.2372286084471611,0 days 01:08:00
1094,CLOSED,2025-05-27 21:38:00+00:00,109000.0,110000.0,2025-06-09 21:28:00+00:00,33.70786516853933,0.019591269965316436,0.983347420529481,33.14654226503869,3376.7603916396974,0.9816077666364504,3381.735466069248,0.2372288907007345,12 days 23:50:00
1095,CLOSED,2025-05-28 14:01:00+00:00,108000.0,109000.0,2025-06-09 21:10:00+00:00,33.70786516853933,0.029135973464582594,0.9752344225551048,32.87307042320578,3375.816525646391,0.9737813110832896,3380.85789089146,0.23805855773725426,12 days 07:09:00
1096,CLOSED,2025-05-28 19:50:00+00:00,107000.0,108000.0,2025-05-28 23:21:00+00:00,33.70786516853933,0.038518432490900374,0.9672593323827346,32.60424715896858,3374.568857223511,0.9661751926968927,3376.055456206489,0.23892757973200673,0 days 03:31:00
1097,CLOSED,2025-05-29 04:45:00+00:00,107000.0,108000.0,2025-05-29 07:15:00+00:00,33.70786516853933,0.03851570548644946,0.967261650336518,32.60432529224218,3374.807784803243,0.9661091052076931,3376.2943844375754,0.23892815230139774,0 days 02:30:00
1098,CLOSED,2025-05-29 14:24:00+00:00,107000.0,108000.0,2025-06-09 14:48:00+00:00,33.70786516853933,0.038512978861567154,0.9672639679676679,32.604403414640494,3375.0467129555445,0.9660430265893613,3379.6759717473515,0.23892872479108718,11 days 00:24:00
1099,CLOSED,2025-05-29 18:58:00+00:00,106000.0,107000.0,2025-06-09 10:13:00+00:00,33.70786516853933,0.04773556849031135,0.9594247667832354,32.34016067808659,3373.4949038631203,0.9586544992569165,3378.189379669618,0.23983798764309228,10 days 15:15:00
1100,CLOSED,2025-05-30 00:57:00+00:00,105000.0,106000.0,2025-05-30 02:10:00+00:00,33.70786516853933,0.056803099806472475,0.9517173651644983,32.08036062352242,3371.6385682538335,0.9514768553658107,3373.735705058608,0.24078785418630133,0 days 01:13:00
1101,CLOSED,2025-05-30 07:45:00+00:00,105000.0,106000.0,2025-05-30 12:49:00+00:00,33.70786516853933,0.05679904346427603,0.9517208130553654,32.08047684456288,3371.87935610802,0.9514123566268888,3373.976493902334,0.2407887265148645,0 days 05:04:00
1102,CLOSED,2025-05-30 16:27:00+00:00,105000.0,106000.0,2025-06-03 00:11:00+00:00,33.70786516853933,0.056794987686677484,0.9517242604663242,32.08059304942666,3372.120144834535,0.9513478663732727,3374.700846726678,0.2407895987220101,3 days 07:44:00
1103,CLOSED,2025-05-30 16:50:00+00:00,104000.0,105000.0,2025-06-01 16:08:00+00:00,33.70786516853933,0.06570964969525511,0.9441467977590332,31.82517295816966,3369.9588448647214,0.9443786830413711,3372.361944335693,0.24178104115495103,1 days 23:18:00
1104,CLOSED,2025-06-02 11:43:00+00:00,104000.0,105000.0,2025-06-02 21:05:00+00:00,33.70786516853933,0.06570493562945288,0.944150804714965,31.825308024099947,3370.200625905876,0.9443149401690477,3372.603726539194,0.24178206727290075,0 days 09:22:00
1105,CLOSED,2025-06-03 08:17:00+00:00,105000.0,106000.0,2025-06-03 14:41:00+00:00,33.70786516853933,0.05678279038463364,0.9517346281730614,32.080942522687465,3372.844497541685,0.9511539161105655,3374.941639300915,0.24079222178843196,0 days 06:24:00
1106,CLOSED,2025-06-04 12:01:00+00:00,105000.0,106000.0,2025-06-08 13:48:00+00:00,33.70786516853933,0.056778736868910946,0.9517380736614257,32.08105866274469,3373.0852897634736,0.9510894598515849,3376.397738426972,0.24079309350915423,4 days 01:47:00
1107,CLOSED,2025-06-05 14:18:00+00:00,104000.0,105000.0,2025-06-06 15:14:00+00:00,33.70786516853933,0.065690972829193,0.944162673095186,31.825708081860203,3370.9239848980683,0.9441241696472893,3374.058824978085,0.24178510657709396,1 days 00:56:00
1108,CLOSED,2025-06-05 18:13:00+00:00,103000.0,104000.0,2025-06-06 12:00:00+00:00,33.70786516853933,0.07445492322159776,0.9367133152616419,31.5746061324149,3368.457224975804,0.9373610535500182,3371.655740038453,0.24281914384379277,0 days 17:47:00
1109,CLOSED,2025-06-05 19:18:00+00:00,102000.0,103000.0,2025-06-06 06:10:00+00:00,33.70786516853933,0.08307376421660874,0.9293873004158826,31.327661811771325,3365.684473130962,0.9307961593508631,3368.9461659606986,0.24389598262463608,0 days 10:52:00
1110,CLOSED,2025-06-05 20:21:00+00:00,101000.0,102000.0,2025-06-06 02:55:00+00:00,33.70786516853933,0.09155056734487022,0.9221820177568603,31.084787115399788,3362.6051414250487,0.9244257296955857,3365.929523081325,0.24501644744696804,0 days 06:34:00
1111,CLOSED,2025-06-07 00:16:00+00:00,104000.0,105000.0,2025-06-07 05:47:00+00:00,33.70786516853933,0.06567200687374,0.944178794157321,31.826251488449024,3371.8975015785613,0.9438677027860276,3374.300614761094,0.24178923492578264,0 days 05:31:00
1112,CLOSED,2025-06-10 13:44:00+00:00,109000.0,110000.0,2025-06-10 19:26:00+00:00,33.70786516853933,0.01956615299266335,0.9833687699562361,33.14726190863718,3381.0951220511715,0.9803705814856842,3381.9727008359378,0.23723404117015434,0 days 05:42:00
1113,CLOSED,2025-06-11 17:59:00+00:00,109000.0,110000.0,2025-07-03 09:41:00+00:00,33.70786516853933,0.019564780232740404,0.9833699368021707,33.14730124052261,3381.332356092342,0.9803029619611098,3390.6770059158507,0.23723432266737632,21 days 15:42:00
1114,CLOSED,2025-06-12 03:20:00+00:00,108000.0,109000.0,2025-07-02 16:05:00+00:00,33.70786516853933,0.029096789462364162,0.9752677289569904,32.87419311090979,3380.388482383945,0.9724974890378869,3389.7994249138983,0.23806668796093078,20 days 12:45:00
1115,CLOSED,2025-06-12 11:38:00+00:00,107000.0,108000.0,2025-06-12 17:17:00+00:00,33.70786516853933,0.03846686659830613,0.9673031633914397,32.60572460870022,3379.140795497401,0.9649116915207062,3380.627424138039,0.23893840664932497,0 days 05:39:00
1116,CLOSED,2025-06-12 19:52:00+00:00,107000.0,108000.0,2025-06-16 17:38:00+00:00,33.70786516853933,0.03846414680575912,0.9673054752151048,32.605802535340615,3379.37973390405,0.9648457735666347,3382.3132593894725,0.23893897770449257,3 days 21:46:00
1117,CLOSED,2025-06-12 20:44:00+00:00,106000.0,107000.0,2025-06-16 07:30:00+00:00,33.70786516853933,0.04767528865831352,0.9594760046404335,32.34188779686855,3377.8278930087104,0.9574758934227662,3380.8266386496143,0.2398507961352152,3 days 10:46:00
1118,CLOSED,2025-06-13 00:02:00+00:00,105000.0,106000.0,2025-06-13 23:43:00+00:00,33.70786516853933,0.05673164690714802,0.9517781001289242,32.0824078695143,3375.971508991231,0.9503163099590493,3378.553339533981,0.24080322034677692,0 days 23:41:00
1119,CLOSED,2025-06-13 00:24:00+00:00,104000.0,105000.0,2025-06-13 08:01:00+00:00,33.70786516853933,0.0656366115313989,0.944208880198311,31.827265624662168,3373.8101432588064,0.9433626752310313,3376.4561573731535,0.24179693948436665,0 days 07:37:00
1120,CLOSED,2025-06-13 01:04:00+00:00,103000.0,104000.0,2025-06-13 03:12:00+00:00,33.70786516853933,0.07439346057589569,0.9367655585104887,31.576367140802994,3371.343307299789,0.9366108480388923,3374.0529997306394,0.24283268657960377,0 days 02:08:00
1121,CLOSED,2025-06-14 07:06:00+00:00,105000.0,106000.0,2025-06-15 05:58:00+00:00,33.70786516853933,0.05671945896111487,0.9517884598830524,32.08275707470963,3376.696941837642,0.9501224903307367,3378.7941457275606,0.2408058414011549,0 days 22:52:00
1122,CLOSED,2025-06-15 09:06:00+00:00,105000.0,106000.0,2025-06-16 04:14:00+00:00,33.70786516853933,0.056715414356784115,0.9517918977967335,32.08287295944046,3376.9377476790432,0.9500581697572276,3379.0349525556376,0.24080671120545816,0 days 19:08:00
1123,CLOSED,2025-06-16 23:47:00+00:00,107000.0,108000.0,2025-06-25 13:44:00+00:00,33.70786516853933,0.03844496817397742,0.9673217770521192,32.606352035464695,3381.0655690769077,0.9643809435013951,3387.421793131712,0.23894300450302808,8 days 13:57:00
1124,CLOSED,2025-06-17 10:33:00+00:00,106000.0,107000.0,2025-06-25 10:21:00+00:00,33.70786516853933,0.047651667334650705,0.9594960827655469,32.34256458760271,3379.513722501688,0.9570182944444771,3385.935167943966,0.23985581528553013,7 days 23:48:00
1125,CLOSED,2025-06-17 14:06:00+00:00,105000.0,106000.0,2025-06-20 08:05:00+00:00,33.70786516853933,0.05670368943315503,0.9518018639818182,32.083208898263536,3377.6573262986044,0.9498657145727042,3380.721767467243,0.2408092326854785,2 days 17:59:00
1126,CLOSED,2025-06-17 16:49:00+00:00,104000.0,105000.0,2025-06-17 19:17:00+00:00,33.70786516853933,0.06560442055669317,0.9442362425268108,31.82818795034194,3375.4959406351213,0.9429188631864643,3377.8991491302404,0.2418039465433104,0 days 02:28:00
1127,CLOSED,2025-06-18 13:17:00+00:00,104000.0,105000.0,2025-06-18 14:13:00+00:00,33.70786516853933,0.0655997213149269,0.9442402368823122,31.828322591538615,3375.7377445816646,0.9428553104466032,3378.140954235475,0.24180496943449725,0 days 00:56:00
1128,CLOSED,2025-06-18 17:31:00+00:00,104000.0,105000.0,2025-06-18 21:52:00+00:00,33.70786516853933,0.0655950227264507,0.944244230682517,31.828457214017426,3375.979549551099,0.9427917659705501,3378.3827603634395,0.24180599218347254,0 days 04:21:00
1129,CLOSED,2025-06-19 16:57:00+00:00,104000.0,105000.0,2025-06-20 07:19:00+00:00,33.70786516853933,0.0655903247911312,0.9442482239275385,31.828591817782197,3376.2213555432822,0.94272822975674,3378.6245675139917,0.24180701479026823,0 days 14:22:00
1130,CLOSED,2025-06-20 14:42:00+00:00,105000.0,106000.0,2025-06-23 22:26:00+00:00,33.70786516853933,0.05668341640767808,0.9518190960534736,32.08378975461147,3378.8653574542413,0.9495433040511728,3383.9026462084503,0.24081359246045508,3 days 07:44:00
1131,CLOSED,2025-06-20 14:59:00+00:00,104000.0,105000.0,2025-06-23 22:09:00+00:00,33.70786516853933,0.06558112060648846,0.9442560474844848,31.828855533184882,3376.7039656834686,0.9426013016436429,3381.805440994751,0.24180901827930157,3 days 07:10:00
1132,CLOSED,2025-06-20 17:20:00+00:00,103000.0,104000.0,2025-06-23 21:15:00+00:00,33.70786516853933,0.07433087881052342,0.9368187530110551,31.578160213855792,3374.2370882057853,0.9358607409133524,3379.4022452321506,0.24284647590326713,3 days 03:55:00
1133,CLOSED,2025-06-21 21:24:00+00:00,102000.0,103000.0,2025-06-22 00:33:00+00:00,33.70786516853933,0.0829358547986922,0.9295045234211117,31.33161314902624,3371.4641839277556,0.9293176922474351,3374.7260945904013,0.24392674506353984,0 days 03:09:00
1134,CLOSED,2025-06-21 23:34:00+00:00,101000.0,102000.0,2025-06-21 23:57:00+00:00,33.70786516853933,0.09139910816089081,0.9223107580632428,31.089126676289087,3368.3846606915367,0.9229684198213403,3371.7092685102034,0.2450506527252223,0 days 00:23:00
1135,CLOSED,2025-06-22 02:10:00+00:00,102000.0,103000.0,2025-06-23 18:12:00+00:00,33.70786516853933,0.08292382801287325,0.9295147461890577,31.331957736709814,3371.953161325544,0.9291931482343885,3376.692526608994,0.24392942779014248,1 days 16:02:00
1136,CLOSED,2025-06-22 13:30:00+00:00,101000.0,102000.0,2025-06-23 06:16:00+00:00,33.70786516853933,0.09138594325927744,0.9223219482296142,31.089503872908345,3368.8736343698056,0.9228456524972647,3372.9393460895794,0.2450536258636653,0 days 16:46:00
1137,CLOSED,2025-06-22 14:21:00+00:00,100000.0,101000.0,2025-06-22 23:01:00+00:00,33.70786516853933,0.09970932022269596,0.9152470778107085,30.851025094742983,3365.486840814772,0.9166883293257525,3369.614770414229,0.24622233979139807,0 days 08:40:00
1138,CLOSED,2025-06-22 15:59:00+00:00,99000.0,100000.0,2025-06-22 17:10:00+00:00,33.70786516853933,0.10789681941380162,0.9082877034982686,30.616439443761866,3361.7920839978206,0.9107178159380102,3365.734321057348,0.2474364969591285,0 days 01:11:00
1139,CLOSED,2025-06-22 19:43:00+00:00,99000.0,100000.0,2025-06-22 22:05:00+00:00,33.70786516853933,0.10788887851635948,0.9082944532610945,30.61666696385712,3362.039520494779,0.9106575570340524,3365.9817596226717,0.24743833573517193,0 days 02:22:00
1140,CLOSED,2025-06-23 13:31:00+00:00,101000.0,102000.0,2025-06-23 13:44:00+00:00,33.70786516853933,0.0913592002115994,0.9223446798201405,31.09027010629687,3369.859785168155,0.9225983301481926,3373.1844065280925,0.24505966546696456,0 days 00:13:00
1141,CLOSED,2025-06-23 16:15:00+00:00,101000.0,102000.0,2025-06-23 17:28:00+00:00,33.70786516853933,0.09135255695980993,0.9223503265841616,31.090460446657136,3370.1048448336223,0.9225368906346898,3373.6756984994927,0.24506116576737114,0 days 01:13:00
1142,CLOSED,2025-06-23 16:32:00+00:00,100000.0,101000.0,2025-06-23 17:05:00+00:00,33.70786516853933,0.0996731378152249,0.9152778328570589,30.852061781698616,3366.7180408604586,0.9163838909959181,3370.3511144085933,0.24623061360035337,0 days 00:33:00
1143,CLOSED,2025-06-23 22:43:00+00:00,105000.0,106000.0,2025-06-24 16:54:00+00:00,33.70786516853933,0.05663010458741776,0.9518644111006949,32.08531722811331,3382.046235609647,0.9486954048790411,3384.143472806257,0.24082505732742732,0 days 18:11:00
1144,CLOSED,2025-06-25 15:19:00+00:00,107000.0,108000.0,2025-06-25 21:03:00+00:00,33.70786516853933,0.038386968381319664,0.9673710768758783,32.6080138272768,3386.1741022650663,0.9629751112166611,3387.6607499896572,0.2389551822997973,0 days 05:44:00
1145,CLOSED,2025-06-26 13:48:00+00:00,107000.0,108000.0,2025-06-26 20:45:00+00:00,33.70786516853933,0.0383842596848695,0.9673733792678609,32.60809143599531,3386.413057447366,0.962909452651794,3387.899705818938,0.23895575102518762,0 days 06:57:00
1146,CLOSED,2025-06-26 21:34:00+00:00,107000.0,108000.0,2025-06-29 10:04:00+00:00,33.70786516853933,0.038381551364213944,0.9673756813404182,32.60816903394668,3386.652013198391,0.9628438028727719,3388.1386622168548,0.2389563196716864,2 days 12:30:00
1147,CLOSED,2025-06-30 14:53:00+00:00,107000.0,108000.0,2025-07-02 14:14:00+00:00,33.70786516853933,0.03837884341927569,0.9673779830936157,32.60824662113311,3386.8909695180632,0.9627781618778561,3388.617492304059,0.2389568882392865,1 days 23:21:00
1148,CLOSED,2025-07-01 14:42:00+00:00,106000.0,107000.0,2025-07-02 06:50:00+00:00,33.70786516853933,0.04757022376284365,0.9595653098015829,32.344898083199425,3385.339103359556,0.9554404180987621,3387.1308517807656,0.2398731207310405,0 days 16:08:00
1149,CLOSED,2025-07-03 12:39:00+00:00,109000.0,110000.0,2025-07-03 13:38:00+00:00,33.70786516853933,0.019514545432290042,0.9834126363825535,33.14874055222091,3390.036661132602,0.9778283796242487,3390.914251990697,0.23724462378158506,0 days 00:59:00
1150,CLOSED,2025-07-04 04:48:00+00:00,109000.0,110000.0,2025-07-09 19:21:00+00:00,33.70786516853933,0.019513179843220232,0.9834137971332628,33.14877967864931,3390.273905756384,0.9777611072180814,3391.6276624078614,0.23724490380836016,5 days 14:33:00
1151,CLOSED,2025-07-04 13:58:00+00:00,108000.0,109000.0,2025-07-06 13:51:00+00:00,33.70786516853933,0.029020459763024992,0.9753326092014287,32.87638008544142,3389.3300170194602,0.9699964276229598,3390.5119871124107,0.23808252548374043,1 days 23:53:00
1152,CLOSED,2025-07-07 14:37:00+00:00,108000.0,109000.0,2025-07-08 11:06:00+00:00,33.70786516853933,0.029018421372248297,0.9753343418335889,32.87643848877266,3389.5680995449443,0.9699300183166812,3390.7500701197223,0.2380829484260687,0 days 20:29:00
1153,CLOSED,2025-07-10 17:08:00+00:00,113000.0,114000.0,2025-07-10 21:17:00+00:00,33.70786516853933,0.0,1.0,33.70786516853933,3392.436868331197,0.9936180532409099,3392.7011618580937,0.2303213682012526,0 days 04:09:00
1154,CLOSED,2025-07-10 21:20:00+00:00,116000.0,117000.0,2025-07-11 05:05:00+00:00,33.70786516853933,0.0,1.0,33.70786516853933,3392.667189699398,0.9935505985049468,3392.9237762937414,0.22262214258039137,0 days 07:45:00
1155,CLOSED,2025-07-11 05:06:00+00:00,117000.0,118000.0,2025-07-11 05:44:00+00:00,33.70786516853933,0.0,1.0,33.70786516853933,3392.8898118419784,0.9934854073625086,3393.143917287095,0.22014347450303262,0 days 00:38:00
1156,CLOSED,2025-07-11 05:46:00+00:00,118000.0,119000.0,2025-07-13 14:18:00+00:00,33.70786516853933,0.0,1.0,33.70786516853933,3393.1099553164813,0.9934209504682949,3393.7982257627564,0.21770681774900424,2 days 08:32:00
1157,CLOSED,2025-07-11 15:53:00+00:00,117000.0,118000.0,2025-07-11 19:21:00+00:00,33.70786516853933,0.009841096706641699,0.9916350677993545,33.425901161776,3392.7908732368774,0.9852036983902329,3393.3282273216096,0.21830198926439692,0 days 03:28:00
1158,CLOSED,2025-07-12 15:42:00+00:00,117000.0,118000.0,2025-07-13 07:37:00+00:00,33.70786516853933,0.009840463542722399,0.9916356059886859,33.42591930298941,3393.009175226142,0.9851408462743575,3393.5465294476307,0.21830210774326986,0 days 15:55:00
1159,CLOSED,2025-07-13 14:22:00+00:00,119000.0,120000.0,2025-07-14 03:42:00+00:00,33.70786516853933,0.0,1.0,33.70786516853933,3393.7642662312383,0.9932294209100085,3394.013534477863,0.2153111132093244,0 days 13:20:00
1160,CLOSED,2025-07-14 03:44:00+00:00,121000.0,122000.0,2025-07-14 05:22:00+00:00,33.70786516853933,0.0,1.0,33.70786516853933,3393.9795773444475,0.9931664112991918,3394.224168299968,0.21063849939640988,0 days 01:38:00
1161,CLOSED,2025-07-14 05:24:00+00:00,122000.0,123000.0,2025-07-14 07:38:00+00:00,33.70786516853933,0.0,1.0,33.70786516853933,3394.1902158438443,0.9931047768387687,3394.43252566149,0.20835964265978646,0 days 02:14:00
1162,CLOSED,2025-07-14 07:39:00+00:00,123000.0,124000.0,2025-08-14 00:22:00+00:00,33.70786516853933,0.0,1.0,33.70786516853933,3394.3985754865043,0.9930438167152521,3405.3273086747763,0.2061178405042483,30 days 16:43:00
1163,CLOSED,2025-07-14 09:28:00+00:00,122000.0,123000.0,2025-08-13 21:08:00+00:00,33.70786516853933,0.009840744618184474,0.9916353670745433,33.42591124970371,3394.091093984723,0.9848265801982673,3405.087201232398,0.2066167907324612,30 days 11:40:00
1164,CLOSED,2025-07-14 14:32:00+00:00,121000.0,122000.0,2025-08-11 03:16:00+00:00,33.70786516853933,0.019521198655789038,0.9834069811425793,33.14854992615436,3393.5101855406438,0.9768218780481789,3403.534488360412,0.20714337080383416,27 days 12:44:00
1165,CLOSED,2025-07-14 15:45:00+00:00,120000.0,121000.0,2025-08-11 02:13:00+00:00,33.70786516853933,0.029044980684211782,0.97531176641842,32.875677519722025,3392.6558734547784,0.9690248214371464,3402.7464413163307,0.20769784597441543,27 days 10:28:00
1166,CLOSED,2025-07-15 01:20:00+00:00,119000.0,120000.0,2025-07-16 21:00:00+00:00,33.70786516853933,0.038415595290104326,0.9673467440034114,32.60719361809252,3391.5281442259684,0.9614307247783227,3393.702283771244,0.20828050431078537,1 days 19:40:00
1167,CLOSED,2025-07-15 02:17:00+00:00,118000.0,119000.0,2025-07-16 09:12:00+00:00,33.70786516853933,0.04763643720697756,0.959509028374069,32.34300095642929,3390.1269474606856,0.9540350983214726,3392.3662786766704,0.20889165716875624,1 days 06:55:00
1168,CLOSED,2025-07-15 03:37:00+00:00,117000.0,118000.0,2025-07-15 13:12:00+00:00,33.70786516853933,0.05671079525508591,0.951795824033177,32.08300530448911,3388.452195752849,0.9468336411740608,3390.3364609612554,0.209531639720133,0 days 09:35:00
1169,CLOSED,2025-07-15 14:42:00+00:00,117000.0,118000.0,2025-07-16 00:47:00+00:00,33.70786516853933,0.056707288647795034,0.9517988046493742,32.083105774698005,3388.661727392569,0.9467780603579039,3390.7561949328237,0.209532295883335,0 days 10:05:00
1170,CLOSED,2025-07-15 14:54:00+00:00,116000.0,117000.0,2025-07-15 16:09:00+00:00,33.70786516853933,0.06563782432259618,0.9442078493257933,31.827230876150338,3386.713295215222,0.9397675002816485,3388.8719153632046,0.21020157445813226,0 days 01:15:00
1171,CLOSED,2025-07-16 22:38:00+00:00,119000.0,120000.0,2025-07-17 21:07:00+00:00,33.70786516853933,0.03840374602191117,0.9673568158813755,32.60753311959693,3392.574581897509,0.9611441792197575,3394.32835604689,0.2082826728980578,0 days 22:29:00
1172,CLOSED,2025-07-17 01:47:00+00:00,118000.0,119000.0,2025-07-17 09:25:00+00:00,33.70786516853933,0.04762183692176312,0.9595214386165014,32.343419279207914,3391.1733819426236,0.9537530416884814,3392.783453621889,0.20889435896314268,0 days 07:38:00
1173,CLOSED,2025-07-17 11:57:00+00:00,118000.0,119000.0,2025-07-17 15:41:00+00:00,33.70786516853933,0.04761890362427968,0.9595239319193622,32.34350332312457,3391.382276301587,0.9536967728213824,3392.9923486083326,0.20889490177218306,0 days 03:44:00
1174,CLOSED,2025-07-18 08:31:00+00:00,119000.0,120000.0,2025-07-22 18:55:00+00:00,33.70786516853933,0.03839666023183166,0.967362838802943,32.60773613942505,3393.2006538311425,0.9609728237735901,3396.0008448655412,0.2082839697000054,4 days 10:24:00
1175,CLOSED,2025-07-18 14:22:00+00:00,118000.0,119000.0,2025-07-21 06:30:00+00:00,33.70786516853933,0.04761310601280264,0.9595288598891177,32.343669434464644,3391.7994519688946,0.953584369962958,3393.8286014937876,0.20889597462478804,2 days 16:08:00
1176,CLOSED,2025-07-18 20:27:00+00:00,117000.0,118000.0,2025-07-18 23:48:00+00:00,33.70786516853933,0.05668316989257389,0.9518193055913122,32.083796817684686,3390.1246893787334,0.9463898752220907,3392.0089707677785,0.20953680903193117,0 days 03:21:00
1177,CLOSED,2025-07-20 22:13:00+00:00,117000.0,118000.0,2025-07-21 02:28:00+00:00,33.70786516853933,0.05667966663603553,0.9518222833593698,32.08389719188887,3390.334226187765,0.9463343449759336,3392.218508333477,0.20953746456813604,0 days 04:15:00
1178,CLOSED,2025-07-21 12:00:00+00:00,118000.0,119000.0,2025-07-21 13:52:00+00:00,33.70786516853933,0.04760429237870517,0.9595363514781006,32.343921959935976,3392.4274222171193,0.9534152963189296,3394.037499353793,0.2088976055947782,0 days 01:52:00
1179,CLOSED,2025-07-21 16:07:00+00:00,118000.0,119000.0,2025-07-22 11:05:00+00:00,33.70786516853933,0.04760136120018897,0.9595388429798394,32.34400594314066,3392.636319822714,0.9533590663449252,3394.455936994701,0.20889814801169848,0 days 18:58:00
1180,CLOSED,2025-07-21 19:00:00+00:00,117000.0,118000.0,2025-07-22 07:05:00+00:00,33.70786516853933,0.056669279195739296,0.9518311126836216,32.08419480956028,3390.9615540471277,0.9461680499228206,3392.8458412853356,0.20953940828625406,0 days 12:05:00
1181,CLOSED,2025-07-22 14:00:00+00:00,118000.0,119000.0,2025-07-22 14:58:00+00:00,33.70786516853933,0.047595490915539496,0.9595438327217914,32.3441741366896,3393.0547573790122,0.9532464534015971,3394.664836398463,0.20889923431253976,0 days 00:58:00
1182,CLOSED,2025-07-23 02:45:00+00:00,119000.0,120000.0,2025-08-11 02:00:00+00:00,33.70786516853933,0.03837774406785031,0.9673789175423272,32.60827811940429,3394.8731424452726,0.960515363938373,3401.684437180006,0.20828743163127683,18 days 23:15:00
1183,CLOSED,2025-07-23 09:29:00+00:00,118000.0,119000.0,2025-07-24 00:29:00+00:00,33.70786516853933,0.04758979795290025,0.9595486717400348,32.34433724966409,3393.471935491146,0.953134072257557,3395.082020278314,0.20890028779979986,0 days 15:00:00
1184,CLOSED,2025-07-24 04:41:00+00:00,118000.0,119000.0,2025-07-24 14:58:00+00:00,33.70786516853933,0.0475868685311397,0.9595511617485313,32.34442118253477,3393.6808357789455,0.9530778746643925,3395.290921192765,0.2089008298916255,0 days 10:17:00
1185,CLOSED,2025-07-25 00:22:00+00:00,118000.0,119000.0,2025-07-27 16:12:00+00:00,33.70786516853933,0.047583939462401595,0.9595536514569587,32.34450510529074,3393.8897366088368,0.9530216835391141,3396.341411204855,0.20890137191813096,2 days 15:50:00
1186,CLOSED,2025-07-25 02:35:00+00:00,117000.0,118000.0,2025-07-26 10:40:00+00:00,33.70786516853933,0.05664864284876403,0.9518486535785505,32.08478607568148,3392.214961558231,0.945835875358063,3394.731307315356,0.2095432697998163,1 days 08:05:00
1187,CLOSED,2025-07-25 03:06:00+00:00,116000.0,117000.0,2025-07-25 20:33:00+00:00,33.70786516853933,0.06557027018735925,0.9442652703407446,31.829166415980158,3390.266491514778,0.9388396604114393,3392.8469935102044,0.21021435764751217,0 days 17:27:00
1188,CLOSED,2025-07-25 07:12:00+00:00,115000.0,116000.0,2025-07-25 09:59:00+00:00,33.70786516853933,0.07435190181064237,0.936800883460954,31.57755786947036,3388.044162114695,0.9320291105580155,3390.4773976627675,0.21091502122144234,0 days 02:47:00
1189,CLOSED,2025-07-25 14:57:00+00:00,115000.0,116000.0,2025-07-25 16:48:00+00:00,33.70786516853933,0.07434727348939994,0.93680481753401,31.577690478674498,3388.255077135917,0.9319750065974087,3390.68831370335,0.21091590695406381,0 days 01:51:00
1190,CLOSED,2025-07-28 14:34:00+00:00,118000.0,119000.0,2025-07-29 06:20:00+00:00,33.70786516853933,0.047569215654092015,0.9595661666940218,32.34492696721422,3394.940226536378,0.9527392180395914,3396.550315726437,0.20890409657056352,0 days 15:46:00
1191,CLOSED,2025-07-29 14:08:00+00:00,118000.0,119000.0,2025-08-10 15:08:00+00:00,33.70786516853933,0.0475662887122587,0.9595686545945801,32.34501082903079,3395.1491306329485,0.9526830658834947,3400.348425005968,0.20890463820347094,12 days 01:00:00
1192,CLOSED,2025-07-29 16:38:00+00:00,117000.0,118000.0,2025-07-29 17:30:00+00:00,33.70786516853933,0.05662776697134262,0.9518663980743588,32.08538420475367,3393.4743507951107,0.9455024817628541,3395.3586600568938,0.20954717613476959,0 days 00:52:00
1193,CLOSED,2025-07-30 18:49:00+00:00,117000.0,118000.0,2025-07-31 00:27:00+00:00,33.70786516853933,0.05662427042039197,0.9518693701426668,32.08548438683147,3393.6838979712456,0.945447052567632,3395.778427653281,0.20954783041621283,0 days 05:38:00
1194,CLOSED,2025-07-30 19:04:00+00:00,116000.0,117000.0,2025-07-30 19:49:00+00:00,33.70786516853933,0.06554222273584313,0.9442891106745334,31.829970022737083,3391.73541698547,0.9384567517659483,3393.894104413842,0.21021966503370138,0 days 00:45:00
1195,CLOSED,2025-07-31 19:35:00+00:00,117000.0,118000.0,2025-08-10 03:20:00+00:00,33.70786516853933,0.05661726738497561,0.9518753227227708,32.08568503559901,3394.1036654666955,0.9453360356094832,3398.7383177406973,0.20954914083787912,9 days 07:45:00
1196,CLOSED,2025-07-31 23:00:00+00:00,116000.0,117000.0,2025-08-07 19:42:00+00:00,33.70786516853933,0.06553417073559933,0.9442959548747406,31.830200726114853,3392.155182567039,0.9383474225971911,3396.6437625526605,0.21022118870421735,6 days 20:42:00
1197,CLOSED,2025-08-01 00:50:00+00:00,115000.0,116000.0,2025-08-01 02:40:00+00:00,33.70786516853933,0.07431118516549172,0.9368354926093321,31.578724469977487,3389.9328312678526,0.9315442529923781,3392.3660966483258,0.21092281326071216,0 days 01:50:00
1198,CLOSED,2025-08-01 07:11:00+00:00,115000.0,116000.0,2025-08-01 13:12:00+00:00,33.70786516853933,0.07430656178507813,0.9368394224826836,31.57885693761855,3390.1437540811135,0.9314902030217266,3392.577020479859,0.21092369804778954,0 days 06:01:00
1199,CLOSED,2025-08-01 13:44:00+00:00,115000.0,116000.0,2025-08-07 10:33:00+00:00,33.70786516853933,0.07430193896053897,0.9368433518835418,31.57898938933287,3390.354677779161,0.93143615906341,3394.485063189908,0.21092458272849157,5 days 20:49:00
1200,CLOSED,2025-08-01 14:03:00+00:00,114000.0,115000.0,2025-08-01 14:10:00+00:00,33.70786516853933,0.08294104103053719,0.9295001151240434,31.33146455474304,3387.8582523834857,0.9248162768527926,3390.5663298961836,0.21165641075066688,0 days 00:07:00
1201,CLOSED,2025-08-01 18:16:00+00:00,114000.0,115000.0,2025-08-04 01:03:00+00:00,33.70786516853933,0.08293585961352955,0.9295045193284999,31.33161301107303,3388.0699087942367,0.9247628843120147,3391.416042404063,0.21165741363177304,2 days 06:47:00
1202,CLOSED,2025-08-01 22:43:00+00:00,113000.0,114000.0,2025-08-02 04:30:00+00:00,33.70786516853933,0.09144047429038146,0.9222755968531757,31.08794146696098,3385.299166903027,0.9183218360993827,3388.282328651489,0.2124197773258487,0 days 05:47:00
1203,CLOSED,2025-08-02 14:41:00+00:00,113000.0,114000.0,2025-08-03 11:07:00+00:00,33.70786516853933,0.09143473696983478,0.9222804735756405,31.088105850864288,3385.5115866803526,0.9182690726321685,3388.707963984474,0.21242090053923945,0 days 20:26:00
1204,CLOSED,2025-08-03 00:37:00+00:00,112000.0,113000.0,2025-08-03 01:01:00+00:00,33.70786516853933,0.0998076856774658,0.9151634671741541,30.848206758679353,3382.466247431303,0.9120033875313894,3385.724805354814,0.21321426677305055,0 days 00:24:00
1205,CLOSED,2025-08-05 07:36:00+00:00,114000.0,115000.0,2025-08-05 10:26:00+00:00,33.70786516853933,0.08291506489641161,0.9295221948380501,31.332208814765735,3388.919621152507,0.9245485971163356,3391.6277044430126,0.21166143852090968,0 days 02:50:00
1206,CLOSED,2025-08-05 12:39:00+00:00,114000.0,115000.0,2025-08-06 14:57:00+00:00,33.70786516853933,0.08290988660131246,0.9295265963888844,31.33235718164779,3389.1312825910277,0.9244952340026752,3392.05179237884,0.2116624407977632,1 days 02:18:00
1207,CLOSED,2025-08-05 14:32:00+00:00,113000.0,114000.0,2025-08-05 23:03:00+00:00,33.70786516853933,0.09141203226451022,0.9222997725751663,31.08875637893819,3386.360533434363,0.918058076568969,3389.3437080935955,0.21242534551122105,0 days 08:31:00
1208,CLOSED,2025-08-08 15:40:00+00:00,116000.0,117000.0,2025-08-09 08:43:00+00:00,33.70786516853933,0.06548513422239467,0.9443376359109645,31.831605704863975,3394.6952928436303,0.9376866834548685,3396.8539944361596,0.21023046782580934,0 days 17:03:00
1209,CLOSED,2025-08-11 10:57:00+00:00,121000.0,122000.0,2025-08-13 13:57:00+00:00,33.70786516853933,0.019467025981900872,0.9834530279153842,33.15010206456352,3402.9536167452034,0.9741567414095506,3404.3659554239125,0.20715307002695482,2 days 03:00:00
1210,CLOSED,2025-08-11 12:31:00+00:00,120000.0,121000.0,2025-08-13 13:49:00+00:00,33.70786516853933,0.02896481074651689,0.9753799108654606,32.877974523554855,3402.099290292437,0.9664025567204634,3403.577897878898,0.20771235769809238,2 days 01:18:00
1211,CLOSED,2025-08-11 19:51:00+00:00,119000.0,120000.0,2025-08-12 16:03:00+00:00,33.70786516853933,0.03831004526699775,0.967436461523052,32.61021780414782,3400.9715268293035,0.9588500681906633,3402.307563508398,0.20829982148981685,0 days 20:12:00
1212,CLOSED,2025-08-13 05:51:00+00:00,119000.0,120000.0,2025-08-13 08:59:00+00:00,33.70786516853933,0.03830769902951632,0.9674384558249112,32.610285027806,3401.179826650793,0.9587933214315801,3402.5158638270036,0.20830025088517345,0 days 03:08:00
1213,CLOSED,2025-08-13 14:52:00+00:00,121000.0,122000.0,2025-08-13 19:10:00+00:00,33.70786516853933,0.019462270640390647,0.983457069955668,33.1502383131124,3403.785082245303,0.9739227804372681,3404.5731094825865,0.20715392143625877,0 days 04:18:00
1214,CLOSED,2025-08-14 00:35:00+00:00,124000.0,125000.0,2025-10-05 04:46:00+00:00,33.70786516853933,0.0,1.0,33.70786516853933,3405.2933607438363,0.9898667044996189,3420.8976217358654,0.20391219644798042,52 days 04:11:00
1215,CLOSED,2025-08-14 05:00:00+00:00,123000.0,124000.0,2025-10-05 02:34:00+00:00,33.70786516853933,0.00980989967197627,0.9916615852788202,33.42679500939844,3404.9880870939633,0.9817007917324911,3420.659720810174,0.20439914446869523,51 days 21:34:00
1216,CLOSED,2025-08-14 06:00:00+00:00,122000.0,123000.0,2025-10-03 16:11:00+00:00,33.70786516853933,0.0194608968779062,0.9834582376537797,33.15027767372291,3404.4116037157582,0.9737447034177921,3419.740196845277,0.20491300696836845,50 days 10:11:00
1217,CLOSED,2025-08-14 10:52:00+00:00,121000.0,122000.0,2025-10-03 15:53:00+00:00,33.70786516853933,0.02895656543895849,0.9753869193768853,32.87821076551299,3403.563944990987,0.9659936260019365,3418.958805179763,0.20545403702844567,50 days 05:01:00
1218,CLOSED,2025-08-14 12:33:00+00:00,120000.0,121000.0,2025-10-02 19:12:00+00:00,33.70786516853933,0.03830036723318362,0.9674446878517939,32.610495096127885,3402.4451093037455,0.9584429446622603,3417.699645876838,0.2060225096064343,49 days 06:39:00
1219,CLOSED,2025-08-14 12:34:00+00:00,119000.0,120000.0,2025-10-02 16:11:00+00:00,33.70786516853933,0.047495656238901236,0.9596286921969339,32.34703456843598,3401.055058960498,0.951088236081734,3416.374792268217,0.20661872198454034,49 days 03:37:00
1220,CLOSED,2025-08-14 12:35:00+00:00,118000.0,119000.0,2025-08-14 12:36:00+00:00,33.70786516853933,0.05654568239155831,0.9519361699671754,32.08773606630929,3399.3937200816963,0.9439252616357172,3401.2622822265607,0.20724299426372284,0 days 00:01:00
1221,CLOSED,2025-08-14 13:40:00+00:00,118000.0,119000.0,2025-08-14 14:31:00+00:00,33.70786516853933,0.05654223531154546,0.9519390999851863,32.08783483096134,3399.60096307596,0.9438706242137388,3401.4695259582113,0.20724363214861796,0 days 00:51:00
1222,CLOSED,2025-08-14 15:37:00+00:00,118000.0,119000.0,2025-08-15 03:29:00+00:00,33.70786516853933,0.05653878864117369,0.9519420296550024,32.087933583876485,3399.8082067081086,0.9438159929305507,3401.6767703276596,0.2072442699577124,0 days 11:52:00
1223,CLOSED,2025-08-15 13:42:00+00:00,118000.0,119000.0,2025-10-02 00:02:00+00:00,33.70786516853933,0.05653534238037129,0.9519449589766844,32.08803232505678,3400.0154509780664,0.9437613677851425,3414.778128028821,0.20724490769101322,47 days 10:20:00
1224,CLOSED,2025-08-15 15:09:00+00:00,117000.0,118000.0,2025-08-17 04:50:00+00:00,33.70786516853933,0.06544170594564878,0.9443745499461985,31.832849998186468,3398.0827105566536,0.9367885572441467,3400.2233336611125,0.2078978946573784,1 days 13:41:00
1225,CLOSED,2025-08-18 01:29:00+00:00,117000.0,118000.0,2025-10-01 16:37:00+00:00,33.70786516853933,0.06543770240549979,0.9443779529553252,31.83296470635928,3398.290608451311,0.9367346226127018,3412.7016051345945,0.2078986438076349,44 days 15:08:00
1226,CLOSED,2025-08-18 02:07:00+00:00,116000.0,117000.0,2025-08-22 15:45:00+00:00,33.70786516853933,0.07420453448262221,0.9369261456897712,31.581780191790042,3396.086318552717,0.9299463332030088,3399.9718187833805,0.2085805059930479,4 days 13:38:00
1227,CLOSED,2025-08-18 03:48:00+00:00,115000.0,116000.0,2025-08-18 15:50:00+00:00,33.70786516853933,0.08283531014837335,0.9295899863738827,31.334493922715147,3393.6102953695713,0.9233380145466218,3396.29560366494,0.20929153159948655,0 days 12:02:00
1228,CLOSED,2025-08-19 03:43:00+00:00,115000.0,116000.0,2025-08-22 14:40:00+00:00,33.70786516853933,0.08283020182470216,0.9295943284490031,31.33464028479786,3393.819586901171,0.9232853863457395,3397.5589528887294,0.2092925091912896,3 days 10:57:00
1229,CLOSED,2025-08-19 14:42:00+00:00,114000.0,115000.0,2025-08-22 14:08:00+00:00,33.70786516853933,0.09132730260680268,0.9223717927842178,31.09118402643431,3391.0716082001545,0.9168542460516269,3394.8736413777947,0.21003322093435983,2 days 23:26:00
1230,CLOSED,2025-08-19 18:43:00+00:00,113000.0,114000.0,2025-08-20 08:56:00+00:00,33.70786516853933,0.09969400498327236,0.9152600957642185,30.85146390216467,3388.0514160006383,0.910596095338562,3391.2824143348657,0.21080395751642556,0 days 14:13:00
1231,CLOSED,2025-08-20 13:45:00+00:00,113000.0,114000.0,2025-08-20 15:07:00+00:00,33.70786516853933,0.09968780242590612,0.9152653679379799,30.851641615886965,3388.2622199581547,0.9105446867175465,3391.4932196857835,0.2108051718106978,0 days 01:22:00
1232,CLOSED,2025-08-21 11:55:00+00:00,113000.0,114000.0,2025-08-22 14:03:00+00:00,33.70786516853933,0.09968160060456595,0.915270639486119,30.851819308520867,3388.4730251299657,0.9104932835443639,3391.915634081719,0.21080638596087908,1 days 02:08:00
1233,CLOSED,2025-08-22 12:31:00+00:00,112000.0,113000.0,2025-08-22 14:00:00+00:00,33.70786516853933,0.107919665933603,0.9082682839564374,30.615784852464184,3385.180320370484,0.9044063227070134,3388.6846393924798,0.211607830888358,0 days 01:29:00
1234,CLOSED,2025-08-23 02:26:00+00:00,116000.0,117000.0,2025-09-17 02:52:00+00:00,33.70786516853933,0.07416781795370656,0.9369573547393495,31.582832182225268,3397.767539666612,0.9295171554121141,3407.397105190802,0.20858745381853794,25 days 00:26:00
1235,CLOSED,2025-08-23 13:29:00+00:00,115000.0,116000.0,2025-09-12 00:44:00+00:00,33.70786516853933,0.08279460031362336,0.9296245897334201,31.335660328092814,3395.2915063716623,0.9229151685293523,3404.1469092788598,0.20929932233542203,19 days 11:15:00
1236,CLOSED,2025-08-24 19:34:00+00:00,114000.0,115000.0,2025-09-11 22:24:00+00:00,33.70786516853933,0.09128828122837868,0.9224049609558781,31.09230205469252,3392.5435087297165,0.9164894119909028,3401.4615809737465,0.2100407736565728,18 days 02:50:00
1237,CLOSED,2025-08-24 19:36:00+00:00,113000.0,114000.0,2025-09-10 13:44:00+00:00,33.70786516853933,0.09965163778327264,0.9152961078842182,30.852677793850056,3389.523287693828,0.9102364897702673,3398.5035468245433,0.21081225187717934,16 days 18:08:00
1238,CLOSED,2025-08-24 19:37:00+00:00,112000.0,113000.0,2025-08-24 19:44:00+00:00,33.70786516853933,0.10788736287901501,0.9082957415528372,30.61671038942148,3386.230546767899,0.9041531569267964,3389.9473556283037,0.2116142279436275,0 days 00:07:00
1239,CLOSED,2025-08-24 19:37:00+00:00,111000.0,112000.0,2025-08-24 19:38:00+00:00,33.70786516853933,0.11599806800380856,0.9014016421967628,30.38432501786841,3382.66495168724,0.8982363152080141,3386.4430046576526,0.21244720052493093,0 days 00:01:00
1240,CLOSED,2025-08-24 19:56:00+00:00,112000.0,113000.0,2025-08-24 21:32:00+00:00,33.70786516853933,0.10787385371598864,0.9083072243414096,30.61709744971044,3386.6546081963675,0.9040513719825773,3390.1589729216266,0.21161690319720705,0 days 01:36:00
1241,CLOSED,2025-08-25 06:45:00+00:00,112000.0,113000.0,2025-08-28 04:50:00+00:00,33.70786516853933,0.10786711358238366,0.9083129534549739,30.617290565898,3386.866225099565,0.9040005872980098,3391.8604052581463,0.21161823796284907,2 days 22:05:00
1242,CLOSED,2025-08-25 08:07:00+00:00,111000.0,112000.0,2025-08-25 14:17:00+00:00,33.70786516853933,0.11597644344910543,0.9014200230682604,30.384944597806534,3383.300624263762,0.898085862660182,3387.0786873657808,0.21245153262785976,0 days 06:10:00
1243,CLOSED,2025-08-25 19:56:00+00:00,111000.0,112000.0,2025-08-26 23:03:00+00:00,33.70786516853933,0.11596916126263017,0.9014262129267644,30.385153244722396,3383.51307579639,0.8980356382270085,3387.718673417982,0.21245299148710117,1 days 03:07:00
1244,CLOSED,2025-08-25 20:11:00+00:00,110000.0,111000.0,2025-08-26 19:21:00+00:00,33.70786516853933,0.12395558324556166,0.8946377542412726,30.15632879464964,3379.674240718706,0.8922850738489143,3383.940623540304,0.21331791958848711,0 days 23:10:00
1245,CLOSED,2025-08-26 00:45:00+00:00,109000.0,110000.0,2025-08-26 02:09:00+00:00,33.70786516853933,0.1318220111345576,0.887951290535626,29.930942377605376,3375.5617601703284,0.8866951489607786,3379.8884746533618,0.21421493080911347,0 days 01:24:00
1246,CLOSED,2025-08-27 03:11:00+00:00,111000.0,112000.0,2025-08-27 14:26:00+00:00,33.70786516853933,0.11594723003790378,0.9014448544677818,30.385781611273543,3384.1530616382747,0.8978843763220251,3387.9311314364013,0.21245738502602407,0 days 11:15:00
1247,CLOSED,2025-08-27 20:21:00+00:00,111000.0,112000.0,2025-08-27 20:26:00+00:00,33.70786516853933,0.11593995131899577,0.9014510413788536,30.385990158837764,3384.3655190233007,0.8978341726991387,3388.143590489808,0.21245884319059982,0 days 00:05:00
1248,CLOSED,2025-08-28 00:24:00+00:00,111000.0,112000.0,2025-08-28 03:32:00+00:00,33.70786516853933,0.11593267346394326,0.9014572275556483,30.386198681651067,3384.5779778664914,0.8977839742609615,3388.356051001181,0.21246030118210157,0 days 03:08:00
1249,CLOSED,2025-08-28 19:55:00+00:00,112000.0,113000.0,2025-09-05 12:30:00+00:00,33.70786516853933,0.10781295247578511,0.9083589903955827,30.61884237288481,3388.5676572414386,0.903592475347267,3394.2109198344547,0.21162896362322314,7 days 16:35:00
1250,CLOSED,2025-08-29 06:29:00+00:00,111000.0,112000.0,2025-09-03 14:39:00+00:00,33.70786516853933,0.11591860364655042,0.9014691869004321,30.386601805632544,3385.002041012265,0.8976834116337965,3390.2807358540745,0.21246311982498156,5 days 08:10:00
1251,CLOSED,2025-08-29 07:56:00+00:00,110000.0,111000.0,2025-08-29 12:30:00+00:00,33.70786516853933,0.12390187232314745,0.8946834085253247,30.157867703100834,3381.163177607408,0.8919376592892291,3385.215384813988,0.21332880542116328,0 days 04:34:00
1252,CLOSED,2025-08-29 13:35:00+00:00,110000.0,111000.0,2025-09-02 13:50:00+00:00,33.70786516853933,0.12389405543604184,0.8946900528793644,30.158091670090936,3381.37650641283,0.8918880110776092,3386.5026608749067,0.2133303897045984,4 days 00:15:00
1253,CLOSED,2025-08-29 13:56:00+00:00,109000.0,110000.0,2025-09-02 02:58:00+00:00,33.70786516853933,0.13175695393700035,0.8880065891535497,29.93280637596235,3377.26398121285,0.8863034261601552,3382.2362358311602,0.21422827139405598,3 days 13:02:00
1254,CLOSED,2025-08-29 19:02:00+00:00,108000.0,109000.0,2025-08-31 00:38:00+00:00,33.70786516853933,0.1395023106762909,0.8814230359251527,29.710888851409642,3372.8773430085357,0.8808766471450797,3377.4791632394986,0.2151588293396962,1 days 05:36:00
1255,CLOSED,2025-09-01 00:09:00+00:00,108000.0,109000.0,2025-09-01 07:50:00+00:00,33.70786516853933,0.13949341226812717,0.8814305995720919,29.71114380580085,3373.0925018378757,0.8808280173049606,3377.694324172212,0.21516067565565677,0 days 07:41:00
1256,CLOSED,2025-09-01 21:32:00+00:00,108000.0,109000.0,2025-09-01 23:40:00+00:00,33.70786516853933,0.1394845149187491,0.8814381623190632,29.711398729856068,3373.307662513531,0.880779392286958,3377.909486950991,0.2151625217519353,0 days 02:08:00
1257,CLOSED,2025-09-02 12:43:00+00:00,109000.0,110000.0,2025-09-02 13:36:00+00:00,33.70786516853933,0.13172342265736245,0.888035090741242,29.933767103637372,3378.1236915109916,0.8861063074409918,3382.4504719470283,0.21423514729558235,0 days 00:53:00
1258,CLOSED,2025-09-04 04:58:00+00:00,111000.0,112000.0,2025-09-05 07:01:00+00:00,33.70786516853933,0.11585996971474381,0.9015190257424678,30.38828176660004,3386.715108772654,0.8972789499738216,3390.7065538356746,0.21247486611206767,1 days 02:03:00
1259,CLOSED,2025-09-04 14:05:00+00:00,110000.0,111000.0,2025-09-04 22:56:00+00:00,33.70786516853933,0.12383962143194152,0.8947363217828497,30.159651296051116,3382.8762285681873,0.8915387161183926,3386.928465309089,0.21334142208747053,0 days 08:51:00
1260,CLOSED,2025-09-05 14:15:00+00:00,112000.0,113000.0,2025-09-09 06:47:00+00:00,33.70786516853933,0.10773821880928074,0.9084225140121114,30.62098361838578,3390.9181702536503,0.903029270567601,3394.848390852941,0.211643763319465,3 days 16:32:00
1261,CLOSED,2025-09-05 14:26:00+00:00,111000.0,112000.0,2025-09-08 09:14:00+00:00,33.70786516853933,0.11583879331788066,0.9015370256798014,30.388888506060724,3387.352532784086,0.8971280140447593,3391.3440063666094,0.21247910843437978,2 days 18:48:00
1262,CLOSED,2025-09-06 16:21:00+00:00,110000.0,111000.0,2025-09-07 08:21:00+00:00,33.70786516853933,0.12381709051821807,0.8947554730595146,30.160296844702742,3383.51362741308,0.8913898439877804,3387.565893930989,0.21334598852844522,0 days 16:00:00
1263,CLOSED,2025-09-09 14:33:00+00:00,112000.0,113000.0,2025-09-10 12:30:00+00:00,33.70786516853933,0.1077179685858254,0.9084397267020484,30.621563821417364,3391.5556391139335,0.9028766465826711,3395.2725226520784,0.2116477735222233,0 days 21:57:00
1264,CLOSED,2025-09-09 15:37:00+00:00,111000.0,112000.0,2025-09-10 07:23:00+00:00,33.70786516853933,0.1158171673658213,0.9015554077390519,30.38950812603546,3387.989995888962,0.8969775047420608,3391.76813361512,0.21248344081724113,0 days 15:46:00
1265,CLOSED,2025-09-12 08:06:00+00:00,115000.0,116000.0,2025-09-12 18:09:00+00:00,33.70786516853933,0.08263933018407475,0.9297565693435365,31.340109078995614,3401.6708822799055,0.9213151466902201,3404.35624279855,0.20932903674192715,0 days 10:03:00
1266,CLOSED,2025-09-15 00:10:00+00:00,115000.0,116000.0,2025-09-15 04:22:00+00:00,33.70786516853933,0.08263424511043609,0.9297608916561293,31.340254774925707,3401.8802113166475,0.9212627379021063,3404.56557295525,0.2093300098843187,0 days 04:12:00
1267,CLOSED,2025-09-15 08:50:00+00:00,115000.0,116000.0,2025-09-16 06:11:00+00:00,33.70786516853933,0.08262916063892656,0.9297652134569124,31.34040045360379,3402.089541326532,0.9212103347927652,3404.7749040849603,0.2093309829114851,0 days 21:21:00
1268,CLOSED,2025-09-16 13:45:00+00:00,115000.0,116000.0,2025-09-16 16:00:00+00:00,33.70786516853933,0.08262407676944217,0.9297695347459741,31.340546115032836,3402.2988723094436,0.9211579373613117,3404.984236187565,0.20933195582343345,0 days 02:15:00
1269,CLOSED,2025-09-17 13:36:00+00:00,116000.0,117000.0,2025-09-18 03:01:00+00:00,33.70786516853933,0.07400608931154079,0.9370948240851903,31.587465980399674,3405.1928250140354,0.9276263519752211,3408.024396169046,0.208618057538839,0 days 13:25:00
1270,CLOSED,2025-09-17 18:15:00+00:00,115000.0,116000.0,2025-09-17 18:28:00+00:00,33.70786516853933,0.0826152787207902,0.9297770130873283,31.34079819395489,3402.716747178698,0.921052221579729,3405.4021529011284,0.20933363952650552,0 days 00:13:00
1271,CLOSED,2025-09-17 18:43:00+00:00,115000.0,116000.0,2025-09-17 20:08:00+00:00,33.70786516853933,0.08261019657778611,0.9297813329088818,31.340943805917366,3402.926080818224,0.920999841359514,3405.611487659967,0.20933461210805504,0 days 01:25:00
1272,CLOSED,2025-09-19 14:47:00+00:00,116000.0,117000.0,2025-10-01 14:02:00+00:00,33.70786516853933,0.07399245881870699,0.9371064100040991,31.587856516992108,3405.8201113232085,0.9274669678522682,3410.5609765061654,0.2086206368209318,11 days 23:15:00
1273,CLOSED,2025-09-22 00:32:00+00:00,115000.0,116000.0,2025-10-01 08:48:00+00:00,33.70786516853933,0.08260016525004894,0.9297898595374584,31.34123122036377,3403.3440297340067,0.920895182695159,3408.148064923382,0.2093365318266187,9 days 08:16:00
1274,CLOSED,2025-09-22 05:59:00+00:00,114000.0,115000.0,2025-10-01 08:27:00+00:00,33.70786516853933,0.09107518844790818,0.922586089819278,31.098407521998137,3400.595934857152,0.9144987560336092,3405.462651107118,0.21008201849827302,9 days 02:28:00
1275,CLOSED,2025-09-22 06:02:00+00:00,113000.0,114000.0,2025-09-29 14:41:00+00:00,33.70786516853933,0.09942029090954911,0.9154927527268832,30.859306271692695,3397.5755625486054,0.9082743180712181,3402.2936112071156,0.21085754338638552,7 days 08:39:00
1276,CLOSED,2025-09-22 06:02:00+00:00,112000.0,113000.0,2025-09-22 06:12:00+00:00,33.70786516853933,0.1076381514482643,0.9085075712689753,30.623850716931752,3394.282611226571,0.902218648961154,3397.7872332029224,0.2116635799110398,0 days 00:10:00
1277,CLOSED,2025-09-22 19:44:00+00:00,112000.0,113000.0,2025-09-23 06:35:00+00:00,33.70786516853933,0.10763143967483767,0.908513276276388,30.624043020552406,3394.494274806482,0.9021680563093089,3397.9988983058092,0.21166490906043833,0 days 10:51:00
1278,CLOSED,2025-09-23 17:46:00+00:00,112000.0,113000.0,2025-09-24 11:05:00+00:00,33.70786516853933,0.10762472869624472,0.908518980608192,30.624235301399732,3394.705939715542,0.9021174689424167,3398.2105647376648,0.2116662380524339,0 days 17:19:00
1279,CLOSED,2025-09-25 04:19:00+00:00,112000.0,113000.0,2025-09-29 13:43:00+00:00,33.70786516853933,0.10761801851234966,0.9085246842645028,30.624427559477624,3394.9176059535944,0.9020668868597053,3399.0623861534414,0.21166756688705135,4 days 09:24:00
1280,CLOSED,2025-09-25 13:04:00+00:00,111000.0,112000.0,2025-09-28 22:46:00+00:00,33.70786516853933,0.11570986706854006,0.901646612991741,30.392582460395765,3391.3517305537375,0.8961790128278228,3395.557770904264,0.21250493656308933,3 days 09:42:00
1281,CLOSED,2025-09-25 17:21:00+00:00,110000.0,111000.0,2025-09-28 22:05:00+00:00,33.70786516853933,0.12367961946705892,0.8948723234529999,30.164235622011237,3387.5125537568356,0.8904538401948754,3391.7793947073123,0.2133738504007141,3 days 04:44:00
1282,CLOSED,2025-09-25 17:56:00+00:00,109000.0,110000.0,2025-09-26 17:27:00+00:00,33.70786516853933,0.13152971847309367,0.8881997392978704,29.9393170549844,3383.39965920326,0.8848885757124731,3387.726848165057,0.2142748681446207,0 days 23:31:00
1283,CLOSED,2025-09-30 09:38:00+00:00,113000.0,114000.0,2025-09-30 19:30:00+00:00,33.70786516853933,0.09937063818063786,0.9155349575464579,30.86072890606038,3399.273236041011,0.9078625565858471,3402.5044799049624,0.21086726405817657,0 days 09:52:00
1284,CLOSED,2025-10-01 17:49:00+00:00,117000.0,118000.0,2025-10-01 22:08:00+00:00,33.70786516853933,0.06519829908137315,0.9445814457808328,31.839824015084254,3410.7688798092204,0.9335086937014976,3412.9095554870373,0.20794344142527876,0 days 04:19:00
1285,CLOSED,2025-10-03 01:50:00+00:00,120000.0,121000.0,2025-10-03 15:18:00+00:00,33.70786516853933,0.03814190365065423,0.9675793818969439,32.615035344840805,3416.5808390333896,0.9546103804196293,3417.9057016437664,0.206051193422212,0 days 13:28:00
1286,CLOSED,2025-10-03 17:00:00+00:00,122000.0,123000.0,2025-10-03 17:11:00+00:00,33.70786516853933,0.01937693189372743,0.9835296078903317,33.15268341203365,3419.1637516828214,0.9696137950607596,3419.9451271459543,0.20492787764535336,0 days 00:11:00
1287,CLOSED,2025-10-03 17:51:00+00:00,122000.0,123000.0,2025-10-05 02:30:00+00:00,33.70786516853933,0.019375770605226425,0.9835305949855575,33.15271668490644,3419.3686795604667,0.9695566577268866,3420.150055262782,0.20492808331616175,1 days 08:39:00
1288,CLOSED,2025-10-05 05:06:00+00:00,125000.0,126000.0,2025-10-06 18:56:00+00:00,33.70786516853933,0.0,1.0,33.70786516853933,3420.8636760127774,0.9853612526245966,3421.5043043474575,0.20174184269663442,1 days 13:50:00
1289,CLOSED,2025-10-05 09:29:00+00:00,124000.0,125000.0,2025-10-06 13:57:00+00:00,33.70786516853933,0.009765874134834188,0.9916990069853909,33.4280564152379,3420.560574889182,0.9772683653269576,3421.2685750289083,0.2022195227296777,1 days 04:28:00
1290,CLOSED,2025-10-05 09:41:00+00:00,123000.0,124000.0,2025-10-06 00:16:00+00:00,33.70786516853933,0.01937453554272714,0.9835316447886819,33.15275207152861,3419.988442055317,0.9693819915837124,3420.763259115813,0.20272341869142707,0 days 14:35:00
1291,OPEN,2025-10-06 18:57:00+00:00,126000.0,127000.0,,33.70786516853933,0.0,1.0,33.70786516853933,3421.470360796896,0.9851865313452085,,-10.283421139646872,86 days 05:02:00
1292,OPEN,2025-10-06 21:16:00+00:00,125000.0,126000.0,,33.70786516853933,0.00976476116879495,0.9916999530065242,33.428088303590705,3421.169397715034,0.9770953851603198,,-10.01222810059285,86 days 02:43:00
1293,CLOSED,2025-10-07 06:25:00+00:00,124000.0,125000.0,2025-10-07 12:56:00+00:00,33.70786516853933,0.019372952007652648,0.9835329907934952,33.15279744247737,3420.6015571283147,0.9692095641302936,3421.369910737715,0.20055437243176755,0 days 06:31:00
1294,OPEN,2025-10-07 13:42:00+00:00,124000.0,125000.0,,33.70786516853933,0.01937181621256559,0.9835339562193193,33.15282998492088,3420.8021115007464,0.9691536927395177,,-9.74250135907571,85 days 10:17:00
1295,CLOSED,2025-10-07 14:08:00+00:00,123000.0,124000.0,2025-10-08 17:31:00+00:00,33.70786516853933,0.02882639138327521,0.9754975673242161,32.88194047160279,3419.967452001741,0.9614693979720965,3422.0123078544057,0.20106745199401388,1 days 03:23:00
1296,CLOSED,2025-10-07 15:07:00+00:00,122000.0,123000.0,2025-10-08 10:38:00+00:00,33.70786516853933,0.038131300470993446,0.9675883945996556,32.61533914380862,3418.8659978757364,0.9539812079231446,3420.573369928396,0.2016063721405459,0 days 19:31:00
1297,CLOSED,2025-10-07 16:24:00+00:00,121000.0,122000.0,2025-10-07 16:46:00+00:00,33.70786516853933,0.047289829898246996,0.95980364458649,32.35293183999405,3417.4977388444636,0.9466848060280894,3419.068141827134,0.20217159941091012,0 days 00:22:00
1298,CLOSED,2025-10-07 18:02:00+00:00,121000.0,122000.0,2025-10-07 19:52:00+00:00,33.70786516853933,0.047287032502104295,0.9598060223732113,32.35301199010825,3417.699910443874,0.9466311507117193,3419.2703140081294,0.20217210026434174,0 days 01:50:00
1299,CLOSED,2025-10-08 13:43:00+00:00,122000.0,123000.0,2025-10-08 14:01:00+00:00,33.70786516853933,0.0381245433855105,0.9675941381223161,32.61553274569605,3419.4719479475516,0.953817818721182,3420.7749776922487,0.20160756885886855,0 days 00:18:00
1300,CLOSED,2025-10-08 15:48:00+00:00,122000.0,123000.0,2025-10-08 16:51:00+00:00,33.70786516853933,0.038122295745090726,0.9675960486166729,32.615597144382235,3419.6735555164105,0.9537634693746929,3420.976585724039,0.20160796692879757,0 days 01:03:00
1301,OPEN,2025-10-08 20:58:00+00:00,123000.0,124000.0,,33.70786516853933,0.028816194119335,0.9755062349985653,32.88223264040108,3421.177685061338,0.9611378205809715,,-9.47420750709622,84 days 03:01:00
1302,CLOSED,2025-10-09 02:19:00+00:00,122000.0,123000.0,2025-10-09 12:05:00+00:00,33.70786516853933,0.03811789195255694,0.9675997918403266,32.615723320460454,3420.0762282701835,0.9536548644986469,3421.379261757813,0.20160874686553854,0 days 09:46:00
1303,OPEN,2025-10-09 14:08:00+00:00,122000.0,123000.0,,33.70786516853933,0.03811564508818043,0.9676017016750467,32.61578769691169,3420.277837017049,0.9536005333811456,,-9.207123600217614,83 days 09:51:00
1304,CLOSED,2025-10-09 14:46:00+00:00,121000.0,122000.0,2025-10-10 13:26:00+00:00,33.70786516853933,0.047270515622130346,0.9598200617211892,32.35348522655694,3418.909571491254,0.9463100602700367,3420.682752103073,0.2021750574915231,0 days 22:40:00
1305,CLOSED,2025-10-09 16:58:00+00:00,120000.0,121000.0,2025-10-09 17:59:00+00:00,33.70786516853933,0.05628227590520258,0.9521600654805779,32.095283106086896,3417.274451476679,0.9392070658011626,3419.1123159547797,0.20276756769725068,0 days 01:01:00
1306,OPEN,2025-10-10 14:57:00+00:00,121000.0,122000.0,,33.70786516853933,0.04726491746887155,0.9598248201514592,32.3536456230829,3419.3145141164428,0.9462026815466299,,-8.941218268333866,82 days 09:02:00
1307,OPEN,2025-10-10 15:04:00+00:00,120000.0,121000.0,,33.70786516853933,0.05627565383960407,0.9521656942363366,32.095472839427075,3417.679392617206,0.939101336092525,,-8.676323228012947,82 days 08:55:00
1308,OPEN,2025-10-10 15:30:00+00:00,119000.0,120000.0,,33.70786516853933,0.06514638846304575,0.9446255698064111,31.84131134178914,3415.777334479364,0.9321834599807841,,-8.412374977822282,82 days 08:29:00
1309,OPEN,2025-10-10 17:05:00+00:00,118000.0,119000.0,,33.70786516853933,0.07388011203346677,0.9372019047715533,31.591075441737754,3413.608224032176,0.9254452581679737,,-8.149273502554077,82 days 06:54:00
1310,OPEN,2025-10-10 19:10:00+00:00,117000.0,118000.0,,33.70786516853933,0.0824797246751741,0.929892234026102,31.344682045823664,3411.1719105635466,0.9188830955354967,,-7.886918950143151,82 days 04:49:00
1311,CLOSED,2025-10-10 19:21:00+00:00,116000.0,117000.0,2025-10-10 19:45:00+00:00,33.70786516853933,0.09094803902597971,0.9226941668279173,31.102050567233167,3408.46820812623,0.9124934917415938,3411.377316835388,0.205412152365664,0 days 00:24:00
1312,OPEN,2025-10-10 20:52:00+00:00,116000.0,117000.0,,33.70786516853933,0.09094255835093398,0.9226988254017061,31.10220759781032,3408.673620278595,0.9124431102109535,,-7.625250003978149,82 days 03:07:00
1313,CLOSED,2025-10-10 20:55:00+00:00,115000.0,116000.0,2025-10-27 06:50:00+00:00,33.70786516853933,0.09928184042920972,0.9156104356351717,30.863273111297925,3405.7023059589137,0.9062234552120675,3429.0783863074826,0.20614412077528854,16 days 09:55:00
1314,CLOSED,2025-10-10 20:56:00+00:00,114000.0,115000.0,2025-10-10 21:04:00+00:00,33.70786516853933,0.10749520847647277,0.9086290727949982,30.627946273988705,3402.4631226620827,0.9001698231493377,3405.9092122687193,0.2069038670595873,0 days 00:08:00
1315,CLOSED,2025-10-10 21:11:00+00:00,114000.0,115000.0,2025-10-12 20:28:00+00:00,33.70786516853933,0.10748867208765142,0.9086346287254963,30.62813355254482,3402.6700265291424,0.9001205909991433,3415.7734192830226,0.20690513220015916,1 days 23:17:00
1316,CLOSED,2025-10-10 21:13:00+00:00,113000.0,114000.0,2025-10-10 22:48:00+00:00,33.70786516853933,0.11557824852951361,0.9017584887499135,30.396353553367874,3399.1626792015277,0.8942306215396569,3410.446646611224,0.2076942489159741,0 days 01:35:00
1317,CLOSED,2025-10-10 21:13:00+00:00,112000.0,113000.0,2025-10-10 21:46:00+00:00,33.70786516853933,0.12354697759602266,0.8949850690433807,30.16803603517014,3395.3868383689583,0.8885007061422774,3405.893886976469,0.20851311499368919,0 days 00:33:00
1318,CLOSED,2025-10-10 21:13:00+00:00,111000.0,112000.0,2025-10-10 21:14:00+00:00,33.70786516853933,0.1313972754629976,0.8883123158564521,29.943111770442208,3391.3421377467716,0.8829280725517301,3395.806457378516,0.209362237498933,0 days 00:01:00
1319,CLOSED,2025-10-10 21:13:00+00:00,110000.0,111000.0,2025-10-10 21:14:00+00:00,33.70786516853933,0.1391314866350442,0.8817382363602124,29.721513585175703,3387.0281740429164,0.8775100783911906,3391.5523985038853,0.21024215142976743,0 days 00:01:00
1320,CLOSED,2025-10-10 21:16:00+00:00,111000.0,112000.0,2025-10-10 21:18:00+00:00,33.70786516853933,0.1313810199363217,0.8883261330541266,29.943577518678424,3391.7617421357004,0.8828325747852728,3396.865994705998,0.20936549401060134,0 days 00:02:00
1321,CLOSED,2025-10-10 21:16:00+00:00,110000.0,111000.0,2025-10-10 21:18:00+00:00,33.70786516853933,0.13911438867588974,0.8817527696254938,29.722003470522264,3387.4477737743623,0.8774158438878428,3392.6119321334772,0.21024561674955677,0 days 00:02:00
1322,CLOSED,2025-10-10 21:16:00+00:00,109000.0,110000.0,2025-10-10 21:17:00+00:00,33.70786516853933,0.146733962351374,0.8752761320013321,29.503689842741537,3382.8640971555537,0.8721512007399117,3387.6589534585983,0.21115709617633627,0 days 00:01:00
1323,CLOSED,2025-10-10 21:17:00+00:00,108000.0,109000.0,2025-10-10 21:18:00+00:00,33.70786516853933,0.1455746626518033,0.8762615367459672,29.536905733010133,3378.521299636392,0.874255424590308,3383.5338034880065,0.21389888709202154,0 days 00:01:00
1324,CLOSED,2025-10-10 21:17:00+00:00,107000.0,108000.0,2025-10-10 21:18:00+00:00,33.70786516853933,0.1530997768881434,0.8698651896450781,29.321298527362185,3373.664591737291,0.8691231072340534,3378.7361982286634,0.21486976397843804,0 days 00:01:00
1325,CLOSED,2025-10-10 21:19:00+00:00,108000.0,109000.0,2025-10-10 21:29:00+00:00,33.70786516853933,0.12824549857591175,0.890991326210475,30.033415490240735,3380.7776812352545,0.8883581921679999,3388.59345502135,0.21749448662644966,0 days 00:10:00
1326,CLOSED,2025-10-10 21:19:00+00:00,107000.0,108000.0,2025-10-10 21:22:00+00:00,33.70786516853933,0.1360244747988844,0.8843791964209482,29.81053471081848,3376.455306140328,0.8828943968725387,3382.3369853590825,0.21845494159841294,0 days 00:03:00
1327,CLOSED,2025-10-10 21:19:00+00:00,106000.0,107000.0,2025-10-10 21:21:00+00:00,33.70786516853933,0.14368667756593476,0.8778663240689555,29.590999687717602,3371.854829401171,0.8775881876555419,3377.5708348755797,0.2194499244482273,0 days 00:02:00
1328,CLOSED,2025-10-10 21:19:00+00:00,105000.0,106000.0,2025-10-10 21:20:00+00:00,33.70786516853933,0.15123437935846468,0.8714507775453051,29.374745310515905,3366.975690982999,0.8724371069617036,3372.296889641695,0.2204801240732337,0 days 00:01:00
1329,CLOSED,2025-10-10 21:19:00+00:00,104000.0,105000.0,2025-10-10 21:20:00+00:00,33.70786516853933,0.15866978377958801,0.8651306837873503,29.161708442270236,3361.817289099535,0.8674388265187731,3367.1972751709177,0.22154626585365023,0 days 00:01:00
1330,CLOSED,2025-10-10 21:20:00+00:00,103000.0,104000.0,2025-10-10 21:21:00+00:00,33.70786516853933,0.1487627285834413,0.8735516807040749,29.445562270923872,3357.7186225359574,0.8769514536832975,3363.0518943302022,0.2264460937577475,0 days 00:01:00
1331,CLOSED,2025-10-10 21:20:00+00:00,102000.0,103000.0,2025-10-10 21:21:00+00:00,33.70786516853933,0.15623442735716264,0.8672007367464117,29.231485508306015,3352.554036189099,0.8719169085051915,3357.946242096245,0.22757657192747516,0 days 00:01:00
1332,CLOSED,2025-10-10 21:21:00+00:00,104000.0,105000.0,2025-10-10 21:22:00+00:00,33.70786516853933,0.14131196497549967,0.8798848297708253,29.65903920575816,3363.8289959723393,0.8817047252185005,3368.6549010237964,0.22532456895832453,0 days 00:01:00
1333,CLOSED,2025-10-10 21:23:00+00:00,107000.0,108000.0,2025-10-10 21:24:00+00:00,33.70786516853933,0.13596168642647288,0.884432566537498,29.81233370351117,3378.014584630945,0.8825401121460293,3382.5554552978906,0.21846812481862088,0 days 00:01:00
1334,CLOSED,2025-10-10 21:24:00+00:00,106000.0,107000.0,2025-10-10 21:25:00+00:00,33.70786516853933,0.13485364948071715,0.8853743979413904,29.844080829485073,3373.9407110763277,0.8845466884320101,3379.380404217067,0.22132680045871567,0 days 00:01:00
1335,CLOSED,2025-10-10 21:24:00+00:00,105000.0,106000.0,2025-10-10 21:25:00+00:00,33.70786516853933,0.14252917110983404,0.8788502045566411,29.624164198538466,3369.3372589316414,0.8792282256698689,3374.8366725460064,0.22235220523669952,0 days 00:01:00
1336,CLOSED,2025-10-10 21:24:00+00:00,104000.0,105000.0,2025-10-10 21:25:00+00:00,33.70786516853933,0.15008919723228026,0.8724241823525618,29.407556708513322,3364.452173941354,0.8740667183883092,3370.010872351272,0.22341401531904026,0 days 00:01:00
1337,CLOSED,2025-10-10 21:24:00+00:00,103000.0,104000.0,2025-10-10 21:25:00+00:00,33.70786516853933,0.1575359518062629,0.8660944409646766,29.194194639258765,3359.2848233551736,0.8690598200036013,3364.9023774775897,0.22451299369452116,0 days 00:01:00
1338,CLOSED,2025-10-10 21:24:00+00:00,102000.0,103000.0,2025-10-10 21:25:00+00:00,33.70786516853933,0.16487159072122506,0.8598591478869587,28.984016220908725,3353.83453078694,0.8642053134955333,3359.510518009065,0.22564994346149447,0 days 00:01:00
1339,CLOSED,2025-10-10 21:25:00+00:00,107000.0,108000.0,2025-10-10 21:27:00+00:00,33.70786516853933,0.1359079461266125,0.8844782457923794,29.813873453675715,3379.350308713934,0.8822368422947505,3384.3311757571914,0.21847940828051549,0 days 00:02:00
1340,CLOSED,2025-10-10 21:26:00+00:00,106000.0,107000.0,2025-10-10 21:27:00+00:00,33.70786516853933,0.14356439765327014,0.8779702619947204,29.594503213305185,3374.749797464033,0.8769391803666179,3379.790322203687,0.21947590695756247,0 days 00:01:00
1341,CLOSED,2025-10-10 21:26:00+00:00,105000.0,106000.0,2025-10-10 21:27:00+00:00,33.70786516853933,0.1511064609753355,0.8715595081709648,29.378410387785333,3369.8705913512586,0.8717963966683097,3374.9703391406933,0.22050763330548406,0 days 00:01:00
1342,CLOSED,2025-10-10 21:30:00+00:00,108000.0,109000.0,2025-10-10 21:31:00+00:00,33.70786516853933,0.12810261138541842,0.8911127803223944,30.037509449069475,3384.548641244031,0.8874893710503399,3388.8109832831365,0.21752413405279825,0 days 00:01:00
1343,CLOSED,2025-10-10 21:32:00+00:00,109000.0,110000.0,2025-10-10 21:33:00+00:00,33.70786516853933,0.12912728526615905,0.8902418075237648,30.008150815407806,3388.7806979642346,0.885514687729271,3393.040251231356,0.21476750947346446,0 days 00:01:00
1344,CLOSED,2025-10-10 21:33:00+00:00,110000.0,111000.0,2025-10-10 21:34:00+00:00,33.70786516853933,0.13014950876335193,0.8893729175511509,29.97886238936464,3393.0099980598598,0.8835477174104027,3397.2668143611395,0.21206256902410203,0 days 00:01:00
1345,CLOSED,2025-10-10 21:35:00+00:00,111000.0,112000.0,2025-10-10 21:38:00+00:00,33.70786516853933,0.1311692915214568,0.8885061022067617,29.94964389460995,3397.236593215035,0.8815884049531733,3401.4907229523433,0.20940791011110704,0 days 00:03:00
1346,CLOSED,2025-10-10 21:39:00+00:00,111000.0,112000.0,2025-10-10 21:40:00+00:00,33.70786516853933,0.13116120665794487,0.8885129743407468,29.94987553957574,3397.4460011251463,0.8815408848192765,3401.700132715614,0.2094095297727101,0 days 00:01:00
1347,CLOSED,2025-10-10 21:44:00+00:00,111000.0,112000.0,2025-10-10 21:45:00+00:00,33.70786516853933,0.13115312272850208,0.8885198456807732,29.950107157778877,3397.655410654919,0.8814933693351148,3401.9095440983324,0.20941114924719173,0 days 00:01:00
1348,CLOSED,2025-10-10 21:46:00+00:00,111000.0,112000.0,2025-10-10 21:47:00+00:00,33.70786516853933,0.12233630245964948,0.8960141429092979,30.202723918290943,3398.3725910623307,0.8887408048700621,3402.359657332693,0.21117744563669305,0 days 00:01:00
1349,CLOSED,2025-10-10 22:05:00+00:00,112000.0,113000.0,2025-10-10 22:10:00+00:00,33.70786516853933,0.12329488282573342,0.8951993495981266,30.175258975217755,3402.3292129869837,0.8869000348360233,3406.5230503312973,0.2085630379560932,0 days 00:05:00
1350,CLOSED,2025-10-10 22:05:00+00:00,111000.0,112000.0,2025-10-10 22:06:00+00:00,33.70786516853933,0.13113095037447206,0.8885386921816988,29.950742433090973,3398.284440715812,0.8813488969387794,3402.538643667473,0.20941559109217067,0 days 00:01:00
1351,CLOSED,2025-10-10 22:27:00+00:00,112000.0,113000.0,2025-10-10 22:34:00+00:00,33.70786516853933,0.12327973781989249,0.8952122228530914,30.17569290516039,3402.747191616032,0.8868038442441372,3406.7316168058237,0.20856603715975197,0 days 00:07:00
1352,CLOSED,2025-10-10 23:06:00+00:00,113000.0,114000.0,2025-10-10 23:34:00+00:00,33.70786516853933,0.11531443186170004,0.9019827329175549,30.403912345535563,3406.939292734677,0.8924113326695351,3410.654400126422,0.20774589713947833,0 days 00:28:00
1353,CLOSED,2025-10-10 23:54:00+00:00,113000.0,114000.0,2025-10-12 16:05:00+00:00,33.70786516853933,0.11530740072983851,0.9019887093796373,30.404113799313617,3407.1470386318165,0.8923628318525043,3412.327342592537,0.207747273646401,1 days 16:11:00
1354,CLOSED,2025-10-11 00:16:00+00:00,112000.0,113000.0,2025-10-11 00:48:00+00:00,33.70786516853933,0.12325939504146967,0.8952295142147508,30.176275760047783,3403.3711214329333,0.8866583949664167,3407.3556198447955,0.2085700656914078,0 days 00:32:00
1355,CLOSED,2025-10-11 01:12:00+00:00,112000.0,113000.0,2025-10-11 02:43:00+00:00,33.70786516853933,0.12325184175274101,0.8952359345101701,30.17649217450012,3403.579691498625,0.8866104193145293,3407.564191624412,0.20857156148820621,0 days 01:31:00
1356,CLOSED,2025-10-11 03:24:00+00:00,112000.0,113000.0,2025-10-12 15:05:00+00:00,33.70786516853933,0.12324428933552116,0.895242354064807,30.17670856398226,3403.7882630601125,0.8865624484189405,3408.6122452047716,0.20857305711241025,1 days 11:41:00
1357,CLOSED,2025-10-11 07:09:00+00:00,111000.0,112000.0,2025-10-11 10:21:00+00:00,33.70786516853933,0.13107733889972775,0.8885842619352314,29.952278492198815,3399.74340780347,0.8810158561804696,3403.9977045794863,0.20942633121745402,0 days 03:12:00
1358,CLOSED,2025-10-11 19:20:00+00:00,111000.0,112000.0,2025-10-12 06:27:00+00:00,33.70786516853933,0.13106926495060825,0.888591124791983,29.952509824448867,3399.9528341346872,0.8809683923768901,3404.6277587865957,0.209427948692543,0 days 11:07:00
1359,CLOSED,2025-10-11 20:56:00+00:00,110000.0,111000.0,2025-10-11 21:46:00+00:00,33.70786516853933,0.13878615373954503,0.8820317693213867,29.731407954653488,3395.6386304883636,0.8755763256933348,3400.1631654582416,0.21031214159094347,0 days 00:50:00
1360,CLOSED,2025-10-12 00:28:00+00:00,110000.0,111000.0,2025-10-12 03:09:00+00:00,33.70786516853933,0.13877755841810724,0.8820390753446088,29.731654225099174,3395.8489426299543,0.875529351493272,3400.3734795901455,0.21031388364314552,0 days 02:41:00
1361,CLOSED,2025-10-13 11:27:00+00:00,114000.0,115000.0,2025-10-13 13:31:00+00:00,33.70786516853933,0.1071779673678232,0.9088987277373503,30.637035766427537,3412.5342333547137,0.8977795875855464,3415.9803935245145,0.20696527016896482,0 days 02:04:00
1362,CLOSED,2025-10-13 14:30:00+00:00,114000.0,115000.0,2025-10-13 16:09:00+00:00,33.70786516853933,0.10717146757317679,0.9089042525627997,30.63722199649887,3412.7411986248826,0.897730598758667,3416.1873602404175,0.20696652822660866,0 days 01:39:00
1363,CLOSED,2025-10-14 02:18:00+00:00,114000.0,115000.0,2025-10-26 22:03:00+00:00,33.70786516853933,0.10716496852733863,0.9089097767517622,30.637408205115584,3412.948165153109,0.8976816149137488,3425.900941535005,0.20696778613931954,12 days 19:45:00
1364,CLOSED,2025-10-14 04:47:00+00:00,113000.0,114000.0,2025-10-21 16:36:00+00:00,33.70786516853933,0.11523252182935426,0.9020523564450489,30.406259206012887,3409.440727275597,0.8918254235295008,3419.2945495193935,0.20776193292558887,7 days 11:49:00
1365,CLOSED,2025-10-14 06:43:00+00:00,112000.0,113000.0,2025-10-14 16:20:00+00:00,33.70786516853933,0.12317968110721281,0.8952972710588691,30.17855969861357,3405.6647076891477,0.8861283270334231,3410.0690895569383,0.20858585164261356,0 days 09:37:00
1366,CLOSED,2025-10-14 10:13:00+00:00,111000.0,112000.0,2025-10-14 14:17:00+00:00,33.70786516853933,0.13100884677282437,0.8886424802430993,29.954240907070766,3401.6197338277516,0.8805875803573159,3406.084488130075,0.20944005242223795,0 days 04:04:00
1367,CLOSED,2025-10-14 13:37:00+00:00,110000.0,111000.0,2025-10-14 13:45:00+00:00,33.70786516853933,0.13872234807722,0.882086004134363,29.733236094416732,3397.3053961169826,0.8752005671436228,3401.830078194916,0.21032507336966333,0 days 00:08:00
1368,CLOSED,2025-10-14 17:01:00+00:00,112000.0,113000.0,2025-10-14 18:06:00+00:00,33.70786516853933,0.12315695843723383,0.8953165853283512,30.1792107414051,3406.2930586665816,0.8859839779381453,3410.277680564607,0.20859035147019256,0 days 01:05:00
1369,CLOSED,2025-10-15 03:22:00+00:00,112000.0,113000.0,2025-10-15 08:16:00+00:00,33.70786516853933,0.12314941716589647,0.895322995408988,30.17942681153892,3406.5016490180515,0.8859360693466376,3410.4862726272754,0.20859184488714888,0 days 04:54:00
1370,CLOSED,2025-10-15 11:17:00+00:00,112000.0,113000.0,2025-10-21 15:24:00+00:00,33.70786516853933,0.12314187676406971,0.8953294047505408,30.179642856759806,3406.7102408629385,0.885888165502304,3415.5793548469996,0.20859333813191583,6 days 04:07:00
1371,CLOSED,2025-10-15 13:46:00+00:00,111000.0,112000.0,2025-10-15 14:08:00+00:00,33.70786516853933,0.13096890741238423,0.8886764286994734,29.955385237060902,3402.665256257,0.8803506363718078,3406.919704301978,0.20944805357752827,0 days 00:22:00
1372,CLOSED,2025-10-15 14:48:00+00:00,111000.0,112000.0,2025-10-21 14:57:00+00:00,33.70786516853933,0.13096084623319887,0.8886832807017809,29.95561620343082,3402.8747043105777,0.8803032378913236,3411.5947451450515,0.2094496684943863,6 days 00:09:00
1373,CLOSED,2025-10-16 09:34:00+00:00,110000.0,111000.0,2025-10-16 09:44:00+00:00,33.70786516853933,0.13867183701044444,0.8821289385411222,29.734683321610863,3398.5603431854615,0.874919975489993,3403.085058998673,0.21033531067329392,0 days 00:10:00
1374,CLOSED,2025-10-16 14:17:00+00:00,110000.0,111000.0,2025-10-16 14:40:00+00:00,33.70786516853933,0.13866325520641049,0.8821362330745511,29.734929204760153,3398.770678496135,0.8748730649258473,3403.2953962965294,0.21033704998587055,0 days 00:23:00
1375,CLOSED,2025-10-16 15:27:00+00:00,110000.0,111000.0,2025-10-20 05:54:00+00:00,33.70786516853933,0.13865467439354093,0.8821435267654902,29.735175059510908,3398.981015546121,0.874826158884365,3406.2838306467634,0.21033878909755543,3 days 14:27:00
1376,CLOSED,2025-10-16 15:43:00+00:00,109000.0,110000.0,2025-10-20 03:51:00+00:00,33.70786516853933,0.14625148927384238,0.875686234117234,29.51751350956969,3394.396825408654,0.8695952485171221,3401.759134212425,0.21125603177936014,3 days 12:08:00
1377,CLOSED,2025-10-16 16:23:00+00:00,108000.0,109000.0,2025-10-16 16:58:00+00:00,33.70786516853933,0.153737156977168,0.8693234165694073,29.303036513575528,3389.5423208593784,0.8645130740290061,3394.609057946381,0.21220526467218548,0 days 00:35:00
1378,CLOSED,2025-10-16 18:03:00+00:00,108000.0,109000.0,2025-10-17 01:06:00+00:00,33.70786516853933,0.15372753273038703,0.8693315971791711,29.30331226446644,3389.7545261240507,0.8644670886529577,3394.8212654859985,0.21220726159119963,0 days 07:03:00
1379,CLOSED,2025-10-17 06:19:00+00:00,108000.0,109000.0,2025-10-19 17:07:00+00:00,33.70786516853933,0.1537179095979738,0.8693397768417223,29.30358798342884,3389.966733385642,0.8644211075830422,3396.7514651109204,0.21220925827899606,2 days 10:48:00
1380,CLOSED,2025-10-17 06:42:00+00:00,107000.0,108000.0,2025-10-19 09:49:00+00:00,33.70786516853933,0.1610937639555967,0.8630703006377428,29.092257324867738,3384.841384573046,0.8594865761645535,3391.4715483152163,0.2131913243596948,2 days 03:07:00
1381,CLOSED,2025-10-17 07:31:00+00:00,106000.0,107000.0,2025-10-17 16:00:00+00:00,33.70786516853933,0.16836267582992,0.856891725544568,28.883990748693307,3379.4446287259916,0.8546963753503549,3386.1330120502325,0.21420667278757222,0 days 08:29:00
1382,CLOSED,2025-10-17 08:15:00+00:00,105000.0,106000.0,2025-10-17 11:15:00+00:00,33.70786516853933,0.17552664720800773,0.8508023498731934,28.678730894602026,3373.7758631572306,0.8500484933745431,3379.876263677499,0.21525599895639402,0 days 03:00:00
1383,CLOSED,2025-10-17 10:21:00+00:00,104000.0,105000.0,2025-10-17 11:04:00+00:00,33.70786516853933,0.18258762081139981,0.8448005223103101,28.476422100347534,3367.8344452086694,0.8455410312956506,3373.99224594345,0.21634003349610964,0 days 00:43:00
1384,CLOSED,2025-10-17 13:13:00+00:00,105000.0,106000.0,2025-10-17 13:37:00+00:00,33.70786516853933,0.17550419553440996,0.8508214337957516,28.679374172890505,3374.2074591896835,0.8499588279547536,3380.0915251535107,0.21526082725618778,0 days 00:24:00
1385,CLOSED,2025-10-17 13:47:00+00:00,105000.0,106000.0,2025-10-17 13:55:00+00:00,33.70786516853933,0.17549299978881072,0.8508309501795108,28.679694949871152,3374.4227200169394,0.8499141135976936,3380.3067887119532,0.2152632349348842,0 days 00:08:00
1386,CLOSED,2025-10-17 14:23:00+00:00,105000.0,106000.0,2025-10-17 15:17:00+00:00,33.70786516853933,0.17548180534631633,0.8508404654556312,28.68001568951566,3374.637983251874,0.8498694032323721,3380.5220546777573,0.2152656423333461,0 days 00:54:00
1387,CLOSED,2025-10-19 10:05:00+00:00,107000.0,108000.0,2025-10-19 11:00:00+00:00,33.70786516853933,0.16102217904855498,0.8631311478087282,29.0943083531032,3386.346168307171,0.8591652154583889,3391.6847567378672,0.21320635452462255,0 days 00:55:00
1388,CLOSED,2025-10-20 00:19:00+00:00,108000.0,109000.0,2025-10-20 03:42:00+00:00,33.70786516853933,0.15363043459074285,0.8694141305978685,29.306094289815796,3391.8969327325703,0.8640030894513739,3396.9636950462273,0.21222740832327247,0 days 03:23:00
1389,CLOSED,2025-10-20 17:37:00+00:00,110000.0,111000.0,2025-10-20 19:04:00+00:00,33.70786516853933,0.1385328742529028,0.8822470568850326,29.738664838821325,3401.9694496485126,0.8741602556687829,3406.4941976396226,0.21036347487636675,0 days 01:27:00
1390,CLOSED,2025-10-21 01:54:00+00:00,110000.0,111000.0,2025-10-21 14:51:00+00:00,33.70786516853933,0.1385243084925923,0.8822543377812966,29.738910262290897,3402.179813123389,0.8741134183319057,3407.340318890867,0.2103652109372831,0 days 12:57:00
1391,CLOSED,2025-10-21 04:00:00+00:00,109000.0,110000.0,2025-10-21 14:18:00+00:00,33.70786516853933,0.14611488506499087,0.8758023476947577,29.521427450385094,3397.5955853282867,0.8688917414970281,3402.815592479995,0.21128404374605836,0 days 10:18:00
1392,CLOSED,2025-10-21 04:30:00+00:00,108000.0,109000.0,2025-10-21 12:21:00+00:00,33.70786516853933,0.15359443486975655,0.8694447303607069,29.307125742495742,3392.741007070832,0.8638185373247349,3397.807847688212,0.21223487784572015,0 days 07:51:00
1393,CLOSED,2025-10-21 13:09:00+00:00,108000.0,109000.0,2025-10-21 14:07:00+00:00,33.70786516853933,0.15358482728197156,0.8694528968103241,29.307401016078344,3392.9532419486777,0.8637726171329789,3398.0200848370646,0.21223687130818192,0 days 00:58:00
1394,CLOSED,2025-10-21 16:56:00+00:00,113000.0,114000.0,2025-10-26 13:44:00+00:00,33.70786516853933,0.11501842504393828,0.9022343387126525,30.412393439752332,3415.7871043842815,0.8903480372274071,3422.2469686204413,0.2078038473304531,4 days 20:48:00
1395,CLOSED,2025-10-21 17:18:00+00:00,112000.0,113000.0,2025-10-26 11:42:00+00:00,33.70786516853933,0.12295234790149433,0.8954905042837298,30.185073178103252,3412.0110244326297,0.8846710330639279,3418.5317251904066,0.208630871010012,4 days 18:24:00
1396,CLOSED,2025-10-21 20:16:00+00:00,111000.0,112000.0,2025-10-24 12:30:00+00:00,33.70786516853933,0.13076854520316164,0.8888467365773126,29.96112595204425,3407.9659317288742,0.8791498081920337,3414.127120273779,0.20948819265669982,2 days 16:14:00
1397,CLOSED,2025-10-21 22:21:00+00:00,110000.0,111000.0,2025-10-23 17:40:00+00:00,33.70786516853933,0.13846933686519472,0.8823010636645845,29.740485292064648,3403.6514128387757,0.873781762135857,3409.662153021076,0.21037635228266893,1 days 19:19:00
1398,CLOSED,2025-10-21 22:31:00+00:00,109000.0,110000.0,2025-10-23 06:17:00+00:00,33.70786516853933,0.14605697414876365,0.8758515719735509,29.52308669573767,3399.0670169092764,0.8685644192618067,3404.925954578704,0.21129591891937594,1 days 07:46:00
1399,CLOSED,2025-10-22 00:28:00+00:00,108000.0,109000.0,2025-10-22 13:58:00+00:00,33.70786516853933,0.15353364175405496,0.8694964045090533,29.3088675677209,3394.212255225996,0.8634954258560189,3399.4925236810823,0.21224749170854196,0 days 13:30:00
1400,CLOSED,2025-10-22 11:03:00+00:00,107000.0,108000.0,2025-10-22 11:18:00+00:00,33.70786516853933,0.16090145981843587,0.8632337591543295,29.09776716250549,3389.086600736843,0.858572547428536,3394.4255183986993,0.21323170106782996,0 days 00:15:00
1401,CLOSED,2025-10-22 14:06:00+00:00,108000.0,109000.0,2025-10-22 15:01:00+00:00,33.70786516853933,0.1535143980600091,0.8695127616489923,29.309418931988507,3394.637734418773,0.8634034387473997,3399.704775721546,0.2122514845507304,0 days 00:55:00
1402,CLOSED,2025-10-22 15:22:00+00:00,108000.0,109000.0,2025-10-23 06:08:00+00:00,33.70786516853933,0.15350480009278722,0.8695209199211309,29.309693929925764,3394.8499859033236,0.8633575578193583,3400.130267481025,0.2122534760170396,0 days 14:46:00
1403,CLOSED,2025-10-22 21:01:00+00:00,107000.0,108000.0,2025-10-23 01:10:00+00:00,33.70786516853933,0.1608714300778455,0.8632592844338314,29.09862756518533,3389.7243229439573,0.8584364034628434,3395.0632554223666,0.21323800619515865,0 days 04:09:00
1404,CLOSED,2025-10-23 12:02:00+00:00,109000.0,110000.0,2025-10-23 15:10:00+00:00,33.70786516853933,0.14600222898504345,0.8758981053627131,29.524655236945385,3400.341534987735,0.8682849923500957,3405.137263304978,0.2113071449256303,0 days 03:08:00
1405,CLOSED,2025-10-23 20:02:00+00:00,110000.0,111000.0,2025-10-24 04:27:00+00:00,33.70786516853933,0.1384003653727168,0.8823596894331908,29.74246144156823,3405.347614414443,0.8734045627433696,3409.87254534424,0.21039033104327132,0 days 08:25:00
1406,CLOSED,2025-10-24 13:38:00+00:00,111000.0,112000.0,2025-10-26 09:21:00+00:00,33.70786516853933,0.13068739855766523,0.8889157112259846,29.963450940201728,3410.082011828242,0.8786724435444728,3414.5470207183766,0.2095044489738882,1 days 19:43:00
1407,CLOSED,2025-10-24 14:21:00+00:00,110000.0,111000.0,2025-10-24 20:56:00+00:00,33.70786516853933,0.1383839795256145,0.8823736174032277,29.742930923704307,3405.767469688262,0.8733106763283153,3410.292425337221,0.21039365203612803,0 days 06:35:00
1408,CLOSED,2025-10-26 21:28:00+00:00,113000.0,114000.0,2025-10-26 22:02:00+00:00,33.70786516853933,0.11491909548628361,0.902318768836659,30.415239398988508,3418.739517302999,0.8896623812680151,3422.454794782107,0.20782329339213135,0 days 00:34:00
1409,CLOSED,2025-10-27 08:50:00+00:00,115000.0,116000.0,2025-10-28 14:19:00+00:00,33.70786516853933,0.09869055041722762,0.9161130321453566,30.880214566697415,3426.107073677649,0.9013207673498072,3429.4916876052125,0.2062572773227238,1 days 05:29:00
1410,CLOSED,2025-10-27 23:01:00+00:00,114000.0,115000.0,2025-10-28 13:20:00+00:00,33.70786516853933,0.1068593031630084,0.9091695923114429,30.646166032969987,3422.867726269676,0.8953359721665003,3426.314104488865,0.20702694872351302,0 days 14:19:00
1411,OPEN,2025-10-28 14:42:00+00:00,115000.0,116000.0,,33.70786516853933,0.09867864701567532,0.916123150036676,30.8805556192138,3426.5203579036956,0.9012220093186943,,-7.368215559192471,64 days 09:17:00
1412,OPEN,2025-10-28 19:20:00+00:00,114000.0,115000.0,,33.70786516853933,0.10684650106977725,0.9091804740906894,30.646532834517622,3423.2810071919616,0.8952385962511522,,-7.107691272544752,64 days 04:39:00
1413,OPEN,2025-10-28 20:09:00+00:00,113000.0,114000.0,,33.70786516853933,0.1148919579197283,0.9023418357682309,30.416016936007786,3419.7733300968575,0.889416168853107,,-6.847487429928091,64 days 03:50:00
1414,OPEN,2025-10-29 15:29:00+00:00,112000.0,113000.0,,33.70786516853933,0.1228174751578391,0.8956051461158367,30.18893750952259,3415.9969843944737,0.8837518782199375,,-6.5875033151968125,63 days 08:30:00
1415,CLOSED,2025-10-29 16:13:00+00:00,111000.0,112000.0,2025-10-29 18:02:00+00:00,33.70786516853933,0.13062543743626367,0.8889683781791758,29.965226230758738,3411.951591230695,0.8782430063713256,3416.2065172668104,0.20951686180546147,0 days 01:49:00
1416,OPEN,2025-10-29 18:35:00+00:00,111000.0,112000.0,,33.70786516853933,0.13061741664508278,0.8889751958516796,29.965456039944257,3412.161108092501,0.87819581463713,,-6.32768608943999,63 days 05:24:00
1417,CLOSED,2025-10-29 18:39:00+00:00,110000.0,111000.0,2025-10-29 18:53:00+00:00,33.70786516853933,0.13830972170917377,0.8824367365472023,29.745058535298956,3407.8462493058323,0.8728403912400077,3412.3715367913505,0.21040870219963992,0 days 00:14:00
1418,CLOSED,2025-10-29 23:39:00+00:00,110000.0,111000.0,2025-10-30 02:59:00+00:00,33.70786516853933,0.1383011826583402,0.8824439947404108,29.745303193496994,3408.0566580080317,0.8727936821004251,3412.5819474708333,0.2104104328472296,0 days 03:20:00
1419,CLOSED,2025-10-30 04:11:00+00:00,110000.0,111000.0,2025-10-30 07:11:00+00:00,33.70786516853933,0.13829264459159776,0.8824512520971419,29.74554782349917,3408.267068440879,0.8727469774575604,3413.2159818139157,0.21041216329536994,0 days 03:00:00
1420,CLOSED,2025-10-30 04:26:00+00:00,109000.0,110000.0,2025-10-30 05:46:00+00:00,33.70786516853933,0.14587114482251642,0.8760095269008611,29.52841101913015,3403.682285905375,0.8675431059299247,3408.6907143407943,0.21133402495535591,0 days 01:20:00
1421,CLOSED,2025-10-30 04:32:00+00:00,108000.0,109000.0,2025-10-30 04:36:00+00:00,33.70786516853933,0.15333885241818343,0.869661975444544,29.31444861049025,3398.827088556143,0.8624872006343616,3403.894601695393,0.21228790822501864,0 days 00:04:00
1422,CLOSED,2025-10-30 10:02:00+00:00,110000.0,111000.0,2025-10-31 14:56:00+00:00,33.70786516853933,0.13826692303226665,0.8824731154225733,29.746284789524946,3408.9011025373543,0.8726062709001394,3414.274658989009,0.2104173763987447,1 days 04:54:00
1423,CLOSED,2025-10-30 12:24:00+00:00,109000.0,110000.0,2025-10-31 01:10:00+00:00,33.70786516853933,0.14584419178666436,0.8760324369813353,29.529183269033776,3404.316312571893,0.867404217404377,3409.538040455321,0.2113395519266561,0 days 12:46:00
1424,CLOSED,2025-10-30 13:37:00+00:00,108000.0,109000.0,2025-10-31 00:52:00+00:00,33.70786516853933,0.15331069164632946,0.86968591210062,29.315255464065842,3399.461100679643,0.8623500783169704,3404.7419148526615,0.21229375125690098,0 days 11:15:00
1425,CLOSED,2025-10-30 17:21:00+00:00,107000.0,108000.0,2025-10-30 23:34:00+00:00,33.70786516853933,0.1606685357051102,0.8634317446506563,29.104440830921,3394.334936602155,0.8574416306734756,3399.6744130991433,0.21328060645843294,0 days 06:13:00
1426,CLOSED,2025-10-31 02:38:00+00:00,109000.0,110000.0,2025-10-31 04:40:00+00:00,33.70786516853933,0.1458169108849277,0.8760556257478115,29.52996491284758,3404.9532264815352,0.8672649210915002,3409.7493863894774,0.2113451461299185,0 days 02:02:00
1427,CLOSED,2025-10-31 16:09:00+00:00,110000.0,111000.0,2025-11-02 07:53:00+00:00,33.70786516853933,0.1382239958594402,0.8825096035194758,29.74751472537559,3409.9597789695254,0.8723714252830618,3414.696435081544,0.21042607664069735,1 days 15:44:00
1428,CLOSED,2025-10-31 16:51:00+00:00,109000.0,110000.0,2025-10-31 19:33:00+00:00,33.70786516853933,0.14579920923251435,0.8760706721523628,29.530472095023466,3405.3749766040746,0.8671724053270632,3410.1711518232823,0.21134877601879865,0 days 02:42:00
1429,OPEN,2025-11-02 16:00:00+00:00,110000.0,111000.0,,33.70786516853933,0.1382069011723597,0.8825241340034943,29.74800451697172,3410.381553822185,0.8722778975751744,,-6.0684382913347505,59 days 07:59:00
1430,OPEN,2025-11-03 02:32:00+00:00,109000.0,110000.0,,33.70786516853933,0.14578129598901474,0.8760858984093375,29.53098533964059,3405.7967465187444,0.8670800854403853,,-5.8085086280284095,58 days 21:27:00
1431,OPEN,2025-11-03 03:26:00+00:00,108000.0,109000.0,,33.70786516853933,0.15324497730636769,0.8697417692895875,29.317138290660253,3400.941500689946,0.8620300668127548,,-5.548384663960775,58 days 20:33:00
1432,CLOSED,2025-11-03 08:46:00+00:00,107000.0,108000.0,2025-11-03 12:04:00+00:00,33.70786516853933,0.16060005626733867,0.8634899521727621,29.10640288222794,3395.8152851790082,0.8571256219165528,3401.1548275831597,0.2132949845904477,0 days 03:18:00
1433,OPEN,2025-11-03 15:26:00+00:00,107000.0,108000.0,,33.70786516853933,0.1605899694304001,0.8634985259841599,29.106691887106514,3396.028580163599,0.8570802983555673,,-5.288013529542649,58 days 08:33:00
1434,CLOSED,2025-11-03 15:28:00+00:00,106000.0,107000.0,2025-11-03 17:18:00+00:00,33.70786516853933,0.16783810725613219,0.8573376088322877,28.899020522436665,3390.6308219663993,0.8523198790977973,3396.242934088,0.21431813514934817,0 days 01:50:00
1435,CLOSED,2025-11-03 22:30:00+00:00,106000.0,107000.0,2025-11-04 01:21:00+00:00,33.70786516853933,0.16782749906004304,0.8573466257989635,28.899324465133603,3390.8451401015486,0.8522749719047367,3396.457254783723,0.21432038921992813,0 days 02:51:00
1436,CLOSED,2025-11-04 05:21:00+00:00,106000.0,107000.0,2025-11-11 01:19:00+00:00,33.70786516853933,0.16781689209330025,0.8573556417206948,28.89962837260769,3391.0594604907683,0.8522300687828462,3401.490602452201,0.21432264302930193,6 days 19:58:00
1437,CLOSED,2025-11-04 05:44:00+00:00,105000.0,106000.0,2025-11-10 00:39:00+00:00,33.70786516853933,0.17495970958136497,0.8512842468558398,28.694974613118198,3385.389543991571,0.8476121947043398,3395.663095857195,0.21537792059472594,5 days 18:55:00
1438,CLOSED,2025-11-04 08:13:00+00:00,104000.0,105000.0,2025-11-09 20:05:00+00:00,33.70786516853933,0.18199991146025668,0.8453000752587818,28.493260963779164,3379.4468199591,0.8431338760976274,3389.7778052667295,0.2164679610941036,5 days 11:52:00
1439,CLOSED,2025-11-04 14:37:00+00:00,103000.0,104000.0,2025-11-04 14:45:00+00:00,33.70786516853933,0.18893936909023618,0.8394015362732993,28.294433806965145,3373.2305979508287,0.8387933461813567,3379.6644608019333,0.2175935358857508,0 days 00:08:00
1440,CLOSED,2025-11-04 16:12:00+00:00,103000.0,104000.0,2025-11-05 16:51:00+00:00,33.70786516853933,0.18892718215774015,0.8394118951659209,28.29478298312093,3373.4481914867147,0.8387495932063245,3381.4293255367265,0.2175962211656497,1 days 00:39:00
1441,CLOSED,2025-11-04 17:02:00+00:00,102000.0,103000.0,2025-11-05 13:48:00+00:00,33.70786516853933,0.1957673485019868,0.8335977537733112,28.09880068898802,3366.9577360321505,0.8345456905586685,3374.995510769994,0.2187582541522275,0 days 20:46:00
1442,CLOSED,2025-11-04 17:17:00+00:00,101000.0,102000.0,2025-11-05 03:25:00+00:00,33.70786516853933,0.20251035397722023,0.8278661991193628,27.905602217506612,3360.1922736001916,0.830476352104931,3368.286300852137,0.21995748254021663,0 days 10:08:00
1443,CLOSED,2025-11-04 20:17:00+00:00,100000.0,101000.0,2025-11-04 20:41:00+00:00,33.70786516853933,0.20915790715785917,0.8222157789158198,27.715138615139995,3353.1509875685324,0.8265401324870567,3360.4135270941238,0.22119479843881962,0 days 00:24:00
1444,CLOSED,2025-11-04 21:21:00+00:00,100000.0,101000.0,2025-11-04 22:09:00+00:00,33.70786516853933,0.20914411070503508,0.8222275059007202,27.715533906765852,3353.372182366971,0.8264974002141002,3360.8571998590514,0.22119795326523928,0 days 00:48:00
1445,CLOSED,2025-11-04 21:35:00+00:00,99000.0,100000.0,2025-11-04 21:56:00+00:00,33.70786516853933,0.21569752245221285,0.8166571059156191,27.527767615133232,3346.0542082198945,0.8226934144554116,3353.594719265929,0.22247441281685099,0 days 00:21:00
1446,CLOSED,2025-11-05 01:17:00+00:00,100000.0,101000.0,2025-11-05 01:59:00+00:00,33.70786516853933,0.20911644327591322,0.8222510232154738,27.716326625240693,3353.815854733053,0.8264117001571862,3361.300885919097,0.22120427995930925,0 days 00:42:00
1447,CLOSED,2025-11-05 01:39:00+00:00,99000.0,100000.0,2025-11-05 01:52:00+00:00,33.70786516853933,0.21566916052038804,0.8166812135576702,27.52858023228102,3346.497871874001,0.8226086280719888,3354.0383982267217,0.22248098024088847,0 days 00:13:00
1448,CLOSED,2025-11-06 01:19:00+00:00,103000.0,104000.0,2025-11-06 04:45:00+00:00,33.70786516853933,0.18882839406668572,0.8394958650433171,28.29761342842642,3375.2130558692943,0.8383948793756458,3381.6469463800186,0.21761798822437584,0 days 03:26:00
1449,CLOSED,2025-11-06 07:17:00+00:00,103000.0,104000.0,2025-11-07 22:07:00+00:00,33.70786516853933,0.1888162200778805,0.8395062129338016,28.297962233723652,3375.4306738575187,0.8383511607241543,3382.964540797255,0.21762067065224855,1 days 14:50:00
1450,CLOSED,2025-11-06 15:00:00+00:00,102000.0,103000.0,2025-11-07 19:36:00+00:00,33.70786516853933,0.19565308306496468,0.83369487939478,28.1020745863409,3368.9401843880596,0.8341517821114243,3376.530698497566,0.21878374250232469,1 days 04:36:00
1451,CLOSED,2025-11-06 16:39:00+00:00,101000.0,102000.0,2025-11-06 18:48:00+00:00,33.70786516853933,0.2023928407605832,0.8279660853535042,27.908969169219247,3362.174655781623,0.8300868344607486,3369.160223445295,0.21998402152033236,0 days 02:09:00
1452,CLOSED,2025-11-06 20:31:00+00:00,101000.0,102000.0,2025-11-07 03:01:00+00:00,33.70786516853933,0.20237959924796883,0.8279773406392265,27.909348560872804,3362.3946398031435,0.8300438095662322,3369.38021084002,0.21998701196047676,0 days 06:30:00
1453,CLOSED,2025-11-07 09:26:00+00:00,101000.0,102000.0,2025-11-07 17:23:00+00:00,33.70786516853933,0.2023663592879195,0.8279885946052684,27.909727908042758,3362.614626815104,0.8300007882401147,3369.8214298415014,0.2199900020499861,0 days 07:57:00
1454,CLOSED,2025-11-07 11:15:00+00:00,100000.0,101000.0,2025-11-07 15:10:00+00:00,33.70786516853933,0.2090100155981167,0.8223414867416008,27.719375957582052,3355.573232949602,0.8260697661250649,3362.8359142770546,0.22122861671121896,0 days 03:55:00
1455,CLOSED,2025-11-08 00:34:00+00:00,103000.0,104000.0,2025-11-09 14:30:00+00:00,33.70786516853933,0.1887425447218024,0.839568836986468,28.300073156847237,3376.7482679229156,0.8380865528437806,3383.4009804969633,0.21763690434788074,1 days 13:56:00
1456,CLOSED,2025-11-08 07:21:00+00:00,102000.0,103000.0,2025-11-09 14:09:00+00:00,33.70786516853933,0.1955772139170958,0.8337593681704686,28.104248365296694,3370.257755868629,0.8338901769859819,3376.9671199162653,0.218800666074781,1 days 06:48:00
1457,CLOSED,2025-11-09 14:58:00+00:00,103000.0,104000.0,2025-11-09 15:52:00+00:00,33.70786516853933,0.18871815329970468,0.839589569695251,28.300772012199474,3377.184705493338,0.8379989393581394,3383.618623480674,0.21764227877622488,0 days 00:54:00
1458,CLOSED,2025-11-10 14:52:00+00:00,105000.0,106000.0,2025-11-10 18:00:00+00:00,33.70786516853933,0.17472211506891858,0.8514862021914192,28.701782096339976,3389.993139694545,0.8466619522105034,3395.8785317386464,0.2154290160077892,0 days 03:08:00
1459,CLOSED,2025-11-11 02:02:00+00:00,106000.0,107000.0,2025-11-11 02:35:00+00:00,33.70786516853933,0.16756817076590733,0.8575670548489788,28.906754657830746,3396.092807852779,0.8511768168110633,3401.704985130822,0.21437549230002872,0 days 00:33:00
1460,OPEN,2025-11-11 04:28:00+00:00,106000.0,107000.0,,33.70786516853933,0.1675575938342099,0.8575760452409216,28.907057704750166,3396.307183345079,0.8511320132202861,,-5.028581279227723,50 days 19:31:00
1461,OPEN,2025-11-11 06:08:00+00:00,105000.0,106000.0,,33.70786516853933,0.17469109498750993,0.8515125692606166,28.70267087395337,3390.637189398599,0.8465273419313966,,-4.767220651700896,50 days 17:51:00
1462,CLOSED,2025-11-11 14:49:00+00:00,104000.0,105000.0,2025-11-12 09:20:00+00:00,33.70786516853933,0.18172214743365914,0.8455361746813898,28.501219371282804,3384.6943144274915,0.8420618443974218,3391.071418363647,0.21652842241680403,0 days 18:31:00
1463,CLOSED,2025-11-11 17:40:00+00:00,103000.0,104000.0,2025-11-12 08:36:00+00:00,33.70786516853933,0.1886526164891452,0.8396452759842266,28.3026497522773,3378.477864771811,0.8377337631066267,3384.9120187826643,0.21765671921725982,0 days 14:56:00
1464,OPEN,2025-11-12 14:48:00+00:00,104000.0,105000.0,,33.70786516853933,0.1816988392914921,0.8455559866022317,28.501887188839273,3385.128499569126,0.8419735673983165,,-4.505333928610199,49 days 09:11:00
1465,CLOSED,2025-11-12 15:38:00+00:00,103000.0,104000.0,2025-11-13 07:26:00+00:00,33.70786516853933,0.18862857085227477,0.8396657147755664,28.303338700299992,3378.912042830726,0.8376465069682167,3386.0050972265935,0.21766201745498037,0 days 15:48:00
1466,CLOSED,2025-11-12 15:53:00+00:00,102000.0,103000.0,2025-11-13 05:54:00+00:00,33.70786516853933,0.19545954154493325,0.8338593896868067,28.107619877083376,3372.421269734392,0.8334551833524969,3379.5709822705526,0.21882691438482027,0 days 14:01:00
1467,CLOSED,2025-11-12 19:28:00+00:00,101000.0,102000.0,2025-11-13 00:36:00+00:00,33.70786516853933,0.202193506748062,0.8281355192641473,27.91468042463418,3365.655403021026,0.8293980542267593,3372.641354025617,0.22002903876645163,0 days 05:08:00
1468,CLOSED,2025-11-13 03:15:00+00:00,101000.0,102000.0,2025-11-13 03:25:00+00:00,33.70786516853933,0.2021802892526934,0.8281467541352105,27.915059128153167,3365.8754320597923,0.8293550873054791,3372.8613864314702,0.2200320237825828,0 days 00:10:00
1469,OPEN,2025-11-13 09:08:00+00:00,103000.0,104000.0,,33.70786516853933,0.18857964993069018,0.8397072975589134,28.304740367154384,3379.7885928251144,0.8374707349223542,,-4.242805894994337,48 days 14:51:00
1470,CLOSED,2025-11-13 14:36:00+00:00,102000.0,103000.0,2025-11-13 14:52:00+00:00,33.70786516853933,0.19540916340807793,0.8339022111031338,28.109063295611254,3373.297804732306,0.8332814036216378,3380.0074824943176,0.21883815186505018,0 days 00:16:00
1471,OPEN,2025-11-13 15:33:00+00:00,102000.0,103000.0,,33.70786516853933,0.19539648732412618,0.8339129857744927,28.109426486780656,3373.5166428841712,0.8332381150711811,,-3.9792553535415323,48 days 08:26:00
1472,OPEN,2025-11-13 16:17:00+00:00,101000.0,102000.0,,33.70786516853933,0.20212866367567828,0.8281906358756734,27.91653828794405,3366.7507430752403,0.8291834002075446,,-3.7146763611059974,48 days 07:42:00
1473,OPEN,2025-11-13 17:41:00+00:00,100000.0,101000.0,,33.70786516853933,0.20876556677005348,0.8225492682454545,27.72637982849847,3359.708911186689,0.8252613711913865,,-3.4490031167706263,48 days 06:18:00
1474,CLOSED,2025-11-13 18:25:00+00:00,99000.0,100000.0,2025-11-13 23:14:00+00:00,33.70786516853933,0.21530884702393674,0.8169874800296537,27.538903821224284,3352.390282922111,0.821470696938663,3359.931538477963,0.22256441360971024,0 days 04:49:00
1475,OPEN,2025-11-14 00:15:00+00:00,99000.0,100000.0,,33.70786516853933,0.21529455366843614,0.8169996293818294,27.539313349949307,3352.6128473357207,0.8214283785207842,,-3.1821615989377037,47 days 23:44:00
1476,OPEN,2025-11-14 04:34:00+00:00,98000.0,99000.0,,33.70786516853933,0.22174547119379476,0.8115163494852744,27.35448369051487,3345.016509430181,0.8177682714987456,,-2.913930295737657,47 days 19:25:00
1477,CLOSED,2025-11-14 04:38:00+00:00,97000.0,98000.0,2025-11-14 05:01:00+00:00,33.70786516853933,0.22810592315160935,0.8061099653211321,27.172246022060634,3337.1415080970883,0.8142371534479773,3345.2418288218705,0.2252489554829573,0 days 00:23:00
1478,OPEN,2025-11-14 06:13:00+00:00,97000.0,98000.0,,33.70786516853933,0.22809052759437232,0.8061230515447835,27.17268713072304,3337.3667570525704,0.814195415391531,,-2.6442745331441024,47 days 17:46:00
1479,CLOSED,2025-11-14 06:49:00+00:00,96000.0,97000.0,2025-11-14 06:56:00+00:00,33.70786516853933,0.2343616870800535,0.8007925659819546,26.99300784208836,3329.2120868516704,0.8107926782043732,3337.5934873454544,0.22665606919254344,0 days 00:07:00
1480,CLOSED,2025-11-14 11:42:00+00:00,96000.0,97000.0,2025-11-14 15:46:00+00:00,33.70786516853933,0.23434573258956293,0.8008061272988716,26.993464965130503,3329.4387429208628,0.8107512121232053,3338.048254518801,0.22665990758330423,0 days 04:04:00
1481,CLOSED,2025-11-14 12:39:00+00:00,95000.0,96000.0,2025-11-14 14:36:00+00:00,33.70786516853933,0.24052906609548338,0.7955502938188391,26.816302038837275,3321.0033511973347,0.8074759102296325,3329.6669277405617,0.22810680434080055,0 days 01:57:00
1482,OPEN,2025-11-14 17:48:00+00:00,96000.0,97000.0,,33.70786516853933,0.23431372777080373,0.8008333313948168,26.99438195712866,3329.893509632787,0.8106680252398083,,-2.3730953007338584,47 days 06:11:00
1483,CLOSED,2025-11-14 18:59:00+00:00,95000.0,96000.0,2025-11-15 02:41:00+00:00,33.70786516853933,0.24049640707626843,0.7955780539851718,26.817237774781074,3321.4581074498187,0.8073935273978533,3330.12170243976,0.22811476396683616,0 days 07:42:00
1484,CLOSED,2025-11-16 01:40:00+00:00,95000.0,96000.0,2025-11-16 05:11:00+00:00,33.70786516853933,0.24047989113302,0.795592092536933,26.817710984391002,3321.6862222137856,0.8073523262085229,3330.3498217066904,0.2281187892172909,0 days 03:31:00
1485,CLOSED,2025-11-16 15:53:00+00:00,95000.0,96000.0,2025-11-17 08:25:00+00:00,33.70786516853933,0.24046337716668464,0.7956061294083181,26.81818413735904,3321.914341003003,0.8073111279943987,3331.0371787075037,0.22812281398593015,0 days 16:32:00
1486,CLOSED,2025-11-16 17:44:00+00:00,94000.0,95000.0,2025-11-16 18:11:00+00:00,33.70786516853933,0.24655933832373864,0.7904245624248222,26.643524576117603,3313.1971006394,0.8041635848038072,3322.144037603349,0.2296147451222339,0 days 00:27:00
1487,CLOSED,2025-11-16 18:47:00+00:00,94000.0,95000.0,2025-11-17 00:35:00+00:00,33.70786516853933,0.2465422521876959,0.7904390856404585,26.644014122712086,3313.426715384522,0.8041226322888525,3322.3736570616584,0.2296189640504096,0 days 05:48:00
1488,CLOSED,2025-11-17 13:09:00+00:00,95000.0,96000.0,2025-11-17 14:36:00+00:00,33.70786516853933,0.24041363179064418,0.7956484129779524,26.819609426223117,3322.601697526161,0.8071870139051461,3331.494942351787,0.22813493788308037,0 days 01:27:00
1489,CLOSED,2025-11-17 13:42:00+00:00,94000.0,95000.0,2025-11-17 14:36:00+00:00,33.70786516853933,0.24650862404864823,0.790467669558649,26.64497762557244,3313.8844407492315,0.8040406387721931,3322.8314066906833,0.22962726754881047,0 days 00:54:00
1490,OPEN,2025-11-17 14:53:00+00:00,95000.0,96000.0,,33.70786516853933,0.24038051403405933,0.7956765630710496,26.82055830576572,3323.0594597315926,0.8071043756746996,,-2.1003117719586157,44 days 09:06:00
1491,OPEN,2025-11-17 15:19:00+00:00,94000.0,95000.0,,33.70786516853933,0.24647486118445083,0.7904963679932168,26.645944988535398,3314.3421920275664,0.8039587780836414,,-1.8253686181674702,44 days 08:40:00
1492,CLOSED,2025-11-17 17:44:00+00:00,93000.0,94000.0,2025-12-03 22:49:00+00:00,33.70786516853933,0.2524845299059866,0.7853881495799114,26.47375785100825,3305.3419149044785,0.8009385574192049,3327.3453868455144,0.23117397750813495,16 days 05:05:00
1493,CLOSED,2025-11-17 19:33:00+00:00,92000.0,93000.0,2025-11-18 15:27:00+00:00,33.70786516853933,0.25841084114004864,0.7803507850309587,26.303959045987373,3296.0574305696773,0.7980431045293135,3306.0452345192025,0.2327594449089645,0 days 19:54:00
1494,CLOSED,2025-11-18 02:16:00+00:00,91000.0,92000.0,2025-11-18 14:32:00+00:00,33.70786516853933,0.26425507284556493,0.7753831880812698,26.136511957795612,3286.4874893479537,0.7952719139357245,3296.5279945591737,0.23439338809517807,0 days 12:16:00
1495,CLOSED,2025-11-18 03:30:00+00:00,90000.0,91000.0,2025-11-18 08:17:00+00:00,33.70786516853933,0.2700184607384781,0.7704843083722936,25.971381181088553,3276.6307883706168,0.7926245847797654,3286.723663785925,0.23607725779797661,0 days 04:47:00
1496,CLOSED,2025-11-19 00:19:00+00:00,92000.0,93000.0,2025-11-20 05:04:00+00:00,33.70786516853933,0.2583557196744695,0.780397638276701,26.305538368877563,3296.7606606604795,0.7979207797149418,3307.456867397654,0.23277342007972024,1 days 04:45:00
1497,CLOSED,2025-11-19 05:08:00+00:00,91000.0,92000.0,2025-11-19 07:47:00+00:00,33.70786516853933,0.26419901690226505,0.7754308356330747,26.138118055047464,3287.1907007100463,0.7951506448774489,3296.9951618385285,0.23440779164593195,0 days 02:39:00
1498,CLOSED,2025-11-19 15:30:00+00:00,91000.0,92000.0,2025-11-20 00:30:00+00:00,33.70786516853933,0.26418017835657565,0.7754468483969107,26.13865781113182,3287.425108501692,0.7951103659680029,3297.9396124555024,0.23441263220222197,0 days 09:00:00
1499,CLOSED,2025-11-19 15:53:00+00:00,90000.0,91000.0,2025-11-19 15:56:00+00:00,33.70786516853933,0.26994233744008034,0.7705490131759317,25.97356224188534,3277.56836467189,0.7924643928666151,3287.6613028225242,0.23609708342251068,0 days 00:03:00
1500,CLOSED,2025-11-19 16:05:00+00:00,90000.0,91000.0,2025-11-19 23:05:00+00:00,33.70786516853933,0.2699228937547399,0.7705655403084711,25.9741193362406,3277.8044617553123,0.7924243083838832,3288.1352437414535,0.23610214735449375,0 days 07:00:00
1501,CLOSED,2025-11-19 17:36:00+00:00,89000.0,90000.0,2025-11-19 21:20:00+00:00,33.70786516853933,0.27560511539802424,0.7657356519116794,25.81131410938245,3267.659569739353,0.7899021779506028,3278.042401072376,0.23783820885352114,0 days 03:44:00
1502,CLOSED,2025-11-20 06:42:00+00:00,92000.0,93000.0,2025-11-28 14:30:00+00:00,33.70786516853933,0.2582451423656159,0.7804916289892265,26.308706595142468,3298.172291944038,0.7976753264043509,3314.5385954033404,0.23280145519738227,8 days 07:48:00
1503,CLOSED,2025-11-20 14:05:00+00:00,91000.0,92000.0,2025-11-28 11:02:00+00:00,33.70786516853933,0.2640865645645323,0.7755264201201476,26.141340004049923,3288.602294422574,0.7949073090530069,3305.02130876734,0.23443668622620706,7 days 20:57:00
1504,CLOSED,2025-11-20 15:58:00+00:00,90000.0,91000.0,2025-11-27 01:58:00+00:00,33.70786516853933,0.2698471766405277,0.7706298998555514,25.976288759175894,3278.745484062601,0.7922630434549438,3295.2168783966476,0.23612186719203265,6 days 10:00:00
1505,CLOSED,2025-11-20 16:07:00+00:00,89000.0,90000.0,2025-11-26 18:07:00+00:00,33.70786516853933,0.27552817112568134,0.7658010545431708,25.813518692466435,3268.600501948646,0.7897422360755668,3285.1239500261217,0.23785852297196186,6 days 02:00:00
1506,CLOSED,2025-11-20 16:47:00+00:00,88000.0,89000.0,2025-11-24 20:46:00+00:00,33.70786516853933,0.28113069963283455,0.7610389053120906,25.652996808272718,3258.165933108424,0.7873447005137245,3273.7764818839614,0.2396482556035906,4 days 03:59:00
1507,CLOSED,2025-11-20 17:11:00+00:00,87000.0,88000.0,2025-11-20 22:26:00+00:00,33.70786516853933,0.2866558734098034,0.7563425076016671,25.494691267471925,3247.440304974046,0.7850703592125209,3258.4075348062815,0.24149274870377724,0 days 05:15:00
1508,CLOSED,2025-11-20 23:36:00+00:00,87000.0,88000.0,2025-11-23 21:58:00+00:00,33.70786516853933,0.28663455810888616,0.7563606256074468,25.49530198676787,3247.68179772275,0.7850307873340604,3262.132087863062,0.24149853360542295,2 days 22:22:00
1509,CLOSED,2025-11-21 02:44:00+00:00,86000.0,87000.0,2025-11-23 14:00:00+00:00,33.70786516853933,0.29208315643961624,0.7517293170263262,25.339190461561557,3236.663570884518,0.7828799597678557,3251.164964525196,0.2433997189630226,2 days 11:16:00
1510,CLOSED,2025-11-21 07:32:00+00:00,85000.0,86000.0,2025-11-23 01:53:00+00:00,33.70786516853933,0.2974565060417922,0.7471619698644767,25.185234939252027,3225.351153050008,0.780852494632591,3239.9033419314364,0.2453592995282996,1 days 18:21:00
1511,CLOSED,2025-11-21 07:33:00+00:00,84000.0,85000.0,2025-11-21 14:36:00+00:00,33.70786516853933,0.30275559960792175,0.7426577403332666,25.033406977525843,3213.7428885862637,0.7789486541201845,3227.1062956047226,0.24737923370166115,0 days 07:03:00
1512,CLOSED,2025-11-21 07:34:00+00:00,83000.0,84000.0,2025-11-21 07:37:00+00:00,33.70786516853933,0.30798139105971495,0.7382158175992424,24.883679244918284,3201.8370572174986,0.7771688190323781,3214.244083577766,0.2494615826605866,0 days 00:03:00
1513,CLOSED,2025-11-21 07:34:00+00:00,82000.0,83000.0,2025-11-21 07:35:00+00:00,33.70786516853933,0.31313479578448666,0.7338354235831863,24.73602551403999,3189.6318720154336,0.7755134920447742,3202.0887947016236,0.2516085166930111,0 days 00:01:00
1514,CLOSED,2025-11-21 09:31:00+00:00,83000.0,84000.0,2025-11-21 13:17:00+00:00,33.70786516853933,0.30793320118716505,0.7382567789909097,24.88505996598572,3202.3381273168516,0.7770903313959606,3215.25065733802,0.2494754245390034,0 days 03:46:00
1515,CLOSED,2025-11-21 10:03:00+00:00,82000.0,83000.0,2025-11-21 11:07:00+00:00,33.70786516853933,0.3130860410369744,0.7338768651185718,24.73742241972714,3190.1329241155067,0.7754354758300804,3202.58987904175,0.25162272565992083,0 days 01:04:00
1516,CLOSED,2025-11-21 12:08:00+00:00,82000.0,83000.0,2025-11-21 12:44:00+00:00,33.70786516853933,0.31306134822585546,0.7338978540080229,24.738129910382796,3190.384546841167,0.7753964936570508,3203.095353971249,0.25162992207367907,0 days 00:36:00
1517,CLOSED,2025-11-21 12:23:00+00:00,81000.0,82000.0,2025-11-21 12:36:00+00:00,33.70786516853933,0.31814240324135323,0.7295789572448498,24.592549120612915,3177.878107743287,0.7738669730815092,3190.6385242679567,0.2538442920229649,0 days 00:13:00
1518,CLOSED,2025-11-21 15:17:00+00:00,84000.0,85000.0,2025-11-21 17:04:00+00:00,33.70786516853933,0.30259035532503575,0.7427981979737196,25.038141504732124,3215.497910283614,0.77867074410643,3227.603236035757,0.24742602013042259,0 days 01:47:00
1519,CLOSED,2025-11-21 15:39:00+00:00,83000.0,84000.0,2025-11-21 16:51:00+00:00,33.70786516853933,0.30781413451287454,0.7383579856640566,24.888471426878315,3203.592017873266,0.7768926657334088,3215.7475449111093,0.249509624804368,0 days 01:12:00
1520,CLOSED,2025-11-21 18:06:00+00:00,84000.0,85000.0,2025-11-21 18:48:00+00:00,33.70786516853933,0.30254359905191397,0.7428379408058732,25.039481150759773,3215.994845928549,0.7785920796004935,3227.85067664846,0.2474392584646239,0 days 00:42:00
1521,CLOSED,2025-11-21 20:07:00+00:00,84000.0,85000.0,2025-11-21 21:29:00+00:00,33.70786516853933,0.30252032308040294,0.7428577253816575,25.040148046572728,3216.2422851870133,0.7785529144337063,3228.098123171326,0.24744584870523312,0 days 01:22:00
1522,CLOSED,2025-11-22 04:17:00+00:00,84000.0,85000.0,2025-11-22 22:51:00+00:00,33.70786516853933,0.3024970500702724,0.7428775074402685,25.040814857537143,3216.4897310357187,0.7785137510597284,3228.345576283508,0.2474524381073664,0 days 18:34:00
1523,CLOSED,2025-11-23 23:18:00+00:00,87000.0,88000.0,2025-11-24 02:18:00+00:00,33.70786516853933,0.2863062123631624,0.7566397194913119,25.50470964577456,3251.4063501624096,0.7844208597458322,3262.6171763395687,0.2415876455467476,0 days 03:00:00
1524,CLOSED,2025-11-24 00:21:00+00:00,86000.0,87000.0,2025-11-24 00:41:00+00:00,33.70786516853933,0.291750309106176,0.7520122372597504,25.348727098643273,3240.3880058906407,0.7822744391277309,3251.6499546137056,0.24349132468299217,0 days 00:20:00
1525,CLOSED,2025-11-24 04:16:00+00:00,87000.0,88000.0,2025-11-24 17:41:00+00:00,33.70786516853933,0.2862635045650424,0.756676021119714,25.505933296170138,3251.891429132639,0.7843414779371404,3263.102280052231,0.24159923630085345,0 days 13:25:00
1526,CLOSED,2025-11-24 09:21:00+00:00,86000.0,87000.0,2025-11-24 16:02:00+00:00,33.70786516853933,0.29170701549230094,0.7520490368315442,25.34996753364756,3240.8730695863383,0.7821956302930188,3252.1350455290894,0.24350323988335276,0 days 06:41:00
1527,CLOSED,2025-11-25 00:14:00+00:00,88000.0,89000.0,2025-11-26 17:34:00+00:00,33.70786516853933,0.2806848078400784,0.7614179133359333,25.665772359638204,3263.341807998804,0.7864874067659299,3274.741126176027,0.23976760378820927,1 days 17:20:00
1528,CLOSED,2025-11-25 08:59:00+00:00,87000.0,88000.0,2025-11-25 17:37:00+00:00,33.70786516853933,0.2862036122308677,0.7567269296037624,25.507649312486375,3252.616022057332,0.7842195063760515,3263.5835327571685,0.2416154908807826,0 days 08:38:00
1529,CLOSED,2025-11-25 19:04:00+00:00,87000.0,88000.0,2025-11-26 01:39:00+00:00,33.70786516853933,0.28618235362260197,0.7567449994207883,25.508258407442305,3252.8576375482126,0.784179981103284,3263.825154633045,0.24162126039623288,0 days 06:35:00
1530,CLOSED,2025-11-26 04:08:00+00:00,87000.0,88000.0,2025-11-26 17:25:00+00:00,33.70786516853933,0.2861610976646725,0.7567630669850284,25.50886742646163,3253.099258808609,0.7841404579767974,3264.066782277641,0.24162702919238654,0 days 13:17:00
1531,CLOSED,2025-11-28 14:41:00+00:00,92000.0,93000.0,2025-12-03 02:26:00+00:00,33.70786516853933,0.2576918351094988,0.7809619401569261,26.324559780570546,3305.254016750264,0.7964458903056696,3317.6479494759465,0.23294173745047786,4 days 11:45:00
1532,CLOSED,2025-11-28 16:30:00+00:00,91000.0,92000.0,2025-11-30 13:24:00+00:00,33.70786516853933,0.26352386691659807,0.7760047131208916,26.157462240030057,3295.6838312306986,0.7936884598017444,3305.488691923604,0.234581271147146,1 days 20:54:00
1533,CLOSED,2025-11-30 21:12:00+00:00,91000.0,92000.0,2025-12-02 18:18:00+00:00,33.70786516853933,0.26350511106285956,0.7760206555965694,26.157999626850657,3295.918412501846,0.7936482750188831,3307.6612413248313,0.2345860904557746,1 days 21:06:00
1534,CLOSED,2025-12-01 00:04:00+00:00,90000.0,91000.0,2025-12-02 15:51:00+00:00,33.70786516853933,0.2692561406692139,0.7711322804311682,25.993222935882077,3286.06123044763,0.7910145646416107,3297.856473024729,0.23627579716487546,1 days 15:47:00
1535,CLOSED,2025-12-01 00:08:00+00:00,89000.0,90000.0,2025-12-02 15:03:00+00:00,33.70786516853933,0.2749276634277308,0.7663114860864289,25.830724250104346,3275.915688395516,0.7885039392682224,3287.763019031701,0.23801706348615426,1 days 14:55:00
1536,CLOSED,2025-12-01 00:33:00+00:00,88000.0,89000.0,2025-12-02 14:47:00+00:00,33.70786516853933,0.2805208254644902,0.7615572983551834,25.6704707310736,3265.4803662182026,0.7861162172842252,3277.3794637970823,0.2398114956004278,1 days 14:14:00
1537,CLOSED,2025-12-01 00:56:00+00:00,87000.0,88000.0,2025-12-02 14:08:00+00:00,33.70786516853933,0.2860367326294461,0.7568687772649708,25.51243069432486,3254.7537861096307,0.7838513255043962,3266.704334030589,0.2416607814485623,1 days 13:12:00
1538,CLOSED,2025-12-01 04:13:00+00:00,86000.0,87000.0,2025-12-02 01:06:00+00:00,33.70786516853933,0.2914764509820946,0.7522450166652196,25.35657359545684,3243.734410957606,0.7817093011622719,3255.7360970753157,0.24356669548546606,0 days 20:53:00
1539,CLOSED,2025-12-01 12:48:00+00:00,85000.0,86000.0,2025-12-01 13:03:00+00:00,33.70786516853933,0.29684100721490525,0.7476851438673305,25.202870017999906,3232.4206426275427,0.7796902941912044,3243.980059362793,0.2455311037850052,0 days 00:15:00
1540,CLOSED,2025-12-01 15:25:00+00:00,85000.0,86000.0,2025-12-01 21:21:00+00:00,33.70786516853933,0.2968184612122458,0.7477043079695911,25.203515998974982,3232.666173731328,0.7796510571917064,3244.473159846771,0.2455373970532655,0 days 05:56:00
1541,CLOSED,2025-12-01 15:42:00+00:00,84000.0,85000.0,2025-12-01 16:37:00+00:00,33.70786516853933,0.3021085572423157,0.7432077263440316,25.051945831821293,3221.0563430178845,0.7777555920785144,3232.9138574824256,0.2475624339977074,0 days 00:55:00
1542,CLOSED,2025-12-02 20:29:00+00:00,91000.0,92000.0,2025-12-02 22:53:00+00:00,33.70786516853933,0.26333153254881925,0.7761681973335036,26.162972943825967,3298.090961360324,0.7932762695251693,3307.8958770391528,0.23463069138102455,0 days 02:24:00
1543,CLOSED,2025-12-03 00:35:00+00:00,91000.0,92000.0,2025-12-03 01:26:00+00:00,33.70786516853933,0.2633128001169171,0.7761841199006205,26.16350965957148,3298.325592051705,0.7932361111534965,3308.1305130858955,0.23463550467141658,0 days 00:51:00
1544,CLOSED,2025-12-03 14:03:00+00:00,92000.0,93000.0,2025-12-03 14:41:00+00:00,33.70786516853933,0.2574496455597029,0.7811678012742526,26.33149891935683,3308.3633548133926,0.7959071025571208,3317.8809596242545,0.23300314075821404,0 days 00:38:00
1545,CLOSED,2025-12-03 15:21:00+00:00,92000.0,93000.0,2025-12-03 17:53:00+00:00,33.70786516853933,0.2574315150386261,0.7811832122171678,26.332018389342736,3308.596357954151,0.7958667525592324,3318.1139678863087,0.23300773746342784,0 days 02:32:00
1546,CLOSED,2025-12-04 00:12:00+00:00,93000.0,94000.0,2025-12-04 02:21:00+00:00,33.70786516853933,0.25149515602697736,0.7862291173770692,26.502105080125933,3318.3450240039233,0.7986542956931112,3327.5768369798993,0.2314215109993505,0 days 02:09:00
1547,CLOSED,2025-12-04 05:21:00+00:00,93000.0,94000.0,2025-12-09 16:41:00+00:00,33.70786516853933,0.25147761796812224,0.7862440247270961,26.502607575070655,3318.5764455149224,0.7986137432780583,3331.1145619449035,0.23142589888247045,5 days 11:20:00
1548,CLOSED,2025-12-04 14:54:00+00:00,92000.0,93000.0,2025-12-04 15:39:00+00:00,33.70786516853933,0.2573860454845057,0.7812218613381702,26.333321168702366,3309.2916224285227,0.7957389125282851,3318.8095551062606,0.23301926554557184,0 days 00:45:00
1549,CLOSED,2025-12-04 17:31:00+00:00,92000.0,93000.0,2025-12-09 16:01:00+00:00,33.70786516853933,0.25736792327247415,0.781237265218397,26.333840400620126,3309.524641694068,0.7956985746188749,3321.8828349237974,0.23302386014415433,4 days 22:30:00
1550,CLOSED,2025-12-04 19:21:00+00:00,91000.0,92000.0,2025-12-04 19:45:00+00:00,33.70786516853933,0.26319418678048834,0.7762849412365849,26.166908131570278,3299.95403621658,0.7929476545549349,3309.7594018381014,0.23466598231768288,0 days 00:24:00
1551,CLOSED,2025-12-05 09:44:00+00:00,91000.0,92000.0,2025-12-08 09:02:00+00:00,33.70786516853933,0.26317547187417406,0.7763008489069521,26.16744434517816,3300.1887021988973,0.7929075185228935,3311.6574707998534,0.23467079110489308,2 days 23:18:00
1552,CLOSED,2025-12-05 14:41:00+00:00,90000.0,91000.0,2025-12-05 15:03:00+00:00,33.70786516853933,0.2689208041514139,0.7714173164712982,26.00283089229095,3290.3309963383344,0.7902800940461117,3300.4251633465647,0.23636313252783836,0 days 00:22:00
1553,CLOSED,2025-12-05 16:05:00+00:00,90000.0,91000.0,2025-12-07 17:35:00+00:00,33.70786516853933,0.2689014874328279,0.7714337356820963,26.003384348834707,3290.5673594708624,0.7902401473105284,3301.377676846675,0.23636816339247346,2 days 01:30:00
1554,CLOSED,2025-12-05 16:17:00+00:00,89000.0,90000.0,2025-12-06 14:15:00+00:00,33.70786516853933,0.27456707934469016,0.7666179825570134,25.841055591809443,3280.4211801040233,0.7877359086856651,3290.8055736212164,0.23811226157626209,0 days 21:58:00
1555,CLOSED,2025-12-06 23:21:00+00:00,89000.0,90000.0,2025-12-07 17:16:00+00:00,33.70786516853933,0.2745471510978377,0.766634921566838,25.841626569668698,3280.6592923655994,0.7876961386939685,3291.283606714127,0.23811752284852972,0 days 17:55:00
1556,CLOSED,2025-12-07 14:25:00+00:00,88000.0,89000.0,2025-12-07 15:09:00+00:00,33.70786516853933,0.2801341522100243,0.7618859706214793,25.68154957151054,3270.223209757179,0.7853148829378362,3280.899313144253,0.23991499324651855,0 days 00:44:00
1557,CLOSED,2025-12-07 21:54:00+00:00,90000.0,91000.0,2025-12-08 01:26:00+00:00,33.70786516853933,0.26882367166486065,0.7714998790848684,26.00561390173714,3291.5198724119264,0.7900792007882064,3301.8522006542375,0.2363884298053982,0 days 03:32:00
1558,CLOSED,2025-12-07 22:07:00+00:00,89000.0,90000.0,2025-12-07 22:34:00+00:00,33.70786516853933,0.27448805185797714,0.7666851559207194,25.843319862496163,3281.373666067497,0.7875762559363628,3291.758107484259,0.2381331256857777,0 days 00:27:00
1559,CLOSED,2025-12-08 14:36:00+00:00,91000.0,92000.0,2025-12-09 15:44:00+00:00,33.70786516853933,0.2630241963060766,0.7764294331398349,26.171778645162977,3302.0867706190857,0.7925830077522831,3312.364996207937,0.2347096612976749,1 days 01:08:00
1560,CLOSED,2025-12-08 15:23:00+00:00,90000.0,91000.0,2025-12-08 21:28:00+00:00,33.70786516853933,0.26876706826642877,0.7715479919735355,26.0072356845012,3292.229012842182,0.7899582800301351,3302.3232719208536,0.23640317164855063,0 days 06:05:00
1561,CLOSED,2025-12-09 01:49:00+00:00,90000.0,91000.0,2025-12-09 15:02:00+00:00,33.70786516853933,0.26874777045176873,0.7715643951159966,26.00778859941562,3292.4654160138302,0.7899183533688595,3302.559680676943,0.236408197589828,0 days 13:13:00
1562,CLOSED,2025-12-09 20:23:00+00:00,93000.0,94000.0,2025-12-10 20:13:00+00:00,33.70786516853933,0.2512098190683524,0.7864716537919005,26.510280464895526,3322.1141699725367,0.7979942623439302,3332.0453414593358,0.23149290004149137,0 days 23:50:00
1563,CLOSED,2025-12-10 01:32:00+00:00,92000.0,93000.0,2025-12-10 10:01:00+00:00,33.70786516853933,0.2571134824111226,0.7814535399505458,26.341130560130757,3312.8292567915596,0.7951249073923559,3322.3473488813984,0.23308836957705026,0 days 08:29:00
1564,CLOSED,2025-12-10 11:42:00+00:00,92000.0,93000.0,2025-12-10 18:38:00+00:00,33.70786516853933,0.25709539335750153,0.7814689156461236,26.34164884200417,3313.062345161137,0.7950846104806094,3322.5804423605587,0.23309295576884637,0 days 06:56:00
1565,CLOSED,2025-12-10 19:03:00+00:00,92000.0,93000.0,2025-12-10 19:13:00+00:00,33.70786516853933,0.25707730649314803,0.7814842894808242,26.34216706115138,3313.2954381169056,0.7950443162449411,3322.8135404252926,0.23309754140558425,0 days 00:10:00
1566,OPEN,2025-12-10 20:51:00+00:00,93000.0,94000.0,,33.70786516853933,0.25113945618995936,0.7865314622385345,26.512296479950603,3323.04494173933,0.7978314150055907,,-1.5506638026887103,21 days 03:08:00
1567,CLOSED,2025-12-10 21:06:00+00:00,92000.0,93000.0,2025-12-11 21:17:00+00:00,33.70786516853933,0.2570418672246171,0.7815144128590755,26.343182455923895,3313.760004886434,0.7949634981736314,3323.749336084933,0.23310652646837582,1 days 00:11:00
1568,CLOSED,2025-12-11 01:12:00+00:00,91000.0,92000.0,2025-12-11 21:07:00+00:00,33.70786516853933,0.26286249751333707,0.7765668771136636,26.176411588101022,3304.1891845467635,0.7922189113905609,3314.231296528117,0.23475120973358798,0 days 19:55:00
1569,CLOSED,2025-12-11 02:18:00+00:00,90000.0,91000.0,2025-12-11 18:44:00+00:00,33.70786516853933,0.268602568953012,0.7716878163899399,26.011948867076626,3294.3311657562413,0.7895972674958853,3304.4257288187328,0.2364460140068374,0 days 16:26:00
1570,OPEN,2025-12-12 00:54:00+00:00,92000.0,93000.0,,33.70786516853933,0.2569872473723003,0.7815608397335447,26.344747406748702,3314.464308636643,0.7948417890064785,,-1.2712566857205658,19 days 23:05:00
1571,OPEN,2025-12-12 15:28:00+00:00,91000.0,92000.0,,33.70786516853933,0.2628069484393215,0.7766140938265768,26.1780031626936,3304.8934697386967,0.7920982446905733,,-0.989421569461733,19 days 08:31:00
1572,OPEN,2025-12-12 15:58:00+00:00,90000.0,91000.0,,33.70786516853933,0.26854610181580946,0.771735813456562,26.01356674572681,3295.035414890934,0.7894776070741522,,-0.7050914313597723,19 days 08:01:00
1573,CLOSED,2025-12-14 11:44:00+00:00,89000.0,90000.0,2025-12-15 02:21:00+00:00,33.70786516853933,0.2742058875531408,0.7669249955798303,25.85140434538754,3284.888773888711,0.7869795942827061,3295.5137324655007,0.2382076201079677,0 days 14:37:00
1574,CLOSED,2025-12-14 23:11:00+00:00,88000.0,89000.0,2025-12-15 01:34:00+00:00,33.70786516853933,0.2797874449994694,0.762180671750451,25.691483317430936,3274.4521202967417,0.7846040306462838,3285.128887726436,0.24000779351072055,0 days 02:23:00
1575,CLOSED,2025-12-15 14:46:00+00:00,89000.0,90000.0,2025-12-17 15:06:00+00:00,33.70786516853933,0.2741659743615979,0.7669589217926418,25.85254792559467,3285.36698930233,0.786899850451247,3296.7195164000495,0.23821815762136112,2 days 00:20:00
1576,CLOSED,2025-12-15 14:56:00+00:00,88000.0,89000.0,2025-12-17 14:54:00+00:00,33.70786516853933,0.2797469356926968,0.7622151046612077,25.69264397734408,3274.9303217304137,0.7845249044495258,3286.3346599972933,0.2400186363033079,1 days 23:58:00
1577,CLOSED,2025-12-15 15:21:00+00:00,87000.0,88000.0,2025-12-16 15:55:00+00:00,33.70786516853933,0.2852507741239741,0.757536841994622,25.5349497301558,3264.20214416093,0.7822723165546972,3275.4160920937147,0.24187408796809606,1 days 00:34:00
1578,CLOSED,2025-12-15 17:32:00+00:00,86000.0,87000.0,2025-12-16 10:42:00+00:00,33.70786516853933,0.29067854881387134,0.7529232335082093,25.379434837355372,3253.1809126215508,0.7801421291662366,3264.4460443740663,0.24378629286611897,0 days 17:10:00
1579,CLOSED,2025-12-17 04:21:00+00:00,87000.0,88000.0,2025-12-17 14:52:00+00:00,33.70786516853933,0.28520833974498033,0.7575729112167667,25.53616554663259,3264.687804541764,0.782193185857074,3275.6579789267935,0.24188560451716512,0 days 10:31:00
1580,CLOSED,2025-12-17 15:42:00+00:00,89000.0,90000.0,2025-12-22 11:35:00+00:00,33.70786516853933,0.2740653879351062,0.7670444202551597,25.85542989624134,3286.5727720816058,0.7866988406851972,3299.857477981349,0.23824471352368803,4 days 19:53:00
1581,CLOSED,2025-12-17 15:50:00+00:00,88000.0,89000.0,2025-12-18 13:47:00+00:00,33.70786516853933,0.2796448466965951,0.7623018803078941,25.695568999142502,3276.136069278408,0.7843254509511912,3287.2986415920195,0.24004596162427205,0 days 21:57:00
1582,CLOSED,2025-12-17 16:14:00+00:00,87000.0,88000.0,2025-12-18 13:30:00+00:00,33.70786516853933,0.2851471982080027,0.7576248815231977,25.537917354714534,3265.4078232289467,0.7820743606065649,3276.621896736735,0.24190219812657432,0 days 21:16:00
1583,CLOSED,2025-12-17 18:43:00+00:00,86000.0,87000.0,2025-12-18 08:23:00+00:00,33.70786516853933,0.2905735007770237,0.7530125243395298,25.38244464065831,3254.38648909047,0.7799456126599195,3265.65175242737,0.24381520402171475,0 days 13:40:00
1584,CLOSED,2025-12-18 14:36:00+00:00,88000.0,89000.0,2025-12-18 15:36:00+00:00,33.70786516853933,0.27958291061415835,0.7623545259779654,25.69734357229097,3276.861832642181,0.7842058922444963,3287.538705924509,0.24006253954546963,0 days 01:00:00
1585,CLOSED,2025-12-18 16:27:00+00:00,88000.0,89000.0,2025-12-19 15:16:00+00:00,33.70786516853933,0.279562429901113,0.762371934584054,25.697930379237775,3277.1018951817264,0.784166351892233,3288.5103487954593,0.24006802144928585,0 days 22:49:00
1586,CLOSED,2025-12-18 17:08:00+00:00,87000.0,88000.0,2025-12-19 07:07:00+00:00,33.70786516853933,0.2850636002938988,0.757695939750186,25.54031257584897,3266.373619963854,0.7819164476393121,3277.833579553474,0.241924886321911,0 days 13:59:00
1587,CLOSED,2025-12-18 17:17:00+00:00,86000.0,87000.0,2025-12-19 03:27:00+00:00,33.70786516853933,0.2904887333801959,0.7530845766268335,25.384873369443827,3255.3522291193794,0.7797888395109493,3266.8633833878444,0.24383853357143437,0 days 10:10:00
1588,CLOSED,2025-12-18 19:40:00+00:00,85000.0,86000.0,2025-12-19 03:03:00+00:00,33.70786516853933,0.2958388475449807,0.7485369795867665,25.2315835815764,3244.036115940901,0.7777836830357922,3255.5981579800514,0.24581083672627457,0 days 07:23:00
1589,CLOSED,2025-12-19 15:30:00+00:00,88000.0,89000.0,2025-12-21 09:53:00+00:00,33.70786516853933,0.27947956578194444,0.7624423690853472,25.700304575910582,3278.073537459795,0.7840063464783024,3288.9923890929713,0.2400902010057493,1 days 18:23:00
1590,CLOSED,2025-12-19 17:33:00+00:00,87000.0,88000.0,2025-12-19 19:37:00+00:00,33.70786516853933,0.28497954838126727,0.7577673838759228,25.54272080480639,3267.3452329151974,0.7817576345312188,3278.315595331931,0.24194769773093228,0 days 02:04:00
1591,CLOSED,2025-12-21 13:30:00+00:00,88000.0,89000.0,2025-12-22 00:10:00+00:00,33.70786516853933,0.2794384745942147,0.7624772965949175,25.70148190769385,3278.5555753585318,0.7839269860442498,3289.2324914820365,0.24010119954561304,0 days 10:40:00
1592,CLOSED,2025-12-22 02:05:00+00:00,88000.0,89000.0,2025-12-22 04:21:00+00:00,33.70786516853933,0.27941801174151887,0.7624946900197089,25.70206820291154,3278.795676558077,0.7838874616881385,3289.47259875107,0.2401066766689013,0 days 02:16:00
1593,CLOSED,2025-12-22 19:01:00+00:00,89000.0,90000.0,2025-12-29 03:40:00+00:00,33.70786516853933,0.2738039649923104,0.7672666297565361,25.862920104152906,3289.710730751467,0.7861761176261552,3301.5439961123084,0.2383137320024069,6 days 08:39:00
1594,CLOSED,2025-12-22 19:57:00+00:00,88000.0,89000.0,2025-12-26 02:20:00+00:00,33.70786516853933,0.27937951670588473,0.762527410799998,25.70317115056173,3279.2739363825813,0.7838067709254964,3290.6768970096437,0.24011698031811335,3 days 06:23:00
1595,CLOSED,2025-12-23 14:54:00+00:00,87000.0,88000.0,2025-12-23 16:03:00+00:00,33.70786516853933,0.284878001880414,0.7578536984016481,25.54563028320162,3268.5455123537927,0.7815595709666386,3279.5160218875035,0.2419752571129088,0 days 01:09:00
1596,CLOSED,2025-12-24 02:44:00+00:00,87000.0,88000.0,2025-12-24 22:37:00+00:00,33.70786516853933,0.2848569135019214,0.7578716235233669,25.54623450078765,3268.7874876109054,0.7815201996951753,3279.7580034784833,0.2419809804285613,0 days 19:53:00
1597,CLOSED,2025-12-25 23:45:00+00:00,87000.0,88000.0,2025-12-26 02:14:00+00:00,33.70786516853933,0.2848358277466924,0.7578895464153115,25.546838643212748,3269.029468591334,0.7814808305849014,3279.999990791991,0.24198670303227487,0 days 02:29:00
1598,CLOSED,2025-12-26 14:49:00+00:00,88000.0,89000.0,2025-12-29 02:06:00+00:00,33.70786516853933,0.2792972369476622,0.7625973485944871,25.705528604308558,3280.2399963034736,0.7836478011754111,3291.159036302774,0.2401390034634936,2 days 11:17:00
1599,CLOSED,2025-12-26 15:01:00+00:00,87000.0,88000.0,2025-12-28 10:36:00+00:00,33.70786516853933,0.28479454213821664,0.7579246391825158,25.548021545478065,3269.511543154773,0.7814017845866547,3280.4821045179665,0.24199790780885166,1 days 19:35:00
1600,OPEN,2025-12-29 09:32:00+00:00,89000.0,90000.0,,33.70786516853933,0.27366366795563746,0.7673858822377082,25.86693985070927,3291.3972413156334,0.7858954101927169,,-0.4183550919792509,2 days 14:27:00
1601,CLOSED,2025-12-29 09:45:00+00:00,88000.0,89000.0,2025-12-30 14:57:00+00:00,33.70786516853933,0.2792371217621423,0.762648446502179,25.70725100569143,3280.9603978064756,0.7835282322480427,3292.1215374997637,0.24015509400020107,1 days 05:12:00
1602,CLOSED,2025-12-29 12:11:00+00:00,87000.0,88000.0,2025-12-29 14:32:00+00:00,33.70786516853933,0.28473353090023257,0.7579764987348023,25.549769620274237,3270.2318782616776,0.7812831190996602,3281.2025226232136,0.24201446605554366,0 days 02:21:00
1603,CLOSED,2025-12-30 02:33:00+00:00,87000.0,88000.0,2025-12-30 08:12:00+00:00,33.70786516853933,0.28471246067135775,0.757994408429346,25.550373317843125,3270.473892727733,0.7812437633169081,3281.444543417685,0.2420201844454546,0 days 05:39:00
1604,CLOSED,2025-12-30 19:06:00+00:00,88000.0,89000.0,2025-12-31 11:42:00+00:00,33.70786516853933,0.2791755007700971,0.7627008243454174,25.709016550969128,3281.684587550977,0.7834091261694043,3292.3617108711705,0.2401715875837418,0 days 16:36:00
1605,OPEN,2025-12-31 15:12:00+00:00,88000.0,89000.0,,33.70786516853933,0.2791550706785639,0.7627181899232207,25.709601907524295,3281.924759138561,0.7833696319800014,,-0.12838096139922683,0 days 08:47:00
