Trade ID,Status,Buy Time,Buy Price,Sell Target,Sell Time,Order Size (USDT),Portfolio Value at Buy,Order % of Portfolio,Portfolio Value at Sell,Net P&L,Holding Time
1,CLOSED,2024-01-01 00:00:00+00:00,42283.58,43000.0,2024-01-01 18:07:00+00:00,59.07451518200203,3000.0,1.9691505060667345,3044.0407214872316,0.8808217295032819,0 days 18:07:00
2,CLOSED,2024-01-01 00:00:00+00:00,42283.58,44000.0,2024-01-01 23:28:00+00:00,57.700689247536864,2999.940925484818,1.9233941827775127,3107.9181961427794,2.2222218462769945,0 days 23:28:00
3,CLOSED,2024-01-01 00:00:00+00:00,42283.58,45000.0,2024-01-02 00:57:00+00:00,56.38930994645648,2999.8832247955706,1.8797168329876965,3170.4324556659712,3.5026492304700696,1 days 00:57:00
4,CLOSED,2024-01-01 00:00:00+00:00,42283.58,46000.0,2024-01-08 18:04:00+00:00,55.13621416986856,2999.826835485624,1.8379798966276961,3239.1823328138344,4.726168730921252,7 days 18:04:00
5,CLOSED,2024-01-01 00:00:00+00:00,42283.58,47000.0,2024-01-08 19:11:00+00:00,53.93760081834968,2999.771699271454,1.7980568598420121,3299.0617294261374,5.896491731352796,7 days 19:11:00
6,CLOSED,2024-01-01 00:00:00+00:00,42283.58,48000.0,2024-01-11 14:36:00+00:00,52.789992290299686,2999.717761670636,1.7598319736887282,3365.8703504170658,7.017013753042576,10 days 14:36:00
7,CLOSED,2024-01-01 00:00:00+00:00,42283.58,49000.0,2024-02-12 15:10:00+00:00,51.69020078425178,2999.6649716783454,1.7231991329795255,3440.7447280625543,8.090847357161948,42 days 15:10:00
8,CLOSED,2024-01-01 00:00:00+00:00,42283.58,50000.0,2024-02-12 17:19:00+00:00,50.63529872743031,2999.613281477561,1.6880608923857072,3496.881396799601,9.120851018256047,42 days 17:19:00
9,CLOSED,2024-01-01 00:00:00+00:00,42283.58,51000.0,2024-02-14 09:10:00+00:00,49.6225927528817,2999.5626461788333,1.6543276005952505,3552.8995961695327,10.109654532906383,44 days 09:10:00
10,CLOSED,2024-01-01 00:00:00+00:00,42283.58,52000.0,2024-02-14 14:37:00+00:00,48.64960073811931,2999.5130235860806,1.6219166363197208,3606.6676015141134,11.059681439139055,44 days 14:37:00
11,CLOSED,2024-01-01 00:00:00+00:00,42283.58,53000.0,2024-02-26 16:07:00+00:00,47.71403149315548,2999.4643739853427,1.5907517324421017,3664.4410122923064,11.973168848978155,56 days 16:07:00
12,CLOSED,2024-01-01 00:00:00+00:00,42283.58,54000.0,2024-02-26 19:15:00+00:00,46.813766748001605,2999.4166599538494,1.5607623766656649,3715.9323570053525,12.852185035804474,56 days 19:15:00
13,CLOSED,2024-01-01 00:00:00+00:00,42283.58,55000.0,2024-02-27 01:43:00+00:00,45.946845141557134,2999.3698461871018,1.531883278748244,3766.317691924129,13.698645067563135,57 days 01:43:00
14,CLOSED,2024-01-01 00:00:00+00:00,42283.58,56000.0,2024-02-27 02:06:00+00:00,45.11144795716518,2999.32389934196,1.5040538958484098,3815.617498317607,14.51432473453059,57 days 02:06:00
15,CLOSED,2024-01-01 00:00:00+00:00,42283.58,57000.0,2024-02-27 02:08:00+00:00,44.30588638650153,2999.2787878940026,1.477218008720413,3863.8515126956645,15.300872984820622,57 days 02:08:00
16,CLOSED,2024-01-01 00:00:00+00:00,42283.58,58000.0,2024-02-28 07:50:00+00:00,43.528590134106764,2999.234482007616,1.451323342514046,3911.9672013555555,16.059823050889953,58 days 07:50:00
17,CLOSED,2024-01-01 00:00:00+00:00,42283.58,59000.0,2024-02-28 08:46:00+00:00,42.778097200760094,2999.190953417482,1.4263212267967074,3958.126058881493,16.792602425025862,58 days 08:46:00
18,CLOSED,2024-01-01 00:00:00+00:00,42283.58,60000.0,2024-02-28 13:22:00+00:00,42.05304470583195,2999.1481753202816,1.4021662901447365,4003.27425058015,17.500541820377492,58 days 13:22:00
19,CLOSED,2024-01-01 00:00:00+00:00,42283.58,61000.0,2024-02-28 14:57:00+00:00,41.35216062740142,2999.1061222755757,1.3788161852714107,4047.4289060802703,18.18488323588408,58 days 14:57:00
20,CLOSED,2024-01-01 00:00:00+00:00,42283.58,62000.0,2024-02-28 16:54:00+00:00,40.67425635482107,2999.0647701149483,1.35623134118781,4090.6065840329934,18.846787227931443,58 days 16:54:00
21,CLOSED,2024-01-01 00:00:00+00:00,42283.58,63000.0,2024-02-28 17:12:00+00:00,40.018219962001375,2999.0240958585937,1.3343747393448173,4132.823300192224,19.487339478299845,58 days 17:12:00
22,CLOSED,2024-01-01 00:00:00+00:00,42283.58,64000.0,2024-02-28 17:16:00+00:00,39.383010121334685,2998.984077638632,1.3132117110919925,4174.094553683401,20.10755673659306,58 days 17:16:00
23,CLOSED,2024-01-01 00:00:00+00:00,42283.58,65000.0,2024-03-04 08:27:00+00:00,38.76765058818883,2998.94469462851,1.2927097541220618,4225.379834984211,20.708392205564614,63 days 08:27:00
24,CLOSED,2024-01-01 00:00:00+00:00,42283.58,66000.0,2024-03-04 14:38:00+00:00,38.17122519452438,2998.905926977922,1.2728383658566629,4264.804715468892,21.290740429337056,63 days 14:38:00
25,CLOSED,2024-01-01 00:00:00+00:00,42283.58,67000.0,2024-03-04 17:25:00+00:00,37.59287329763765,2998.867755752727,1.2535688919767554,4303.327769331031,21.855441737237598,63 days 17:25:00
26,CLOSED,2024-01-01 00:00:00+00:00,42283.58,68000.0,2024-03-04 23:03:00+00:00,37.03178563647889,2998.8301628794297,1.2348743885156053,4340.962660396861,22.403286289678412,63 days 23:03:00
27,CLOSED,2024-01-01 00:00:00+00:00,42283.58,69000.0,2024-03-05 15:04:00+00:00,36.48720055358949,2998.7931310937934,1.2167294961183595,4380.019372453808,22.935017767047455,64 days 15:04:00
28,CLOSED,2024-01-01 00:00:00+00:00,42283.58,70000.0,2024-03-11 07:12:00+00:00,35.95840054556645,2998.75664389324,1.1991103252340678,4432.413096539733,23.451336737826075,70 days 07:12:00
29,CLOSED,2024-01-01 00:00:00+00:00,42283.58,71000.0,2024-03-11 07:36:00+00:00,35.44470910920122,2998.720685492694,1.1819943511470328,4467.461492410249,23.952903738011017,70 days 07:36:00
30,CLOSED,2024-01-01 00:00:00+00:00,42283.58,72000.0,2024-03-11 11:44:00+00:00,34.945487854142044,2998.685240783585,1.165360317877526,4501.672476897378,24.44034209030344,70 days 11:44:00
31,CLOSED,2024-01-01 00:00:00+00:00,42283.58,73000.0,2024-03-12 14:07:00+00:00,34.46013385616785,2998.6502952957308,1.149188150089684,4535.05784435671,24.914240488365515,71 days 14:07:00
32,CLOSED,2024-01-01 00:00:00+00:00,42283.58,74000.0,2024-11-06 03:06:00+00:00,33.98807722800117,2998.615835161874,1.133458872238844,4860.382592165977,25.375155368672452,310 days 03:06:00
33,CLOSED,2024-01-01 00:00:00+00:00,42283.58,75000.0,2024-11-06 03:08:00+00:00,33.52877888708223,2998.581847084646,1.1181545342736066,4892.150811635005,25.823613090052184,310 days 03:08:00
34,CLOSED,2024-01-01 00:00:00+00:00,42283.58,76000.0,2024-11-06 20:54:00+00:00,33.081728501921134,2998.5483183057595,1.1032581432809119,4925.159926957025,26.260111938861797,310 days 20:54:00
35,CLOSED,2024-01-01 00:00:00+00:00,42283.58,77000.0,2024-11-08 19:15:00+00:00,32.646442600580066,2998.5152365772574,1.0887536005268161,4956.017930889473,26.685123975860627,312 days 19:15:00
36,CLOSED,2024-01-01 00:00:00+00:00,42283.58,78000.0,2024-11-10 04:45:00+00:00,32.22246282654656,2998.4825901346567,1.074625643402502,4986.09436010492,27.099096739171166,314 days 04:45:00
37,CLOSED,2024-01-01 00:00:00+00:00,42283.58,79000.0,2024-11-10 04:54:00+00:00,31.809354328770322,2998.4503676718305,1.060859791835372,5014.756263373793,27.502454816242977,314 days 04:54:00
38,CLOSED,2024-01-01 00:00:00+00:00,42283.58,80000.0,2024-11-10 11:56:00+00:00,31.406704273975762,2998.4185583175017,1.0474422987696208,5042.666642474678,27.895601296426904,314 days 11:56:00
39,CLOSED,2024-01-01 00:00:00+00:00,42283.58,81000.0,2024-11-10 18:27:00+00:00,31.014120470551063,2998.3871516132276,1.034360104360255,5069.835010248181,28.278919114606225,314 days 18:27:00
40,CLOSED,2024-01-01 00:00:00+00:00,42283.58,82000.0,2024-11-11 10:07:00+00:00,30.63123009437142,2998.356137492757,1.0216007935596814,5098.12405229202,28.65277229529963,315 days 10:07:00
41,CLOSED,2024-01-01 00:00:00+00:00,42283.58,83000.0,2024-11-11 15:15:00+00:00,30.257678507854695,2998.3255062626627,1.009152556807287,5123.835993468823,29.01750710573224,315 days 15:15:00
42,CLOSED,2024-01-01 00:00:00+00:00,42283.58,84000.0,2024-11-11 15:36:00+00:00,29.89312816438657,2998.295248584155,0.9970041535603473,5148.833069734677,29.373453125552,315 days 15:36:00
43,CLOSED,2024-01-01 00:00:00+00:00,42283.58,85000.0,2024-11-11 18:39:00+00:00,29.537257591001016,2998.26535545599,0.9851448784295095,5173.123893813502,29.720924240137954,315 days 18:39:00
44,CLOSED,2024-01-01 00:00:00+00:00,42283.58,86000.0,2024-11-11 19:06:00+00:00,29.189760442871588,2998.235818198399,0.9735645297043825,5196.716873366894,30.06021956379248,315 days 19:06:00
45,CLOSED,2024-01-01 00:00:00+00:00,42283.58,87000.0,2024-11-11 20:11:00+00:00,28.850344623768432,2998.2066284379566,0.9622533800747164,5219.62021823153,30.391624298524814,315 days 20:11:00
46,CLOSED,2024-01-01 00:00:00+00:00,42283.58,88000.0,2024-11-11 21:24:00+00:00,28.518731467173396,2998.1777780933326,0.9512021493705306,5241.841947319954,30.71541053360812,315 days 21:24:00
47,CLOSED,2024-01-01 00:00:00+00:00,42283.58,89000.0,2024-11-11 23:12:00+00:00,28.19465497322824,2998.1492593618655,0.940401979160613,5263.945712482975,31.031837990621348,315 days 23:12:00
48,CLOSED,2024-01-01 00:00:00+00:00,42283.58,90000.0,2024-11-13 14:31:00+00:00,27.87786109712455,2998.121064706892,0.9298444090632476,5291.490227641862,31.341154718263503,317 days 14:31:00
49,CLOSED,2024-01-01 00:00:00+00:00,42283.58,91000.0,2024-11-13 14:33:00+00:00,27.56810708493428,2998.0931868457947,0.9195213546360069,5311.713410609571,31.643597740846946,317 days 14:33:00
50,CLOSED,2024-01-01 00:00:00+00:00,42283.58,92000.0,2024-11-13 15:44:00+00:00,27.265160853231706,2998.06561873871,0.9094250867231584,5331.818651595064,31.939393664032927,317 days 15:44:00
51,CLOSED,2024-01-01 00:00:00+00:00,42283.58,93000.0,2024-11-13 16:11:00+00:00,26.96880040917484,2998.0383535778565,0.8995482121497977,5350.746347695702,32.22875924106271,317 days 16:11:00
52,CLOSED,2024-01-01 00:00:00+00:00,42283.58,94000.0,2024-11-20 13:15:00+00:00,26.678813308000915,2998.0113847774473,0.8898836556613469,5381.877800147025,32.51190190245744,324 days 13:15:00
53,CLOSED,2024-01-01 00:00:00+00:00,42283.58,95000.0,2024-11-21 03:25:00+00:00,26.394996145149843,2997.9847059641397,0.8804246430156928,5399.538021252824,32.789020251907615,325 days 03:25:00
54,CLOSED,2024-01-01 00:00:00+00:00,42283.58,96000.0,2024-11-21 04:03:00+00:00,26.117154080464054,2997.9583109679943,0.8711646851430441,5416.5746358046,33.06030453084302,325 days 04:03:00
55,CLOSED,2024-01-01 00:00:00+00:00,42283.58,97000.0,2024-11-21 04:55:00+00:00,25.84510039212589,2997.9321938139137,0.8620975632956605,5432.9942080112805,33.325937053967294,325 days 04:55:00
56,CLOSED,2024-01-01 00:00:00+00:00,42283.58,98000.0,2024-11-21 11:02:00+00:00,25.578656058186443,2997.9063487135218,0.8532173151160274,5448.803165328917,33.586092617851875,325 days 11:02:00
57,CLOSED,2024-01-01 00:00:00+00:00,42283.58,99000.0,2024-11-22 03:15:00+00:00,25.317649363715155,2997.8807700574635,0.8445182215578863,5464.986939368449,33.840938884514344,326 days 03:15:00
58,CLOSED,2024-01-01 00:00:00+00:00,42283.58,100000.0,2024-12-05 02:36:00+00:00,25.061915531758434,2997.8554524080996,0.8359947945998145,5496.020723421803,34.09063674174928,339 days 02:36:00
59,CLOSED,2024-01-01 00:00:00+00:00,42283.58,101000.0,2024-12-05 02:41:00+00:00,24.81129637644085,2997.830390492568,0.8276417656958955,5510.035095694109,34.3353406418395,339 days 02:41:00
60,CLOSED,2024-01-01 00:00:00+00:00,42283.58,102000.0,2024-12-05 03:03:00+00:00,24.56563997667411,2997.8055791961915,0.8194540749123881,5523.463277423621,34.57519892014578,339 days 03:03:00
61,CLOSED,2024-01-01 00:00:00+00:00,42283.58,103000.0,2024-12-05 03:06:00+00:00,24.324800369059655,2997.781013556215,0.8114268607033298,5536.311072418472,34.81035409495584,339 days 03:06:00
62,CLOSED,2024-01-01 00:00:00+00:00,42283.58,104000.0,2024-12-05 03:08:00+00:00,24.08863725868044,2997.7566887558455,0.8035554502816541,5548.584170687786,35.04094314986669,339 days 03:08:00
63,CLOSED,2024-01-01 00:00:00+00:00,42283.58,105000.0,2024-12-15 23:27:00+00:00,23.85701574657774,2997.732600118587,0.7958353505457418,5581.08842292777,35.2670977998754,349 days 23:27:00
64,CLOSED,2024-01-01 00:00:00+00:00,42283.58,106000.0,2024-12-16 00:33:00+00:00,23.62980607280081,2997.7087431028403,0.7882622395243873,5592.228759022373,35.48894474226489,350 days 00:33:00
65,CLOSED,2024-01-01 00:00:00+00:00,42283.58,107000.0,2024-12-16 16:37:00+00:00,23.406883374000802,2997.6851132967677,0.7808319583059404,5603.697033056172,35.706605893288554,350 days 16:37:00
66,CLOSED,2024-01-01 00:00:00+00:00,42283.58,108000.0,2024-12-17 14:50:00+00:00,23.188127454617618,2997.6617064133934,0.773540503419963,5614.161246452397,35.92019861158279,351 days 14:50:00
67,CLOSED,2024-01-01 00:00:00+00:00,42283.58,109000.0,2025-01-20 06:55:00+00:00,22.973422570778567,2997.6385182859385,0.7663840196420635,5678.195926158026,36.12983590916788,385 days 06:55:00
68,CLOSED,2024-01-01 00:00:00+00:00,42283.58,110000.0,2025-05-21 23:25:00+00:00,22.762657226092525,2997.615544863368,0.7593587931947441,5877.466220488994,36.33562665083399,506 days 23:25:00
69,CLOSED,2024-01-01 00:00:00+00:00,42283.58,111000.0,2025-05-22 03:42:00+00:00,22.55572397858259,2997.592782206142,0.7524612453190599,5885.86686797309,36.53767574265161,507 days 03:42:00
70,CLOSED,2024-01-01 00:00:00+00:00,42283.58,112000.0,2025-07-10 16:24:00+00:00,22.35251925805482,2997.5702264821634,0.7456879261937059,5924.033989214773,36.73608431029234,556 days 16:24:00
71,CLOSED,2024-01-01 00:00:00+00:00,42283.58,113000.0,2025-07-10 17:07:00+00:00,22.152943193250763,2997.547873962905,0.7390355091798245,5931.373635590033,36.93094986779662,556 days 17:07:00
72,CLOSED,2024-01-01 00:00:00+00:00,42283.58,114000.0,2025-07-10 21:17:00+00:00,21.956899448177747,2997.5257210197124,0.7325007853713544,5938.189896980541,37.122366477380496,556 days 21:17:00
73,CLOSED,2024-01-01 00:00:00+00:00,42283.58,115000.0,2025-07-10 21:18:00+00:00,21.764295067053382,2997.503764120264,0.7260806584321663,5944.487405070098,37.31042490083129,556 days 21:18:00
74,CLOSED,2024-01-01 00:00:00+00:00,42283.58,116000.0,2025-07-10 21:19:00+00:00,21.57504032733987,2997.4819998251965,0.7197721397025255,5950.270710285627,37.49521274300469,556 days 21:19:00
75,CLOSED,2024-01-01 00:00:00+00:00,42283.58,117000.0,2025-07-11 05:05:00+00:00,21.389048600380047,2997.4604247848692,0.7135723435586363,5955.544283916896,37.676814587899244,557 days 05:05:00
76,CLOSED,2024-01-01 00:00:00+00:00,42283.58,118000.0,2025-07-11 05:44:00+00:00,21.206236219180212,2997.439035736269,0.7074784830101228,5960.3125201631565,37.85531212775286,557 days 05:44:00
77,CLOSED,2024-01-01 00:00:00+00:00,42283.58,119000.0,2025-07-13 14:18:00+00:00,21.026522352915975,2997.4178295000493,0.70148786552134,5965.346185359879,38.03078428557506,559 days 14:18:00
78,CLOSED,2024-01-01 00:00:00+00:00,42283.58,120000.0,2025-07-14 03:42:00+00:00,20.849828887765423,2997.3968029776966,0.6955978890433401,5969.116630888093,38.203307331501094,560 days 03:42:00
79,CLOSED,2024-01-01 00:00:00+00:00,42283.58,121000.0,2025-07-14 03:42:00+00:00,20.67608031370071,2997.375953148809,0.6898060382442194,5972.394478520336,38.37295499332836,560 days 03:42:00
80,CLOSED,2024-01-01 00:00:00+00:00,42283.58,122000.0,2025-07-14 05:22:00+00:00,20.505203616893265,2997.355277068495,0.6841098809263605,5975.183833204286,38.5397985615717,560 days 05:22:00
81,CLOSED,2024-01-01 00:00:00+00:00,42283.58,123000.0,2025-07-14 07:38:00+00:00,20.337128177410534,2997.3347718648783,0.6785070646198523,5977.488732037821,38.70390698935203,560 days 07:38:00
82,CLOSED,2024-01-01 00:00:00+00:00,42283.58,124000.0,2025-08-14 00:22:00+00:00,20.17178567190313,2997.314434736701,0.6729953133420624,5998.854281539446,38.865346987412366,591 days 00:22:00
83,CLOSED,2024-01-01 00:00:00+00:00,42283.58,125000.0,2025-10-05 04:46:00+00:00,20.009109981000687,2997.2942629510294,0.6675724245139825,6029.281242034357,39.02418311453624,643 days 04:46:00
84,CLOSED,2024-01-01 00:00:00+00:00,42283.58,126000.0,2025-10-06 18:56:00+00:00,19.849037101152682,2997.2742538410484,0.6622362660245678,6030.87011841999,39.18047786362613,644 days 18:56:00
85,OPEN,2024-01-01 00:00:00+00:00,42283.58,127000.0,,19.691505060667343,2997.2544048039467,0.6569847734348524,,21.085539889660797,730 days 23:59:00
86,CLOSED,2024-01-03 11:55:00+00:00,44000.0,45000.0,2024-01-08 12:03:00+00:00,58.67832472189169,3109.1305260285485,1.8872904894361098,3178.0003069985873,1.2136344550348568,5 days 00:08:00
87,CLOSED,2024-01-03 12:01:00+00:00,43000.0,44000.0,2024-01-04 15:16:00+00:00,58.67832472189169,3046.497605286647,1.926091280034688,3114.2414611034733,1.2445863719221677,1 days 03:15:00
88,CLOSED,2024-01-03 12:08:00+00:00,42000.0,43000.0,2024-01-03 15:56:00+00:00,58.67832472189169,2982.5014369541136,1.967419830711534,3049.086974258312,1.2770121896136217,0 days 03:48:00
89,CLOSED,2024-01-03 12:09:00+00:00,41000.0,42000.0,2024-01-03 12:15:00+00:00,58.67832472189169,2917.1095627549807,2.0115228262621248,2983.8138277777716,1.3110197545095374,0 days 00:06:00
90,CLOSED,2024-01-03 18:56:00+00:00,42000.0,43000.0,2024-01-03 19:35:00+00:00,58.67832472189169,2985.089468898237,1.9657141044937994,3050.3639864479255,1.2770121896136217,0 days 00:39:00
91,CLOSED,2024-01-05 01:48:00+00:00,43000.0,44000.0,2024-01-05 09:01:00+00:00,58.67832472189169,3051.607235792306,1.922866220582175,3115.4860474753955,1.2445863719221677,0 days 07:13:00
92,CLOSED,2024-01-09 12:56:00+00:00,46000.0,47000.0,2024-01-09 13:53:00+00:00,58.67832472189169,3240.3368566611607,1.8108711321561106,3300.2174972539483,1.1557678278107844,0 days 00:57:00
93,CLOSED,2024-01-09 21:17:00+00:00,46000.0,47000.0,2024-01-10 23:03:00+00:00,58.67832472189169,3241.4926244889716,1.8102254584380695,3306.1094977973517,1.1557678278107844,1 days 01:46:00
94,CLOSED,2024-01-09 21:25:00+00:00,45000.0,46000.0,2024-01-09 21:29:00+00:00,58.67832472189169,3181.494627246741,1.8443634705324583,3242.677926648354,1.1840581788981197,0 days 00:04:00
95,CLOSED,2024-01-10 11:53:00+00:00,45000.0,46000.0,2024-01-10 17:41:00+00:00,58.67832472189169,3182.6786854256393,1.8436773083816433,3243.861984827252,1.1840581788981197,0 days 05:48:00
96,CLOSED,2024-01-10 20:12:00+00:00,45000.0,46000.0,2024-01-10 20:15:00+00:00,58.67832472189169,3183.862743604537,1.8429916565894537,3245.0460430061503,1.1840581788981197,0 days 00:03:00
97,CLOSED,2024-01-10 20:44:00+00:00,45000.0,46000.0,2024-01-10 20:57:00+00:00,58.67832472189169,3185.0468017834355,1.842306514586704,3246.230101185048,1.1840581788981197,0 days 00:13:00
98,CLOSED,2024-01-11 05:44:00+00:00,46000.0,47000.0,2024-01-11 11:17:00+00:00,58.67832472189169,3247.384625032375,1.8069410155351306,3307.265265625162,1.1557678278107844,0 days 05:33:00
99,CLOSED,2024-01-11 15:42:00+00:00,47000.0,48000.0,2024-02-09 18:24:00+00:00,58.67832472189169,3308.392731284798,1.773620289000703,3382.258161354668,1.1286813214505713,29 days 02:42:00
100,CLOSED,2024-01-11 16:16:00+00:00,46000.0,47000.0,2024-02-09 11:44:00+00:00,58.67832472189169,3249.6690741816365,1.8056707739285311,3323.653076562765,1.1557678278107844,28 days 19:28:00
101,CLOSED,2024-01-12 15:19:00+00:00,45000.0,46000.0,2024-02-09 02:45:00+00:00,58.67832472189169,3189.671076939406,1.8396356021196851,3263.773679950462,1.1840581788981197,27 days 11:26:00
102,CLOSED,2024-01-12 16:17:00+00:00,44000.0,45000.0,2024-02-08 13:58:00+00:00,58.67832472189169,3128.370420888349,1.8756834014953088,3202.591654135215,1.2136344550348568,26 days 21:41:00
103,CLOSED,2024-01-12 22:03:00+00:00,43000.0,44000.0,2024-02-07 20:16:00+00:00,58.67832472189169,3065.7375001464475,1.9140035544167981,3140.0773946120235,1.2445863719221677,25 days 22:13:00
104,CLOSED,2024-01-12 22:21:00+00:00,42000.0,43000.0,2024-01-13 05:42:00+00:00,58.67832472189169,3001.7413318139143,1.9548095000721837,3067.015849363603,1.2770121896136217,0 days 07:21:00
105,CLOSED,2024-01-14 21:38:00+00:00,42000.0,43000.0,2024-01-15 18:25:00+00:00,58.67832472189169,3003.018344003528,1.9539782312372966,3068.2928615532164,1.2770121896136217,0 days 20:47:00
106,CLOSED,2024-01-18 16:40:00+00:00,42000.0,43000.0,2024-01-29 16:21:00+00:00,58.67832472189169,3004.2953561931417,1.953147669084216,3074.922907766862,1.2770121896136217,10 days 23:41:00
107,CLOSED,2024-01-18 19:57:00+00:00,41000.0,42000.0,2024-01-19 20:09:00+00:00,58.67832472189169,2938.9034819940084,1.9966060498890288,3005.6077470167993,1.3110197545095374,1 days 00:12:00
108,CLOSED,2024-01-22 04:18:00+00:00,41000.0,42000.0,2024-01-26 17:01:00+00:00,58.67832472189169,2940.214501748518,1.9957157781174208,3009.6497612863213,1.3110197545095374,4 days 12:43:00
109,CLOSED,2024-01-22 19:17:00+00:00,40000.0,41000.0,2024-01-26 11:29:00+00:00,58.67832472189169,2873.3928800762837,2.042126752967171,2942.946903076366,1.3467276976502518,3 days 16:12:00
110,CLOSED,2024-01-23 09:29:00+00:00,39000.0,40000.0,2024-01-24 00:44:00+00:00,58.67832472189169,2805.10576724412,2.091840008569099,2874.7785912831782,1.3842668173622812,0 days 15:15:00
111,CLOSED,2024-02-01 01:21:00+00:00,42000.0,43000.0,2024-02-01 17:19:00+00:00,58.67832472189169,3010.925402406787,1.9488468453913572,3076.1999199564752,1.2770121896136217,0 days 15:58:00
112,CLOSED,2024-02-10 10:48:00+00:00,47000.0,48000.0,2024-02-10 20:46:00+00:00,58.67832472189169,3324.780542222401,1.7648781318561562,3383.386842676119,1.1286813214505713,0 days 09:58:00
113,CLOSED,2024-02-13 14:21:00+00:00,49000.0,50000.0,2024-02-14 08:52:00+00:00,58.67832472189169,3441.8213905220405,1.7048625731561167,3497.9592218233956,1.0778250237946665,0 days 18:31:00
114,CLOSED,2024-02-17 14:32:00+00:00,51000.0,52000.0,2024-02-17 21:34:00+00:00,58.67832472189169,3553.9294399102964,1.6510829973983046,3607.69855896948,1.030957455366675,0 days 07:02:00
115,CLOSED,2024-02-20 17:22:00+00:00,51000.0,52000.0,2024-02-20 19:50:00+00:00,58.67832472189169,3554.960397365663,1.6506041745324131,3608.7295164248467,1.030957455366675,0 days 02:28:00
116,CLOSED,2024-02-21 10:08:00+00:00,51000.0,52000.0,2024-02-22 09:49:00+00:00,58.67832472189169,3555.9913548210297,1.6501256293083684,3609.7604738802133,1.030957455366675,0 days 23:41:00
117,CLOSED,2024-02-22 13:47:00+00:00,51000.0,52000.0,2024-02-22 20:31:00+00:00,58.67832472189169,3557.0223122763964,1.6496473614847578,3610.79143133558,1.030957455366675,0 days 06:44:00
118,CLOSED,2024-02-23 03:06:00+00:00,51000.0,52000.0,2024-02-26 15:15:00+00:00,58.67832472189169,3558.053269731763,1.649169370820448,3611.8223887909467,1.030957455366675,3 days 12:09:00
119,CLOSED,2024-02-27 03:51:00+00:00,56000.0,57000.0,2024-02-27 12:26:00+00:00,58.67832472189169,3816.5449258336103,1.5374723961640557,3864.779947345095,0.9284346494304572,0 days 08:35:00
120,CLOSED,2024-02-28 17:23:00+00:00,63000.0,64000.0,2024-03-04 00:39:00+00:00,58.67832472189169,4133.634655528417,1.4195334036938645,4184.226794927142,0.8122421360360548,4 days 07:16:00
121,CLOSED,2024-02-28 17:25:00+00:00,62000.0,63000.0,2024-02-29 06:08:00+00:00,58.67832472189169,4092.2451585879544,1.4338907481813452,4139.615634277425,0.8272347184095281,0 days 12:43:00
122,CLOSED,2024-02-28 17:31:00+00:00,61000.0,62000.0,2024-02-28 23:13:00+00:00,58.67832472189169,4049.910183479795,1.4488796556834664,4097.398918118193,0.8427188608608205,0 days 05:42:00
123,CLOSED,2024-02-28 17:31:00+00:00,60000.0,61000.0,2024-02-28 17:34:00+00:00,58.67832472189169,4006.614230561846,1.4645364226558755,4051.645082741288,0.8587191413938058,0 days 00:03:00
124,CLOSED,2024-02-28 17:31:00+00:00,59000.0,60000.0,2024-02-28 17:32:00+00:00,58.67832472189169,3962.341283537277,1.4809003193563415,4007.4904272411677,0.875261804317752,0 days 00:01:00
125,CLOSED,2024-02-28 17:37:00+00:00,60000.0,61000.0,2024-02-28 17:43:00+00:00,58.67832472189169,4008.3482115075576,1.4639028753398275,4052.5038018826826,0.8587191413938058,0 days 00:06:00
126,CLOSED,2024-02-28 18:20:00+00:00,60000.0,61000.0,2024-02-28 18:55:00+00:00,58.67832472189169,4009.2069306489516,1.4635893266899471,4053.362521024076,0.8587191413938058,0 days 00:35:00
127,CLOSED,2024-02-28 20:27:00+00:00,60000.0,61000.0,2024-02-28 22:09:00+00:00,58.67832472189169,4010.0656497903456,1.4632759123272587,4054.2212401654706,0.8587191413938058,0 days 01:42:00
128,CLOSED,2024-02-29 16:40:00+00:00,62000.0,63000.0,2024-03-01 20:57:00+00:00,58.67832472189169,4098.225250537118,1.4317984282147802,4142.128306717556,0.8272347184095281,1 days 04:17:00
129,CLOSED,2024-02-29 17:41:00+00:00,61000.0,62000.0,2024-02-29 20:18:00+00:00,58.67832472189169,4055.8902754289593,1.4467433963234066,4099.068871697464,0.8427188608608205,0 days 02:37:00
130,CLOSED,2024-02-29 21:10:00+00:00,61000.0,62000.0,2024-03-01 08:35:00+00:00,58.67832472189169,4056.73299428982,1.446442859426198,4099.911590558325,0.8427188608608205,0 days 11:25:00
131,CLOSED,2024-03-02 01:21:00+00:00,62000.0,63000.0,2024-03-03 22:15:00+00:00,58.67832472189169,4100.73792297725,1.430921112834482,4142.955541435966,0.8272347184095281,1 days 20:54:00
132,CLOSED,2024-03-04 00:49:00+00:00,63000.0,64000.0,2024-03-04 07:40:00+00:00,58.67832472189169,4143.766896772158,1.4160623940405515,4185.039037063178,0.8122421360360548,0 days 06:51:00
133,CLOSED,2024-03-05 04:52:00+00:00,67000.0,68000.0,2024-03-05 13:18:00+00:00,58.67832472189169,4304.083687037161,1.3633174675161717,4343.259388227094,0.7567472042656078,0 days 08:26:00
134,CLOSED,2024-03-05 05:03:00+00:00,66000.0,67000.0,2024-03-05 05:27:00+00:00,58.67832472189169,4266.330609823752,1.375381565291204,4304.85450684828,0.769990312983559,0 days 00:24:00
135,CLOSED,2024-03-05 08:06:00+00:00,66000.0,67000.0,2024-03-05 10:32:00+00:00,58.67832472189169,4267.100600136736,1.3751333802632024,4305.624497161264,0.769990312983559,0 days 02:26:00
136,CLOSED,2024-03-05 15:05:00+00:00,68000.0,69000.0,2024-03-08 15:27:00+00:00,58.67832472189169,4344.002465584068,1.3507893972615912,4393.526725069532,0.7438935987452524,3 days 00:22:00
137,CLOSED,2024-03-05 15:30:00+00:00,67000.0,68000.0,2024-03-08 14:11:00+00:00,58.67832472189169,4307.124308466139,1.3623550313268835,4356.766740842819,0.7567472042656078,2 days 22:41:00
138,CLOSED,2024-03-05 16:06:00+00:00,66000.0,67000.0,2024-03-06 08:10:00+00:00,58.67832472189169,4269.3712312527305,1.374402026517477,4316.038237936068,0.769990312983559,0 days 16:04:00
139,CLOSED,2024-03-05 16:12:00+00:00,65000.0,66000.0,2024-03-05 16:31:00+00:00,58.67832472189169,4230.729977578759,1.3869550889057973,4270.155715317089,0.783640901969747,0 days 00:19:00
140,CLOSED,2024-03-05 16:48:00+00:00,65000.0,66000.0,2024-03-06 05:31:00+00:00,58.67832472189169,4231.513618480729,1.3866982364329339,4277.515184073929,0.783640901969747,0 days 12:43:00
141,CLOSED,2024-03-05 17:08:00+00:00,64000.0,65000.0,2024-03-05 17:46:00+00:00,58.67832472189169,4191.970524092954,1.3997790391092582,4232.31219380624,0.7977180718617518,0 days 00:38:00
142,CLOSED,2024-03-05 18:51:00+00:00,64000.0,65000.0,2024-03-06 05:10:00+00:00,58.67832472189169,4192.768242164816,1.3995127164862042,4238.090303589248,0.7977180718617518,0 days 10:19:00
143,CLOSED,2024-03-05 19:17:00+00:00,63000.0,64000.0,2024-03-05 23:41:00+00:00,58.67832472189169,4152.309215802085,1.4131492061955464,4196.937263532179,0.8122421360360548,0 days 04:24:00
144,CLOSED,2024-03-05 19:36:00+00:00,62000.0,63000.0,2024-03-05 20:14:00+00:00,58.67832472189169,4110.919718861623,1.4273770526985778,4154.838775322593,0.8272347184095281,0 days 00:38:00
145,CLOSED,2024-03-05 19:55:00+00:00,61000.0,62000.0,2024-03-05 20:01:00+00:00,58.67832472189169,4068.584743753463,1.442229384848898,4112.622059163363,0.8427188608608205,0 days 00:06:00
146,CLOSED,2024-03-05 19:56:00+00:00,60000.0,61000.0,2024-03-05 19:57:00+00:00,58.67832472189169,4025.288790835514,1.457741985009529,4069.444381210639,0.8587191413938058,0 days 00:01:00
147,CLOSED,2024-03-05 20:37:00+00:00,62000.0,63000.0,2024-03-05 21:11:00+00:00,58.67832472189169,4113.4483915822875,1.4264995968338956,4155.666010041003,0.8272347184095281,0 days 00:34:00
148,CLOSED,2024-03-06 02:01:00+00:00,63000.0,64000.0,2024-03-06 04:52:00+00:00,58.67832472189169,4156.477365377195,1.4117320885871516,4197.749505668215,0.8122421360360548,0 days 02:51:00
149,CLOSED,2024-03-06 12:44:00+00:00,66000.0,67000.0,2024-03-06 14:21:00+00:00,58.67832472189169,4278.284331224524,1.3715386865158836,4317.5918691510215,0.769990312983559,0 days 01:37:00
150,CLOSED,2024-03-06 12:46:00+00:00,65000.0,66000.0,2024-03-06 12:51:00+00:00,58.67832472189169,4239.643077550552,1.3840392610548011,4279.068815288882,0.783640901969747,0 days 00:05:00
151,CLOSED,2024-03-06 14:58:00+00:00,66000.0,67000.0,2024-03-06 16:56:00+00:00,58.67832472189169,4279.837962439477,1.3710408019383393,4318.361859464006,0.769990312983559,0 days 01:58:00
152,CLOSED,2024-03-06 22:46:00+00:00,66000.0,67000.0,2024-03-07 08:19:00+00:00,58.67832472189169,4280.607952752462,1.3707941808630502,4319.131849776989,0.769990312983559,0 days 09:33:00
153,CLOSED,2024-03-08 15:32:00+00:00,68000.0,69000.0,2024-03-08 20:01:00+00:00,58.67832472189169,4357.509818199793,1.3466022377462668,4395.027365872544,0.7438935987452524,0 days 04:29:00
154,CLOSED,2024-03-08 16:02:00+00:00,67000.0,68000.0,2024-03-08 17:02:00+00:00,58.67832472189169,4320.631661081865,1.3580959758832791,4358.26738164583,0.7567472042656078,0 days 01:00:00
155,CLOSED,2024-03-08 21:55:00+00:00,68000.0,69000.0,2024-03-10 01:18:00+00:00,58.67832472189169,4359.010459002804,1.346138654031019,4395.771259471288,0.7438935987452524,1 days 03:23:00
156,CLOSED,2024-03-11 00:50:00+00:00,68000.0,69000.0,2024-03-11 06:53:00+00:00,58.67832472189169,4359.754352601549,1.3459089658773369,4396.515153070034,0.7438935987452524,0 days 06:03:00
157,CLOSED,2024-03-12 14:09:00+00:00,72000.0,73000.0,2024-03-13 07:12:00+00:00,58.67832472189169,4502.367759569523,1.3032770278965842,4538.61960511128,0.6960496226416737,0 days 17:03:00
158,CLOSED,2024-03-12 15:00:00+00:00,71000.0,72000.0,2024-03-12 15:23:00+00:00,58.67832472189169,4468.8642685102495,1.3130478169893673,4503.076031742574,0.7075052225537917,0 days 00:23:00
159,CLOSED,2024-03-12 16:20:00+00:00,71000.0,72000.0,2024-03-13 01:30:00+00:00,58.67832472189169,4469.571773732803,1.3128399697424695,4505.234237651949,0.7075052225537917,0 days 09:10:00
160,CLOSED,2024-03-12 17:06:00+00:00,70000.0,71000.0,2024-03-12 17:59:00+00:00,58.67832472189169,4435.242653851034,1.3230014522642284,4471.02325316482,0.7192881253205456,0 days 00:53:00
161,CLOSED,2024-03-12 17:22:00+00:00,69000.0,70000.0,2024-03-12 17:37:00+00:00,58.67832472189169,4400.076110449306,1.3335752211772505,4435.974857294303,0.7314125615008322,0 days 00:15:00
162,CLOSED,2024-03-13 13:54:00+00:00,72000.0,73000.0,2024-03-13 15:16:00+00:00,58.67832472189169,4505.929520324093,1.302246838465223,4539.315654733922,0.6960496226416737,0 days 01:22:00
163,CLOSED,2024-03-14 13:36:00+00:00,72000.0,73000.0,2024-10-29 18:24:00+00:00,58.67832472189169,4506.625569946735,1.3020457060643986,4820.530471813,0.6960496226416737,229 days 04:48:00
164,CLOSED,2024-03-14 15:27:00+00:00,71000.0,72000.0,2024-03-15 00:28:00+00:00,58.67832472189169,4473.122078887462,1.3117979721332789,4509.503830931928,0.7075052225537917,0 days 09:01:00
165,CLOSED,2024-03-14 16:30:00+00:00,70000.0,71000.0,2024-03-14 16:46:00+00:00,58.67832472189169,4438.792959005693,1.3219432684473724,4473.842145757977,0.7192881253205456,0 days 00:16:00
166,CLOSED,2024-03-14 18:50:00+00:00,70000.0,71000.0,2024-03-14 20:39:00+00:00,58.67832472189169,4439.512247131013,1.3217290876900256,4475.292846444799,0.7192881253205456,0 days 01:49:00
167,CLOSED,2024-03-14 19:31:00+00:00,69000.0,70000.0,2024-03-14 20:05:00+00:00,58.67832472189169,4404.345703729285,1.332282447134136,4440.244450574282,0.7314125615008322,0 days 00:34:00
168,CLOSED,2024-03-15 02:23:00+00:00,71000.0,72000.0,2024-04-08 08:55:00+00:00,58.67832472189169,4475.999572922157,1.310954654170879,4560.148616455496,0.7075052225537917,24 days 06:32:00
169,CLOSED,2024-03-15 02:39:00+00:00,70000.0,71000.0,2024-03-25 19:56:00+00:00,58.67832472189169,4441.670453040389,1.3210868600511665,4511.021953283377,0.7192881253205456,10 days 17:17:00
170,CLOSED,2024-03-15 02:47:00+00:00,69000.0,70000.0,2024-03-15 18:53:00+00:00,58.67832472189169,4406.503909638661,1.331629925336964,4447.687422811194,0.7314125615008322,0 days 16:06:00
171,CLOSED,2024-03-15 02:53:00+00:00,68000.0,69000.0,2024-03-15 02:56:00+00:00,58.67832472189169,4370.48780614422,1.3426035565045893,4407.248606612704,0.7438935987452524,0 days 00:03:00
172,CLOSED,2024-03-15 03:22:00+00:00,68000.0,69000.0,2024-03-15 18:42:00+00:00,58.67832472189169,4371.231699742965,1.3423750730335815,4411.789479341496,0.7438935987452524,0 days 15:20:00
173,CLOSED,2024-03-15 03:28:00+00:00,67000.0,68000.0,2024-03-15 03:32:00+00:00,58.67832472189169,4334.353542625036,1.3537964576455395,4371.989263189002,0.7567472042656078,0 days 00:04:00
174,CLOSED,2024-03-15 04:44:00+00:00,67000.0,68000.0,2024-03-15 05:02:00+00:00,58.67832472189169,4335.110289829302,1.3535601357030802,4372.746010393267,0.7567472042656078,0 days 00:18:00
175,CLOSED,2024-03-15 09:00:00+00:00,67000.0,68000.0,2024-03-15 09:55:00+00:00,58.67832472189169,4335.867037033568,1.3533238962520662,4374.272747910516,0.7567472042656078,0 days 00:55:00
176,CLOSED,2024-03-15 09:10:00+00:00,66000.0,67000.0,2024-03-15 09:22:00+00:00,58.67832472189169,4298.113959820159,1.365211003487374,4336.637856844687,0.769990312983559,0 days 00:12:00
177,CLOSED,2024-03-15 11:08:00+00:00,67000.0,68000.0,2024-03-15 12:35:00+00:00,58.67832472189169,4337.393774550817,1.3528475340694297,4375.029495114783,0.7567472042656078,0 days 01:27:00
178,CLOSED,2024-03-15 19:48:00+00:00,69000.0,70000.0,2024-03-16 00:19:00+00:00,58.67832472189169,4412.520088527698,1.329814336130775,4449.162728971441,0.7314125615008322,0 days 04:31:00
179,CLOSED,2024-03-15 20:09:00+00:00,68000.0,69000.0,2024-03-15 22:55:00+00:00,58.67832472189169,4376.503985033258,1.3407579411000075,4413.264785501742,0.7438935987452524,0 days 02:46:00
180,CLOSED,2024-03-16 02:33:00+00:00,69000.0,70000.0,2024-03-25 15:55:00+00:00,58.67832472189169,4413.995394687945,1.3293698673203997,4475.973557412861,0.7314125615008322,9 days 13:22:00
181,CLOSED,2024-03-16 11:25:00+00:00,68000.0,69000.0,2024-03-25 14:20:00+00:00,58.67832472189169,4377.979291193504,1.340306127987533,4440.075613943161,0.7438935987452524,9 days 02:55:00
182,CLOSED,2024-03-16 18:07:00+00:00,67000.0,68000.0,2024-03-17 15:47:00+00:00,58.67832472189169,4341.101134075576,1.3516921838400584,4381.074126756464,0.7567472042656078,0 days 21:40:00
183,CLOSED,2024-03-16 22:03:00+00:00,66000.0,67000.0,2024-03-17 10:19:00+00:00,58.67832472189169,4303.348056862166,1.3635505180279943,4343.439235690634,0.769990312983559,0 days 12:16:00
184,CLOSED,2024-03-16 23:17:00+00:00,65000.0,66000.0,2024-03-17 00:04:00+00:00,58.67832472189169,4264.7068031881945,1.3759052481175296,4304.1325409265255,0.783640901969747,0 days 00:47:00
185,CLOSED,2024-03-17 06:59:00+00:00,65000.0,66000.0,2024-03-17 08:33:00+00:00,58.67832472189169,4265.490444090165,1.3756524716446263,4304.916181828496,0.783640901969747,0 days 01:34:00
186,CLOSED,2024-03-18 01:02:00+00:00,67000.0,68000.0,2024-03-18 02:49:00+00:00,58.67832472189169,4344.195153396764,1.350729482675533,4381.830873960729,0.7567472042656078,0 days 01:47:00
187,CLOSED,2024-03-18 14:32:00+00:00,67000.0,68000.0,2024-03-18 16:19:00+00:00,58.67832472189169,4344.9519006010305,1.3504942301841087,4382.587621164995,0.7567472042656078,0 days 01:47:00
188,CLOSED,2024-03-18 16:56:00+00:00,67000.0,68000.0,2024-03-19 00:16:00+00:00,58.67832472189169,4345.708647805295,1.350259059624853,4383.34436836926,0.7567472042656078,0 days 07:20:00
189,CLOSED,2024-03-19 00:54:00+00:00,67000.0,68000.0,2024-03-20 22:15:00+00:00,58.67832472189169,4346.465395009562,1.3500239709549695,4394.607215394407,0.7567472042656078,1 days 21:21:00
190,CLOSED,2024-03-19 01:33:00+00:00,66000.0,67000.0,2024-03-20 20:30:00+00:00,58.67832472189169,4308.712317796152,1.3618529248177993,4356.972324328577,0.769990312983559,1 days 18:57:00
191,CLOSED,2024-03-19 03:40:00+00:00,65000.0,66000.0,2024-03-19 03:53:00+00:00,58.67832472189169,4270.07106412218,1.37417677225366,4309.496801860511,0.783640901969747,0 days 00:13:00
192,CLOSED,2024-03-19 05:24:00+00:00,65000.0,66000.0,2024-03-20 19:56:00+00:00,58.67832472189169,4270.8547050241505,1.3739246304226564,4318.449270466439,0.783640901969747,1 days 14:32:00
193,CLOSED,2024-03-19 07:10:00+00:00,64000.0,65000.0,2024-03-19 16:52:00+00:00,58.67832472189169,4231.311610636376,1.3867644390545526,4273.277764621735,0.7977180718617518,0 days 09:42:00
194,CLOSED,2024-03-19 09:11:00+00:00,63000.0,64000.0,2024-03-19 09:17:00+00:00,58.67832472189169,4190.852584273645,1.4001524401522647,4232.124724564665,0.8122421360360548,0 days 00:06:00
195,CLOSED,2024-03-19 10:47:00+00:00,63000.0,64000.0,2024-03-19 15:43:00+00:00,58.67832472189169,4191.664826409682,1.399881124850144,4232.936966700701,0.8122421360360548,0 days 04:56:00
196,CLOSED,2024-03-19 20:04:00+00:00,64000.0,65000.0,2024-03-20 18:53:00+00:00,58.67832472189169,4233.73381298031,1.3859710438570407,4279.024389981758,0.7977180718617518,0 days 22:49:00
197,CLOSED,2024-03-19 22:31:00+00:00,63000.0,64000.0,2024-03-20 12:19:00+00:00,58.67832472189169,4193.27478661758,1.3993436563985204,4237.871349924689,0.8122421360360548,0 days 13:48:00
198,CLOSED,2024-03-19 23:13:00+00:00,62000.0,63000.0,2024-03-20 00:25:00+00:00,58.67832472189169,4151.885289677117,1.4132934950728124,4194.102908135832,0.8272347184095281,0 days 01:12:00
199,CLOSED,2024-03-20 01:22:00+00:00,62000.0,63000.0,2024-03-20 02:29:00+00:00,58.67832472189169,4152.712524395526,1.4130119621134376,4194.930142854242,0.8272347184095281,0 days 01:07:00
200,CLOSED,2024-03-20 03:55:00+00:00,62000.0,63000.0,2024-03-20 07:44:00+00:00,58.67832472189169,4153.539759113935,1.412730541296405,4196.600096433513,0.8272347184095281,0 days 03:49:00
201,CLOSED,2024-03-20 05:23:00+00:00,61000.0,62000.0,2024-03-20 06:30:00+00:00,58.67832472189169,4111.204784005777,1.4272780803859184,4154.383380274281,0.8427188608608205,0 days 01:07:00
202,CLOSED,2024-03-20 16:25:00+00:00,63000.0,64000.0,2024-03-20 17:15:00+00:00,58.67832472189169,4197.411451769705,1.397964564497289,4238.683592060725,0.8122421360360548,0 days 00:50:00
203,CLOSED,2024-03-21 03:44:00+00:00,67000.0,68000.0,2024-03-25 13:59:00+00:00,58.67832472189169,4357.728242034707,1.3465347415628115,4403.315629716448,0.7567472042656078,4 days 10:15:00
204,CLOSED,2024-03-21 15:13:00+00:00,66000.0,67000.0,2024-03-21 17:07:00+00:00,58.67832472189169,4319.975164821299,1.3583023624701553,4358.499061845827,0.769990312983559,0 days 01:54:00
205,CLOSED,2024-03-21 17:45:00+00:00,66000.0,67000.0,2024-03-24 22:10:00+00:00,58.67832472189169,4320.745155134283,1.3580603024495679,4365.680738650619,0.769990312983559,3 days 04:25:00
206,CLOSED,2024-03-21 18:43:00+00:00,65000.0,66000.0,2024-03-22 03:30:00+00:00,58.67832472189169,4282.10390146031,1.370315295289328,4321.529639198641,0.783640901969747,0 days 08:47:00
207,CLOSED,2024-03-22 10:25:00+00:00,65000.0,66000.0,2024-03-24 18:34:00+00:00,58.67832472189169,4282.88754236228,1.3700645683899262,4327.157684788479,0.783640901969747,2 days 08:09:00
208,CLOSED,2024-03-22 12:03:00+00:00,64000.0,65000.0,2024-03-23 14:30:00+00:00,58.67832472189169,4243.344447974507,1.3828319958777058,4286.935086231937,0.7977180718617518,1 days 02:27:00
209,CLOSED,2024-03-22 13:58:00+00:00,63000.0,64000.0,2024-03-22 15:29:00+00:00,58.67832472189169,4202.885421611776,1.3961438115862073,4244.157561902795,0.8122421360360548,0 days 01:31:00
210,CLOSED,2024-03-22 16:36:00+00:00,63000.0,64000.0,2024-03-22 19:47:00+00:00,58.67832472189169,4203.697663747812,1.3958740474588973,4244.969804038831,0.8122421360360548,0 days 03:11:00
211,CLOSED,2024-03-22 21:16:00+00:00,63000.0,64000.0,2024-03-23 01:26:00+00:00,58.67832472189169,4204.509905883848,1.3956043875595692,4245.782046174867,0.8122421360360548,0 days 04:10:00
212,CLOSED,2024-03-23 03:36:00+00:00,63000.0,64000.0,2024-03-23 04:18:00+00:00,58.67832472189169,4205.3221480198845,1.395334831827829,4246.594288310904,0.8122421360360548,0 days 00:42:00
213,CLOSED,2024-03-23 23:56:00+00:00,64000.0,65000.0,2024-03-24 08:12:00+00:00,58.67832472189169,4247.391134590513,1.3815145076708086,4287.732804303799,0.7977180718617518,0 days 08:16:00
214,CLOSED,2024-03-25 21:18:00+00:00,70000.0,71000.0,2024-03-26 07:18:00+00:00,58.67832472189169,4476.692054656413,1.3107518677961703,4511.7412414086975,0.7192881253205456,0 days 10:00:00
215,CLOSED,2024-03-26 14:23:00+00:00,70000.0,71000.0,2024-03-27 13:07:00+00:00,58.67832472189169,4477.411342781734,1.3105412978526096,4512.460529534018,0.7192881253205456,0 days 22:44:00
216,CLOSED,2024-03-27 13:45:00+00:00,70000.0,71000.0,2024-03-28 13:27:00+00:00,58.67832472189169,4478.130630907054,1.310330795553552,4514.642642782341,0.7192881253205456,0 days 23:42:00
217,CLOSED,2024-03-27 14:03:00+00:00,69000.0,70000.0,2024-03-27 14:23:00+00:00,58.67832472189169,4442.964087505326,1.3207022061445226,4478.862834350322,0.7314125615008322,0 days 00:20:00
218,CLOSED,2024-03-27 15:52:00+00:00,69000.0,70000.0,2024-03-28 06:15:00+00:00,58.67832472189169,4443.695500066827,1.3204848244216836,4479.594246911824,0.7314125615008322,0 days 14:23:00
219,CLOSED,2024-03-29 07:37:00+00:00,70000.0,71000.0,2024-03-31 18:40:00+00:00,58.67832472189169,4480.312744155377,1.3096926056878124,4515.361930907661,0.7192881253205456,2 days 11:03:00
220,CLOSED,2024-04-01 05:46:00+00:00,70000.0,71000.0,2024-04-08 08:10:00+00:00,58.67832472189169,4481.0320322806965,1.309482375916567,4525.937631968367,0.7192881253205456,7 days 02:24:00
221,CLOSED,2024-04-01 05:57:00+00:00,69000.0,70000.0,2024-04-01 13:28:00+00:00,58.67832472189169,4445.865488878969,1.3198403071049167,4481.764235723966,0.7314125615008322,0 days 07:31:00
222,CLOSED,2024-04-01 14:52:00+00:00,69000.0,70000.0,2024-04-07 16:18:00+00:00,58.67832472189169,4446.596901440469,1.3196232089956912,4490.157823536349,0.7314125615008322,6 days 01:26:00
223,CLOSED,2024-04-02 02:36:00+00:00,68000.0,69000.0,2024-04-04 18:00:00+00:00,58.67832472189169,4410.580797946029,1.3303990428928931,4451.9892489506565,0.7438935987452524,2 days 15:24:00
224,CLOSED,2024-04-02 02:37:00+00:00,67000.0,68000.0,2024-04-04 16:22:00+00:00,58.67832472189169,4373.7026408281,1.3416166927795934,4415.229264723943,0.7567472042656078,2 days 13:45:00
225,CLOSED,2024-04-02 02:39:00+00:00,66000.0,67000.0,2024-04-02 02:41:00+00:00,58.67832472189169,4335.949563614691,1.353298138296935,4374.473460639219,0.769990312983559,0 days 00:02:00
226,CLOSED,2024-04-02 09:03:00+00:00,66000.0,67000.0,2024-04-04 13:14:00+00:00,58.67832472189169,4336.719553927675,1.35305785841623,4377.594373658113,0.769990312983559,2 days 04:11:00
227,CLOSED,2024-04-02 13:19:00+00:00,65000.0,66000.0,2024-04-02 14:30:00+00:00,58.67832472189169,4298.078300253703,1.3652223301382873,4337.504037992034,0.783640901969747,0 days 01:11:00
228,CLOSED,2024-04-02 15:54:00+00:00,65000.0,66000.0,2024-04-02 18:49:00+00:00,58.67832472189169,4298.861941155673,1.3649734633282282,4338.287678894004,0.783640901969747,0 days 02:55:00
229,CLOSED,2024-04-03 00:33:00+00:00,65000.0,66000.0,2024-04-03 02:01:00+00:00,58.67832472189169,4299.645582057643,1.3647246872336518,4339.071319795974,0.783640901969747,0 days 01:28:00
230,CLOSED,2024-04-04 20:07:00+00:00,68000.0,69000.0,2024-04-06 22:52:00+00:00,58.67832472189169,4415.972342080917,1.3287747335446625,4454.259880066651,0.7438935987452524,2 days 02:45:00
231,CLOSED,2024-04-05 05:18:00+00:00,67000.0,68000.0,2024-04-05 14:42:00+00:00,58.67832472189169,4379.094184962988,1.339964893273645,4417.499895839937,0.7567472042656078,0 days 09:24:00
232,CLOSED,2024-04-05 12:32:00+00:00,66000.0,67000.0,2024-04-05 13:31:00+00:00,58.67832472189169,4341.341107749579,1.3516174671726906,4379.865004774108,0.769990312983559,0 days 00:59:00
233,CLOSED,2024-04-07 19:52:00+00:00,69000.0,70000.0,2024-04-08 07:22:00+00:00,58.67832472189169,4454.990489252853,1.317136924611766,4490.88923609785,0.7314125615008322,0 days 11:30:00
234,CLOSED,2024-04-09 01:10:00+00:00,71000.0,72000.0,2024-10-29 15:22:00+00:00,58.67832472189169,4526.644358445725,1.296287494121574,4787.145104353669,0.7075052225537917,203 days 14:12:00
235,CLOSED,2024-04-09 08:07:00+00:00,70000.0,71000.0,2024-04-10 22:25:00+00:00,58.67832472189169,4492.315238563957,1.3061933903963783,4528.839731476487,0.7192881253205456,1 days 14:18:00
236,CLOSED,2024-04-09 14:42:00+00:00,69000.0,70000.0,2024-04-10 19:52:00+00:00,58.67832472189169,4457.148695162228,1.3164991508042105,4493.791335605971,0.7314125615008322,1 days 05:10:00
237,CLOSED,2024-04-10 12:37:00+00:00,68000.0,69000.0,2024-04-10 16:34:00+00:00,58.67832472189169,4421.132591667787,1.3272238166409849,4457.893392136272,0.7438935987452524,0 days 03:57:00
238,CLOSED,2024-04-11 11:57:00+00:00,70000.0,71000.0,2024-04-11 12:41:00+00:00,58.67832472189169,4494.509832849523,1.305555597921333,4529.559019601807,0.7192881253205456,0 days 00:44:00
239,CLOSED,2024-04-11 13:40:00+00:00,70000.0,71000.0,2024-04-12 04:45:00+00:00,58.67832472189169,4495.229120974844,1.3053466940783343,4530.278307727128,0.7192881253205456,0 days 15:05:00
240,CLOSED,2024-04-12 13:40:00+00:00,70000.0,71000.0,2024-05-20 23:24:00+00:00,58.67832472189169,4495.948409100164,1.3051378570786534,4588.270250970631,0.7192881253205456,38 days 09:44:00
241,CLOSED,2024-04-12 16:18:00+00:00,69000.0,70000.0,2024-05-20 19:59:00+00:00,58.67832472189169,4460.7818656984355,1.3154269024698046,4552.490442538614,0.7314125615008322,38 days 03:41:00
242,CLOSED,2024-04-12 17:28:00+00:00,68000.0,69000.0,2024-05-20 19:22:00+00:00,58.67832472189169,4424.765762203995,1.3261340345542667,4516.5924990689155,0.7438935987452524,38 days 01:54:00
243,CLOSED,2024-04-12 18:32:00+00:00,67000.0,68000.0,2024-05-20 16:39:00+00:00,58.67832472189169,4387.887605086066,1.3372795751166635,4479.832514842202,0.7567472042656078,37 days 22:07:00
244,CLOSED,2024-04-12 18:35:00+00:00,66000.0,67000.0,2024-04-12 18:37:00+00:00,58.67832472189169,4350.134527872658,1.3488852895449903,4388.658424897186,0.769990312983559,0 days 00:02:00
245,CLOSED,2024-04-12 18:38:00+00:00,66000.0,67000.0,2024-04-12 19:31:00+00:00,58.67832472189169,4350.904518185642,1.3486465739855162,4389.428415210169,0.769990312983559,0 days 00:53:00
246,CLOSED,2024-04-13 01:51:00+00:00,66000.0,67000.0,2024-04-13 03:35:00+00:00,58.67832472189169,4351.674508498625,1.348407942903256,4390.198405523153,0.769990312983559,0 days 01:44:00
247,CLOSED,2024-04-13 19:49:00+00:00,66000.0,67000.0,2024-04-22 22:53:00+00:00,58.67832472189169,4352.444498811608,1.348169396253375,4414.789397630714,0.769990312983559,9 days 03:04:00
248,CLOSED,2024-04-13 19:54:00+00:00,65000.0,66000.0,2024-04-15 06:18:00+00:00,58.67832472189169,4313.803245137637,1.360245736474694,4360.570575861516,0.783640901969747,1 days 10:24:00
249,CLOSED,2024-04-13 19:56:00+00:00,64000.0,65000.0,2024-04-13 23:05:00+00:00,58.67832472189169,4274.260150749862,1.372829978811593,4317.911250896865,0.7977180718617518,0 days 03:09:00
250,CLOSED,2024-04-13 20:07:00+00:00,63000.0,64000.0,2024-04-13 22:41:00+00:00,58.67832472189169,4233.801124387132,1.385949008891761,4277.570452975831,0.8122421360360548,0 days 02:34:00
251,CLOSED,2024-04-13 20:07:00+00:00,62000.0,63000.0,2024-04-13 20:11:00+00:00,58.67832472189169,4192.411627446669,1.3996317617702279,4235.471964766246,0.8272347184095281,0 days 00:04:00
252,CLOSED,2024-04-13 20:09:00+00:00,61000.0,62000.0,2024-04-13 20:10:00+00:00,58.67832472189169,4150.07665233851,1.4139094199339013,4193.255248607014,0.8427188608608205,0 days 00:01:00
253,CLOSED,2024-04-13 20:13:00+00:00,62000.0,63000.0,2024-04-13 22:31:00+00:00,58.67832472189169,4194.081581025939,1.3990744716877452,4236.299199484655,0.8272347184095281,0 days 02:18:00
254,CLOSED,2024-04-13 23:56:00+00:00,64000.0,65000.0,2024-04-14 22:05:00+00:00,58.67832472189169,4278.36729925544,1.3715120890182433,4321.145695376835,0.7977180718617518,0 days 22:09:00
255,CLOSED,2024-04-14 00:25:00+00:00,63000.0,64000.0,2024-04-14 00:42:00+00:00,58.67832472189169,4237.90827289271,1.384605823047677,4279.18041318373,0.8122421360360548,0 days 00:17:00
256,CLOSED,2024-04-14 03:01:00+00:00,63000.0,64000.0,2024-04-14 04:22:00+00:00,58.67832472189169,4238.720515028746,1.3843404988331425,4279.992655319766,0.8122421360360548,0 days 01:21:00
257,CLOSED,2024-04-14 17:22:00+00:00,63000.0,64000.0,2024-04-14 17:31:00+00:00,58.67832472189169,4239.532757164782,1.384075276284296,4280.804897455801,0.8122421360360548,0 days 00:09:00
258,CLOSED,2024-04-15 14:39:00+00:00,65000.0,66000.0,2024-04-22 03:50:00+00:00,58.67832472189169,4321.928479025155,1.3576884718630757,4376.266343768575,0.783640901969747,6 days 13:11:00
259,CLOSED,2024-04-15 15:01:00+00:00,64000.0,65000.0,2024-04-19 07:05:00+00:00,58.67832472189169,4282.38538463738,1.370225223829555,4335.231503075996,0.7977180718617518,3 days 16:04:00
260,CLOSED,2024-04-15 19:00:00+00:00,63000.0,64000.0,2024-04-16 21:46:00+00:00,58.67832472189169,4241.92635827465,1.3832942810859725,4285.680202720898,0.8122421360360548,1 days 02:46:00
261,CLOSED,2024-04-16 04:44:00+00:00,62000.0,63000.0,2024-04-16 06:22:00+00:00,58.67832472189169,4200.536861334187,1.3969244089255322,4242.754479792903,0.8272347184095281,0 days 01:38:00
262,CLOSED,2024-04-16 10:25:00+00:00,62000.0,63000.0,2024-04-16 11:52:00+00:00,58.67832472189169,4201.364096052596,1.3966493591217928,4243.581714511312,0.8272347184095281,0 days 01:27:00
263,CLOSED,2024-04-16 15:01:00+00:00,62000.0,63000.0,2024-04-16 17:18:00+00:00,58.67832472189169,4202.191330771006,1.3963744176095276,4244.408949229722,0.8272347184095281,0 days 02:17:00
264,CLOSED,2024-04-17 10:10:00+00:00,63000.0,64000.0,2024-04-18 15:09:00+00:00,58.67832472189169,4245.220304565914,1.3822209570320925,4291.549790298262,0.8122421360360548,1 days 04:59:00
265,CLOSED,2024-04-17 14:06:00+00:00,62000.0,63000.0,2024-04-18 11:25:00+00:00,58.67832472189169,4203.830807625452,1.3958298372868234,4249.451302088677,0.8272347184095281,0 days 21:19:00
266,CLOSED,2024-04-17 14:34:00+00:00,61000.0,62000.0,2024-04-18 03:06:00+00:00,58.67832472189169,4161.495832517292,1.410029640385273,4206.391867068585,0.8427188608608205,0 days 12:32:00
267,CLOSED,2024-04-17 15:44:00+00:00,60000.0,61000.0,2024-04-17 16:13:00+00:00,58.67832472189169,4118.199879599343,1.4248537331218722,4162.355469974468,0.8587191413938058,0 days 00:29:00
268,CLOSED,2024-04-17 16:46:00+00:00,60000.0,61000.0,2024-04-17 17:54:00+00:00,58.67832472189169,4119.058598740738,1.42455668729332,4163.214189115862,0.8587191413938058,0 days 01:08:00
269,CLOSED,2024-04-18 05:59:00+00:00,61000.0,62000.0,2024-04-18 11:01:00+00:00,58.67832472189169,4164.055989660941,1.4091627218170422,4207.234585929446,0.8427188608608205,0 days 05:02:00
270,CLOSED,2024-04-18 12:30:00+00:00,62000.0,63000.0,2024-04-18 14:09:00+00:00,58.67832472189169,4208.060918348371,1.3944266934453613,4250.278536807087,0.8272347184095281,0 days 01:39:00
271,CLOSED,2024-04-18 17:52:00+00:00,63000.0,64000.0,2024-04-19 06:47:00+00:00,58.67832472189169,4251.08989214328,1.380312489518017,4294.890705154963,0.8122421360360548,0 days 12:55:00
272,CLOSED,2024-04-19 01:20:00+00:00,62000.0,63000.0,2024-04-19 06:40:00+00:00,58.67832472189169,4209.700395202816,1.393883630976657,4253.619451663787,0.8272347184095281,0 days 05:20:00
273,CLOSED,2024-04-19 01:43:00+00:00,61000.0,62000.0,2024-04-19 03:24:00+00:00,58.67832472189169,4167.365420094657,1.4080436632446522,4211.402735504556,0.8427188608608205,0 days 01:41:00
274,CLOSED,2024-04-19 02:21:00+00:00,60000.0,61000.0,2024-04-19 02:55:00+00:00,58.67832472189169,4124.069467176708,1.4228258080740386,4168.225057551833,0.8587191413938058,0 days 00:34:00
275,CLOSED,2024-04-19 14:27:00+00:00,64000.0,65000.0,2024-04-20 17:09:00+00:00,58.67832472189169,4295.687551434572,1.365982139513282,4336.841463283895,0.7977180718617518,1 days 02:42:00
276,CLOSED,2024-04-19 23:04:00+00:00,63000.0,64000.0,2024-04-19 23:45:00+00:00,58.67832472189169,4255.228525071841,1.378969998348115,4296.500665362862,0.8122421360360548,0 days 00:41:00
277,CLOSED,2024-04-23 08:11:00+00:00,66000.0,67000.0,2024-04-23 14:33:00+00:00,58.67832472189169,4377.03549091917,1.340595132107767,4415.559387943698,0.769990312983559,0 days 06:22:00
278,CLOSED,2024-04-23 20:23:00+00:00,66000.0,67000.0,2024-04-24 04:48:00+00:00,58.67832472189169,4377.805481232153,1.3403593415342065,4416.329378256682,0.769990312983559,0 days 08:25:00
279,CLOSED,2024-04-24 13:11:00+00:00,66000.0,67000.0,2024-05-17 15:19:00+00:00,58.67832472189169,4378.575471545138,1.3401236338901092,4441.427633463389,0.769990312983559,23 days 02:08:00
280,CLOSED,2024-04-24 14:35:00+00:00,65000.0,66000.0,2024-05-15 19:39:00+00:00,58.67832472189169,4339.934217871166,1.3520556251812204,4402.12093869928,0.783640901969747,21 days 05:04:00
281,CLOSED,2024-04-24 19:01:00+00:00,64000.0,65000.0,2024-04-25 21:15:00+00:00,58.67832472189169,4300.391123483391,1.3644880904312078,4341.545035332714,0.7977180718617518,1 days 02:14:00
282,CLOSED,2024-04-25 13:10:00+00:00,63000.0,64000.0,2024-04-25 15:50:00+00:00,58.67832472189169,4259.932097120661,1.3774474189753652,4301.204237411681,0.8122421360360548,0 days 02:40:00
283,CLOSED,2024-04-26 01:11:00+00:00,64000.0,65000.0,2024-05-06 08:21:00+00:00,58.67832472189169,4302.00108369129,1.3639774509666867,4356.106713993714,0.7977180718617518,10 days 07:10:00
284,CLOSED,2024-04-27 00:44:00+00:00,63000.0,64000.0,2024-04-28 02:52:00+00:00,58.67832472189169,4261.542057328559,1.3769270356251155,4302.814197619578,0.8122421360360548,1 days 02:08:00
285,CLOSED,2024-04-28 22:32:00+00:00,63000.0,64000.0,2024-04-29 23:03:00+00:00,58.67832472189169,4262.354299464595,1.3766646458569252,4304.4536744740235,0.8122421360360548,1 days 00:31:00
286,CLOSED,2024-04-29 06:48:00+00:00,62000.0,63000.0,2024-04-29 14:35:00+00:00,58.67832472189169,4220.964802524132,1.3901638006268642,4263.182420982848,0.8272347184095281,0 days 07:47:00
287,CLOSED,2024-04-30 02:03:00+00:00,63000.0,64000.0,2024-05-04 10:51:00+00:00,58.67832472189169,4263.993776319041,1.3761353275835846,4314.953673936645,0.8122421360360548,4 days 08:48:00
288,CLOSED,2024-04-30 08:48:00+00:00,62000.0,63000.0,2024-05-03 20:46:00+00:00,58.67832472189169,4222.604279378577,1.389624052825692,4273.682420445469,0.8272347184095281,3 days 11:58:00
289,CLOSED,2024-04-30 11:42:00+00:00,61000.0,62000.0,2024-05-03 14:02:00+00:00,58.67832472189169,4180.269304270418,1.4036972369686316,4231.465704286238,0.8427188608608205,3 days 02:20:00
290,CLOSED,2024-04-30 19:14:00+00:00,60000.0,61000.0,2024-04-30 22:35:00+00:00,58.67832472189169,4136.973351352469,1.4183877859089529,4181.128941727594,0.8587191413938058,0 days 03:21:00
291,CLOSED,2024-05-01 01:09:00+00:00,60000.0,61000.0,2024-05-03 13:03:00+00:00,58.67832472189169,4137.832070493863,1.4180934296564685,4188.288026333515,0.8587191413938058,2 days 11:54:00
292,CLOSED,2024-05-01 07:08:00+00:00,59000.0,60000.0,2024-05-03 12:34:00+00:00,58.67832472189169,4093.5591234692943,1.4334304929291402,4144.133370833394,0.875261804317752,2 days 05:26:00
293,CLOSED,2024-05-01 07:25:00+00:00,58000.0,59000.0,2024-05-01 18:51:00+00:00,58.67832472189169,4048.292623115961,1.4494585788298853,4096.272627304633,0.8923749038942645,0 days 11:26:00
294,CLOSED,2024-05-01 08:07:00+00:00,57000.0,58000.0,2024-05-01 12:10:00+00:00,58.67832472189169,4002.0154392040545,1.4662193490578337,4049.20368131559,0.9100884631050263,0 days 04:03:00
295,CLOSED,2024-05-01 15:09:00+00:00,57000.0,58000.0,2024-05-01 18:04:00+00:00,58.67832472189169,4002.9255276671593,1.4658859955380803,4050.1137697786953,0.9100884631050263,0 days 02:55:00
296,CLOSED,2024-05-01 19:30:00+00:00,58000.0,59000.0,2024-05-02 12:16:00+00:00,58.67832472189169,4051.005174946065,1.4484880218074008,4098.985179134737,0.8923749038942645,0 days 16:46:00
297,CLOSED,2024-05-01 19:57:00+00:00,57000.0,58000.0,2024-05-01 21:25:00+00:00,58.67832472189169,4004.7279910341585,1.4652262239348477,4051.9162331456946,0.9100884631050263,0 days 01:28:00
298,CLOSED,2024-05-02 01:36:00+00:00,57000.0,58000.0,2024-05-02 11:02:00+00:00,58.67832472189169,4005.638079497264,1.4648933217964675,4052.8263216088,0.9100884631050263,0 days 09:26:00
299,CLOSED,2024-05-05 01:35:00+00:00,63000.0,64000.0,2024-05-05 13:19:00+00:00,58.67832472189169,4274.4937757816615,1.3727549459622594,4315.765916072681,0.8122421360360548,0 days 11:44:00
300,CLOSED,2024-05-06 10:48:00+00:00,64000.0,65000.0,2024-05-15 15:21:00+00:00,58.67832472189169,4316.56276235229,1.3593761507110633,4362.696058214598,0.7977180718617518,9 days 04:33:00
301,CLOSED,2024-05-06 15:02:00+00:00,63000.0,64000.0,2024-05-07 08:20:00+00:00,58.67832472189169,4276.10373598956,1.3722381014293277,4317.375876280579,0.8122421360360548,0 days 17:18:00
302,CLOSED,2024-05-07 18:34:00+00:00,63000.0,64000.0,2024-05-15 12:31:00+00:00,58.67832472189169,4276.915978125596,1.371977495513206,4322.355260293565,0.8122421360360548,7 days 17:57:00
303,CLOSED,2024-05-08 13:09:00+00:00,62000.0,63000.0,2024-05-09 22:43:00+00:00,58.67832472189169,4235.526481185132,1.3853844376265843,4278.586818504709,0.8272347184095281,1 days 09:34:00
304,CLOSED,2024-05-08 23:07:00+00:00,61000.0,62000.0,2024-05-09 15:10:00+00:00,58.67832472189169,4193.191506076973,1.3993714486174138,4236.370102345478,0.8427188608608205,0 days 16:03:00
305,CLOSED,2024-05-10 14:35:00+00:00,62000.0,63000.0,2024-05-13 08:44:00+00:00,58.67832472189169,4237.1964347644025,1.384838433273022,4280.25677208398,0.8272347184095281,2 days 18:09:00
306,CLOSED,2024-05-10 14:52:00+00:00,61000.0,62000.0,2024-05-13 07:52:00+00:00,58.67832472189169,4194.861459656244,1.3988143657716934,4238.040055924748,0.8427188608608205,2 days 17:00:00
307,CLOSED,2024-05-14 06:12:00+00:00,62000.0,63000.0,2024-05-15 12:30:00+00:00,58.67832472189169,4238.866388343673,1.3842928591297285,4281.084006802389,0.8272347184095281,1 days 06:18:00
308,CLOSED,2024-05-16 17:22:00+00:00,65000.0,66000.0,2024-05-17 06:51:00+00:00,58.67832472189169,4363.478841862919,1.3447601523567811,4402.904579601249,0.783640901969747,0 days 13:29:00
309,CLOSED,2024-05-19 19:49:00+00:00,66000.0,67000.0,2024-05-20 04:37:00+00:00,58.67832472189169,4403.673726751844,1.3324857462855884,4442.197623776372,0.769990312983559,0 days 08:48:00
310,CLOSED,2024-05-20 21:17:00+00:00,69000.0,70000.0,2024-05-20 23:13:00+00:00,58.67832472189169,4517.323108255117,1.2989623127613081,4553.221855100115,0.7314125615008322,0 days 01:56:00
311,CLOSED,2024-05-21 15:50:00+00:00,70000.0,71000.0,2024-06-04 18:22:00+00:00,58.67832472189169,4553.940352343668,1.2885176392723967,4597.917752553999,0.7192881253205456,14 days 02:32:00
312,CLOSED,2024-05-22 21:09:00+00:00,69000.0,70000.0,2024-05-23 11:31:00+00:00,58.67832472189169,4518.773808941939,1.2985452957564851,4554.672555786936,0.7314125615008322,0 days 14:22:00
313,CLOSED,2024-05-23 12:56:00+00:00,69000.0,70000.0,2024-05-27 15:21:00+00:00,58.67832472189169,4519.505221503439,1.298335146128496,4558.4181035599795,0.7314125615008322,4 days 02:25:00
314,CLOSED,2024-05-23 13:50:00+00:00,68000.0,69000.0,2024-05-24 18:04:00+00:00,58.67832472189169,4483.489118008999,1.3087647405275562,4522.52016009028,0.7438935987452524,1 days 04:14:00
315,CLOSED,2024-05-23 18:23:00+00:00,67000.0,68000.0,2024-05-23 21:02:00+00:00,58.67832472189169,4446.61096089107,1.3196190365647136,4484.246681455035,0.7567472042656078,0 days 02:39:00
316,CLOSED,2024-05-23 21:16:00+00:00,67000.0,68000.0,2024-05-23 21:54:00+00:00,58.67832472189169,4447.367708095337,1.319394495199537,4485.003428659301,0.7567472042656078,0 days 00:38:00
317,CLOSED,2024-05-24 06:27:00+00:00,67000.0,68000.0,2024-05-24 14:29:00+00:00,58.67832472189169,4448.124455299601,1.3191700302355736,4485.7601758635665,0.7567472042656078,0 days 08:02:00
318,CLOSED,2024-05-28 01:46:00+00:00,69000.0,70000.0,2024-06-03 13:45:00+00:00,58.67832472189169,4523.250769276483,1.2972600396258285,4562.1379441219815,0.7314125615008322,6 days 11:59:00
319,CLOSED,2024-05-28 03:35:00+00:00,68000.0,69000.0,2024-05-30 17:23:00+00:00,58.67832472189169,4487.234665782043,1.3076722991411713,4523.995466250527,0.7438935987452524,2 days 13:48:00
320,CLOSED,2024-05-31 09:19:00+00:00,68000.0,69000.0,2024-05-31 12:37:00+00:00,58.67832472189169,4487.978559380788,1.3074555492080517,4524.739359849273,0.7438935987452524,0 days 03:18:00
321,CLOSED,2024-05-31 14:00:00+00:00,68000.0,69000.0,2024-06-03 06:28:00+00:00,58.67832472189169,4488.722452979533,1.3072388711167044,4526.240000652283,0.7438935987452524,2 days 16:28:00
322,CLOSED,2024-05-31 16:06:00+00:00,67000.0,68000.0,2024-06-02 11:48:00+00:00,58.67832472189169,4451.844295861604,1.3180677674742254,4489.480016425569,0.7567472042656078,1 days 19:42:00
323,CLOSED,2024-06-03 14:46:00+00:00,69000.0,70000.0,2024-06-04 14:17:00+00:00,58.67832472189169,4526.970609838485,1.2961940727948584,4562.869356683483,0.7314125615008322,0 days 23:31:00
324,CLOSED,2024-06-07 17:58:00+00:00,70000.0,71000.0,2024-10-29 02:14:00+00:00,58.67832472189169,4563.587853927035,1.285793691281699,4752.934119866539,0.7192881253205456,143 days 08:16:00
325,CLOSED,2024-06-07 18:05:00+00:00,69000.0,70000.0,2024-06-10 15:36:00+00:00,58.67832472189169,4528.421310525307,1.2957788310355973,4564.320057370303,0.7314125615008322,2 days 21:31:00
326,CLOSED,2024-06-11 01:53:00+00:00,69000.0,70000.0,2024-07-29 13:05:00+00:00,58.67832472189169,4529.152723086807,1.2955695758013646,4612.607557629573,0.7314125615008322,48 days 11:12:00
327,CLOSED,2024-06-11 02:18:00+00:00,68000.0,69000.0,2024-06-12 12:30:00+00:00,58.67832472189169,4493.1366195923665,1.3059546078795887,4530.6541672651165,0.7438935987452524,1 days 10:12:00
328,CLOSED,2024-06-11 09:51:00+00:00,67000.0,68000.0,2024-06-12 10:04:00+00:00,58.67832472189169,4456.258462474438,1.31676214959285,4493.894183038403,0.7567472042656078,1 days 00:13:00
329,CLOSED,2024-06-12 19:45:00+00:00,68000.0,69000.0,2024-07-27 13:35:00+00:00,58.67832472189169,4494.637260395377,1.30551858408992,4573.708332553853,0.7438935987452524,44 days 17:50:00
330,CLOSED,2024-06-13 03:39:00+00:00,67000.0,68000.0,2024-06-13 12:30:00+00:00,58.67832472189169,4457.759103277449,1.3163188804605885,4495.394823841414,0.7567472042656078,0 days 08:51:00
331,CLOSED,2024-06-13 15:22:00+00:00,67000.0,68000.0,2024-07-21 20:22:00+00:00,58.67832472189169,4458.515850481715,1.3160954606800797,4530.78677680156,0.7567472042656078,38 days 05:00:00
332,CLOSED,2024-06-14 16:08:00+00:00,66000.0,67000.0,2024-06-17 18:17:00+00:00,58.67832472189169,4420.762773268305,1.3273348453961564,4459.286670292833,0.769990312983559,3 days 02:09:00
333,CLOSED,2024-06-18 00:45:00+00:00,66000.0,67000.0,2024-07-19 19:05:00+00:00,58.67832472189169,4421.532763581289,1.327103695922051,4492.381895422746,0.769990312983559,31 days 18:20:00
334,CLOSED,2024-06-18 01:43:00+00:00,65000.0,66000.0,2024-06-20 10:56:00+00:00,58.67832472189169,4382.891509907317,1.3388039514382717,4422.3172476456475,0.783640901969747,2 days 09:13:00
335,CLOSED,2024-06-20 14:04:00+00:00,65000.0,66000.0,2024-07-17 01:17:00+00:00,58.67832472189169,4383.6751508092875,1.3385646222224943,4451.479764514914,0.783640901969747,26 days 11:13:00
336,CLOSED,2024-06-21 08:49:00+00:00,64000.0,65000.0,2024-07-16 16:03:00+00:00,58.67832472189169,4344.132056421513,1.3507491015415418,4412.054884030234,0.7977180718617518,25 days 07:14:00
337,CLOSED,2024-06-24 00:05:00+00:00,63000.0,64000.0,2024-07-15 22:11:00+00:00,58.67832472189169,4303.673030058782,1.3634475554266312,4370.901843973164,0.8122421360360548,21 days 22:06:00
338,CLOSED,2024-06-24 09:30:00+00:00,62000.0,63000.0,2024-06-30 23:01:00+00:00,58.67832472189169,4262.28353311832,1.376687502507891,4308.76328910533,0.8272347184095281,6 days 13:31:00
339,CLOSED,2024-06-24 09:33:00+00:00,61000.0,62000.0,2024-06-25 14:29:00+00:00,58.67832472189169,4219.94855801016,1.390498578721073,4264.861135224377,0.8427188608608205,1 days 04:56:00
340,CLOSED,2024-06-24 16:56:00+00:00,60000.0,61000.0,2024-06-25 03:06:00+00:00,58.67832472189169,4176.652605092211,1.4049127440082176,4221.683457271653,0.8587191413938058,0 days 10:10:00
341,CLOSED,2024-06-24 20:29:00+00:00,59000.0,60000.0,2024-06-24 21:32:00+00:00,58.67832472189169,4132.379658067643,1.41996451384456,4177.528801771533,0.875261804317752,0 days 01:03:00
342,CLOSED,2024-06-26 17:05:00+00:00,61000.0,62000.0,2024-06-27 14:00:00+00:00,58.67832472189169,4222.525257816733,1.3896500586530882,4265.703854085238,0.8427188608608205,0 days 20:55:00
343,CLOSED,2024-06-28 14:36:00+00:00,61000.0,62000.0,2024-06-30 18:55:00+00:00,58.67832472189169,4223.367976677594,1.3893727718239768,4266.546572946099,0.8427188608608205,2 days 04:19:00
344,CLOSED,2024-07-02 14:39:00+00:00,62000.0,63000.0,2024-07-15 07:43:00+00:00,58.67832472189169,4267.372905365024,1.3750456316606445,4329.630590481987,0.8272347184095281,12 days 17:04:00
345,CLOSED,2024-07-03 03:12:00+00:00,61000.0,62000.0,2024-07-15 02:28:00+00:00,58.67832472189169,4225.0379302568645,1.3888236198230839,4287.413874322757,0.8427188608608205,11 days 23:16:00
346,CLOSED,2024-07-03 10:33:00+00:00,60000.0,61000.0,2024-07-14 21:48:00+00:00,58.67832472189169,4181.741977338916,1.4032029006063187,4244.236196370033,0.8587191413938058,11 days 11:15:00
347,CLOSED,2024-07-04 01:54:00+00:00,59000.0,60000.0,2024-07-14 04:22:00+00:00,58.67832472189169,4137.469030314346,1.418217859565068,4200.081540869913,0.875261804317752,10 days 02:28:00
348,CLOSED,2024-07-04 02:00:00+00:00,58000.0,59000.0,2024-07-04 02:35:00+00:00,58.67832472189169,4092.2025299610127,1.433905685074945,4138.362357223475,0.8923749038942645,0 days 00:35:00
349,CLOSED,2024-07-04 08:30:00+00:00,58000.0,59000.0,2024-07-10 04:07:00+00:00,58.67832472189169,4093.094904864907,1.4335930655345597,4152.238510900363,0.8923749038942645,5 days 19:37:00
350,CLOSED,2024-07-04 09:22:00+00:00,57000.0,58000.0,2024-07-04 11:07:00+00:00,58.67832472189169,4046.817720953001,1.4499868481368936,4094.0059630645364,0.9100884631050263,0 days 01:45:00
351,CLOSED,2024-07-04 13:20:00+00:00,57000.0,58000.0,2024-07-04 15:50:00+00:00,58.67832472189169,4047.7278094161056,1.4496608340459576,4094.9160515276417,0.9100884631050263,0 days 02:30:00
352,CLOSED,2024-07-04 23:41:00+00:00,57000.0,58000.0,2024-07-06 16:43:00+00:00,58.67832472189169,4048.637897879211,1.4493349665236557,4099.597622746641,0.9100884631050263,1 days 17:02:00
353,CLOSED,2024-07-05 02:58:00+00:00,56000.0,57000.0,2024-07-05 17:32:00+00:00,58.67832472189169,4001.332299118232,1.4664696739839016,4051.48193408675,0.9284346494304572,0 days 14:34:00
354,CLOSED,2024-07-05 03:11:00+00:00,55000.0,56000.0,2024-07-05 15:04:00+00:00,58.67832472189169,3952.979920957303,1.4844073558481778,4003.2479197086923,0.947447969804081,0 days 11:53:00
355,CLOSED,2024-07-05 04:19:00+00:00,54000.0,55000.0,2024-07-05 10:12:00+00:00,58.67832472189169,3903.5617310436983,1.503199610121263,3953.9481133152144,0.9671654872285771,0 days 05:53:00
356,CLOSED,2024-07-05 18:15:00+00:00,56000.0,57000.0,2024-07-06 13:49:00+00:00,58.67832472189169,4004.1753472246955,1.465428449894478,4052.4103687361803,0.9284346494304572,0 days 19:34:00
357,CLOSED,2024-07-07 13:18:00+00:00,57000.0,58000.0,2024-07-08 09:02:00+00:00,58.67832472189169,4053.31946909821,1.4476609892026733,4102.38359382898,0.9100884631050263,0 days 19:44:00
358,CLOSED,2024-07-07 23:46:00+00:00,56000.0,57000.0,2024-07-08 08:39:00+00:00,58.67832472189169,4006.013870337231,1.4647559050251637,4055.19633981852,0.9284346494304572,0 days 08:53:00
359,CLOSED,2024-07-08 01:01:00+00:00,55000.0,56000.0,2024-07-08 08:05:00+00:00,58.67832472189169,3957.661492176302,1.4826514303431424,4006.962325440463,0.947447969804081,0 days 07:04:00
360,CLOSED,2024-07-08 10:54:00+00:00,57000.0,58000.0,2024-07-09 14:15:00+00:00,58.67832472189169,4056.1054401805495,1.4466666507387378,4105.16956491132,0.9100884631050263,1 days 03:21:00
361,CLOSED,2024-07-08 14:28:00+00:00,56000.0,57000.0,2024-07-09 01:12:00+00:00,58.67832472189169,4008.799841419571,1.4637379525816607,4057.98231090086,0.9284346494304572,0 days 10:44:00
362,CLOSED,2024-07-08 14:34:00+00:00,55000.0,56000.0,2024-07-08 14:41:00+00:00,58.67832472189169,3960.4474632586416,1.4816084613229885,4009.748296522803,0.947447969804081,0 days 00:07:00
363,CLOSED,2024-07-09 15:00:00+00:00,57000.0,58000.0,2024-07-09 18:38:00+00:00,58.67832472189169,4058.891411262889,1.4456736772771765,4106.079653374425,0.9100884631050263,0 days 03:38:00
364,CLOSED,2024-07-10 12:33:00+00:00,58000.0,59000.0,2024-07-11 12:30:00+00:00,58.67832472189169,4106.971058541794,1.428749408882511,4153.130885804257,0.8923749038942645,0 days 23:57:00
365,CLOSED,2024-07-11 14:17:00+00:00,58000.0,59000.0,2024-07-13 22:41:00+00:00,58.67832472189169,4107.863433445689,1.42843903339484,4154.933349171256,0.8923749038942645,2 days 08:24:00
366,CLOSED,2024-07-12 01:15:00+00:00,57000.0,58000.0,2024-07-12 13:57:00+00:00,58.67832472189169,4061.586249533783,1.4447144814080262,4108.774491645318,0.9100884631050263,0 days 12:42:00
367,CLOSED,2024-07-16 06:54:00+00:00,63000.0,64000.0,2024-07-16 12:26:00+00:00,58.67832472189169,4330.44194581818,1.355019313411098,4371.7140861092,0.8122421360360548,0 days 05:32:00
368,CLOSED,2024-07-17 08:18:00+00:00,65000.0,66000.0,2024-07-19 16:01:00+00:00,58.67832472189169,4412.837667678553,1.3297186332430944,4453.858841560608,0.783640901969747,2 days 07:43:00
369,CLOSED,2024-07-17 16:41:00+00:00,64000.0,65000.0,2024-07-18 02:02:00+00:00,58.67832472189169,4373.294573290779,1.3417418776283785,4413.636243004065,0.7977180718617518,0 days 09:21:00
370,CLOSED,2024-07-18 14:42:00+00:00,64000.0,65000.0,2024-07-19 13:55:00+00:00,58.67832472189169,4374.092291362641,1.3414971796036772,4414.433961075927,0.7977180718617518,0 days 23:13:00
371,CLOSED,2024-07-21 18:10:00+00:00,66000.0,67000.0,2024-07-21 18:29:00+00:00,58.67832472189169,4454.627988711202,1.3172441081633015,4493.1518857357305,0.769990312983559,0 days 00:19:00
372,CLOSED,2024-07-22 09:00:00+00:00,67000.0,68000.0,2024-07-22 19:45:00+00:00,58.67832472189169,4493.907803441861,1.3057304975627284,4531.543524005826,0.7567472042656078,0 days 10:45:00
373,CLOSED,2024-07-23 04:42:00+00:00,67000.0,68000.0,2024-07-26 14:03:00+00:00,58.67832472189169,4494.664550646126,1.3055106573738957,4536.191601122874,0.7567472042656078,3 days 09:21:00
374,CLOSED,2024-07-23 13:54:00+00:00,66000.0,67000.0,2024-07-23 14:32:00+00:00,58.67832472189169,4456.911473432718,1.3165692222443357,4495.435370457246,0.769990312983559,0 days 00:38:00
375,CLOSED,2024-07-23 16:53:00+00:00,66000.0,67000.0,2024-07-24 14:31:00+00:00,58.67832472189169,4457.681463745701,1.3163418068141968,4496.205360770229,0.769990312983559,0 days 21:38:00
376,CLOSED,2024-07-24 16:09:00+00:00,66000.0,67000.0,2024-07-26 02:42:00+00:00,58.67832472189169,4458.451454058685,1.3161144699349534,4498.556710057044,0.769990312983559,1 days 10:33:00
377,CLOSED,2024-07-25 01:07:00+00:00,65000.0,66000.0,2024-07-25 21:53:00+00:00,58.67832472189169,4419.8102003847125,1.327620917223644,4460.033656194906,0.783640901969747,0 days 20:46:00
378,CLOSED,2024-07-25 02:46:00+00:00,64000.0,65000.0,2024-07-25 15:18:00+00:00,58.67832472189169,4380.267105996939,1.3396060857009457,4420.608775710225,0.7977180718617518,0 days 12:32:00
379,CLOSED,2024-07-26 14:33:00+00:00,67000.0,68000.0,2024-07-26 19:46:00+00:00,58.67832472189169,4499.3126277631745,1.3041619815394672,4536.94834832714,0.7567472042656078,0 days 05:13:00
380,CLOSED,2024-07-27 19:41:00+00:00,68000.0,69000.0,2024-07-27 21:22:00+00:00,58.67832472189169,4537.691425684115,1.2931316658017393,4575.96572056113,0.7438935987452524,0 days 01:41:00
381,CLOSED,2024-07-27 20:22:00+00:00,67000.0,68000.0,2024-07-27 20:45:00+00:00,58.67832472189169,4500.813268566186,1.3037271537502535,4538.448989130151,0.7567472042656078,0 days 00:23:00
382,CLOSED,2024-07-27 20:49:00+00:00,67000.0,68000.0,2024-07-27 20:53:00+00:00,58.67832472189169,4501.570015770451,1.3035079875759479,4539.2057363344165,0.7567472042656078,0 days 00:04:00
383,CLOSED,2024-07-27 23:55:00+00:00,68000.0,69000.0,2024-07-29 02:17:00+00:00,58.67832472189169,4539.9488136913915,1.2924886850030557,4576.709614159876,0.7438935987452524,1 days 02:22:00
384,CLOSED,2024-07-29 14:02:00+00:00,69000.0,70000.0,2024-10-28 22:07:00+00:00,58.67832472189169,4577.440223346078,1.2819025887573083,4717.885723996022,0.7314125615008322,91 days 08:05:00
385,CLOSED,2024-07-29 15:07:00+00:00,68000.0,69000.0,2024-10-18 18:46:00+00:00,58.67832472189169,4541.424119851637,1.2920688130710998,4678.19041189308,0.7438935987452524,81 days 03:39:00
386,CLOSED,2024-07-29 16:31:00+00:00,67000.0,68000.0,2024-10-16 11:26:00+00:00,58.67832472189169,4504.545962733709,1.3026468196204424,4640.6736804621,0.7567472042656078,78 days 18:55:00
387,CLOSED,2024-07-30 00:21:00+00:00,66000.0,67000.0,2024-07-30 07:47:00+00:00,58.67832472189169,4466.792885520299,1.3136567158084553,4505.316782544827,0.769990312983559,0 days 07:26:00
388,CLOSED,2024-07-30 14:04:00+00:00,66000.0,67000.0,2024-10-15 13:51:00+00:00,58.67832472189169,4467.562875833283,1.3134303053529404,4601.485158181317,0.769990312983559,76 days 23:47:00
389,CLOSED,2024-07-31 19:53:00+00:00,65000.0,66000.0,2024-09-27 14:10:00+00:00,58.67832472189169,4428.9216221593115,1.3248896622668882,4550.467254828475,0.783640901969747,57 days 18:17:00
390,CLOSED,2024-08-01 02:03:00+00:00,64000.0,65000.0,2024-08-01 21:43:00+00:00,58.67832472189169,4389.378527771537,1.3368253467007856,4430.53243962086,0.7977180718617518,0 days 19:40:00
391,CLOSED,2024-08-01 15:21:00+00:00,63000.0,64000.0,2024-08-01 20:36:00+00:00,58.67832472189169,4348.919501408806,1.3492621489747787,4390.1916416998265,0.8122421360360548,0 days 05:15:00
392,CLOSED,2024-08-02 02:26:00+00:00,64000.0,65000.0,2024-08-02 13:31:00+00:00,58.67832472189169,4390.988487979435,1.3363351983847538,4431.3301576927215,0.7977180718617518,0 days 11:05:00
393,CLOSED,2024-08-02 14:42:00+00:00,64000.0,65000.0,2024-08-25 23:28:00+00:00,58.67832472189169,4391.786206051297,1.3360924682772757,4482.0006415996795,0.7977180718617518,23 days 08:46:00
394,CLOSED,2024-08-02 15:06:00+00:00,63000.0,64000.0,2024-08-23 21:20:00+00:00,58.67832472189169,4351.3271796885665,1.3485155746456974,4441.659843678646,0.8122421360360548,21 days 06:14:00
395,CLOSED,2024-08-02 21:14:00+00:00,62000.0,63000.0,2024-08-23 17:57:00+00:00,58.67832472189169,4309.937682748104,1.3614657343369567,4400.38859018747,0.8272347184095281,20 days 20:43:00
396,CLOSED,2024-08-03 00:55:00+00:00,61000.0,62000.0,2024-08-03 11:45:00+00:00,58.67832472189169,4267.602707639944,1.374971588073197,4310.781303908449,0.8427188608608205,0 days 10:50:00
397,CLOSED,2024-08-03 15:56:00+00:00,61000.0,62000.0,2024-08-08 22:54:00+00:00,58.67832472189169,4268.445426500805,1.3747001275355446,4341.585849453988,0.8427188608608205,5 days 06:58:00
398,CLOSED,2024-08-03 19:28:00+00:00,60000.0,61000.0,2024-08-04 02:29:00+00:00,58.67832472189169,4225.149473582856,1.3887869550833536,4269.305063957981,0.8587191413938058,0 days 07:01:00
399,CLOSED,2024-08-04 14:37:00+00:00,60000.0,61000.0,2024-08-08 21:58:00+00:00,58.67832472189169,4226.00819272425,1.3885047554549426,4298.408171501264,0.8587191413938058,4 days 07:21:00
400,CLOSED,2024-08-04 15:58:00+00:00,59000.0,60000.0,2024-08-08 21:42:00+00:00,58.67832472189169,4181.735245699681,1.4032051594426975,4254.253516001144,0.875261804317752,4 days 05:44:00
401,CLOSED,2024-08-04 17:40:00+00:00,58000.0,59000.0,2024-08-04 19:17:00+00:00,58.67832472189169,4136.4687453463475,1.4185608144122104,4182.62857260881,0.8923749038942645,0 days 01:37:00
402,CLOSED,2024-08-05 00:08:00+00:00,58000.0,59000.0,2024-08-08 15:01:00+00:00,58.67832472189169,4137.361120250242,1.4182548493215072,4209.105324302487,0.8923749038942645,3 days 14:53:00
403,CLOSED,2024-08-05 00:37:00+00:00,57000.0,58000.0,2024-08-08 12:32:00+00:00,58.67832472189169,4091.0839363383357,1.4342977468805214,4162.036378313444,0.9100884631050263,3 days 11:55:00
404,CLOSED,2024-08-05 00:57:00+00:00,56000.0,57000.0,2024-08-06 18:16:00+00:00,58.67832472189169,4043.778337577357,1.4510766867861036,4112.044807034319,0.9284346494304572,1 days 17:19:00
405,CLOSED,2024-08-05 01:08:00+00:00,55000.0,56000.0,2024-08-06 00:59:00+00:00,58.67832472189169,3995.4259594164278,1.4686375199519965,4062.8633446864574,0.947447969804081,0 days 23:51:00
406,CLOSED,2024-08-05 01:10:00+00:00,54000.0,55000.0,2024-08-05 01:36:00+00:00,58.67832472189169,3946.007769502823,1.487030136519089,3998.369405898168,0.9671654872285771,0 days 00:26:00
407,CLOSED,2024-08-05 01:10:00+00:00,53000.0,54000.0,2024-08-05 01:11:00+00:00,58.67832472189169,3895.504030581864,1.5063089207772435,3946.9964439174773,0.9876270619143881,0 days 00:01:00
408,CLOSED,2024-08-05 01:13:00+00:00,53000.0,54000.0,2024-08-05 01:15:00+00:00,58.67832472189169,3896.491657643778,1.505927123102701,3947.9840709793916,0.9876270619143881,0 days 00:02:00
409,CLOSED,2024-08-05 02:04:00+00:00,54000.0,55000.0,2024-08-05 16:13:00+00:00,58.67832472189169,3948.9501891138807,1.485922128966097,4009.674414769379,0.9671654872285771,0 days 14:09:00
410,CLOSED,2024-08-05 05:04:00+00:00,53000.0,54000.0,2024-08-05 14:40:00+00:00,58.67832472189169,3898.4464501929215,1.5051720081723297,3959.2890798506023,0.9876270619143881,0 days 09:36:00
411,CLOSED,2024-08-05 06:06:00+00:00,52000.0,53000.0,2024-08-05 07:41:00+00:00,58.67832472189169,3846.8366802078644,1.5253656341532285,3902.6190994787885,1.0088756202419447,0 days 01:35:00
412,CLOSED,2024-08-05 06:19:00+00:00,51000.0,52000.0,2024-08-05 07:09:00+00:00,58.67832472189169,3794.099609330554,1.5465678491304853,3850.000475977429,1.030957455366675,0 days 00:50:00
413,CLOSED,2024-08-05 06:24:00+00:00,50000.0,51000.0,2024-08-05 06:32:00+00:00,58.67832472189169,3740.2131336219263,1.5688497587053045,3796.232470632848,1.0539225638963927,0 days 00:08:00
414,CLOSED,2024-08-05 06:24:00+00:00,49000.0,50000.0,2024-08-05 06:25:00+00:00,58.67832472189169,3685.154264985356,1.5922895081876542,3741.292096286711,1.0778250237946665,0 days 00:01:00
415,CLOSED,2024-08-05 09:47:00+00:00,52000.0,53000.0,2024-08-05 14:00:00+00:00,58.67832472189169,3851.0082608711637,1.523713291350293,3907.7977351375566,1.0088756202419447,0 days 04:13:00
416,CLOSED,2024-08-05 10:36:00+00:00,51000.0,52000.0,2024-08-05 13:37:00+00:00,58.67832472189169,3798.2711899938536,1.5448692783304565,3854.14815418083,1.030957455366675,0 days 03:01:00
417,CLOSED,2024-08-05 12:32:00+00:00,50000.0,51000.0,2024-08-05 12:41:00+00:00,58.67832472189169,3744.3847142852264,1.5671019192559896,3799.3262262723533,1.0539225638963927,0 days 00:09:00
418,CLOSED,2024-08-05 12:53:00+00:00,50000.0,51000.0,2024-08-05 13:33:00+00:00,58.67832472189169,3745.4386368491223,1.566660955130619,3800.3801488362496,1.0539225638963927,0 days 00:40:00
419,CLOSED,2024-08-05 13:42:00+00:00,51000.0,52000.0,2024-08-05 13:46:00+00:00,58.67832472189169,3801.409992577013,1.5435936885648338,3855.1791116361965,1.030957455366675,0 days 00:04:00
420,CLOSED,2024-08-05 17:06:00+00:00,54000.0,55000.0,2024-08-05 17:52:00+00:00,58.67832472189169,3960.2551979850914,1.481680391499674,4010.6415802566075,0.9671654872285771,0 days 00:46:00
421,CLOSED,2024-08-05 18:22:00+00:00,54000.0,55000.0,2024-08-05 21:16:00+00:00,58.67832472189169,3961.2223634723205,1.4813186268709126,4012.5963728057504,0.9671654872285771,0 days 02:54:00
422,CLOSED,2024-08-05 18:59:00+00:00,53000.0,54000.0,2024-08-05 20:06:00+00:00,58.67832472189169,3910.718624551361,1.5004486478140138,3962.211037886974,0.9876270619143881,0 days 01:07:00
423,CLOSED,2024-08-05 23:49:00+00:00,54000.0,55000.0,2024-08-06 00:14:00+00:00,58.67832472189169,3963.1771560214634,1.480587983122042,4013.5635382929795,0.9671654872285771,0 days 00:25:00
424,CLOSED,2024-08-06 08:34:00+00:00,55000.0,56000.0,2024-08-06 14:07:00+00:00,58.67832472189169,4014.5099593921004,1.4616559758336505,4063.8107926562616,0.947447969804081,0 days 05:33:00
425,CLOSED,2024-08-06 22:27:00+00:00,56000.0,57000.0,2024-08-07 01:55:00+00:00,58.67832472189169,4064.7382201722644,1.4435941884445609,4112.97324168375,0.9284346494304572,0 days 03:28:00
426,CLOSED,2024-08-07 14:33:00+00:00,56000.0,57000.0,2024-08-08 01:44:00+00:00,58.67832472189169,4065.666654821695,1.4432645296264484,4114.849124302984,0.9284346494304572,0 days 11:11:00
427,CLOSED,2024-08-07 18:29:00+00:00,55000.0,56000.0,2024-08-08 01:43:00+00:00,58.67832472189169,4017.314276660766,1.4606356555869393,4066.615109924927,0.947447969804081,0 days 07:14:00
428,CLOSED,2024-08-08 13:48:00+00:00,57000.0,58000.0,2024-08-08 14:27:00+00:00,58.67832472189169,4115.758224665014,1.4256990211485903,4162.94646677655,0.9100884631050263,0 days 00:39:00
429,CLOSED,2024-08-09 01:00:00+00:00,61000.0,62000.0,2024-08-23 14:13:00+00:00,58.67832472189169,4299.249972046344,1.3648502669865032,4357.329155167378,0.8427188608608205,14 days 13:13:00
430,CLOSED,2024-08-09 13:35:00+00:00,60000.0,61000.0,2024-08-09 14:03:00+00:00,58.67832472189169,4255.954019128394,1.3787349313024022,4300.109609503519,0.8587191413938058,0 days 00:28:00
431,CLOSED,2024-08-09 14:32:00+00:00,60000.0,61000.0,2024-08-10 00:16:00+00:00,58.67832472189169,4256.8127382697885,1.3784568015961611,4300.968328644913,0.8587191413938058,0 days 09:44:00
432,CLOSED,2024-08-11 15:09:00+00:00,60000.0,61000.0,2024-08-13 16:49:00+00:00,58.67832472189169,4257.671457411182,1.3781787840804944,4305.362321202731,0.8587191413938058,2 days 01:40:00
433,CLOSED,2024-08-11 20:08:00+00:00,59000.0,60000.0,2024-08-12 14:36:00+00:00,58.67832472189169,4213.398510386613,1.3926602142484614,4260.332403898293,0.875261804317752,0 days 18:28:00
434,CLOSED,2024-08-12 07:16:00+00:00,58000.0,59000.0,2024-08-12 08:07:00+00:00,58.67832472189169,4168.13201003328,1.4077847002121027,4214.291837295742,0.8923749038942645,0 days 00:51:00
435,CLOSED,2024-08-12 13:58:00+00:00,58000.0,59000.0,2024-08-12 14:13:00+00:00,58.67832472189169,4169.024384937175,1.407483365506291,4215.184212199636,0.8923749038942645,0 days 00:15:00
436,CLOSED,2024-08-12 18:36:00+00:00,59000.0,60000.0,2024-08-13 16:21:00+00:00,58.67832472189169,4216.05852199872,1.3917815517910288,4261.207665702611,0.875261804317752,0 days 21:45:00
437,CLOSED,2024-08-14 13:49:00+00:00,60000.0,61000.0,2024-08-20 04:16:00+00:00,58.67832472189169,4262.065449969001,1.3767579454303893,4311.55877712755,0.8587191413938058,5 days 14:27:00
438,CLOSED,2024-08-14 14:11:00+00:00,59000.0,60000.0,2024-08-18 02:58:00+00:00,58.67832472189169,4217.792502944432,1.39120937506832,4265.636484919216,0.875261804317752,3 days 12:47:00
439,CLOSED,2024-08-15 06:22:00+00:00,58000.0,59000.0,2024-08-15 12:36:00+00:00,58.67832472189169,4172.526002591098,1.4063021940535068,4218.685829853561,0.8923749038942645,0 days 06:14:00
440,CLOSED,2024-08-15 18:12:00+00:00,58000.0,59000.0,2024-08-16 17:33:00+00:00,58.67832472189169,4173.4183774949925,1.40600149360324,4220.48829322056,0.8923749038942645,0 days 23:21:00
441,CLOSED,2024-08-15 19:28:00+00:00,57000.0,58000.0,2024-08-16 02:31:00+00:00,58.67832472189169,4127.1411935830865,1.4217668349492194,4174.329435694623,0.9100884631050263,0 days 07:03:00
442,CLOSED,2024-08-18 23:21:00+00:00,59000.0,60000.0,2024-08-20 00:26:00+00:00,58.67832472189169,4221.362603019643,1.3900327984124763,4267.404121627429,0.875261804317752,1 days 01:05:00
443,CLOSED,2024-08-19 09:55:00+00:00,58000.0,59000.0,2024-08-19 17:32:00+00:00,58.67832472189169,4176.09610266631,1.405099961287466,4222.255929928771,0.8923749038942645,0 days 07:37:00
444,CLOSED,2024-08-20 14:20:00+00:00,60000.0,61000.0,2024-08-21 19:07:00+00:00,58.67832472189169,4268.261905893818,1.3747592349210314,4313.292758073261,0.8587191413938058,1 days 04:47:00
445,CLOSED,2024-08-20 15:04:00+00:00,59000.0,60000.0,2024-08-21 13:59:00+00:00,58.67832472189169,4223.9889588692495,1.389168515667705,4269.138102573141,0.875261804317752,0 days 22:55:00
446,CLOSED,2024-08-22 02:51:00+00:00,60000.0,61000.0,2024-08-22 07:56:00+00:00,58.67832472189169,4269.99588683953,1.374200965924651,4314.151477214655,0.8587191413938058,0 days 05:05:00
447,CLOSED,2024-08-23 14:48:00+00:00,61000.0,62000.0,2024-08-23 17:40:00+00:00,58.67832472189169,4314.993277759734,1.3598705941056854,4358.1718740282395,0.8427188608608205,0 days 02:52:00
448,CLOSED,2024-08-26 00:51:00+00:00,64000.0,65000.0,2024-09-26 14:20:00+00:00,58.67832472189169,4442.456689958255,1.3208530508474823,4511.042374343795,0.7977180718617518,31 days 13:29:00
449,CLOSED,2024-08-26 21:22:00+00:00,63000.0,64000.0,2024-09-20 04:08:00+00:00,58.67832472189169,4401.9976635955245,1.332993091004133,4467.4526078786175,0.8122421360360548,24 days 06:46:00
450,CLOSED,2024-08-27 14:07:00+00:00,62000.0,63000.0,2024-09-19 12:06:00+00:00,58.67832472189169,4360.608166655062,1.3456454347491327,4426.181354387441,0.8272347184095281,22 days 21:59:00
451,CLOSED,2024-08-27 21:37:00+00:00,61000.0,62000.0,2024-09-19 00:02:00+00:00,58.67832472189169,4318.273191546903,1.3588377140370729,4383.96463822821,0.8427188608608205,22 days 02:25:00
452,CLOSED,2024-08-27 21:48:00+00:00,60000.0,61000.0,2024-08-29 15:11:00+00:00,58.67832472189169,4274.977238628953,1.3725996992842626,4321.775727516609,0.8587191413938058,1 days 17:23:00
453,CLOSED,2024-08-27 22:13:00+00:00,59000.0,60000.0,2024-08-28 09:56:00+00:00,58.67832472189169,4230.704291604385,1.3869635095588175,4275.853435308276,0.875261804317752,0 days 11:43:00
454,CLOSED,2024-08-28 14:49:00+00:00,59000.0,60000.0,2024-08-29 11:24:00+00:00,58.67832472189169,4231.579553408703,1.3866766294071915,4277.621072016488,0.875261804317752,0 days 20:35:00
455,CLOSED,2024-08-28 16:22:00+00:00,58000.0,59000.0,2024-08-28 16:51:00+00:00,58.67832472189169,4186.313053055369,1.4016707297860937,4232.472880317831,0.8923749038942645,0 days 00:29:00
456,CLOSED,2024-08-29 18:10:00+00:00,60000.0,61000.0,2024-09-17 15:13:00+00:00,58.67832472189169,4278.478856282878,1.3714763282217348,4338.210802851305,0.8587191413938058,18 days 21:03:00
457,CLOSED,2024-08-29 18:51:00+00:00,59000.0,60000.0,2024-09-13 21:10:00+00:00,58.67832472189169,4234.205909258309,1.3858165138730858,4292.288510642972,0.875261804317752,15 days 02:19:00
458,CLOSED,2024-08-30 15:30:00+00:00,58000.0,59000.0,2024-08-30 18:29:00+00:00,58.67832472189169,4188.939408904975,1.4007919187647242,4235.099236167437,0.8923749038942645,0 days 02:59:00
459,CLOSED,2024-09-01 05:25:00+00:00,58000.0,59000.0,2024-09-02 20:52:00+00:00,58.67832472189169,4189.83178380887,1.400493569900525,4235.991611071331,0.8923749038942645,1 days 15:27:00
460,CLOSED,2024-09-03 14:13:00+00:00,58000.0,59000.0,2024-09-13 15:28:00+00:00,58.67832472189169,4190.724158712764,1.4001953480974398,4247.140318944315,0.8923749038942645,10 days 01:15:00
461,CLOSED,2024-09-04 01:00:00+00:00,57000.0,58000.0,2024-09-04 15:45:00+00:00,58.67832472189169,4144.446974800858,1.415830026989577,4192.563651561824,0.9100884631050263,0 days 14:45:00
462,CLOSED,2024-09-04 01:04:00+00:00,56000.0,57000.0,2024-09-04 14:43:00+00:00,58.67832472189169,4097.141376039879,1.4321772020131665,4145.376397551364,0.9284346494304572,0 days 13:39:00
463,CLOSED,2024-09-05 03:36:00+00:00,57000.0,58000.0,2024-09-09 21:15:00+00:00,58.67832472189169,4146.285497913394,1.4152022274255207,4198.232849842738,0.9100884631050263,4 days 17:39:00
464,CLOSED,2024-09-05 15:28:00+00:00,56000.0,57000.0,2024-09-06 13:22:00+00:00,58.67832472189169,4098.979899152414,1.4315348248969257,4147.214920663899,0.9284346494304572,0 days 21:54:00
465,CLOSED,2024-09-06 13:41:00+00:00,56000.0,57000.0,2024-09-09 19:42:00+00:00,58.67832472189169,4099.9083338018445,1.4312106502020079,4151.045595832277,0.9284346494304572,3 days 06:01:00
466,CLOSED,2024-09-06 14:16:00+00:00,55000.0,56000.0,2024-09-09 16:13:00+00:00,58.67832472189169,4051.5559556409157,1.4482911099918245,4102.81158145422,0.947447969804081,3 days 01:57:00
467,CLOSED,2024-09-06 15:19:00+00:00,54000.0,55000.0,2024-09-08 22:20:00+00:00,58.67832472189169,4002.1377657273115,1.4661745336302294,4053.5117750607415,0.9671654872285771,2 days 07:01:00
468,CLOSED,2024-09-06 20:50:00+00:00,53000.0,54000.0,2024-09-07 00:02:00+00:00,58.67832472189169,3951.634026806352,1.48491293282325,4003.126440141965,0.9876270619143881,0 days 03:12:00
469,CLOSED,2024-09-09 23:54:00+00:00,57000.0,58000.0,2024-09-10 19:49:00+00:00,58.67832472189169,4151.954696194307,1.4132698696273447,4199.142938305842,0.9100884631050263,0 days 19:55:00
470,CLOSED,2024-09-11 01:32:00+00:00,57000.0,58000.0,2024-09-12 01:59:00+00:00,58.67832472189169,4152.864784657411,1.4129601555696287,4200.981461418378,0.9100884631050263,1 days 00:27:00
471,CLOSED,2024-09-11 13:50:00+00:00,56000.0,57000.0,2024-09-11 15:46:00+00:00,58.67832472189169,4105.559185896433,1.4292407456569038,4153.794207407917,0.9284346494304572,0 days 01:56:00
472,CLOSED,2024-09-15 23:09:00+00:00,59000.0,60000.0,2024-09-17 14:21:00+00:00,58.67832472189169,4248.014628743399,1.3813117385438305,4294.056147351184,0.875261804317752,1 days 15:12:00
473,CLOSED,2024-09-16 14:29:00+00:00,58000.0,59000.0,2024-09-17 09:53:00+00:00,58.67832472189169,4202.748128390065,1.3961894200966412,4248.907955652528,0.8923749038942645,0 days 19:24:00
474,CLOSED,2024-09-17 19:46:00+00:00,60000.0,61000.0,2024-09-18 18:01:00+00:00,58.67832472189169,4294.913931617574,1.3662281865516206,4339.069521992698,0.8587191413938058,0 days 22:15:00
475,CLOSED,2024-09-18 18:08:00+00:00,60000.0,61000.0,2024-09-18 18:33:00+00:00,58.67832472189169,4295.772650758968,1.3659550793854172,4339.928241134093,0.8587191413938058,0 days 00:25:00
476,CLOSED,2024-09-18 19:21:00+00:00,60000.0,61000.0,2024-09-18 23:21:00+00:00,58.67832472189169,4296.631369900362,1.3656820813848973,4340.786960275487,0.8587191413938058,0 days 04:00:00
477,CLOSED,2024-09-20 13:11:00+00:00,63000.0,64000.0,2024-09-22 22:58:00+00:00,58.67832472189169,4426.992709723634,1.3254669381543849,4468.264850014653,0.8122421360360548,2 days 09:47:00
478,CLOSED,2024-09-23 00:15:00+00:00,63000.0,64000.0,2024-09-23 03:08:00+00:00,58.67832472189169,4427.80495185967,1.3252237928241826,4469.077092150689,0.8122421360360548,0 days 02:53:00
479,CLOSED,2024-09-24 00:40:00+00:00,63000.0,64000.0,2024-09-24 17:56:00+00:00,58.67832472189169,4428.617193995706,1.3249807366833926,4469.889334286725,0.8122421360360548,0 days 17:16:00
480,CLOSED,2024-09-25 17:36:00+00:00,63000.0,64000.0,2024-09-26 10:18:00+00:00,58.67832472189169,4429.4294361317425,1.3247377696829494,4470.701576422762,0.8122421360360548,0 days 16:42:00
481,CLOSED,2024-09-30 01:47:00+00:00,65000.0,66000.0,2024-10-14 14:29:00+00:00,58.67832472189169,4511.825157992114,1.300545182207485,4562.962104319178,0.783640901969747,14 days 12:42:00
482,CLOSED,2024-09-30 08:47:00+00:00,64000.0,65000.0,2024-10-14 11:30:00+00:00,58.67832472189169,4472.28206360434,1.3120443631992469,4523.537223834497,0.7977180718617518,14 days 02:43:00
483,CLOSED,2024-09-30 23:41:00+00:00,63000.0,64000.0,2024-10-01 06:26:00+00:00,58.67832472189169,4431.82303724161,1.324022286738538,4473.095177532629,0.8122421360360548,0 days 06:45:00
484,CLOSED,2024-10-01 13:37:00+00:00,63000.0,64000.0,2024-10-07 14:17:00+00:00,58.67832472189169,4432.635279377646,1.323779671088353,4478.980249252446,0.8122421360360548,6 days 00:40:00
485,CLOSED,2024-10-01 15:06:00+00:00,62000.0,63000.0,2024-10-07 00:38:00+00:00,58.67832472189169,4391.245782437183,1.3362568990461896,4437.70899576127,0.8272347184095281,5 days 09:32:00
486,CLOSED,2024-10-01 20:19:00+00:00,61000.0,62000.0,2024-10-02 16:03:00+00:00,58.67832472189169,4348.910807329024,1.3492648463381625,4392.089403597529,0.8427188608608205,0 days 19:44:00
487,CLOSED,2024-10-02 18:16:00+00:00,61000.0,62000.0,2024-10-04 13:00:00+00:00,58.67832472189169,4349.753526189885,1.3490034405073585,4394.649560741178,0.8427188608608205,1 days 18:44:00
488,CLOSED,2024-10-02 19:46:00+00:00,60000.0,61000.0,2024-10-03 00:37:00+00:00,58.67832472189169,4306.457573271935,1.3625659541168873,4350.61316364706,0.8587191413938058,0 days 04:51:00
489,CLOSED,2024-10-03 13:17:00+00:00,60000.0,61000.0,2024-10-03 19:54:00+00:00,58.67832472189169,4307.316292413329,1.3622943089933857,4351.471882788454,0.8587191413938058,0 days 06:37:00
490,CLOSED,2024-10-04 14:26:00+00:00,61000.0,62000.0,2024-10-04 16:29:00+00:00,58.67832472189169,4352.313683333534,1.3482099175569684,4395.492279602038,0.8427188608608205,0 days 02:03:00
491,CLOSED,2024-10-07 18:47:00+00:00,63000.0,64000.0,2024-10-14 03:42:00+00:00,58.67832472189169,4438.5203510974625,1.3220244604124203,4483.196425913464,0.8122421360360548,6 days 08:55:00
492,CLOSED,2024-10-08 15:34:00+00:00,62000.0,63000.0,2024-10-11 19:05:00+00:00,58.67832472189169,4397.130854157,1.3344684674648206,4441.925172422288,0.8272347184095281,3 days 03:31:00
493,CLOSED,2024-10-09 19:12:00+00:00,61000.0,62000.0,2024-10-11 15:09:00+00:00,58.67832472189169,4354.79587904884,1.3474414496485656,4399.708456263057,0.8427188608608205,1 days 19:57:00
494,CLOSED,2024-10-10 17:10:00+00:00,60000.0,61000.0,2024-10-11 09:51:00+00:00,58.67832472189169,4311.499926130891,1.3609724162641745,4356.5307783103335,0.8587191413938058,0 days 16:41:00
495,CLOSED,2024-10-10 18:09:00+00:00,59000.0,60000.0,2024-10-10 20:15:00+00:00,58.67832472189169,4267.226979106322,1.3750926540631452,4312.376122810213,0.875261804317752,0 days 02:06:00
496,CLOSED,2024-10-15 14:39:00+00:00,66000.0,67000.0,2024-10-15 16:39:00+00:00,58.67832472189169,4563.731251469773,1.2857532902051152,4603.038789396271,0.769990312983559,0 days 02:00:00
497,CLOSED,2024-10-15 15:06:00+00:00,65000.0,66000.0,2024-10-15 15:31:00+00:00,58.67832472189169,4525.089997795801,1.2967327666515862,4564.515735534132,0.783640901969747,0 days 00:25:00
498,CLOSED,2024-10-17 10:32:00+00:00,67000.0,68000.0,2024-10-18 01:56:00+00:00,58.67832472189169,4603.794707102401,1.2745643204152224,4641.430427666366,0.7567472042656078,0 days 15:24:00
499,CLOSED,2024-10-21 13:17:00+00:00,68000.0,69000.0,2024-10-28 12:34:00+00:00,58.67832472189169,4642.17350502334,1.2640269619047053,4681.987780526324,0.7438935987452524,6 days 23:17:00
500,CLOSED,2024-10-21 15:02:00+00:00,67000.0,68000.0,2024-10-24 19:27:00+00:00,58.67832472189169,4605.295347905412,1.2741490021607378,4643.701058782361,0.7567472042656078,3 days 04:25:00
501,CLOSED,2024-10-23 15:40:00+00:00,66000.0,67000.0,2024-10-24 00:47:00+00:00,58.67832472189169,4567.542270692003,1.2846804965201049,4606.066167716531,0.769990312983559,0 days 09:07:00
502,CLOSED,2024-10-25 17:56:00+00:00,67000.0,68000.0,2024-10-27 17:33:00+00:00,58.67832472189169,4606.822085422661,1.2737267390370284,4645.2277962996095,0.7567472042656078,1 days 23:37:00
503,CLOSED,2024-10-25 23:13:00+00:00,66000.0,67000.0,2024-10-26 02:46:00+00:00,58.67832472189169,4569.0690082092515,1.2842512252816554,4607.59290523378,0.769990312983559,0 days 03:33:00
504,CLOSED,2024-10-29 20:24:00+00:00,72000.0,73000.0,2024-11-06 02:53:00+00:00,58.67832472189169,4787.840387025813,1.2255697763212703,4827.811374995094,0.6960496226416737,7 days 06:29:00
505,CLOSED,2024-10-31 14:03:00+00:00,71000.0,72000.0,2024-11-06 02:17:00+00:00,58.67832472189169,4754.336895966539,1.2342062837758283,4794.426007535763,0.7075052225537917,5 days 12:14:00
506,CLOSED,2024-10-31 20:48:00+00:00,70000.0,71000.0,2024-11-01 13:55:00+00:00,58.67832472189169,4720.007776084771,1.2431827976894807,4755.788375398555,0.7192881253205456,0 days 17:07:00
507,CLOSED,2024-11-01 02:09:00+00:00,69000.0,70000.0,2024-11-01 10:29:00+00:00,58.67832472189169,4684.841232683042,1.2525146916939636,4720.739979528038,0.7314125615008322,0 days 08:20:00
508,CLOSED,2024-11-01 15:40:00+00:00,70000.0,71000.0,2024-11-06 00:42:00+00:00,58.67832472189169,4721.458476771591,1.2428008211990966,4760.215023048633,0.7192881253205456,4 days 09:02:00
509,CLOSED,2024-11-01 19:02:00+00:00,69000.0,70000.0,2024-11-05 14:44:00+00:00,58.67832472189169,4686.291933369863,1.252126959997064,4724.435214616616,0.7314125615008322,3 days 19:42:00
510,CLOSED,2024-11-03 02:42:00+00:00,68000.0,69000.0,2024-11-03 21:01:00+00:00,58.67832472189169,4650.275829875422,1.261824607153758,4687.036630343906,0.7438935987452524,0 days 18:19:00
511,CLOSED,2024-11-04 16:42:00+00:00,68000.0,69000.0,2024-11-05 08:05:00+00:00,58.67832472189169,4651.019723474167,1.2616227883476014,4688.537271146917,0.7438935987452524,0 days 15:23:00
512,CLOSED,2024-11-04 21:37:00+00:00,67000.0,68000.0,2024-11-04 22:56:00+00:00,58.67832472189169,4614.141566356238,1.2717062074935346,4651.777286920204,0.7567472042656078,0 days 01:19:00
513,CLOSED,2024-11-05 19:57:00+00:00,69000.0,70000.0,2024-11-06 00:23:00+00:00,58.67832472189169,4689.26788033312,1.2513323234953098,4725.166627178116,0.7314125615008322,0 days 04:26:00
514,CLOSED,2024-11-06 03:10:00+00:00,74000.0,75000.0,2024-11-06 06:05:00+00:00,58.67832472189169,4861.05591509069,1.207110671978291,4892.824878890247,0.6740672552427256,0 days 02:55:00
515,CLOSED,2024-11-06 07:38:00+00:00,74000.0,75000.0,2024-11-06 18:31:00+00:00,58.67832472189169,4861.7299823459325,1.2069433089654562,4894.183854020272,0.6740672552427256,0 days 10:53:00
516,CLOSED,2024-11-06 07:42:00+00:00,73000.0,74000.0,2024-11-06 09:38:00+00:00,58.67832472189169,4829.843661896932,1.2149114718724798,4862.415634551245,0.6849078747819277,0 days 01:56:00
517,CLOSED,2024-11-07 04:02:00+00:00,75000.0,76000.0,2024-11-07 15:59:00+00:00,58.67832472189169,4894.846636260105,1.198777593708732,4925.823442675916,0.6635157188912402,0 days 11:57:00
518,CLOSED,2024-11-09 17:07:00+00:00,76000.0,77000.0,2024-11-10 00:57:00+00:00,58.67832472189169,4926.475961613505,1.1910811131345405,4956.6711727440215,0.6532418545490017,0 days 07:50:00
519,CLOSED,2024-11-10 19:44:00+00:00,80000.0,81000.0,2024-11-10 22:21:00+00:00,58.67832472189169,5043.2806739954285,1.1634951238080722,5071.073705959957,0.614714863265597,0 days 02:37:00
520,CLOSED,2024-11-10 20:55:00+00:00,79000.0,80000.0,2024-11-10 21:54:00+00:00,58.67832472189169,5015.994266229966,1.1698243978654796,5043.905338186454,0.6239808485109748,0 days 00:59:00
521,CLOSED,2024-11-10 23:40:00+00:00,80000.0,81000.0,2024-11-11 01:38:00+00:00,58.67832472189169,5044.5193697072045,1.163209424355873,5071.688420823222,0.614714863265597,0 days 01:58:00
522,CLOSED,2024-11-11 22:17:00+00:00,87000.0,88000.0,2024-11-11 22:59:00+00:00,58.67832472189169,5220.1754125649495,1.1240680644687362,5242.397764598843,0.5558172788898261,0 days 00:42:00
523,CLOSED,2024-11-12 00:12:00+00:00,88000.0,89000.0,2024-11-12 00:59:00+00:00,58.67832472189169,5242.945317730087,1.119186281105374,5265.049698003822,0.5481682419578959,0 days 00:47:00
524,CLOSED,2024-11-12 00:19:00+00:00,87000.0,88000.0,2024-11-12 00:29:00+00:00,58.67832472189169,5221.279398085797,1.1238303919036412,5243.501750119691,0.5558172788898261,0 days 00:10:00
525,CLOSED,2024-11-12 02:23:00+00:00,88000.0,89000.0,2024-11-12 06:41:00+00:00,58.67832472189169,5244.049303250934,1.1189506682462986,5266.15368352467,0.5481682419578959,0 days 04:18:00
526,CLOSED,2024-11-12 02:53:00+00:00,87000.0,88000.0,2024-11-12 03:09:00+00:00,58.67832472189169,5222.383383606644,1.1235928198241105,5244.605735640538,0.5558172788898261,0 days 00:16:00
527,CLOSED,2024-11-12 09:46:00+00:00,88000.0,89000.0,2024-11-12 19:08:00+00:00,58.67832472189169,5245.153288771781,1.1187151545695238,5269.504418925611,0.5481682419578959,0 days 09:22:00
528,CLOSED,2024-11-12 10:07:00+00:00,87000.0,88000.0,2024-11-12 10:13:00+00:00,58.67832472189169,5223.487369127492,1.1233553481664313,5245.7097211613855,0.5558172788898261,0 days 00:06:00
529,CLOSED,2024-11-12 10:35:00+00:00,87000.0,88000.0,2024-11-12 18:24:00+00:00,58.67832472189169,5224.043186406381,1.1232358276551022,5247.95647104148,0.5558172788898261,0 days 07:49:00
530,CLOSED,2024-11-12 10:47:00+00:00,86000.0,87000.0,2024-11-12 10:57:00+00:00,58.67832472189169,5201.703477723043,1.1280597783627822,5224.607453552253,0.5636442004015549,0 days 00:10:00
531,CLOSED,2024-11-12 13:02:00+00:00,86000.0,87000.0,2024-11-12 14:53:00+00:00,58.67832472189169,5202.267121923444,1.1279375577353368,5225.1710977526545,0.5636442004015549,0 days 01:51:00
532,CLOSED,2024-11-12 16:11:00+00:00,86000.0,87000.0,2024-11-12 16:41:00+00:00,58.67832472189169,5202.830766123846,1.1278153635892245,5225.734741953056,0.5636442004015549,0 days 00:30:00
533,CLOSED,2024-11-12 22:05:00+00:00,88000.0,89000.0,2024-11-13 13:43:00+00:00,58.67832472189169,5248.504024172723,1.1180009475393449,5270.608404446459,0.5481682419578959,0 days 15:38:00
534,CLOSED,2024-11-13 04:31:00+00:00,87000.0,88000.0,2024-11-13 11:18:00+00:00,58.67832472189169,5226.838104528433,1.122635205996794,5249.060456562327,0.5558172788898261,0 days 06:47:00
535,CLOSED,2024-11-13 14:36:00+00:00,90000.0,91000.0,2024-11-13 14:50:00+00:00,58.67832472189169,5292.023007776364,1.108807059902552,5312.24679071346,0.5333801038895345,0 days 00:14:00
536,CLOSED,2024-11-13 16:37:00+00:00,92000.0,93000.0,2024-11-13 18:49:00+00:00,58.67832472189169,5332.3373010297955,1.1004240994012058,5351.265582624048,0.5192349283458597,0 days 02:12:00
537,CLOSED,2024-11-13 19:05:00+00:00,92000.0,93000.0,2024-11-19 17:34:00+00:00,58.67832472189169,5332.856535958141,1.1003169563298425,5363.068032185705,0.5192349283458597,5 days 22:29:00
538,CLOSED,2024-11-13 19:13:00+00:00,91000.0,92000.0,2024-11-18 06:59:00+00:00,58.67832472189169,5313.810897714445,1.1042606869418363,5340.961506387281,0.5262297953729416,4 days 11:46:00
539,CLOSED,2024-11-13 19:36:00+00:00,90000.0,91000.0,2024-11-13 20:34:00+00:00,58.67832472189169,5294.121087532318,1.108367635566165,5314.344870469413,0.5333801038895345,0 days 00:58:00
540,CLOSED,2024-11-13 20:55:00+00:00,90000.0,91000.0,2024-11-14 08:03:00+00:00,58.67832472189169,5294.654467636206,1.1082559793196207,5315.967109908756,0.5333801038895345,0 days 11:08:00
541,CLOSED,2024-11-13 21:04:00+00:00,89000.0,90000.0,2024-11-13 23:18:00+00:00,58.67832472189169,5274.313328049667,1.1125301261461031,5295.743926941048,0.5406910934963634,0 days 02:14:00
542,CLOSED,2024-11-13 21:21:00+00:00,88000.0,89000.0,2024-11-13 21:30:00+00:00,58.67832472189169,5253.313540750799,1.1169773946807948,5274.862103745645,0.5481682419578959,0 days 00:09:00
543,CLOSED,2024-11-14 14:41:00+00:00,90000.0,91000.0,2024-11-15 20:18:00+00:00,58.67832472189169,5296.27670707555,1.1079165226299545,5319.782194204401,0.5333801038895345,1 days 05:37:00
544,CLOSED,2024-11-14 14:47:00+00:00,89000.0,90000.0,2024-11-15 12:10:00+00:00,58.67832472189169,5275.93556748901,1.1121880464855378,5298.470151901239,0.5406910934963634,0 days 21:23:00
545,CLOSED,2024-11-14 15:59:00+00:00,88000.0,89000.0,2024-11-14 16:54:00+00:00,58.67832472189169,5254.935780190142,1.1166325750943527,5276.484343184989,0.5481682419578959,0 days 00:55:00
546,CLOSED,2024-11-14 20:11:00+00:00,88000.0,89000.0,2024-11-15 09:23:00+00:00,58.67832472189169,5255.4839484321,1.1165161057983546,5277.588328705836,0.5481682419578959,0 days 13:12:00
547,CLOSED,2024-11-14 23:13:00+00:00,87000.0,88000.0,2024-11-15 00:08:00+00:00,58.67832472189169,5233.818028787809,1.1211380372634396,5256.040380821703,0.5558172788898261,0 days 00:55:00
548,CLOSED,2024-11-15 14:34:00+00:00,89000.0,90000.0,2024-11-15 19:38:00+00:00,58.67832472189169,5278.1284123453115,1.1117259781828281,5299.559011236693,0.5406910934963634,0 days 05:04:00
549,CLOSED,2024-11-15 15:22:00+00:00,88000.0,89000.0,2024-11-15 16:11:00+00:00,58.67832472189169,5257.128625046444,1.1161668071488988,5278.67718804129,0.5481682419578959,0 days 00:49:00
550,CLOSED,2024-11-17 02:03:00+00:00,90000.0,91000.0,2024-11-17 08:53:00+00:00,58.67832472189169,5300.091791371195,1.1071190279651917,5320.315574308291,0.5333801038895345,0 days 06:50:00
551,CLOSED,2024-11-17 14:30:00+00:00,90000.0,91000.0,2024-11-18 06:21:00+00:00,58.67832472189169,5300.625171475084,1.1070076231321673,5321.3896455056765,0.5333801038895345,0 days 15:51:00
552,CLOSED,2024-11-17 22:02:00+00:00,89000.0,90000.0,2024-11-18 00:30:00+00:00,58.67832472189169,5280.284031888545,1.1112721279295428,5301.166462537968,0.5406910934963634,0 days 02:28:00
553,CLOSED,2024-11-18 11:25:00+00:00,91000.0,92000.0,2024-11-18 15:42:00+00:00,58.67832472189169,5321.91528264997,1.1025790830077564,5342.554496390432,0.5262297953729416,0 days 04:17:00
554,CLOSED,2024-11-18 13:04:00+00:00,90000.0,91000.0,2024-11-18 14:37:00+00:00,58.67832472189169,5302.225472467842,1.1066735095778704,5322.449255404939,0.5333801038895345,0 days 01:33:00
555,CLOSED,2024-11-18 14:55:00+00:00,90000.0,91000.0,2024-11-18 15:34:00+00:00,58.67832472189169,5302.758852571732,1.1065621943836625,5322.982635508828,0.5333801038895345,0 days 00:39:00
556,CLOSED,2024-11-18 17:47:00+00:00,91000.0,92000.0,2024-11-19 07:06:00+00:00,58.67832472189169,5323.508272653122,1.1022491506836276,5343.614106289693,0.5262297953729416,0 days 13:19:00
557,CLOSED,2024-11-18 19:11:00+00:00,90000.0,91000.0,2024-11-18 20:19:00+00:00,58.67832472189169,5303.818462470994,1.1063411226664435,5324.042245408091,0.5333801038895345,0 days 01:08:00
558,CLOSED,2024-11-19 14:05:00+00:00,91000.0,92000.0,2024-11-19 14:45:00+00:00,58.67832472189169,5324.567882552384,1.102029798778031,5344.140336085066,0.5262297953729416,0 days 00:40:00
559,CLOSED,2024-11-19 21:19:00+00:00,92000.0,93000.0,2024-11-20 08:15:00+00:00,58.67832472189169,5344.658985519798,1.0978871595150965,5363.587267114051,0.5192349283458597,0 days 10:56:00
560,CLOSED,2024-11-21 14:34:00+00:00,97000.0,98000.0,2024-11-21 17:59:00+00:00,58.67832472189169,5433.480080022435,1.0799399990005927,5449.782302007265,0.4864239541466304,0 days 03:25:00
561,CLOSED,2024-11-21 15:38:00+00:00,96000.0,97000.0,2024-11-21 16:21:00+00:00,58.67832472189169,5417.553214112362,1.0831148749778516,5433.973344689628,0.49271272420148904,0 days 00:43:00
562,CLOSED,2024-11-22 13:19:00+00:00,98000.0,99000.0,2024-11-22 16:56:00+00:00,58.67832472189169,5450.262019885677,1.0766147482047572,5465.467202894788,0.4802635263378079,0 days 03:37:00
563,CLOSED,2024-11-23 16:17:00+00:00,98000.0,99000.0,2024-12-04 20:51:00+00:00,58.67832472189169,5450.742283412013,1.0765198879511266,5480.453712498463,0.4802635263378079,11 days 04:34:00
564,CLOSED,2024-11-24 12:31:00+00:00,97000.0,98000.0,2024-11-24 22:59:00+00:00,58.67832472189169,5435.4197437534585,1.0795546156178006,5451.721965738288,0.4864239541466304,0 days 10:28:00
565,CLOSED,2024-11-24 15:55:00+00:00,96000.0,97000.0,2024-11-24 22:00:00+00:00,58.67832472189169,5419.492877843386,1.082727222722026,5435.913008420652,0.49271272420148904,0 days 06:05:00
566,CLOSED,2024-11-25 01:24:00+00:00,97000.0,98000.0,2024-11-25 04:12:00+00:00,58.67832472189169,5436.398880431807,1.0793601796421337,5452.208389692435,0.4864239541466304,0 days 02:48:00
567,CLOSED,2024-11-25 14:34:00+00:00,97000.0,98000.0,2024-11-29 14:59:00+00:00,58.67832472189169,5436.885304385953,1.0792636121007684,5459.796727934139,0.4864239541466304,4 days 00:25:00
568,CLOSED,2024-11-25 14:51:00+00:00,96000.0,97000.0,2024-11-27 20:15:00+00:00,58.67832472189169,5420.95843847588,1.0824345065148533,5442.496790113471,0.49271272420148904,2 days 05:24:00
569,CLOSED,2024-11-25 15:10:00+00:00,95000.0,96000.0,2024-11-25 15:29:00+00:00,58.67832472189169,5404.420951249171,1.0857467479162382,5421.45813073588,0.4991338894153827,0 days 00:19:00
570,CLOSED,2024-11-25 17:21:00+00:00,95000.0,96000.0,2024-11-27 16:32:00+00:00,58.67832472189169,5404.920085138586,1.0856464813093927,5426.07721790679,0.4991338894153827,1 days 23:11:00
571,CLOSED,2024-11-25 21:44:00+00:00,94000.0,95000.0,2024-11-27 15:34:00+00:00,58.67832472189169,5387.765549002432,1.089103157667212,5409.040603355015,0.5056916751657639,1 days 17:50:00
572,CLOSED,2024-11-25 22:38:00+00:00,93000.0,94000.0,2024-11-25 22:48:00+00:00,58.67832472189169,5369.9873996067345,1.0927087971601002,5388.278511131452,0.5123904885666661,0 days 00:10:00
573,CLOSED,2024-11-25 23:42:00+00:00,93000.0,94000.0,2024-11-26 00:27:00+00:00,58.67832472189169,5370.4997900953,1.0926045436238707,5388.790901620018,0.5123904885666661,0 days 00:45:00
574,CLOSED,2024-11-26 08:16:00+00:00,93000.0,94000.0,2024-11-26 16:25:00+00:00,58.67832472189169,5371.012180583867,1.0925003099790576,5389.82252703693,0.5123904885666661,0 days 08:09:00
575,CLOSED,2024-11-26 11:24:00+00:00,92000.0,93000.0,2024-11-26 14:41:00+00:00,58.67832472189169,5352.603712409705,1.096257594894413,5371.531994003957,0.5192349283458597,0 days 03:17:00
576,CLOSED,2024-11-26 18:12:00+00:00,93000.0,94000.0,2024-11-27 13:55:00+00:00,58.67832472189169,5372.043806000779,1.0922905106683187,5391.3803822492155,0.5123904885666661,0 days 19:43:00
577,CLOSED,2024-11-26 18:34:00+00:00,92000.0,93000.0,2024-11-27 02:26:00+00:00,58.67832472189169,5353.635337826617,1.096046350174328,5373.089849216241,0.5192349283458597,0 days 07:52:00
578,CLOSED,2024-11-26 20:36:00+00:00,91000.0,92000.0,2024-11-26 22:04:00+00:00,58.67832472189169,5334.58969958292,1.0999594725434911,5354.162153115603,0.5262297953729416,0 days 01:28:00
579,CLOSED,2024-11-27 23:10:00+00:00,96000.0,97000.0,2024-11-29 11:30:00+00:00,58.67832472189169,5426.569372260406,1.0813152969506694,5443.9877706165025,0.49271272420148904,1 days 12:20:00
580,CLOSED,2024-11-28 03:31:00+00:00,95000.0,96000.0,2024-11-28 14:08:00+00:00,58.67832472189169,5410.031885033697,1.084620681889497,5427.069064520407,0.4991338894153827,0 days 10:37:00
581,CLOSED,2024-11-28 15:48:00+00:00,95000.0,96000.0,2024-11-28 23:30:00+00:00,58.67832472189169,5410.531018923112,1.0845206231452447,5427.568198409822,0.4991338894153827,0 days 07:42:00
582,CLOSED,2024-11-29 17:29:00+00:00,97000.0,98000.0,2024-12-02 01:26:00+00:00,58.67832472189169,5444.473642627658,1.0777593680033293,5460.775864612488,0.4864239541466304,2 days 07:57:00
583,CLOSED,2024-12-01 02:31:00+00:00,96000.0,97000.0,2024-12-01 08:26:00+00:00,58.67832472189169,5428.546776717585,1.0809214166405694,5444.966907294851,0.49271272420148904,0 days 05:55:00
584,CLOSED,2024-12-02 03:43:00+00:00,97000.0,98000.0,2024-12-04 20:13:00+00:00,58.67832472189169,5445.452779306006,1.077565578107353,5465.249075137278,0.4864239541466304,2 days 16:30:00
585,CLOSED,2024-12-02 07:23:00+00:00,96000.0,97000.0,2024-12-02 15:23:00+00:00,58.67832472189169,5429.5259133959335,1.0807264880552148,5446.4451778626135,0.49271272420148904,0 days 08:00:00
586,CLOSED,2024-12-02 08:40:00+00:00,95000.0,96000.0,2024-12-02 14:30:00+00:00,58.67832472189169,5412.988426169223,1.084028268714005,5430.025605655933,0.4991338894153827,0 days 05:50:00
587,CLOSED,2024-12-02 16:41:00+00:00,96000.0,97000.0,2024-12-04 19:54:00+00:00,58.67832472189169,5430.517760009549,1.0805291008161348,5449.440117819641,0.49271272420148904,2 days 03:13:00
588,CLOSED,2024-12-02 17:57:00+00:00,95000.0,96000.0,2024-12-02 20:04:00+00:00,58.67832472189169,5413.980272782839,1.0838296736484128,5431.017452269549,0.4991338894153827,0 days 02:07:00
589,CLOSED,2024-12-03 10:53:00+00:00,95000.0,96000.0,2024-12-03 15:13:00+00:00,58.67832472189169,5414.479406672255,1.083729760788867,5432.02227783413,0.4991338894153827,0 days 04:20:00
590,CLOSED,2024-12-03 13:54:00+00:00,94000.0,95000.0,2024-12-03 14:49:00+00:00,58.67832472189169,5397.324870536101,1.0871742229602597,5414.985663282355,0.5056916751657639,0 days 00:55:00
591,CLOSED,2024-12-03 16:48:00+00:00,95000.0,96000.0,2024-12-03 21:20:00+00:00,58.67832472189169,5415.484232236835,1.0835286782407443,5432.521411723545,0.4991338894153827,0 days 04:32:00
592,CLOSED,2024-12-04 16:20:00+00:00,95000.0,96000.0,2024-12-04 18:45:00+00:00,58.67832472189169,5415.983366126251,1.083428820865471,5433.020545612961,0.4991338894153827,0 days 02:25:00
593,CLOSED,2024-12-04 21:38:00+00:00,98000.0,99000.0,2024-12-04 23:32:00+00:00,58.67832472189169,5465.728793015689,1.0735681725897748,5480.9339760248,0.4802635263378079,0 days 01:54:00
594,CLOSED,2024-12-05 01:09:00+00:00,98000.0,99000.0,2024-12-05 02:29:00+00:00,58.67832472189169,5466.209056542027,1.073473848419038,5481.414239551138,0.4802635263378079,0 days 01:20:00
595,CLOSED,2024-12-05 03:10:00+00:00,103000.0,104000.0,2024-12-15 23:19:00+00:00,58.67832472189169,5536.761812081037,1.0597949977522507,5569.384441859374,0.45125568665543625,10 days 20:09:00
596,CLOSED,2024-12-05 05:46:00+00:00,102000.0,103000.0,2024-12-05 09:11:00+00:00,58.67832472189169,5524.370841138187,1.062172080935142,5537.219157847251,0.45682974212380145,0 days 03:25:00
597,CLOSED,2024-12-05 15:27:00+00:00,102000.0,103000.0,2024-12-15 12:38:00+00:00,58.67832472189169,5524.8276708803105,1.0620842534359456,5557.11134359006,0.45682974212380145,9 days 21:11:00
598,CLOSED,2024-12-05 15:50:00+00:00,101000.0,102000.0,2024-12-12 16:01:00+00:00,58.67832472189169,5511.861997521803,1.0645826174217379,5542.401895652574,0.46251417492819513,7 days 00:11:00
599,CLOSED,2024-12-05 19:44:00+00:00,100000.0,101000.0,2024-12-06 17:50:00+00:00,58.67832472189169,5498.315931624707,1.0672054034652885,5518.791968733652,0.46831229638866034,0 days 22:06:00
600,CLOSED,2024-12-05 19:55:00+00:00,99000.0,100000.0,2024-12-06 17:41:00+00:00,58.67832472189169,5484.183669263642,1.06995549858691,5504.777596461346,0.4742275516160177,0 days 21:46:00
601,CLOSED,2024-12-05 20:18:00+00:00,98000.0,99000.0,2024-12-05 20:43:00+00:00,58.67832472189169,5469.4592892622,1.0728359353015144,5484.664472271312,0.4802635263378079,0 days 00:25:00
602,CLOSED,2024-12-05 22:22:00+00:00,98000.0,99000.0,2024-12-06 14:25:00+00:00,58.67832472189169,5469.939552788538,1.0727417397506318,5490.17111259068,0.4802635263378079,0 days 16:03:00
603,CLOSED,2024-12-05 22:26:00+00:00,97000.0,98000.0,2024-12-06 01:32:00+00:00,58.67832472189169,5454.617013129982,1.075755173656468,5474.966475229496,0.4864239541466304,0 days 03:06:00
604,CLOSED,2024-12-05 22:28:00+00:00,96000.0,97000.0,2024-12-05 22:48:00+00:00,58.67832472189169,5438.69014721991,1.0789054557904212,5458.1720924634565,0.49271272420148904,0 days 00:20:00
605,CLOSED,2024-12-05 22:28:00+00:00,95000.0,96000.0,2024-12-05 22:31:00+00:00,58.67832472189169,5422.1526599932,1.082196101833202,5441.25338636736,0.4991338894153827,0 days 00:03:00
606,CLOSED,2024-12-05 22:28:00+00:00,94000.0,95000.0,2024-12-05 22:30:00+00:00,58.67832472189169,5404.998123857047,1.0856308064732205,5424.216771815585,0.5056916751657639,0 days 00:02:00
607,CLOSED,2024-12-05 22:28:00+00:00,93000.0,94000.0,2024-12-05 22:29:00+00:00,58.67832472189169,5387.219974461349,1.089213453322161,5406.556550709785,0.5123904885666661,0 days 00:01:00
608,CLOSED,2024-12-05 22:28:00+00:00,92000.0,93000.0,2024-12-05 22:29:00+00:00,58.67832472189169,5368.811506287187,1.0929481255427946,5388.266017676811,0.5192349283458597,0 days 00:01:00
609,CLOSED,2024-12-05 22:28:00+00:00,91000.0,92000.0,2024-12-05 22:29:00+00:00,58.67832472189169,5349.76586804349,1.0968391172481622,5369.338321576173,0.5262297953729416,0 days 00:01:00
610,CLOSED,2024-12-05 22:35:00+00:00,95000.0,96000.0,2024-12-05 22:36:00+00:00,58.67832472189169,5424.715340770066,1.0816848633676326,5441.752520256776,0.4991338894153827,0 days 00:01:00
611,CLOSED,2024-12-05 23:02:00+00:00,96000.0,97000.0,2024-12-05 23:21:00+00:00,58.67832472189169,5442.244674610392,1.0782007835046932,5458.664805187657,0.49271272420148904,0 days 00:19:00
612,CLOSED,2024-12-06 00:11:00+00:00,96000.0,97000.0,2024-12-06 00:18:00+00:00,58.67832472189169,5442.737387334593,1.078103177611285,5459.157517911859,0.49271272420148904,0 days 00:07:00
613,CLOSED,2024-12-06 23:21:00+00:00,100000.0,101000.0,2024-12-08 23:49:00+00:00,58.67832472189169,5505.245375318418,1.0658621137027484,5520.2087361332715,0.46831229638866034,2 days 00:28:00
614,CLOSED,2024-12-07 05:45:00+00:00,99000.0,100000.0,2024-12-07 18:46:00+00:00,58.67832472189169,5491.113112957352,1.0686052812029814,5505.72013630935,0.4742275516160177,0 days 13:01:00
615,CLOSED,2024-12-08 08:57:00+00:00,99000.0,100000.0,2024-12-08 12:50:00+00:00,58.67832472189169,5491.587340508968,1.0685130014968187,5506.1943638609655,0.4742275516160177,0 days 03:53:00
616,CLOSED,2024-12-09 00:28:00+00:00,100000.0,101000.0,2024-12-11 16:23:00+00:00,58.67832472189169,5506.662142718038,1.0655878861115058,5528.505401626674,0.46831229638866034,2 days 15:55:00
617,CLOSED,2024-12-09 03:25:00+00:00,99000.0,100000.0,2024-12-09 14:48:00+00:00,58.67832472189169,5492.529880356972,1.0683296404402638,5507.6171672353075,0.4742275516160177,0 days 11:23:00
618,CLOSED,2024-12-09 12:01:00+00:00,98000.0,99000.0,2024-12-09 13:23:00+00:00,58.67832472189169,5477.805500355531,1.0712013180840985,5493.010683364642,0.4802635263378079,0 days 01:22:00
619,CLOSED,2024-12-09 15:16:00+00:00,99000.0,100000.0,2024-12-11 15:19:00+00:00,58.67832472189169,5493.484371434925,1.0681440185214293,5514.491029354367,0.4742275516160177,2 days 00:03:00
620,CLOSED,2024-12-09 15:34:00+00:00,98000.0,99000.0,2024-12-11 14:45:00+00:00,58.67832472189169,5478.759991433484,1.0710146970051677,5499.884545483703,0.4802635263378079,1 days 23:11:00
621,CLOSED,2024-12-09 19:55:00+00:00,97000.0,98000.0,2024-12-10 00:35:00+00:00,58.67832472189169,5463.437451774929,1.0740184222815368,5481.23065426279,0.4864239541466304,0 days 04:40:00
622,CLOSED,2024-12-09 21:02:00+00:00,96000.0,97000.0,2024-12-09 21:17:00+00:00,58.67832472189169,5447.510585864857,1.077158525843889,5464.429850331537,0.49271272420148904,0 days 00:15:00
623,CLOSED,2024-12-09 21:04:00+00:00,95000.0,96000.0,2024-12-09 21:07:00+00:00,58.67832472189169,5430.973098638146,1.0804385080936174,5448.010278124856,0.4991338894153827,0 days 00:03:00
624,CLOSED,2024-12-09 22:22:00+00:00,96000.0,97000.0,2024-12-09 22:26:00+00:00,58.67832472189169,5448.502432478473,1.076962439662516,5465.421696945154,0.49271272420148904,0 days 00:04:00
625,CLOSED,2024-12-09 22:22:00+00:00,95000.0,96000.0,2024-12-09 22:23:00+00:00,58.67832472189169,5431.964945251762,1.080241226026028,5449.002124738472,0.4991338894153827,0 days 00:01:00
626,CLOSED,2024-12-10 02:57:00+00:00,97000.0,98000.0,2024-12-10 14:07:00+00:00,58.67832472189169,5465.907568956309,1.0735330589041787,5482.209790941138,0.4864239541466304,0 days 11:10:00
627,CLOSED,2024-12-10 03:23:00+00:00,96000.0,97000.0,2024-12-10 04:42:00+00:00,58.67832472189169,5449.980703046236,1.0766703208525816,5466.400833623501,0.49271272420148904,0 days 01:19:00
628,CLOSED,2024-12-10 15:26:00+00:00,97000.0,98000.0,2024-12-11 08:31:00+00:00,58.67832472189169,5466.886705634656,1.0733407857421415,5484.679908122517,0.4864239541466304,0 days 17:05:00
629,CLOSED,2024-12-10 15:52:00+00:00,96000.0,97000.0,2024-12-10 21:30:00+00:00,58.67832472189169,5450.959839724584,1.0764769223626582,5468.37823808068,0.49271272420148904,0 days 05:38:00
630,CLOSED,2024-12-10 16:35:00+00:00,95000.0,96000.0,2024-12-10 16:53:00+00:00,58.67832472189169,5434.422352497873,1.0797527486048417,5451.459531984583,0.4991338894153827,0 days 00:18:00
631,CLOSED,2024-12-10 17:06:00+00:00,95000.0,96000.0,2024-12-10 19:42:00+00:00,58.67832472189169,5434.921486387289,1.0796535859600145,5451.958665873999,0.4991338894153827,0 days 02:36:00
632,CLOSED,2024-12-11 00:42:00+00:00,96000.0,97000.0,2024-12-11 02:37:00+00:00,58.67832472189169,5452.450820227616,1.0761825582031042,5468.8709508048805,0.49271272420148904,0 days 01:55:00
633,CLOSED,2024-12-11 17:57:00+00:00,100000.0,101000.0,2024-12-11 19:42:00+00:00,58.67832472189169,5514.958808211441,1.0639848231418014,5528.973713923063,0.46831229638866034,0 days 01:45:00
634,CLOSED,2024-12-12 18:37:00+00:00,101000.0,102000.0,2024-12-14 01:02:00+00:00,58.67832472189169,5529.435700579852,1.0611991512214944,5543.80103442028,0.46251417492819513,1 days 06:25:00
635,CLOSED,2024-12-12 19:29:00+00:00,100000.0,101000.0,2024-12-13 14:57:00+00:00,58.67832472189169,5515.889634682759,1.0638052718265911,5529.90454039438,0.46831229638866034,0 days 19:28:00
636,CLOSED,2024-12-13 15:52:00+00:00,100000.0,101000.0,2024-12-13 16:46:00+00:00,58.67832472189169,5516.3579469791475,1.063714959868131,5530.372852690769,0.46831229638866034,0 days 00:54:00
637,CLOSED,2024-12-14 13:18:00+00:00,101000.0,102000.0,2024-12-15 01:48:00+00:00,58.67832472189169,5530.834839347559,1.0609306990048113,5544.263548595209,0.46251417492819513,0 days 12:30:00
638,CLOSED,2024-12-16 01:27:00+00:00,105000.0,106000.0,2024-12-16 14:54:00+00:00,58.67832472189169,5581.528344048824,1.0512949340202868,5593.114973940109,0.44042609317401116,0 days 13:27:00
639,CLOSED,2024-12-16 11:50:00+00:00,104000.0,105000.0,2024-12-16 14:36:00+00:00,58.67832472189169,5570.270146332655,1.0534197297508854,5581.974637845506,0.445788824561447,0 days 02:46:00
640,CLOSED,2024-12-16 19:16:00+00:00,106000.0,107000.0,2024-12-17 03:43:00+00:00,58.67832472189169,5593.5496388814845,1.0490355589947944,5604.132197601569,0.4351645453976616,0 days 08:27:00
641,CLOSED,2024-12-17 15:13:00+00:00,107000.0,108000.0,2025-01-20 06:54:00+00:00,58.67832472189169,5604.56170460867,1.0469743722089828,5668.714719301418,0.43000134430872095,33 days 15:41:00
642,CLOSED,2024-12-17 15:27:00+00:00,106000.0,107000.0,2024-12-17 16:14:00+00:00,58.67832472189169,5594.414804771191,1.0488733275882214,5604.997363491275,0.4351645453976616,0 days 00:47:00
643,CLOSED,2024-12-17 22:22:00+00:00,106000.0,107000.0,2025-01-20 06:51:00+00:00,58.67832472189169,5594.849969316588,1.0487917467616967,5658.68567045059,0.4351645453976616,33 days 08:29:00
644,CLOSED,2024-12-18 01:55:00+00:00,105000.0,106000.0,2025-01-19 19:58:00+00:00,58.67832472189169,5584.15005394706,1.05080136018938,5643.533774495138,0.44042609317401116,32 days 18:03:00
645,CLOSED,2024-12-18 04:26:00+00:00,104000.0,105000.0,2024-12-18 11:58:00+00:00,58.67832472189169,5572.891856230891,1.052924159227765,5584.596347743742,0.445788824561447,0 days 07:32:00
646,CLOSED,2024-12-18 14:33:00+00:00,104000.0,105000.0,2025-01-17 16:54:00+00:00,58.67832472189169,5573.337645055452,1.052839940066252,5631.0506050647555,0.445788824561447,30 days 02:21:00
647,CLOSED,2024-12-18 19:57:00+00:00,103000.0,104000.0,2025-01-17 15:09:00+00:00,58.67832472189169,5561.515796893158,1.0550779115771154,5619.34662399636,0.45125568665543625,29 days 19:12:00
648,CLOSED,2024-12-18 20:07:00+00:00,102000.0,103000.0,2025-01-17 14:36:00+00:00,58.67832472189169,5549.124825950308,1.0574338578127553,5607.073525727045,0.45682974212380145,29 days 18:29:00
649,CLOSED,2024-12-18 20:08:00+00:00,101000.0,102000.0,2024-12-18 20:11:00+00:00,58.67832472189169,5536.159152591799,1.059910365734716,5549.58786183945,0.46251417492819513,0 days 00:03:00
650,CLOSED,2024-12-18 20:37:00+00:00,101000.0,102000.0,2024-12-19 10:19:00+00:00,58.67832472189169,5536.621666766729,1.0598218237324244,5550.992915862383,0.46251417492819513,0 days 13:42:00
651,CLOSED,2024-12-18 23:58:00+00:00,100000.0,101000.0,2024-12-19 03:11:00+00:00,58.67832472189169,5523.0756008696335,1.0624211754887534,5537.564734132871,0.46831229638866034,0 days 03:13:00
652,CLOSED,2024-12-19 02:14:00+00:00,99000.0,100000.0,2024-12-19 02:52:00+00:00,58.67832472189169,5508.943338508568,1.065146637318249,5523.550361860565,0.4742275516160177,0 days 00:38:00
653,CLOSED,2024-12-19 14:49:00+00:00,101000.0,102000.0,2025-01-06 15:45:00+00:00,58.67832472189169,5538.026720789661,1.0595529360957077,5577.704152079095,0.46251417492819513,18 days 00:56:00
654,CLOSED,2024-12-19 15:23:00+00:00,100000.0,101000.0,2024-12-19 16:37:00+00:00,58.67832472189169,5524.480654892566,1.062150967438455,5538.4955606041885,0.46831229638866034,0 days 01:14:00
655,CLOSED,2024-12-19 17:18:00+00:00,100000.0,101000.0,2025-01-06 14:54:00+00:00,58.67832472189169,5524.948967188955,1.0620609361347042,5564.275970349584,0.46831229638866034,17 days 21:36:00
656,CLOSED,2024-12-19 17:38:00+00:00,99000.0,100000.0,2025-01-06 14:48:00+00:00,58.67832472189169,5510.816704827889,1.0647845476421864,5550.261598077278,0.4742275516160177,17 days 21:10:00
657,CLOSED,2024-12-19 17:54:00+00:00,98000.0,99000.0,2024-12-19 17:59:00+00:00,58.67832472189169,5496.092324826448,1.0676371729935341,5511.297507835559,0.4802635263378079,0 days 00:05:00
658,CLOSED,2024-12-19 18:10:00+00:00,98000.0,99000.0,2024-12-19 19:04:00+00:00,58.67832472189169,5496.572588352786,1.0675438880991186,5512.264195316044,0.4802635263378079,0 days 00:54:00
659,CLOSED,2024-12-19 18:23:00+00:00,97000.0,98000.0,2024-12-19 18:27:00+00:00,58.67832472189169,5481.25004869423,1.0705281496119727,5497.059557954859,0.4864239541466304,0 days 00:04:00
660,CLOSED,2024-12-19 19:31:00+00:00,98000.0,99000.0,2024-12-21 07:32:00+00:00,58.67832472189169,5497.53927583327,1.067356171148004,5519.182914778341,0.4802635263378079,1 days 12:01:00
661,CLOSED,2024-12-19 19:44:00+00:00,97000.0,98000.0,2024-12-19 21:25:00+00:00,58.67832472189169,5482.216736174714,1.0703393817814513,5499.504383607947,0.4864239541466304,0 days 01:41:00
662,CLOSED,2024-12-19 20:10:00+00:00,96000.0,97000.0,2024-12-19 20:21:00+00:00,58.67832472189169,5466.289870264642,1.0734579781633657,5482.7100008419075,0.49271272420148904,0 days 00:11:00
663,CLOSED,2024-12-19 20:35:00+00:00,96000.0,97000.0,2024-12-19 20:43:00+00:00,58.67832472189169,5466.782582988843,1.0733612290432557,5483.202713566109,0.49271272420148904,0 days 00:08:00
664,CLOSED,2024-12-19 21:03:00+00:00,96000.0,97000.0,2024-12-19 21:09:00+00:00,58.67832472189169,5467.275295713045,1.0732644973612735,5483.69542629031,0.49271272420148904,0 days 00:06:00
665,CLOSED,2024-12-20 00:29:00+00:00,97000.0,98000.0,2024-12-20 07:05:00+00:00,58.67832472189169,5484.181298301465,1.069955961158054,5500.483520286295,0.4864239541466304,0 days 06:36:00
666,CLOSED,2024-12-20 02:01:00+00:00,96000.0,97000.0,2024-12-20 02:17:00+00:00,58.67832472189169,5468.254432391393,1.073072320379034,5484.674562968658,0.49271272420148904,0 days 00:16:00
667,CLOSED,2024-12-20 08:16:00+00:00,97000.0,98000.0,2024-12-21 05:46:00+00:00,58.67832472189169,5485.160434979813,1.0697649670862845,5503.978277417156,0.4864239541466304,0 days 21:30:00
668,CLOSED,2024-12-20 08:41:00+00:00,96000.0,97000.0,2024-12-20 15:26:00+00:00,58.67832472189169,5469.23356906974,1.0728802122062646,5487.676607375319,0.49271272420148904,0 days 06:45:00
669,CLOSED,2024-12-20 09:47:00+00:00,95000.0,96000.0,2024-12-20 14:38:00+00:00,58.67832472189169,5452.696081843031,1.0761341516407825,5471.257035168637,0.4991338894153827,0 days 04:51:00
670,CLOSED,2024-12-20 10:14:00+00:00,94000.0,95000.0,2024-12-20 10:28:00+00:00,58.67832472189169,5435.5415457068775,1.079530424493531,5453.202338453131,0.5056916751657639,0 days 00:14:00
671,CLOSED,2024-12-20 11:20:00+00:00,94000.0,95000.0,2024-12-20 13:33:00+00:00,58.67832472189169,5436.047237382043,1.0794300005043869,5454.220420616863,0.5056916751657639,0 days 02:13:00
672,CLOSED,2024-12-20 11:35:00+00:00,93000.0,94000.0,2024-12-20 12:46:00+00:00,58.67832472189169,5418.269087986345,1.0829717714093636,5436.560199511063,0.5123904885666661,0 days 01:11:00
673,CLOSED,2024-12-20 21:10:00+00:00,96000.0,97000.0,2024-12-20 22:18:00+00:00,58.67832472189169,5471.749189522254,1.072386958712466,5488.16932009952,0.49271272420148904,0 days 01:08:00
674,CLOSED,2024-12-21 11:23:00+00:00,98000.0,99000.0,2024-12-24 17:27:00+00:00,58.67832472189169,5504.457995295568,1.0660145789474935,5526.166401007415,0.4802635263378079,3 days 06:04:00
675,CLOSED,2024-12-21 13:22:00+00:00,97000.0,98000.0,2024-12-21 20:19:00+00:00,58.67832472189169,5489.1354556370125,1.0689902844651533,5504.944964897641,0.4864239541466304,0 days 06:57:00
676,CLOSED,2024-12-21 21:38:00+00:00,97000.0,98000.0,2024-12-24 15:36:00+00:00,58.67832472189169,5489.621879591159,1.068895563463868,5510.96176364623,0.4864239541466304,2 days 17:58:00
677,CLOSED,2024-12-22 05:08:00+00:00,96000.0,97000.0,2024-12-22 09:38:00+00:00,58.67832472189169,5473.6950136810865,1.0720057397284588,5490.115144258352,0.49271272420148904,0 days 04:30:00
678,CLOSED,2024-12-22 14:23:00+00:00,96000.0,97000.0,2024-12-24 14:37:00+00:00,58.67832472189169,5474.187726405287,1.0719092521955536,5495.152806328593,0.49271272420148904,2 days 00:14:00
679,CLOSED,2024-12-22 19:53:00+00:00,95000.0,96000.0,2024-12-23 03:58:00+00:00,58.67832472189169,5457.650239178578,1.0751572957288533,5475.698802015619,0.4991338894153827,0 days 08:05:00
680,CLOSED,2024-12-23 01:17:00+00:00,94000.0,95000.0,2024-12-23 01:37:00+00:00,58.67832472189169,5440.495703042425,1.078547395765384,5458.1564957886785,0.5056916751657639,0 days 00:20:00
681,CLOSED,2024-12-23 02:15:00+00:00,94000.0,95000.0,2024-12-23 03:08:00+00:00,58.67832472189169,5441.00139471759,1.0784471545781937,5458.662187463844,0.5056916751657639,0 days 00:53:00
682,CLOSED,2024-12-23 06:35:00+00:00,95000.0,96000.0,2024-12-23 09:05:00+00:00,58.67832472189169,5459.160756418324,1.0748598061140389,5476.197935905034,0.4991338894153827,0 days 02:30:00
683,CLOSED,2024-12-23 13:41:00+00:00,95000.0,96000.0,2024-12-24 13:54:00+00:00,58.67832472189169,5459.659890307739,1.0747615401109578,5478.733234121913,0.4991338894153827,1 days 00:13:00
684,CLOSED,2024-12-23 14:48:00+00:00,94000.0,95000.0,2024-12-23 22:58:00+00:00,58.67832472189169,5442.505354171586,1.0781491409450938,5461.190927894972,0.5056916751657639,0 days 08:10:00
685,CLOSED,2024-12-23 16:19:00+00:00,93000.0,94000.0,2024-12-23 16:48:00+00:00,58.67832472189169,5424.727204775888,1.081682497697428,5443.018316300606,0.5123904885666661,0 days 00:29:00
686,CLOSED,2024-12-23 18:48:00+00:00,93000.0,94000.0,2024-12-23 21:12:00+00:00,58.67832472189169,5425.239595264454,1.0815803374492516,5443.530706789172,0.5123904885666661,0 days 02:24:00
687,CLOSED,2024-12-24 02:11:00+00:00,94000.0,95000.0,2024-12-24 13:33:00+00:00,58.67832472189169,5444.035826823883,1.0778460426871463,5461.696619570138,0.5056916751657639,0 days 11:22:00
688,CLOSED,2024-12-24 19:38:00+00:00,98000.0,99000.0,2024-12-24 22:18:00+00:00,58.67832472189169,5511.441481524642,1.0646638437256777,5526.646664533753,0.4802635263378079,0 days 02:40:00
689,CLOSED,2024-12-25 01:36:00+00:00,98000.0,99000.0,2024-12-25 10:19:00+00:00,58.67832472189169,5511.921745050979,1.0645710776749968,5527.12692806009,0.4802635263378079,0 days 08:43:00
690,CLOSED,2024-12-25 11:59:00+00:00,98000.0,99000.0,2024-12-25 19:14:00+00:00,58.67832472189169,5512.402008577317,1.0644783277886485,5527.607191586429,0.4802635263378079,0 days 07:15:00
691,CLOSED,2024-12-26 07:05:00+00:00,98000.0,99000.0,2025-01-06 02:05:00+00:00,58.67832472189169,5512.882272103654,1.0643855940624087,5535.655114206613,0.4802635263378079,10 days 19:00:00
692,CLOSED,2024-12-26 08:06:00+00:00,97000.0,98000.0,2025-01-03 16:22:00+00:00,58.67832472189169,5497.559732445099,1.0673521994784017,5520.450476845428,0.4864239541466304,8 days 08:16:00
693,CLOSED,2024-12-26 08:32:00+00:00,96000.0,97000.0,2024-12-27 09:05:00+00:00,58.67832472189169,5481.632866535027,1.0704533877144278,5498.5521310017075,0.49271272420148904,1 days 00:33:00
694,CLOSED,2024-12-27 07:39:00+00:00,95000.0,96000.0,2024-12-27 08:11:00+00:00,58.67832472189169,5465.095379308317,1.0736926009389838,5482.132558795027,0.4991338894153827,0 days 00:32:00
695,CLOSED,2024-12-27 14:33:00+00:00,96000.0,97000.0,2025-01-02 14:31:00+00:00,58.67832472189169,5482.624713148643,1.070259734925264,5504.641519527791,0.49271272420148904,5 days 23:58:00
696,CLOSED,2024-12-27 15:17:00+00:00,95000.0,96000.0,2024-12-31 13:28:00+00:00,58.67832472189169,5466.087225921933,1.0734977744888579,5486.704731267963,0.4991338894153827,3 days 22:11:00
697,CLOSED,2024-12-27 17:04:00+00:00,94000.0,95000.0,2024-12-28 14:15:00+00:00,58.67832472189169,5448.932689785779,1.0768774008144077,5466.593482532034,0.5056916751657639,0 days 21:11:00
698,CLOSED,2024-12-29 16:20:00+00:00,94000.0,95000.0,2024-12-30 20:24:00+00:00,58.67832472189169,5449.438381460945,1.0767774697942463,5468.130799624111,0.5056916751657639,1 days 04:04:00
699,CLOSED,2024-12-30 13:49:00+00:00,93000.0,94000.0,2024-12-30 17:44:00+00:00,58.67832472189169,5431.660232065247,1.080301826971618,5450.4705785183105,0.5123904885666661,0 days 03:55:00
700,CLOSED,2024-12-30 14:59:00+00:00,92000.0,93000.0,2024-12-30 17:36:00+00:00,58.67832472189169,5413.251763891085,1.0839755341383435,5432.180045485337,0.5192349283458597,0 days 02:37:00
701,CLOSED,2024-12-30 21:11:00+00:00,94000.0,95000.0,2024-12-31 13:12:00+00:00,58.67832472189169,5450.975698553022,1.0764737905081474,5469.668116716189,0.5056916751657639,0 days 16:01:00
702,CLOSED,2024-12-30 21:40:00+00:00,93000.0,94000.0,2024-12-31 08:29:00+00:00,58.67832472189169,5433.197549157325,1.0799961567933887,5452.007895610388,0.5123904885666661,0 days 10:49:00
703,CLOSED,2024-12-30 21:54:00+00:00,92000.0,93000.0,2024-12-30 22:42:00+00:00,58.67832472189169,5414.789080983162,1.0836677817788145,5433.717362577415,0.5192349283458597,0 days 00:48:00
704,CLOSED,2024-12-31 15:08:00+00:00,95000.0,96000.0,2025-01-02 04:47:00+00:00,58.67832472189169,5470.166685670669,1.0726971972463295,5488.22194732111,0.4991338894153827,1 days 13:39:00
705,CLOSED,2024-12-31 17:35:00+00:00,94000.0,95000.0,2025-01-01 21:21:00+00:00,58.67832472189169,5453.012149534516,1.0760717767133645,5471.185332769335,0.5056916751657639,1 days 03:46:00
706,CLOSED,2025-01-01 09:26:00+00:00,93000.0,94000.0,2025-01-01 13:58:00+00:00,58.67832472189169,5435.2340001388175,1.0795915083029182,5453.525111663535,0.5123904885666661,0 days 04:32:00
707,CLOSED,2025-01-07 11:37:00+00:00,101000.0,102000.0,2025-01-17 02:15:00+00:00,58.67832472189169,5564.737957006373,1.0544669879380717,5593.763216557266,0.46251417492819513,9 days 14:38:00
708,CLOSED,2025-01-07 14:57:00+00:00,100000.0,101000.0,2025-01-17 01:38:00+00:00,58.67832472189169,5551.19189110928,1.0570401072942583,5580.3350348277545,0.46831229638866034,9 days 10:41:00
709,CLOSED,2025-01-07 15:07:00+00:00,99000.0,100000.0,2025-01-15 20:03:00+00:00,58.67832472189169,5537.059628748213,1.059737995546155,5565.366171477495,0.4742275516160177,8 days 04:56:00
710,CLOSED,2025-01-07 15:35:00+00:00,98000.0,99000.0,2025-01-15 13:48:00+00:00,58.67832472189169,5522.335248746772,1.0625636090313066,5550.759687606831,0.4802635263378079,7 days 22:13:00
711,CLOSED,2025-01-07 17:38:00+00:00,97000.0,98000.0,2025-01-15 13:30:00+00:00,58.67832472189169,5507.012709088216,1.0655200527330349,5535.555050245645,0.4864239541466304,7 days 19:52:00
712,CLOSED,2025-01-08 06:32:00+00:00,96000.0,97000.0,2025-01-14 09:47:00+00:00,58.67832472189169,5491.0858431781435,1.0686105881005443,5518.760667479606,0.49271272420148904,6 days 03:15:00
713,CLOSED,2025-01-08 11:34:00+00:00,95000.0,96000.0,2025-01-08 15:06:00+00:00,58.67832472189169,5474.548355951434,1.0718386414123446,5491.585535438144,0.4991338894153827,0 days 03:32:00
714,CLOSED,2025-01-08 15:15:00+00:00,95000.0,96000.0,2025-01-14 09:24:00+00:00,58.67832472189169,5475.047489840849,1.0717409270106142,5502.3410952729255,0.4991338894153827,5 days 18:09:00
715,CLOSED,2025-01-08 17:09:00+00:00,94000.0,95000.0,2025-01-08 18:28:00+00:00,58.67832472189169,5457.892953704695,1.075109483084716,5476.066136939516,0.5056916751657639,0 days 01:19:00
716,CLOSED,2025-01-08 17:29:00+00:00,93000.0,94000.0,2025-01-08 17:57:00+00:00,58.67832472189169,5440.114804308998,1.0786229120645368,5458.405915833716,0.5123904885666661,0 days 00:28:00
717,CLOSED,2025-01-08 18:53:00+00:00,94000.0,95000.0,2025-01-08 22:38:00+00:00,58.67832472189169,5458.9110358684275,1.0749089761005215,5476.571828614681,0.5056916751657639,0 days 03:45:00
718,CLOSED,2025-01-09 02:07:00+00:00,94000.0,95000.0,2025-01-10 07:47:00+00:00,58.67832472189169,5459.416727543593,1.0748094100574987,5479.140771123671,0.5056916751657639,1 days 05:40:00
719,CLOSED,2025-01-09 08:07:00+00:00,93000.0,94000.0,2025-01-09 15:48:00+00:00,58.67832472189169,5441.638578147895,1.0783208748469166,5460.448924600959,0.5123904885666661,0 days 07:41:00
720,CLOSED,2025-01-09 13:53:00+00:00,92000.0,93000.0,2025-01-09 15:15:00+00:00,58.67832472189169,5423.230109973732,1.0819810985703482,5442.158391567986,0.5192349283458597,0 days 01:22:00
721,CLOSED,2025-01-09 17:48:00+00:00,93000.0,94000.0,2025-01-10 05:33:00+00:00,58.67832472189169,5442.670203564807,1.0781164856077248,5461.480550017871,0.5123904885666661,0 days 11:45:00
722,CLOSED,2025-01-09 19:58:00+00:00,92000.0,93000.0,2025-01-10 01:41:00+00:00,58.67832472189169,5424.261735390644,1.0817753195618205,5443.190016984898,0.5192349283458597,0 days 05:43:00
723,CLOSED,2025-01-10 13:30:00+00:00,94000.0,95000.0,2025-01-10 17:54:00+00:00,58.67832472189169,5461.9856700525825,1.0743038936117677,5480.671243775969,0.5056916751657639,0 days 04:24:00
724,CLOSED,2025-01-10 13:37:00+00:00,93000.0,94000.0,2025-01-10 14:08:00+00:00,58.67832472189169,5444.207520656884,1.0778120506841318,5462.498632181602,0.5123904885666661,0 days 00:31:00
725,CLOSED,2025-01-10 15:09:00+00:00,93000.0,94000.0,2025-01-10 15:39:00+00:00,58.67832472189169,5444.719911145451,1.0777106201877524,5463.011022670169,0.5123904885666661,0 days 00:30:00
726,CLOSED,2025-01-11 04:32:00+00:00,94000.0,95000.0,2025-01-11 21:54:00+00:00,58.67832472189169,5463.516142704881,1.0740029532124928,5481.176935451134,0.5056916751657639,0 days 17:22:00
727,CLOSED,2025-01-12 09:25:00+00:00,94000.0,95000.0,2025-01-12 15:19:00+00:00,58.67832472189169,5464.021834380046,1.073903554936094,5481.6826271263,0.5056916751657639,0 days 05:54:00
728,CLOSED,2025-01-12 22:13:00+00:00,94000.0,95000.0,2025-01-13 00:27:00+00:00,58.67832472189169,5464.527526055212,1.0738041750564846,5482.188318801465,0.5056916751657639,0 days 02:14:00
729,CLOSED,2025-01-13 02:47:00+00:00,94000.0,95000.0,2025-01-14 01:11:00+00:00,58.67832472189169,5465.033217730377,1.0737048135685576,5485.304480721151,0.5056916751657639,0 days 22:24:00
730,CLOSED,2025-01-13 08:22:00+00:00,93000.0,94000.0,2025-01-13 21:31:00+00:00,58.67832472189169,5447.255068334679,1.0772090527391198,5467.64425961535,0.5123904885666661,0 days 13:09:00
731,CLOSED,2025-01-13 10:28:00+00:00,92000.0,93000.0,2025-01-13 15:21:00+00:00,58.67832472189169,5428.8466001605175,1.0808617196911903,5448.834491654032,0.5192349283458597,0 days 04:53:00
732,CLOSED,2025-01-13 11:42:00+00:00,91000.0,92000.0,2025-01-13 14:52:00+00:00,58.67832472189169,5409.800961916821,1.084666980078701,5429.906795553392,0.5262297953729416,0 days 03:10:00
733,CLOSED,2025-01-13 14:34:00+00:00,90000.0,91000.0,2025-01-13 14:43:00+00:00,58.67832472189169,5390.111151734693,1.0886292150581593,5410.33493467179,0.5333801038895345,0 days 00:09:00
734,CLOSED,2025-01-13 15:30:00+00:00,92000.0,93000.0,2025-01-13 20:45:00+00:00,58.67832472189169,5430.425444988125,1.080547469370883,5449.353726582377,0.5192349283458597,0 days 05:15:00
735,CLOSED,2025-01-14 12:24:00+00:00,96000.0,97000.0,2025-01-14 13:30:00+00:00,58.67832472189169,5502.833249626542,1.066329326367903,5519.253380203808,0.49271272420148904,0 days 01:06:00
736,CLOSED,2025-01-14 16:02:00+00:00,96000.0,97000.0,2025-01-14 19:26:00+00:00,58.67832472189169,5503.325962350744,1.0662338579128479,5519.746092928009,0.49271272420148904,0 days 03:24:00
737,CLOSED,2025-01-16 08:47:00+00:00,99000.0,100000.0,2025-01-16 17:33:00+00:00,58.67832472189169,5551.233375677113,1.0570322079952978,5566.3206625554485,0.4742275516160177,0 days 08:46:00
738,CLOSED,2025-01-16 14:45:00+00:00,98000.0,99000.0,2025-01-16 15:57:00+00:00,58.67832472189169,5536.508995675672,1.0598433917062682,5551.714178684783,0.4802635263378079,0 days 01:12:00
739,CLOSED,2025-01-17 02:49:00+00:00,101000.0,102000.0,2025-01-17 08:31:00+00:00,58.67832472189169,5580.7970214845445,1.0514326985195155,5594.225730732194,0.46251417492819513,0 days 05:42:00
740,CLOSED,2025-01-18 03:37:00+00:00,104000.0,105000.0,2025-01-19 02:24:00+00:00,58.67832472189169,5619.791902376466,1.0441369670125709,5631.947649575973,0.445788824561447,0 days 22:47:00
741,CLOSED,2025-01-18 04:19:00+00:00,103000.0,104000.0,2025-01-18 12:21:00+00:00,58.67832472189169,5607.970054214172,1.046338053781104,5620.243668507577,0.45125568665543625,0 days 08:02:00
742,CLOSED,2025-01-19 09:14:00+00:00,104000.0,105000.0,2025-01-19 09:51:00+00:00,58.67832472189169,5620.688946887683,1.0439703259932815,5632.393438400534,0.445788824561447,0 days 00:37:00
743,CLOSED,2025-01-19 21:26:00+00:00,105000.0,106000.0,2025-01-20 06:48:00+00:00,58.67832472189169,5632.833359521588,1.0417195215388975,5648.103611334527,0.44042609317401116,0 days 09:22:00
744,CLOSED,2025-01-19 21:47:00+00:00,104000.0,105000.0,2025-01-20 06:45:00+00:00,58.67832472189169,5621.575161805419,1.0438057489752859,5636.963275239924,0.445788824561447,0 days 08:58:00
745,CLOSED,2025-01-19 22:08:00+00:00,103000.0,104000.0,2025-01-19 22:14:00+00:00,58.67832472189169,5609.753313643125,1.0460054380499026,5622.02692793653,0.45125568665543625,0 days 00:06:00
746,CLOSED,2025-01-19 22:43:00+00:00,103000.0,104000.0,2025-01-20 06:43:00+00:00,58.67832472189169,5610.2045693297805,1.045921302810918,5625.259294171528,0.45125568665543625,0 days 08:00:00
747,CLOSED,2025-01-19 22:48:00+00:00,102000.0,103000.0,2025-01-19 22:54:00+00:00,58.67832472189169,5597.813598386931,1.0482364889534812,5610.661915095995,0.45682974212380145,0 days 00:06:00
748,CLOSED,2025-01-19 23:01:00+00:00,102000.0,103000.0,2025-01-20 06:37:00+00:00,58.67832472189169,5598.270428129054,1.0481509508196807,5612.986195902214,0.45682974212380145,0 days 07:36:00
749,CLOSED,2025-01-19 23:12:00+00:00,101000.0,102000.0,2025-01-20 02:34:00+00:00,58.67832472189169,5585.304754770546,1.050584118472194,5600.138400907363,0.46251417492819513,0 days 03:22:00
750,CLOSED,2025-01-19 23:32:00+00:00,100000.0,101000.0,2025-01-19 23:34:00+00:00,58.67832472189169,5571.758688873451,1.0531382997449197,5585.773594585074,0.46831229638866034,0 days 00:02:00
751,CLOSED,2025-01-19 23:39:00+00:00,100000.0,101000.0,2025-01-19 23:43:00+00:00,58.67832472189169,5572.22700116984,1.0530497897801487,5586.2419068814625,0.46831229638866034,0 days 00:04:00
752,CLOSED,2025-01-20 00:39:00+00:00,100000.0,101000.0,2025-01-20 02:02:00+00:00,58.67832472189169,5572.695313466229,1.0529612946915923,5586.710219177851,0.46831229638866034,0 days 01:23:00
753,CLOSED,2025-01-20 06:56:00+00:00,108000.0,109000.0,2025-01-20 07:04:00+00:00,58.67832472189169,5669.139163890635,1.0350482326424624,5679.05086126039,0.4249337580547561,0 days 00:08:00
754,CLOSED,2025-01-20 06:58:00+00:00,107000.0,108000.0,2025-01-20 07:00:00+00:00,58.67832472189169,5659.540111215746,1.0368037608852072,5669.569654403782,0.43000134430872095,0 days 00:02:00
755,CLOSED,2025-01-20 07:22:00+00:00,108000.0,109000.0,2025-01-20 09:06:00+00:00,58.67832472189169,5669.994098992999,1.0348921656252352,5679.905796362754,0.4249337580547561,0 days 01:44:00
756,CLOSED,2025-01-20 07:59:00+00:00,107000.0,108000.0,2025-01-20 08:14:00+00:00,58.67832472189169,5660.39504631811,1.0366471640536803,5670.424589506146,0.43000134430872095,0 days 00:15:00
757,CLOSED,2025-01-20 09:27:00+00:00,108000.0,109000.0,2025-05-21 14:59:00+00:00,58.67832472189169,5670.849034095363,1.0347361456652195,5867.67284796104,0.4249337580547561,121 days 05:32:00
758,CLOSED,2025-01-20 12:16:00+00:00,107000.0,108000.0,2025-01-20 13:36:00+00:00,58.67832472189169,5661.249981420474,1.036490614519174,5671.714689153907,0.43000134430872095,0 days 01:20:00
759,CLOSED,2025-01-20 12:18:00+00:00,106000.0,107000.0,2025-01-20 12:30:00+00:00,58.67832472189169,5651.1030815829945,1.0383516965585884,5661.685640303079,0.4351645453976616,0 days 00:12:00
760,CLOSED,2025-01-20 15:17:00+00:00,107000.0,108000.0,2025-05-21 14:49:00+00:00,58.67832472189169,5662.11514731018,1.0363322397243575,5858.191641104432,0.43000134430872095,120 days 23:32:00
761,CLOSED,2025-01-20 15:45:00+00:00,106000.0,107000.0,2025-01-20 16:43:00+00:00,58.67832472189169,5651.968247472701,1.0381927525535894,5663.437021110521,0.4351645453976616,0 days 00:58:00
762,CLOSED,2025-01-20 15:56:00+00:00,105000.0,106000.0,2025-01-20 16:38:00+00:00,58.67832472189169,5641.268332103173,1.0401619151488808,5652.854961994458,0.44042609317401116,0 days 00:42:00
763,CLOSED,2025-01-20 16:13:00+00:00,104000.0,105000.0,2025-01-20 16:15:00+00:00,58.67832472189169,5630.010134387004,1.0422419022569058,5641.714625899855,0.445788824561447,0 days 00:02:00
764,CLOSED,2025-01-20 17:04:00+00:00,106000.0,107000.0,2025-01-21 18:36:00+00:00,58.67832472189169,5653.289626935833,1.037950089135911,5672.915418495851,0.4351645453976616,1 days 01:32:00
765,CLOSED,2025-01-20 17:04:00+00:00,105000.0,106000.0,2025-01-21 16:11:00+00:00,58.67832472189169,5642.589711566305,1.0399183304363167,5661.892933286614,0.44042609317401116,0 days 23:07:00
766,CLOSED,2025-01-20 17:05:00+00:00,104000.0,105000.0,2025-01-20 17:09:00+00:00,58.67832472189169,5631.331513850137,1.0419973425036981,5643.944090791767,0.445788824561447,0 days 00:04:00
767,CLOSED,2025-01-20 17:06:00+00:00,103000.0,104000.0,2025-01-20 17:08:00+00:00,58.67832472189169,5619.509665687842,1.0441894082000713,5632.2401097233715,0.45125568665543625,0 days 00:02:00
768,CLOSED,2025-01-20 17:06:00+00:00,102000.0,103000.0,2025-01-20 17:07:00+00:00,58.67832472189169,5607.118694744992,1.0464969250050866,5619.967011454057,0.45682974212380145,0 days 00:01:00
769,CLOSED,2025-01-20 17:14:00+00:00,104000.0,105000.0,2025-01-20 17:21:00+00:00,58.67832472189169,5632.685388103478,1.041746887653682,5644.3898796163285,0.445788824561447,0 days 00:07:00
770,CLOSED,2025-01-20 17:33:00+00:00,104000.0,105000.0,2025-01-21 14:22:00+00:00,58.67832472189169,5633.131176928039,1.0416644469815315,5649.855552680793,0.445788824561447,0 days 20:49:00
771,CLOSED,2025-01-20 17:37:00+00:00,103000.0,104000.0,2025-01-20 17:52:00+00:00,58.67832472189169,5621.309328765745,1.0438551107945437,5634.964801151131,0.45125568665543625,0 days 00:15:00
772,CLOSED,2025-01-20 17:39:00+00:00,102000.0,103000.0,2025-01-20 17:50:00+00:00,58.67832472189169,5608.918357822895,1.0461611487008293,5622.691702881816,0.45682974212380145,0 days 00:11:00
773,CLOSED,2025-01-20 17:42:00+00:00,101000.0,102000.0,2025-01-20 17:43:00+00:00,58.67832472189169,5595.952684464386,1.0485850762247477,5609.381393712037,0.46251417492819513,0 days 00:01:00
774,CLOSED,2025-01-20 17:44:00+00:00,101000.0,102000.0,2025-01-20 17:46:00+00:00,58.67832472189169,5596.415198639315,1.048498416203259,5609.843907886965,0.46251417492819513,0 days 00:02:00
775,CLOSED,2025-01-20 17:57:00+00:00,103000.0,104000.0,2025-01-20 18:10:00+00:00,58.67832472189169,5623.142442544381,1.0435148197195714,5635.4160568377865,0.45125568665543625,0 days 00:13:00
776,CLOSED,2025-01-20 19:32:00+00:00,103000.0,104000.0,2025-01-20 20:23:00+00:00,58.67832472189169,5623.593698231037,1.0434310846523212,5635.867312524442,0.45125568665543625,0 days 00:51:00
777,CLOSED,2025-01-20 21:48:00+00:00,103000.0,104000.0,2025-01-21 12:15:00+00:00,58.67832472189169,5624.0449539176925,1.0433473630223484,5638.151571612398,0.45125568665543625,0 days 14:27:00
778,CLOSED,2025-01-20 22:03:00+00:00,102000.0,103000.0,2025-01-20 22:16:00+00:00,58.67832472189169,5611.653982974843,1.0456511556114374,5624.502299683907,0.45682974212380145,0 days 00:13:00
779,CLOSED,2025-01-20 23:52:00+00:00,102000.0,103000.0,2025-01-21 03:21:00+00:00,58.67832472189169,5612.110812716966,1.0455660388766275,5625.421643600959,0.45682974212380145,0 days 03:29:00
780,CLOSED,2025-01-21 01:26:00+00:00,101000.0,102000.0,2025-01-21 02:10:00+00:00,58.67832472189169,5599.1451393584575,1.0479872062865472,5612.573848606108,0.46251417492819513,0 days 00:44:00
781,CLOSED,2025-01-21 04:35:00+00:00,102000.0,103000.0,2025-01-21 10:27:00+00:00,58.67832472189169,5613.030156634019,1.0453947882774157,5625.878473343083,0.45682974212380145,0 days 05:52:00
782,CLOSED,2025-01-21 14:35:00+00:00,104000.0,105000.0,2025-01-21 16:09:00+00:00,58.67832472189169,5638.596849992504,1.0406547281700005,5650.75259719201,0.445788824561447,0 days 01:34:00
783,CLOSED,2025-01-21 15:02:00+00:00,103000.0,104000.0,2025-01-21 15:41:00+00:00,58.67832472189169,5626.7750018302095,1.042841142622648,5639.048616123615,0.45125568665543625,0 days 00:39:00
784,CLOSED,2025-01-21 16:37:00+00:00,105000.0,106000.0,2025-01-21 17:46:00+00:00,58.67832472189169,5651.192518313064,1.0383352634287488,5662.333359379788,0.44042609317401116,0 days 01:09:00
785,CLOSED,2025-01-21 20:43:00+00:00,106000.0,107000.0,2025-01-24 18:27:00+00:00,58.67832472189169,5662.7680243211635,1.0362127579634677,5680.489298943235,0.4351645453976616,2 days 21:44:00
786,CLOSED,2025-01-22 08:02:00+00:00,105000.0,106000.0,2025-01-23 14:50:00+00:00,58.67832472189169,5652.068108951635,1.0381744096281875,5665.008613096262,0.44042609317401116,1 days 06:48:00
787,CLOSED,2025-01-22 13:53:00+00:00,104000.0,105000.0,2025-01-22 15:15:00+00:00,58.67832472189169,5640.809911235467,1.0402464476779327,5652.5144027483175,0.445788824561447,0 days 01:22:00
788,CLOSED,2025-01-22 15:36:00+00:00,104000.0,105000.0,2025-01-23 14:40:00+00:00,58.67832472189169,5641.255700060028,1.0401642443058785,5653.8682770016585,0.445788824561447,0 days 23:04:00
789,CLOSED,2025-01-23 01:49:00+00:00,103000.0,104000.0,2025-01-23 14:34:00+00:00,58.67832472189169,5629.433851897734,1.0423485960690468,5642.164295933263,0.45125568665543625,0 days 12:45:00
790,CLOSED,2025-01-23 04:18:00+00:00,102000.0,103000.0,2025-01-23 14:31:00+00:00,58.67832472189169,5617.042880954884,1.044647975197877,5629.891197663948,0.45682974212380145,0 days 10:13:00
791,CLOSED,2025-01-23 14:54:00+00:00,105000.0,106000.0,2025-01-23 16:10:00+00:00,58.67832472189169,5654.3081981227115,1.037763112052744,5666.346083700653,0.44042609317401116,0 days 01:16:00
792,CLOSED,2025-01-23 15:07:00+00:00,104000.0,105000.0,2025-01-23 15:36:00+00:00,58.67832472189169,5643.050000406543,1.0398335070159632,5655.20574760605,0.445788824561447,0 days 00:29:00
793,CLOSED,2025-01-23 15:08:00+00:00,103000.0,104000.0,2025-01-23 15:21:00+00:00,58.67832472189169,5631.228152244249,1.042016468441369,5643.5017665376545,0.45125568665543625,0 days 00:13:00
794,CLOSED,2025-01-23 17:00:00+00:00,105000.0,106000.0,2025-01-23 17:51:00+00:00,58.67832472189169,5655.645668727104,1.0375176975168994,5666.7865097938275,0.44042609317401116,0 days 00:51:00
795,CLOSED,2025-01-23 19:05:00+00:00,105000.0,106000.0,2025-01-23 20:20:00+00:00,58.67832472189169,5656.086094820277,1.0374369084591561,5668.118513536125,0.44042609317401116,0 days 01:15:00
796,CLOSED,2025-01-23 19:49:00+00:00,104000.0,105000.0,2025-01-23 20:12:00+00:00,58.67832472189169,5644.827897104109,1.0395060007408667,5656.53238861696,0.445788824561447,0 days 00:23:00
797,CLOSED,2025-01-23 20:17:00+00:00,104000.0,105000.0,2025-01-23 20:20:00+00:00,58.67832472189169,5645.273685928671,1.0394239143471902,5656.978177441521,0.445788824561447,0 days 00:03:00
798,CLOSED,2025-01-23 20:30:00+00:00,105000.0,106000.0,2025-01-24 14:44:00+00:00,58.67832472189169,5657.418098562575,1.0371926504212328,5669.907239827172,0.44042609317401116,0 days 18:14:00
799,CLOSED,2025-01-23 20:49:00+00:00,104000.0,105000.0,2025-01-24 05:11:00+00:00,58.67832472189169,5646.159900846406,1.0392607675368053,5658.766903732569,0.445788824561447,0 days 08:22:00
800,CLOSED,2025-01-23 20:54:00+00:00,103000.0,104000.0,2025-01-23 22:21:00+00:00,58.67832472189169,5634.338052684112,1.0414413223561947,5646.611666977517,0.45125568665543625,0 days 01:27:00
801,CLOSED,2025-01-24 02:47:00+00:00,103000.0,104000.0,2025-01-24 03:36:00+00:00,58.67832472189169,5634.789308370768,1.0413579197135558,5647.062922664173,0.45125568665543625,0 days 00:49:00
802,CLOSED,2025-01-24 19:09:00+00:00,106000.0,107000.0,2025-05-19 00:08:00+00:00,58.67832472189169,5670.3419047685475,1.0348286877118538,5845.05753672312,0.4351645453976616,114 days 04:59:00
803,CLOSED,2025-01-24 20:35:00+00:00,105000.0,106000.0,2025-01-30 14:52:00+00:00,58.67832472189169,5659.641989399019,1.0367850975697948,5679.104565648152,0.44042609317401116,5 days 18:17:00
804,CLOSED,2025-01-26 23:01:00+00:00,104000.0,105000.0,2025-01-30 03:47:00+00:00,58.67832472189169,5648.383791682851,1.0388515881002018,5667.964229553549,0.445788824561447,3 days 04:46:00
805,CLOSED,2025-01-26 23:17:00+00:00,103000.0,104000.0,2025-01-29 20:24:00+00:00,58.67832472189169,5636.561943520556,1.0410304243945134,5656.260248485153,0.45125568665543625,2 days 21:07:00
806,CLOSED,2025-01-27 00:47:00+00:00,102000.0,103000.0,2025-01-28 04:28:00+00:00,58.67832472189169,5624.170972577706,1.043323985134788,5641.240487330291,0.45682974212380145,1 days 03:41:00
807,CLOSED,2025-01-27 02:02:00+00:00,101000.0,102000.0,2025-01-27 14:51:00+00:00,58.67832472189169,5611.205299219198,1.0457347680730342,5626.525124137579,0.46251417492819513,0 days 12:49:00
808,CLOSED,2025-01-27 05:50:00+00:00,100000.0,101000.0,2025-01-27 13:08:00+00:00,58.67832472189169,5597.659233322103,1.04826539587454,5612.628630111679,0.46831229638866034,0 days 07:18:00
809,CLOSED,2025-01-27 06:45:00+00:00,99000.0,100000.0,2025-01-27 12:54:00+00:00,58.67832472189169,5583.5269709610375,1.0509186223522795,5598.614257839373,0.4742275516160177,0 days 06:09:00
810,CLOSED,2025-01-27 07:29:00+00:00,98000.0,99000.0,2025-01-27 07:42:00+00:00,58.67832472189169,5568.802590959596,1.053697339121882,5584.007773968708,0.4802635263378079,0 days 00:13:00
811,CLOSED,2025-01-27 13:53:00+00:00,100000.0,101000.0,2025-01-27 14:31:00+00:00,58.67832472189169,5599.082036696445,1.0479990172909293,5613.096942408068,0.46831229638866034,0 days 00:38:00
812,CLOSED,2025-01-27 15:19:00+00:00,101000.0,102000.0,2025-01-27 21:08:00+00:00,58.67832472189169,5613.558929064857,1.0452963167105598,5627.930178160512,0.46251417492819513,0 days 05:49:00
813,CLOSED,2025-01-27 16:38:00+00:00,100000.0,101000.0,2025-01-27 20:45:00+00:00,58.67832472189169,5600.0128631677635,1.047824820329057,5614.501996431,0.46831229638866034,0 days 04:07:00
814,CLOSED,2025-01-27 18:50:00+00:00,99000.0,100000.0,2025-01-27 20:20:00+00:00,58.67832472189169,5585.880600806697,1.0504758142058666,5600.487624158694,0.4742275516160177,0 days 01:30:00
815,CLOSED,2025-01-27 21:43:00+00:00,101000.0,102000.0,2025-01-27 23:08:00+00:00,58.67832472189169,5614.9639830877895,1.0450347481948266,5628.39269233544,0.46251417492819513,0 days 01:25:00
816,CLOSED,2025-01-28 14:13:00+00:00,102000.0,103000.0,2025-01-28 15:01:00+00:00,58.67832472189169,5628.849000363351,1.0424568987035168,5641.697317072415,0.45682974212380145,0 days 00:48:00
817,CLOSED,2025-01-28 16:25:00+00:00,102000.0,103000.0,2025-01-28 17:10:00+00:00,58.67832472189169,5629.305830105474,1.0423723011828665,5642.154146814539,0.45682974212380145,0 days 00:45:00
818,CLOSED,2025-01-28 19:05:00+00:00,102000.0,103000.0,2025-01-29 08:05:00+00:00,58.67832472189169,5629.762659847598,1.0422877173916272,5643.073490731591,0.45682974212380145,0 days 13:00:00
819,CLOSED,2025-01-28 21:37:00+00:00,101000.0,102000.0,2025-01-29 02:04:00+00:00,58.67832472189169,5616.796986489089,1.0446937082297851,5630.22569573674,0.46251417492819513,0 days 04:27:00
820,CLOSED,2025-01-29 13:05:00+00:00,102000.0,103000.0,2025-01-29 18:55:00+00:00,58.67832472189169,5630.68200376465,1.0421175389173036,5643.530320473715,0.45682974212380145,0 days 05:50:00
821,CLOSED,2025-01-29 19:03:00+00:00,102000.0,103000.0,2025-01-29 19:40:00+00:00,58.67832472189169,5631.138833506774,1.0420329964649433,5643.9871502158385,0.45682974212380145,0 days 00:37:00
822,CLOSED,2025-01-30 17:38:00+00:00,105000.0,106000.0,2025-01-31 15:55:00+00:00,58.67832472189169,5668.404150674602,1.035182445749009,5679.990780565888,0.44042609317401116,0 days 22:17:00
823,CLOSED,2025-01-31 03:05:00+00:00,104000.0,105000.0,2025-01-31 13:06:00+00:00,58.67832472189169,5657.145952958434,1.0372425461500698,5668.850444471284,0.445788824561447,0 days 10:01:00
824,CLOSED,2025-01-31 16:26:00+00:00,105000.0,106000.0,2025-05-18 23:50:00+00:00,58.67832472189169,5669.290365592338,1.0350206275906784,5834.475477607058,0.44042609317401116,107 days 07:24:00
825,CLOSED,2025-01-31 18:29:00+00:00,104000.0,105000.0,2025-05-12 01:07:00+00:00,58.67832472189169,5658.032167876169,1.037080083337835,5817.9084932041915,0.445788824561447,100 days 06:38:00
826,CLOSED,2025-01-31 18:45:00+00:00,103000.0,104000.0,2025-05-08 21:21:00+00:00,58.67832472189169,5646.210319713875,1.0392514872677512,5805.302000762485,0.45125568665543625,97 days 02:36:00
827,CLOSED,2025-01-31 20:16:00+00:00,102000.0,103000.0,2025-05-08 21:18:00+00:00,58.67832472189169,5633.819348771025,1.041537207519654,5793.02890249317,0.45682974212380145,97 days 01:02:00
828,CLOSED,2025-02-01 20:47:00+00:00,101000.0,102000.0,2025-02-03 22:06:00+00:00,58.67832472189169,5620.853675412516,1.0439397306955385,5640.725249019554,0.46251417492819513,2 days 01:19:00
829,CLOSED,2025-02-02 03:10:00+00:00,100000.0,101000.0,2025-02-03 19:35:00+00:00,58.67832472189169,5607.307609515423,1.0464616676694611,5627.297067290043,0.46831229638866034,1 days 16:25:00
830,CLOSED,2025-02-02 11:28:00+00:00,99000.0,100000.0,2025-02-03 19:00:00+00:00,58.67832472189169,5593.175347154356,1.0491057597853695,5613.282695017737,0.4742275516160177,1 days 07:32:00
831,CLOSED,2025-02-02 17:17:00+00:00,98000.0,99000.0,2025-02-03 15:43:00+00:00,58.67832472189169,5578.450967152915,1.0518748854727222,5598.6762111470725,0.4802635263378079,0 days 22:26:00
832,CLOSED,2025-02-02 18:44:00+00:00,97000.0,98000.0,2025-02-02 19:39:00+00:00,58.67832472189169,5563.128427494359,1.0547720673117822,5578.937936754988,0.4864239541466304,0 days 00:55:00
833,CLOSED,2025-02-02 21:29:00+00:00,97000.0,98000.0,2025-02-02 22:59:00+00:00,58.67832472189169,5563.614851448507,1.0546798491382736,5579.424360709135,0.4864239541466304,0 days 01:30:00
834,CLOSED,2025-02-02 23:24:00+00:00,97000.0,98000.0,2025-02-03 15:25:00+00:00,58.67832472189169,5564.101275402652,1.0545876470885296,5583.471573785887,0.4864239541466304,0 days 16:01:00
835,CLOSED,2025-02-03 00:43:00+00:00,96000.0,97000.0,2025-02-03 15:17:00+00:00,58.67832472189169,5548.17440949258,1.057614998935447,5567.66261646825,0.49271272420148904,0 days 14:34:00
836,CLOSED,2025-02-03 01:35:00+00:00,95000.0,96000.0,2025-02-03 14:33:00+00:00,58.67832472189169,5531.63692226587,1.0607768649041387,5551.24304426157,0.4991338894153827,0 days 12:58:00
837,CLOSED,2025-02-03 01:44:00+00:00,94000.0,95000.0,2025-02-03 07:48:00+00:00,58.67832472189169,5514.482386129717,1.0640767457972509,5534.206429709795,0.5056916751657639,0 days 06:04:00
838,CLOSED,2025-02-03 01:49:00+00:00,93000.0,94000.0,2025-02-03 02:12:00+00:00,58.67832472189169,5496.704236734019,1.0675183199734362,5516.033818115428,0.5123904885666661,0 days 00:23:00
839,CLOSED,2025-02-03 01:55:00+00:00,92000.0,93000.0,2025-02-03 01:56:00+00:00,58.67832472189169,5478.295768559857,1.0711054532442148,5497.224050154109,0.5192349283458597,0 days 00:01:00
840,CLOSED,2025-02-03 02:07:00+00:00,92000.0,93000.0,2025-02-03 02:08:00+00:00,58.67832472189169,5478.815003488202,1.0710039430886589,5497.743285082455,0.5192349283458597,0 days 00:01:00
841,CLOSED,2025-02-03 04:34:00+00:00,93000.0,94000.0,2025-02-03 05:56:00+00:00,58.67832472189169,5498.255097079276,1.0672172113851566,5516.546208603994,0.5123904885666661,0 days 01:22:00
842,CLOSED,2025-02-04 00:55:00+00:00,101000.0,102000.0,2025-05-08 20:39:00+00:00,58.67832472189169,5627.759053946833,1.0426587947246906,5780.181107498319,0.46251417492819513,93 days 19:44:00
843,CLOSED,2025-02-04 05:01:00+00:00,100000.0,101000.0,2025-05-08 15:40:00+00:00,58.67832472189169,5614.212988049738,1.0451745390991185,5766.7529257688075,0.46831229638866034,93 days 10:39:00
844,CLOSED,2025-02-04 05:16:00+00:00,99000.0,100000.0,2025-02-04 14:33:00+00:00,58.67832472189169,5600.080725688672,1.0478121226489232,5615.168012567007,0.4742275516160177,0 days 09:17:00
845,CLOSED,2025-02-04 08:43:00+00:00,98000.0,99000.0,2025-02-04 11:04:00+00:00,58.67832472189169,5585.356345687231,1.0505744144185276,5600.561528696342,0.4802635263378079,0 days 02:21:00
846,CLOSED,2025-02-04 15:16:00+00:00,99000.0,100000.0,2025-02-04 19:15:00+00:00,58.67832472189169,5601.035216766625,1.0476335614930417,5615.642240118623,0.4742275516160177,0 days 03:59:00
847,CLOSED,2025-02-04 19:52:00+00:00,99000.0,100000.0,2025-02-07 14:45:00+00:00,58.67832472189169,5601.509444318241,1.0475448681321187,5619.98950636223,0.4742275516160177,2 days 18:53:00
848,CLOSED,2025-02-04 20:25:00+00:00,98000.0,99000.0,2025-02-04 20:54:00+00:00,58.67832472189169,5586.785064316799,1.0503057491270678,5601.990247325911,0.4802635263378079,0 days 00:29:00
849,CLOSED,2025-02-04 21:01:00+00:00,98000.0,99000.0,2025-02-05 14:41:00+00:00,58.67832472189169,5587.265327843137,1.0502154681911875,5602.956934806395,0.4802635263378079,0 days 17:40:00
850,CLOSED,2025-02-04 21:32:00+00:00,97000.0,98000.0,2025-02-04 23:52:00+00:00,58.67832472189169,5571.942788184582,1.0531035036167324,5587.75229744521,0.4864239541466304,0 days 02:20:00
851,CLOSED,2025-02-05 15:04:00+00:00,98000.0,99000.0,2025-02-06 10:50:00+00:00,58.67832472189169,5588.232015323621,1.0500337953218208,5603.923622286879,0.4802635263378079,0 days 19:46:00
852,CLOSED,2025-02-05 18:13:00+00:00,97000.0,98000.0,2025-02-06 06:16:00+00:00,58.67832472189169,5572.909475665067,1.0529208302793949,5588.718984925695,0.4864239541466304,0 days 12:03:00
853,CLOSED,2025-02-06 14:31:00+00:00,98000.0,99000.0,2025-02-07 14:06:00+00:00,58.67832472189169,5589.198702804106,1.0498521852954115,5605.3830224915655,0.4802635263378079,0 days 23:35:00
854,CLOSED,2025-02-06 15:45:00+00:00,97000.0,98000.0,2025-02-07 12:47:00+00:00,58.67832472189169,5573.876163145551,1.0527382203047955,5590.17838513038,0.4864239541466304,0 days 21:02:00
855,CLOSED,2025-02-06 18:31:00+00:00,96000.0,97000.0,2025-02-06 20:47:00+00:00,58.67832472189169,5557.949297235478,1.0557549481618744,5574.369427812743,0.49271272420148904,0 days 02:16:00
856,CLOSED,2025-02-07 15:02:00+00:00,99000.0,100000.0,2025-05-08 15:21:00+00:00,58.67832472189169,5605.856710561848,1.0467325112205847,5752.7385534965015,0.4742275516160177,90 days 00:19:00
857,CLOSED,2025-02-07 15:19:00+00:00,98000.0,99000.0,2025-02-07 15:51:00+00:00,58.67832472189169,5591.132330560406,1.0494891061898777,5606.337513569518,0.4802635263378079,0 days 00:32:00
858,CLOSED,2025-02-07 15:57:00+00:00,98000.0,99000.0,2025-02-21 13:01:00+00:00,58.67832472189169,5591.612594086744,1.0493989655854437,5615.687537122969,0.4802635263378079,13 days 21:04:00
859,CLOSED,2025-02-07 19:40:00+00:00,97000.0,98000.0,2025-02-10 13:55:00+00:00,58.67832472189169,5576.290054428189,1.0522825059161804,5594.076835750836,0.4864239541466304,2 days 18:15:00
860,CLOSED,2025-02-07 20:37:00+00:00,96000.0,97000.0,2025-02-09 02:00:00+00:00,58.67832472189169,5560.363188518117,1.0552966188082753,5576.783319095382,0.49271272420148904,1 days 05:23:00
861,CLOSED,2025-02-09 13:48:00+00:00,96000.0,97000.0,2025-02-10 00:06:00+00:00,58.67832472189169,5560.8559012423175,1.0552031155632484,5577.775165708998,0.49271272420148904,0 days 10:18:00
862,CLOSED,2025-02-09 21:44:00+00:00,95000.0,96000.0,2025-02-09 22:41:00+00:00,58.67832472189169,5544.318414015608,1.058350555292016,5561.355593502318,0.4991338894153827,0 days 00:57:00
863,CLOSED,2025-02-10 01:41:00+00:00,96000.0,97000.0,2025-02-10 03:36:00+00:00,58.67832472189169,5561.847747855934,1.0550149407543905,5578.267878433199,0.49271272420148904,0 days 01:55:00
864,CLOSED,2025-02-10 15:26:00+00:00,97000.0,98000.0,2025-02-11 00:42:00+00:00,58.67832472189169,5578.7537504443535,1.0518177956361294,5594.563259704983,0.4864239541466304,0 days 09:16:00
865,CLOSED,2025-02-11 13:50:00+00:00,97000.0,98000.0,2025-02-12 22:32:00+00:00,58.67832472189169,5579.240174398501,1.0517260932976022,5596.54066416216,0.4864239541466304,1 days 08:42:00
866,CLOSED,2025-02-11 17:53:00+00:00,96000.0,97000.0,2025-02-12 16:57:00+00:00,58.67832472189169,5563.313308488428,1.054737014943255,5580.731706844524,0.49271272420148904,0 days 23:04:00
867,CLOSED,2025-02-11 19:27:00+00:00,95000.0,96000.0,2025-02-11 21:35:00+00:00,58.67832472189169,5546.775821261718,1.05788167059083,5563.813000748428,0.4991338894153827,0 days 02:08:00
868,CLOSED,2025-02-12 13:32:00+00:00,95000.0,96000.0,2025-02-12 16:50:00+00:00,58.67832472189169,5547.274955151133,1.0577864842881766,5564.312134637843,0.4991338894153827,0 days 03:18:00
869,CLOSED,2025-02-13 04:52:00+00:00,97000.0,98000.0,2025-02-14 17:43:00+00:00,58.67832472189169,5581.217578855678,1.0513534706869923,5597.519800840508,0.4864239541466304,1 days 12:51:00
870,CLOSED,2025-02-13 06:46:00+00:00,96000.0,97000.0,2025-02-14 03:49:00+00:00,58.67832472189169,5565.290712945605,1.0543622561423094,5581.710843522871,0.49271272420148904,0 days 21:03:00
871,CLOSED,2025-02-14 21:08:00+00:00,97000.0,98000.0,2025-02-20 14:33:00+00:00,58.67832472189169,5582.196715534026,1.0511690596392422,5599.996475807638,0.4864239541466304,5 days 17:25:00
872,CLOSED,2025-02-17 05:00:00+00:00,96000.0,97000.0,2025-02-17 14:17:00+00:00,58.67832472189169,5566.269849623954,1.0541767881745059,5582.6899802012185,0.49271272420148904,0 days 09:17:00
873,CLOSED,2025-02-17 15:47:00+00:00,96000.0,97000.0,2025-02-20 01:03:00+00:00,58.67832472189169,5566.7625623481545,1.0540834832578199,5584.187518490001,0.49271272420148904,2 days 09:16:00
874,CLOSED,2025-02-18 16:36:00+00:00,95000.0,96000.0,2025-02-19 09:56:00+00:00,58.67832472189169,5550.225075121445,1.0572242373541536,5567.76794628332,0.4991338894153827,0 days 17:20:00
875,CLOSED,2025-02-18 18:00:00+00:00,94000.0,95000.0,2025-02-18 21:07:00+00:00,58.67832472189169,5533.070538985291,1.0605020179745024,5550.731331731545,0.5056916751657639,0 days 03:07:00
876,CLOSED,2025-02-20 14:57:00+00:00,97000.0,98000.0,2025-02-20 18:00:00+00:00,58.67832472189169,5584.673390501155,1.0507028901940143,5600.482899761784,0.4864239541466304,0 days 03:03:00
877,CLOSED,2025-02-21 15:25:00+00:00,98000.0,99000.0,2025-05-08 03:44:00+00:00,58.67832472189169,5600.962617640195,1.0476471408161998,5738.132069625836,0.4802635263378079,75 days 12:19:00
878,CLOSED,2025-02-21 17:45:00+00:00,97000.0,98000.0,2025-05-08 01:00:00+00:00,58.67832472189169,5585.6400779816395,1.0505210486654735,5722.9274322646515,0.4864239541466304,75 days 07:15:00
879,CLOSED,2025-02-21 19:26:00+00:00,96000.0,97000.0,2025-05-01 15:09:00+00:00,58.67832472189169,5569.713212071567,1.0535250647145478,5704.622532258864,0.49271272420148904,68 days 19:43:00
880,CLOSED,2025-02-21 20:56:00+00:00,95000.0,96000.0,2025-02-21 23:25:00+00:00,58.67832472189169,5553.1757248448575,1.0566624870047854,5570.212904331567,0.4991338894153827,0 days 02:29:00
881,CLOSED,2025-02-24 14:50:00+00:00,95000.0,96000.0,2025-05-01 10:17:00+00:00,58.67832472189169,5553.674858734273,1.0565675199657791,5688.202960052184,0.4991338894153827,65 days 19:27:00
882,CLOSED,2025-02-24 15:46:00+00:00,94000.0,95000.0,2025-02-24 17:20:00+00:00,58.67832472189169,5536.520322598119,1.0598412234194736,5554.181115344373,0.5056916751657639,0 days 01:34:00
883,CLOSED,2025-02-24 19:42:00+00:00,94000.0,95000.0,2025-03-02 17:47:00+00:00,58.67832472189169,5537.026014273284,1.0597444290604985,5576.214686024036,0.5056916751657639,5 days 22:05:00
884,CLOSED,2025-02-24 22:17:00+00:00,93000.0,94000.0,2025-03-02 17:40:00+00:00,58.67832472189169,5519.247864877587,1.0631579910606739,5558.554464918237,0.5123904885666661,5 days 19:23:00
885,CLOSED,2025-02-24 23:33:00+00:00,92000.0,93000.0,2025-03-02 17:31:00+00:00,58.67832472189169,5500.839396703424,1.066715831715734,5540.263931885263,0.5192349283458597,5 days 17:58:00
886,CLOSED,2025-02-25 00:14:00+00:00,91000.0,92000.0,2025-02-25 00:20:00+00:00,58.67832472189169,5481.7937584597275,1.0704219696579593,5501.36621199241,0.5262297953729416,0 days 00:06:00
887,CLOSED,2025-02-25 07:06:00+00:00,91000.0,92000.0,2025-03-02 17:17:00+00:00,58.67832472189169,5482.319988255101,1.070319223387172,5521.336235784624,0.5262297953729416,5 days 10:11:00
888,CLOSED,2025-02-25 07:24:00+00:00,90000.0,91000.0,2025-03-02 16:39:00+00:00,58.67832472189169,5462.630178072974,1.0741771419457753,5501.764374903021,0.5333801038895345,5 days 09:15:00
889,CLOSED,2025-02-25 07:25:00+00:00,89000.0,90000.0,2025-02-25 08:16:00+00:00,58.67832472189169,5442.289038486433,1.0781919943416098,5463.1714691358575,0.5406910934963634,0 days 00:51:00
890,CLOSED,2025-02-25 09:21:00+00:00,89000.0,90000.0,2025-03-02 16:35:00+00:00,58.67832472189169,5442.829729579929,1.0780848866719996,5481.541191935312,0.5406910934963634,5 days 07:14:00
891,CLOSED,2025-02-25 10:01:00+00:00,88000.0,89000.0,2025-02-25 11:47:00+00:00,58.67832472189169,5421.829942281061,1.0822605162198182,5443.934322554797,0.5481682419578959,0 days 01:46:00
892,CLOSED,2025-02-25 10:23:00+00:00,87000.0,88000.0,2025-02-25 10:30:00+00:00,58.67832472189169,5400.164022636772,1.0866026379184026,5422.386374670666,0.5558172788898261,0 days 00:07:00
893,CLOSED,2025-02-25 14:41:00+00:00,88000.0,89000.0,2025-02-25 20:35:00+00:00,58.67832472189169,5422.933927801909,1.0820401926909686,5445.038308075645,0.5481682419578959,0 days 05:54:00
894,CLOSED,2025-02-25 15:00:00+00:00,87000.0,88000.0,2025-02-25 19:56:00+00:00,58.67832472189169,5401.268008157619,1.0863805431107825,5423.490360191513,0.5558172788898261,0 days 04:56:00
895,CLOSED,2025-02-25 20:59:00+00:00,88000.0,89000.0,2025-02-25 22:03:00+00:00,58.67832472189169,5424.037913322756,1.08181995884954,5445.586476317602,0.5481682419578959,0 days 01:04:00
896,CLOSED,2025-02-26 12:50:00+00:00,88000.0,89000.0,2025-03-02 16:17:00+00:00,58.67832472189169,5424.586081564714,1.081710638186905,5460.659368739909,0.5481682419578959,4 days 03:27:00
897,CLOSED,2025-02-26 14:00:00+00:00,87000.0,88000.0,2025-02-26 15:01:00+00:00,58.67832472189169,5402.920161920424,1.0860483398487784,5425.70615815472,0.5558172788898261,0 days 01:01:00
898,CLOSED,2025-02-26 14:21:00+00:00,86000.0,87000.0,2025-02-26 14:47:00+00:00,58.67832472189169,5380.580453237086,1.0905575194324881,5403.484429066296,0.5636442004015549,0 days 00:26:00
899,CLOSED,2025-02-26 16:10:00+00:00,87000.0,88000.0,2025-03-02 15:37:00+00:00,58.67832472189169,5404.039623399715,1.0858233619866908,5438.555603576888,0.5558172788898261,3 days 23:27:00
900,CLOSED,2025-02-26 17:52:00+00:00,86000.0,87000.0,2025-02-27 10:56:00+00:00,58.67832472189169,5381.699914716377,1.0903306697096677,5408.663087944642,0.5636442004015549,0 days 17:04:00
901,CLOSED,2025-02-26 18:36:00+00:00,85000.0,86000.0,2025-02-27 06:20:00+00:00,58.67832472189169,5358.678582237722,1.0950148216836753,5385.759743080007,0.5716552847723761,0 days 11:44:00
902,CLOSED,2025-02-26 18:38:00+00:00,84000.0,85000.0,2025-02-26 18:45:00+00:00,58.67832472189169,5334.9676068602785,1.0998815559149178,5359.259078521578,0.5798571092472784,0 days 00:07:00
903,CLOSED,2025-02-26 18:52:00+00:00,84000.0,85000.0,2025-02-26 19:17:00+00:00,58.67832472189169,5335.547463969526,1.0997620228878322,5359.838935630825,0.5798571092472784,0 days 00:25:00
904,CLOSED,2025-02-26 19:44:00+00:00,84000.0,85000.0,2025-02-26 21:21:00+00:00,58.67832472189169,5336.127321078773,1.0996425158391656,5361.00704930812,0.5798571092472784,0 days 01:37:00
905,CLOSED,2025-02-26 20:16:00+00:00,83000.0,84000.0,2025-02-26 20:41:00+00:00,58.67832472189169,5311.718492768029,1.1046956799721777,5336.716225229295,0.5882565680468801,0 days 00:25:00
906,CLOSED,2025-02-26 21:34:00+00:00,84000.0,85000.0,2025-02-26 22:03:00+00:00,58.67832472189169,5337.295434756067,1.0994018494794733,5361.586906417368,0.5798571092472784,0 days 00:29:00
907,CLOSED,2025-02-26 23:22:00+00:00,84000.0,85000.0,2025-02-27 01:24:00+00:00,58.67832472189169,5337.8752918653145,1.0992824206911476,5362.166763526615,0.5798571092472784,0 days 02:02:00
908,CLOSED,2025-02-27 13:50:00+00:00,86000.0,87000.0,2025-03-02 15:28:00+00:00,58.67832472189169,5386.322756315834,1.089394887320618,5416.333874488464,0.5636442004015549,3 days 01:38:00
909,CLOSED,2025-02-27 14:58:00+00:00,85000.0,86000.0,2025-02-27 15:39:00+00:00,58.67832472189169,5363.30142383718,1.0940709851043617,5386.89504256518,0.5716552847723761,0 days 00:41:00
910,CLOSED,2025-02-27 16:26:00+00:00,85000.0,86000.0,2025-03-01 04:32:00+00:00,58.67832472189169,5363.873079121951,1.0939543843848212,5392.858874339056,0.5716552847723761,1 days 12:06:00
911,CLOSED,2025-02-27 19:30:00+00:00,84000.0,85000.0,2025-02-28 18:52:00+00:00,58.67832472189169,5340.1621037445075,1.0988116761614148,5368.686037676416,0.5798571092472784,0 days 23:22:00
912,CLOSED,2025-02-27 20:16:00+00:00,83000.0,84000.0,2025-02-27 21:16:00+00:00,58.67832472189169,5315.7532754337635,1.1038571897809453,5340.751007895029,0.5882565680468801,0 days 01:00:00
913,CLOSED,2025-02-28 01:30:00+00:00,83000.0,84000.0,2025-02-28 15:24:00+00:00,58.67832472189169,5316.34153200181,1.1037350472816032,5344.395213597592,0.5882565680468801,0 days 13:54:00
914,CLOSED,2025-02-28 01:32:00+00:00,82000.0,83000.0,2025-02-28 15:10:00+00:00,58.67832472189169,5291.2264428911,1.1089739846747164,5319.398137331738,0.5968608916952434,0 days 13:38:00
915,CLOSED,2025-02-28 02:32:00+00:00,81000.0,82000.0,2025-02-28 14:06:00+00:00,58.67832472189169,5265.396480043841,1.1144141745884846,5293.686196154935,0.6056776677793607,0 days 11:34:00
916,CLOSED,2025-02-28 02:44:00+00:00,80000.0,81000.0,2025-02-28 03:00:00+00:00,58.67832472189169,5238.842817858344,1.1200627077771268,5266.011868974361,0.614714863265597,0 days 00:16:00
917,CLOSED,2025-02-28 04:02:00+00:00,80000.0,81000.0,2025-02-28 13:05:00+00:00,58.67832472189169,5239.457532721608,1.1199312973801612,5267.250564686137,0.614714863265597,0 days 09:03:00
918,CLOSED,2025-02-28 07:36:00+00:00,79000.0,80000.0,2025-02-28 09:27:00+00:00,58.67832472189169,5212.171124956147,1.1257942863951036,5240.082196912635,0.6239808485109748,0 days 01:51:00
919,CLOSED,2025-02-28 20:19:00+00:00,84000.0,85000.0,2025-03-01 02:27:00+00:00,58.67832472189169,5344.974423124364,1.0978223668952887,5369.2658947856635,0.5798571092472784,0 days 06:08:00
920,CLOSED,2025-03-01 06:32:00+00:00,85000.0,86000.0,2025-03-01 21:57:00+00:00,58.67832472189169,5369.836910895828,1.0927394201270562,5393.430529623828,0.5716552847723761,0 days 15:25:00
921,CLOSED,2025-03-02 15:49:00+00:00,87000.0,88000.0,2025-03-02 16:03:00+00:00,58.67832472189169,5416.8890688218835,1.0832476717979682,5439.111420855777,0.5558172788898261,0 days 00:14:00
922,CLOSED,2025-03-02 17:48:00+00:00,94000.0,95000.0,2025-04-25 14:12:00+00:00,58.67832472189169,5559.059584952948,1.0555440866422796,5667.613106147449,0.5056916751657639,53 days 20:24:00
923,CLOSED,2025-03-02 18:34:00+00:00,93000.0,94000.0,2025-03-02 20:22:00+00:00,58.67832472189169,5541.28143555725,1.0589305994343672,5559.572547081968,0.5123904885666661,0 days 01:48:00
924,CLOSED,2025-03-03 01:13:00+00:00,93000.0,94000.0,2025-04-23 07:58:00+00:00,58.67832472189169,5541.793826045817,1.0588326914312487,5647.377243719258,0.5123904885666661,51 days 06:45:00
925,CLOSED,2025-03-03 06:44:00+00:00,92000.0,93000.0,2025-03-03 12:02:00+00:00,58.67832472189169,5523.385357871654,1.0623615938414699,5542.313639465907,0.5192349283458597,0 days 05:18:00
926,CLOSED,2025-03-03 14:38:00+00:00,92000.0,93000.0,2025-04-22 21:49:00+00:00,58.67832472189169,5523.9045928,1.0622617341793799,5629.086710686284,0.5192349283458597,50 days 07:11:00
927,CLOSED,2025-03-03 14:43:00+00:00,91000.0,92000.0,2025-03-06 02:56:00+00:00,58.67832472189169,5504.858954556304,1.0659369332855362,5536.139389738233,0.5262297953729416,2 days 12:13:00
928,CLOSED,2025-03-03 14:56:00+00:00,90000.0,91000.0,2025-03-03 15:23:00+00:00,58.67832472189169,5485.1691443741765,1.069763268505123,5505.392927311272,0.5333801038895345,0 days 00:27:00
929,CLOSED,2025-03-03 15:59:00+00:00,90000.0,91000.0,2025-03-03 17:43:00+00:00,58.67832472189169,5485.702524478065,1.0696592543992278,5505.926307415161,0.5333801038895345,0 days 01:44:00
930,CLOSED,2025-03-03 18:05:00+00:00,90000.0,91000.0,2025-03-05 23:45:00+00:00,58.67832472189169,5486.235904581955,1.0695552605181478,5516.034148752739,0.5333801038895345,2 days 05:40:00
931,CLOSED,2025-03-03 18:18:00+00:00,89000.0,90000.0,2025-03-05 10:33:00+00:00,58.67832472189169,5465.894764995415,1.0735355736754824,5493.633247114123,0.5406910934963634,1 days 16:15:00
932,CLOSED,2025-03-03 18:27:00+00:00,88000.0,89000.0,2025-03-05 10:25:00+00:00,58.67832472189169,5444.894977696547,1.0776759691830722,5472.75142391872,0.5481682419578959,1 days 15:58:00
933,CLOSED,2025-03-03 18:39:00+00:00,87000.0,88000.0,2025-03-04 19:14:00+00:00,58.67832472189169,5423.229058052257,1.0819813084377798,5450.091841476809,0.5558172788898261,1 days 00:35:00
934,CLOSED,2025-03-03 19:54:00+00:00,86000.0,87000.0,2025-03-03 22:54:00+00:00,58.67832472189169,5400.889349368919,1.0864567097407412,5423.7933251981285,0.5636442004015549,0 days 03:00:00
935,CLOSED,2025-03-03 23:05:00+00:00,86000.0,87000.0,2025-03-04 19:02:00+00:00,58.67832472189169,5401.452993569321,1.0863433374640294,5427.870112388385,0.5636442004015549,0 days 19:57:00
936,CLOSED,2025-03-04 01:38:00+00:00,85000.0,86000.0,2025-03-04 18:13:00+00:00,58.67832472189169,5378.431661090666,1.09099321920161,5404.966767523749,0.5716552847723761,0 days 16:35:00
937,CLOSED,2025-03-04 01:41:00+00:00,84000.0,85000.0,2025-03-04 17:36:00+00:00,58.67832472189169,5354.720685713222,1.0958241926315533,5381.373787970357,0.5798571092472784,0 days 15:55:00
938,CLOSED,2025-03-04 01:45:00+00:00,83000.0,84000.0,2025-03-04 02:53:00+00:00,58.67832472189169,5330.311857402478,1.1008422451005766,5355.309589863744,0.5882565680468801,0 days 01:08:00
939,CLOSED,2025-03-04 13:20:00+00:00,83000.0,84000.0,2025-03-04 14:36:00+00:00,58.67832472189169,5330.900113970525,1.1007207688644403,5355.897846431791,0.5882565680468801,0 days 01:16:00
940,CLOSED,2025-03-04 15:00:00+00:00,83000.0,84000.0,2025-03-04 17:15:00+00:00,58.67832472189169,5331.488370538572,1.1005993194347747,5357.082963891533,0.5882565680468801,0 days 02:15:00
941,CLOSED,2025-03-04 15:20:00+00:00,82000.0,83000.0,2025-03-04 15:41:00+00:00,58.67832472189169,5306.373281427862,1.105808461068202,5332.085887625679,0.5968608916952434,0 days 00:21:00
942,CLOSED,2025-03-04 20:58:00+00:00,87000.0,88000.0,2025-03-04 21:24:00+00:00,58.67832472189169,5428.425306721804,1.0809456040452956,5450.647658755699,0.5558172788898261,0 days 00:26:00
943,CLOSED,2025-03-05 00:17:00+00:00,87000.0,88000.0,2025-03-05 09:07:00+00:00,58.67832472189169,5428.981124000694,1.0808349371944546,5451.203476034589,0.5558172788898261,0 days 08:50:00
944,CLOSED,2025-03-05 14:36:00+00:00,89000.0,90000.0,2025-03-05 17:29:00+00:00,58.67832472189169,5473.291507558196,1.072084770943799,5495.270274691535,0.5406910934963634,0 days 02:53:00
945,CLOSED,2025-03-05 15:28:00+00:00,88000.0,89000.0,2025-03-05 16:19:00+00:00,58.67832472189169,5452.291720259328,1.0762139616238429,5473.840283254174,0.5481682419578959,0 days 00:51:00
946,CLOSED,2025-03-05 16:20:00+00:00,88000.0,89000.0,2025-03-05 16:58:00+00:00,58.67832472189169,5452.839888501286,1.076105770969546,5474.388451496132,0.5481682419578959,0 days 00:38:00
947,CLOSED,2025-03-05 18:08:00+00:00,89000.0,90000.0,2025-03-05 19:04:00+00:00,58.67832472189169,5474.9285351356075,1.0717642129083664,5495.810965785031,0.5406910934963634,0 days 00:56:00
948,CLOSED,2025-03-06 00:57:00+00:00,90000.0,91000.0,2025-03-06 01:46:00+00:00,58.67832472189169,5496.343745919533,1.0675883357087024,5516.567528856629,0.5333801038895345,0 days 00:49:00
949,CLOSED,2025-03-06 09:05:00+00:00,91000.0,92000.0,2025-04-22 21:49:00+00:00,58.67832472189169,5517.093166000923,1.0635732070557875,5610.159014585646,0.5262297953729416,47 days 12:44:00
950,CLOSED,2025-03-06 12:49:00+00:00,90000.0,91000.0,2025-03-06 15:08:00+00:00,58.67832472189169,5497.403355818795,1.0673825608918235,5517.627138755892,0.5333801038895345,0 days 02:19:00
951,CLOSED,2025-03-06 16:28:00+00:00,90000.0,91000.0,2025-03-07 00:13:00+00:00,58.67832472189169,5497.936735922684,1.0672790092053337,5519.249378195234,0.5333801038895345,0 days 07:45:00
952,CLOSED,2025-03-06 17:01:00+00:00,89000.0,90000.0,2025-03-06 22:00:00+00:00,58.67832472189169,5477.595596336145,1.0712423670184863,5499.026195227526,0.5406910934963634,0 days 04:59:00
953,CLOSED,2025-03-06 19:30:00+00:00,88000.0,89000.0,2025-03-06 19:48:00+00:00,58.67832472189169,5456.595809037277,1.0753650586453183,5478.144372032123,0.5481682419578959,0 days 00:18:00
954,CLOSED,2025-03-07 00:15:00+00:00,90000.0,91000.0,2025-03-07 14:48:00+00:00,58.67832472189169,5499.558975362028,1.0669641872151936,5523.6592427710275,0.5333801038895345,0 days 14:33:00
955,CLOSED,2025-03-07 00:15:00+00:00,89000.0,90000.0,2025-03-07 13:30:00+00:00,58.67832472189169,5479.217835775488,1.0709252028412335,5502.895368709822,0.5406910934963634,0 days 13:15:00
956,CLOSED,2025-03-07 00:20:00+00:00,88000.0,89000.0,2025-03-07 09:28:00+00:00,58.67832472189169,5458.21804847662,1.0750454489129233,5482.013545514419,0.5481682419578959,0 days 09:08:00
957,CLOSED,2025-03-07 00:23:00+00:00,87000.0,88000.0,2025-03-07 01:41:00+00:00,58.67832472189169,5436.55212883233,1.0793297540677624,5459.909780351398,0.5558172788898261,0 days 01:18:00
958,CLOSED,2025-03-07 00:36:00+00:00,86000.0,87000.0,2025-03-07 01:18:00+00:00,58.67832472189169,5414.212420148991,1.0837832018470555,5437.688051262974,0.5636442004015549,0 days 00:42:00
959,CLOSED,2025-03-07 00:54:00+00:00,85000.0,86000.0,2025-03-07 01:05:00+00:00,58.67832472189169,5391.191087670338,1.0884111463993384,5414.784706398338,0.5716552847723761,0 days 00:11:00
960,CLOSED,2025-03-07 03:36:00+00:00,87000.0,88000.0,2025-03-07 05:08:00+00:00,58.67832472189169,5438.2432455963935,1.0789941176207287,5460.465597630287,0.5558172788898261,0 days 01:32:00
961,CLOSED,2025-03-07 14:27:00+00:00,89000.0,90000.0,2025-03-07 14:43:00+00:00,58.67832472189169,5482.553629153895,1.0702736113672513,5503.436059803318,0.5406910934963634,0 days 00:16:00
962,CLOSED,2025-03-07 15:13:00+00:00,90000.0,91000.0,2025-04-22 15:02:00+00:00,58.67832472189169,5503.96883993782,1.0661093190810034,5590.587153704042,0.5333801038895345,45 days 23:49:00
963,CLOSED,2025-03-07 15:30:00+00:00,89000.0,90000.0,2025-04-22 13:41:00+00:00,58.67832472189169,5483.6277003512805,1.0700639782334742,5570.363970736334,0.5406910934963634,45 days 22:11:00
964,CLOSED,2025-03-07 16:21:00+00:00,88000.0,89000.0,2025-03-07 18:53:00+00:00,58.67832472189169,5462.627913052413,1.0741775873419017,5484.7322933261485,0.5481682419578959,0 days 02:32:00
965,CLOSED,2025-03-07 16:42:00+00:00,87000.0,88000.0,2025-03-07 17:45:00+00:00,58.67832472189169,5440.961993408122,1.0784549642688577,5463.184345442016,0.5558172788898261,0 days 01:03:00
966,CLOSED,2025-03-07 19:36:00+00:00,88000.0,89000.0,2025-04-22 12:56:00+00:00,58.67832472189169,5463.73189857326,1.073960542193044,5549.482147540931,0.5481682419578959,45 days 17:20:00
967,CLOSED,2025-03-07 20:39:00+00:00,87000.0,88000.0,2025-03-07 20:52:00+00:00,58.67832472189169,5442.065978928969,1.0782361873062025,5464.288330962863,0.5558172788898261,0 days 00:13:00
968,CLOSED,2025-03-07 20:56:00+00:00,87000.0,88000.0,2025-03-24 14:04:00+00:00,58.67832472189169,5442.621796207859,1.0781260745101884,5489.2922396737795,0.5558172788898261,16 days 17:08:00
969,CLOSED,2025-03-07 21:06:00+00:00,86000.0,87000.0,2025-03-07 21:24:00+00:00,58.67832472189169,5420.282087524522,1.0825695743206323,5443.186063353731,0.5636442004015549,0 days 00:18:00
970,CLOSED,2025-03-07 21:55:00+00:00,86000.0,87000.0,2025-03-19 23:43:00+00:00,58.67832472189169,5420.845731724923,1.082457011799525,5464.783698706163,0.5636442004015549,12 days 01:48:00
971,CLOSED,2025-03-09 10:48:00+00:00,85000.0,86000.0,2025-03-19 22:41:00+00:00,58.67832472189169,5397.8243992462685,1.087073613029822,5441.880353841527,0.5716552847723761,10 days 11:53:00
972,CLOSED,2025-03-09 13:50:00+00:00,84000.0,85000.0,2025-03-14 15:32:00+00:00,58.67832472189169,5374.113423868825,1.0918698600828778,5413.580912014063,0.5798571092472784,5 days 01:42:00
973,CLOSED,2025-03-09 14:17:00+00:00,83000.0,84000.0,2025-03-10 09:24:00+00:00,58.67832472189169,5349.704595558081,1.0968516798219654,5376.519581442086,0.5882565680468801,0 days 19:07:00
974,CLOSED,2025-03-09 21:24:00+00:00,82000.0,83000.0,2025-03-10 09:17:00+00:00,58.67832472189169,5324.589506447371,1.1020253232824808,5351.522505176232,0.5968608916952434,0 days 11:53:00
975,CLOSED,2025-03-09 22:32:00+00:00,81000.0,82000.0,2025-03-10 02:14:00+00:00,58.67832472189169,5298.75954360011,1.107397386861306,5325.810563999428,0.6056776677793607,0 days 03:42:00
976,CLOSED,2025-03-09 23:07:00+00:00,80000.0,81000.0,2025-03-09 23:17:00+00:00,58.67832472189169,5272.205881414613,1.112974835234382,5299.374932530631,0.614714863265597,0 days 00:10:00
977,CLOSED,2025-03-10 09:30:00+00:00,83000.0,84000.0,2025-03-12 12:30:00+00:00,58.67832472189169,5352.110105548867,1.0963586989934346,5385.093782816931,0.5882565680468801,2 days 03:00:00
978,CLOSED,2025-03-10 10:25:00+00:00,82000.0,83000.0,2025-03-10 11:54:00+00:00,58.67832472189169,5326.995016438157,1.1015276819449022,5352.707622635974,0.5968608916952434,0 days 01:29:00
979,CLOSED,2025-03-10 13:51:00+00:00,82000.0,83000.0,2025-03-11 18:46:00+00:00,58.67832472189169,5327.591877329853,1.1014042755711388,5359.499845659382,0.5968608916952434,1 days 04:55:00
980,CLOSED,2025-03-10 14:02:00+00:00,81000.0,82000.0,2025-03-11 11:33:00+00:00,58.67832472189169,5301.761914482591,1.1067702712489347,5331.961834283755,0.6056776677793607,0 days 21:31:00
981,CLOSED,2025-03-10 14:16:00+00:00,80000.0,81000.0,2025-03-10 15:37:00+00:00,58.67832472189169,5275.208252297094,1.1123413885383606,5302.377303413112,0.614714863265597,0 days 01:21:00
982,CLOSED,2025-03-10 16:00:00+00:00,80000.0,81000.0,2025-03-11 08:28:00+00:00,58.67832472189169,5275.82296716036,1.1122117835859548,5305.526202814957,0.614714863265597,0 days 16:28:00
983,CLOSED,2025-03-10 16:52:00+00:00,79000.0,80000.0,2025-03-11 04:19:00+00:00,58.67832472189169,5248.536559394897,1.1179940171485956,5278.357835041455,0.6239808485109748,0 days 11:27:00
984,CLOSED,2025-03-10 18:53:00+00:00,78000.0,79000.0,2025-03-10 19:31:00+00:00,58.67832472189169,5220.508130788965,1.1239964243293643,5249.170736673623,0.6334844231216081,0 days 00:38:00
985,CLOSED,2025-03-11 00:21:00+00:00,78000.0,79000.0,2025-03-11 01:51:00+00:00,58.67832472189169,5221.141615212087,1.1238600491304263,5250.44745594057,0.6334844231216081,0 days 01:30:00
986,CLOSED,2025-03-11 00:34:00+00:00,77000.0,78000.0,2025-03-11 01:30:00+00:00,58.67832472189169,5192.361652677985,1.1300893244142205,5221.785552671697,0.6432348438260362,0 days 00:56:00
987,CLOSED,2025-03-11 13:07:00+00:00,81000.0,82000.0,2025-03-11 13:27:00+00:00,58.67832472189169,5306.131206415481,1.1058589099897402,5332.5675119515345,0.6056776677793607,0 days 00:20:00
988,CLOSED,2025-03-11 13:34:00+00:00,81000.0,82000.0,2025-03-11 18:03:00+00:00,58.67832472189169,5306.7368840832605,1.1057326941889334,5333.787904482579,0.6056776677793607,0 days 04:29:00
989,CLOSED,2025-03-11 14:28:00+00:00,80000.0,81000.0,2025-03-11 15:09:00+00:00,58.67832472189169,5280.183221897763,1.1112933444912159,5307.352273013781,0.614714863265597,0 days 00:41:00
990,CLOSED,2025-03-12 04:02:00+00:00,82000.0,83000.0,2025-03-12 11:56:00+00:00,58.67832472189169,5334.38410035326,1.1000018674696825,5360.096706551078,0.5968608916952434,0 days 07:54:00
991,CLOSED,2025-03-12 13:49:00+00:00,83000.0,84000.0,2025-03-13 00:26:00+00:00,58.67832472189169,5360.684306923712,1.0946051168524211,5386.884577944452,0.5882565680468801,0 days 10:37:00
992,CLOSED,2025-03-12 14:32:00+00:00,82000.0,83000.0,2025-03-12 19:20:00+00:00,58.67832472189169,5335.569217813002,1.0997575390080567,5361.887501678599,0.5968608916952434,0 days 04:48:00
993,CLOSED,2025-03-12 15:05:00+00:00,81000.0,82000.0,2025-03-12 15:50:00+00:00,58.67832472189169,5309.739254965742,1.105107462047499,5336.175560501795,0.6056776677793607,0 days 00:45:00
994,CLOSED,2025-03-13 06:07:00+00:00,83000.0,84000.0,2025-03-14 15:03:00+00:00,58.67832472189169,5362.475102051233,1.0942395741743638,5389.290087935238,0.5882565680468801,1 days 08:56:00
995,CLOSED,2025-03-13 13:53:00+00:00,82000.0,83000.0,2025-03-14 10:27:00+00:00,58.67832472189169,5337.360012940523,1.0993885475145964,5364.293011669384,0.5968608916952434,0 days 20:34:00
996,CLOSED,2025-03-13 15:40:00+00:00,81000.0,82000.0,2025-03-14 02:48:00+00:00,58.67832472189169,5311.530050093263,1.1047348724095307,5338.581070492581,0.6056776677793607,0 days 11:08:00
997,CLOSED,2025-03-13 17:46:00+00:00,80000.0,81000.0,2025-03-13 19:03:00+00:00,58.67832472189169,5284.9763879077655,1.1102854661025547,5312.145439023783,0.614714863265597,0 days 01:17:00
998,CLOSED,2025-03-14 16:34:00+00:00,84000.0,85000.0,2025-03-16 16:09:00+00:00,58.67832472189169,5389.869297462011,1.0886780640399245,5414.749025691357,0.5798571092472784,1 days 23:35:00
999,CLOSED,2025-03-16 11:16:00+00:00,83000.0,84000.0,2025-03-16 16:08:00+00:00,58.67832472189169,5365.460469151267,1.0936307341981721,5390.458201612532,0.5882565680468801,0 days 04:52:00
1000,CLOSED,2025-03-16 16:11:00+00:00,84000.0,85000.0,2025-03-19 18:53:00+00:00,58.67832472189169,5391.037411139305,1.088442172570474,5418.287374288135,0.5798571092472784,3 days 02:42:00
1001,CLOSED,2025-03-16 19:14:00+00:00,83000.0,84000.0,2025-03-17 12:00:00+00:00,58.67832472189169,5366.628582828561,1.093392691822254,5392.223176181522,0.5882565680468801,0 days 16:46:00
1002,CLOSED,2025-03-16 23:06:00+00:00,82000.0,83000.0,2025-03-17 00:33:00+00:00,58.67832472189169,5341.513493717851,1.0985336794693716,5367.226099915668,0.5968608916952434,0 days 01:27:00
1003,CLOSED,2025-03-17 13:02:00+00:00,83000.0,84000.0,2025-03-17 17:33:00+00:00,58.67832472189169,5367.813700288302,1.0931512902308833,5392.811432749568,0.5882565680468801,0 days 04:31:00
1004,CLOSED,2025-03-18 03:31:00+00:00,83000.0,84000.0,2025-03-19 11:38:00+00:00,58.67832472189169,5368.401956856349,1.0930315053430313,5393.99655020931,0.5882565680468801,1 days 08:07:00
1005,CLOSED,2025-03-18 13:35:00+00:00,82000.0,83000.0,2025-03-19 00:28:00+00:00,58.67832472189169,5343.286867745639,1.0981690890694848,5368.999473943457,0.5968608916952434,0 days 10:53:00
1006,CLOSED,2025-03-20 00:51:00+00:00,86000.0,87000.0,2025-03-24 05:19:00+00:00,58.67832472189169,5442.443367077354,1.0781614206011028,5467.070510585356,0.5636442004015549,4 days 04:28:00
1007,CLOSED,2025-03-20 10:20:00+00:00,85000.0,86000.0,2025-03-20 14:06:00+00:00,58.67832472189169,5419.4220345987,1.0827413762441318,5443.0156533267,0.5716552847723761,0 days 03:46:00
1008,CLOSED,2025-03-20 15:36:00+00:00,85000.0,86000.0,2025-03-23 23:58:00+00:00,58.67832472189169,5419.993689883472,1.082627177803103,5444.16716572072,0.5716552847723761,3 days 08:22:00
1009,CLOSED,2025-03-20 16:30:00+00:00,84000.0,85000.0,2025-03-23 11:26:00+00:00,58.67832472189169,5396.282714506028,1.0873841832666669,5420.574186167328,0.5798571092472784,2 days 18:56:00
1010,CLOSED,2025-03-25 01:30:00+00:00,87000.0,88000.0,2025-03-25 14:41:00+00:00,58.67832472189169,5467.625704918775,1.0731957139842914,5489.848056952669,0.5558172788898261,0 days 13:11:00
1011,CLOSED,2025-03-26 13:57:00+00:00,87000.0,88000.0,2025-04-02 20:14:00+00:00,58.67832472189169,5468.181522197665,1.0730866282271632,5496.793272147209,0.5558172788898261,7 days 06:17:00
1012,CLOSED,2025-03-26 19:07:00+00:00,86000.0,87000.0,2025-03-26 20:11:00+00:00,58.67832472189169,5445.8418135143265,1.0774886001329742,5468.745789343537,0.5636442004015549,0 days 01:04:00
1013,CLOSED,2025-03-27 13:35:00+00:00,86000.0,87000.0,2025-03-27 14:39:00+00:00,58.67832472189169,5446.405457714728,1.0773770916885186,5469.309433543938,0.5636442004015549,0 days 01:04:00
1014,CLOSED,2025-03-28 04:55:00+00:00,86000.0,87000.0,2025-04-02 15:33:00+00:00,58.67832472189169,5446.96910191513,1.0772656063215167,5474.571543058785,0.5636442004015549,5 days 10:38:00
1015,CLOSED,2025-03-28 10:55:00+00:00,85000.0,86000.0,2025-04-02 13:49:00+00:00,58.67832472189169,5423.947769436476,1.0818379382732903,5451.668198194149,0.5716552847723761,5 days 02:54:00
1016,CLOSED,2025-03-28 15:02:00+00:00,84000.0,85000.0,2025-04-01 15:16:00+00:00,58.67832472189169,5400.236794059031,1.0865879952976423,5427.49536153151,0.5798571092472784,4 days 00:14:00
1017,CLOSED,2025-03-29 10:53:00+00:00,83000.0,84000.0,2025-04-01 08:29:00+00:00,58.67832472189169,5375.827965748287,1.0915216241248147,5402.616280884638,0.5882565680468801,2 days 21:36:00
1018,CLOSED,2025-03-29 17:12:00+00:00,82000.0,83000.0,2025-03-30 01:06:00+00:00,58.67832472189169,5350.712876637577,1.0966449905786297,5376.425482835395,0.5968608916952434,0 days 07:54:00
1019,CLOSED,2025-03-30 22:02:00+00:00,82000.0,83000.0,2025-03-31 12:51:00+00:00,58.67832472189169,5351.309737529273,1.0965226757549598,5377.02234372709,0.5968608916952434,0 days 14:49:00
1020,CLOSED,2025-03-31 13:32:00+00:00,82000.0,83000.0,2025-03-31 14:07:00+00:00,58.67832472189169,5351.906598420968,1.0964003882131315,5377.619204618784,0.5968608916952434,0 days 00:35:00
1021,CLOSED,2025-04-01 14:10:00+00:00,83000.0,84000.0,2025-04-01 14:51:00+00:00,58.67832472189169,5378.20680499142,1.091038832263448,5403.204537452685,0.5882565680468801,0 days 00:41:00
1022,CLOSED,2025-04-02 06:10:00+00:00,84000.0,85000.0,2025-04-02 09:06:00+00:00,58.67832472189169,5403.783746979458,1.0858747771816553,5428.075218640757,0.5798571092472784,0 days 02:56:00
1023,CLOSED,2025-04-02 20:26:00+00:00,87000.0,88000.0,2025-04-21 14:21:00+00:00,58.67832472189169,5475.126737392205,1.0717254145214563,5527.378382377909,0.5558172788898261,18 days 17:55:00
1024,CLOSED,2025-04-02 20:27:00+00:00,86000.0,87000.0,2025-04-21 00:46:00+00:00,58.67832472189169,5452.787028708866,1.0761162028326234,5505.156653289485,0.5636442004015549,18 days 04:19:00
1025,CLOSED,2025-04-02 21:06:00+00:00,85000.0,86000.0,2025-04-13 01:31:00+00:00,58.67832472189169,5429.765696230212,1.0806787623014928,5477.630855199821,0.5716552847723761,10 days 04:25:00
1026,CLOSED,2025-04-02 22:09:00+00:00,84000.0,85000.0,2025-04-12 14:25:00+00:00,58.67832472189169,5406.054720852768,1.085418623225397,5454.037875646429,0.5798571092472784,9 days 16:16:00
1027,CLOSED,2025-04-02 22:39:00+00:00,83000.0,84000.0,2025-04-04 07:51:00+00:00,58.67832472189169,5381.645892542024,1.0903416146946625,5407.240485894985,0.5882565680468801,1 days 09:12:00
1028,CLOSED,2025-04-03 12:47:00+00:00,82000.0,83000.0,2025-04-03 23:46:00+00:00,58.67832472189169,5356.530803431315,1.0954538837768508,5382.243409629131,0.5968608916952434,0 days 10:59:00
1029,CLOSED,2025-04-04 10:22:00+00:00,83000.0,84000.0,2025-04-04 17:37:00+00:00,58.67832472189169,5382.831010001766,1.0901015583224196,5409.022464246422,0.5882565680468801,0 days 07:15:00
1030,CLOSED,2025-04-04 11:22:00+00:00,82000.0,83000.0,2025-04-04 12:30:00+00:00,58.67832472189169,5357.715920891056,1.0952115712796646,5383.428527088873,0.5968608916952434,0 days 01:08:00
1031,CLOSED,2025-04-04 14:49:00+00:00,82000.0,83000.0,2025-04-04 15:01:00+00:00,58.67832472189169,5358.312781782752,1.0950895759834491,5384.025387980568,0.5968608916952434,0 days 00:12:00
1032,CLOSED,2025-04-05 13:19:00+00:00,83000.0,84000.0,2025-04-11 17:44:00+00:00,58.67832472189169,5384.612988353203,1.0897408012202843,5429.158794999557,0.5882565680468801,6 days 04:25:00
1033,CLOSED,2025-04-06 16:57:00+00:00,82000.0,83000.0,2025-04-09 20:55:00+00:00,58.67832472189169,5359.497899242493,1.0948474246101532,5400.499642722249,0.5968608916952434,3 days 03:58:00
1034,CLOSED,2025-04-06 17:45:00+00:00,81000.0,82000.0,2025-04-09 17:58:00+00:00,58.67832472189169,5333.667936395233,1.10014956727039,5374.787701545445,0.6056776677793607,3 days 00:13:00
1035,CLOSED,2025-04-06 18:20:00+00:00,80000.0,81000.0,2025-04-07 14:17:00+00:00,58.67832472189169,5307.114274209735,1.1056540652806894,5338.787509292321,0.614714863265597,0 days 19:57:00
1036,CLOSED,2025-04-06 18:47:00+00:00,79000.0,80000.0,2025-04-07 14:13:00+00:00,58.67832472189169,5279.827866444273,1.1113681393823338,5311.619141518819,0.6239808485109748,0 days 19:26:00
1037,CLOSED,2025-04-06 22:51:00+00:00,78000.0,79000.0,2025-04-07 01:18:00+00:00,58.67832472189169,5251.799437838341,1.117299421206456,5280.462043722998,0.6334844231216081,0 days 02:27:00
1038,CLOSED,2025-04-07 03:33:00+00:00,78000.0,79000.0,2025-04-07 14:10:00+00:00,58.67832472189169,5252.432922261462,1.117164666172023,5283.708762417934,0.6334844231216081,0 days 10:37:00
1039,CLOSED,2025-04-07 04:17:00+00:00,77000.0,78000.0,2025-04-07 13:56:00+00:00,58.67832472189169,5223.65295972736,1.1233197376296282,5255.046859149061,0.6432348438260362,0 days 09:39:00
1040,CLOSED,2025-04-07 06:25:00+00:00,76000.0,77000.0,2025-04-07 10:12:00+00:00,58.67832472189169,5194.111703084205,1.1297085637771165,5224.970429933614,0.6532418545490017,0 days 03:47:00
1041,CLOSED,2025-04-07 06:44:00+00:00,75000.0,76000.0,2025-04-07 08:20:00+00:00,58.67832472189169,5163.799135304245,1.13634018644752,5194.775941720057,0.6635157188912402,0 days 01:36:00
1042,CLOSED,2025-04-07 13:42:00+00:00,76000.0,77000.0,2025-04-07 13:51:00+00:00,58.67832472189169,5195.428460657646,1.1294222443102238,5225.623671788162,0.6532418545490017,0 days 00:09:00
1043,CLOSED,2025-04-07 14:20:00+00:00,80000.0,81000.0,2025-04-09 17:25:00+00:00,58.67832472189169,5312.233173039569,1.1045886505828388,5348.352070076647,0.614714863265597,2 days 03:05:00
1044,CLOSED,2025-04-07 14:23:00+00:00,79000.0,80000.0,2025-04-07 22:50:00+00:00,58.67832472189169,5284.946765274107,1.1102916893591133,5314.75829049996,0.6239808485109748,0 days 08:27:00
1045,CLOSED,2025-04-07 14:29:00+00:00,78000.0,79000.0,2025-04-07 14:33:00+00:00,58.67832472189169,5256.918336668175,1.1162114562936487,5285.580942552831,0.6334844231216081,0 days 00:04:00
1046,CLOSED,2025-04-07 15:14:00+00:00,78000.0,79000.0,2025-04-07 15:44:00+00:00,58.67832472189169,5257.551821091296,1.116076963549776,5286.214426975953,0.6334844231216081,0 days 00:30:00
1047,CLOSED,2025-04-07 16:18:00+00:00,78000.0,79000.0,2025-04-07 17:45:00+00:00,58.67832472189169,5258.185305514417,1.1159425032121628,5286.847911399074,0.6334844231216081,0 days 01:27:00
1048,CLOSED,2025-04-08 00:58:00+00:00,79000.0,80000.0,2025-04-08 01:36:00+00:00,58.67832472189169,5287.471199391982,1.109761595082338,5315.38227134847,0.6239808485109748,0 days 00:38:00
1049,CLOSED,2025-04-08 08:24:00+00:00,79000.0,80000.0,2025-04-08 11:58:00+00:00,58.67832472189169,5288.0951802404925,1.1096306462324892,5316.006252196981,0.6239808485109748,0 days 03:34:00
1050,CLOSED,2025-04-08 14:50:00+00:00,79000.0,80000.0,2025-04-09 17:21:00+00:00,58.67832472189169,5288.719161089003,1.1094997282822106,5321.183702303144,0.6239808485109748,1 days 02:31:00
1051,CLOSED,2025-04-08 16:18:00+00:00,78000.0,79000.0,2025-04-09 17:19:00+00:00,58.67832472189169,5260.690732483071,1.1154110307145018,5293.273323202259,0.6334844231216081,1 days 01:01:00
1052,CLOSED,2025-04-08 17:12:00+00:00,77000.0,78000.0,2025-04-09 14:00:00+00:00,58.67832472189169,5231.910769948969,1.121546740799328,5263.968185089561,0.6432348438260362,0 days 20:48:00
1053,CLOSED,2025-04-09 00:05:00+00:00,76000.0,77000.0,2025-04-09 06:01:00+00:00,58.67832472189169,5202.369513305814,1.1279153580270178,5233.891755874112,0.6532418545490017,0 days 05:56:00
1054,CLOSED,2025-04-09 01:25:00+00:00,75000.0,76000.0,2025-04-09 01:49:00+00:00,58.67832472189169,5172.056945525854,1.134525882833754,5203.033751941665,0.6635157188912402,0 days 00:24:00
1055,CLOSED,2025-04-09 04:00:00+00:00,75000.0,76000.0,2025-04-09 04:15:00+00:00,58.67832472189169,5172.720461244745,1.1343803548156852,5203.6972676605565,0.6635157188912402,0 days 00:15:00
1056,CLOSED,2025-04-09 11:06:00+00:00,76000.0,77000.0,2025-04-09 12:55:00+00:00,58.67832472189169,5204.349786598145,1.1274861822892026,5234.544997728662,0.6532418545490017,0 days 01:49:00
1057,CLOSED,2025-04-09 14:52:00+00:00,77000.0,78000.0,2025-04-09 16:50:00+00:00,58.67832472189169,5235.1875199396745,1.1208447548134408,5264.611419933386,0.6432348438260362,0 days 01:58:00
1058,CLOSED,2025-04-10 03:06:00+00:00,82000.0,83000.0,2025-04-11 13:39:00+00:00,58.67832472189169,5375.383897416126,1.0916117963239345,5403.56485784201,0.5968608916952434,1 days 10:33:00
1059,CLOSED,2025-04-10 13:37:00+00:00,81000.0,82000.0,2025-04-11 09:27:00+00:00,58.67832472189169,5349.553934568866,1.0968825707637384,5377.852916665206,0.6056776677793607,0 days 19:50:00
1060,CLOSED,2025-04-10 15:33:00+00:00,80000.0,81000.0,2025-04-11 04:15:00+00:00,58.67832472189169,5323.000272383369,1.102354343777227,5351.417285196408,0.614714863265597,0 days 12:42:00
1061,CLOSED,2025-04-10 15:48:00+00:00,79000.0,80000.0,2025-04-10 19:56:00+00:00,58.67832472189169,5295.713864617906,1.108034274924433,5323.624936574395,0.6239808485109748,0 days 04:08:00
1062,CLOSED,2025-04-11 00:59:00+00:00,79000.0,80000.0,2025-04-11 01:47:00+00:00,58.67832472189169,5296.337845466417,1.10790373337153,5324.248917422905,0.6239808485109748,0 days 00:48:00
1063,CLOSED,2025-04-11 14:21:00+00:00,82000.0,83000.0,2025-04-11 16:47:00+00:00,58.67832472189169,5378.449112535887,1.0909896792576592,5404.161718733704,0.5968608916952434,0 days 02:26:00
1064,CLOSED,2025-04-12 02:49:00+00:00,83000.0,84000.0,2025-04-12 08:11:00+00:00,58.67832472189169,5404.749319106339,1.0856807829080592,5429.747051567605,0.5882565680468801,0 days 05:22:00
1065,CLOSED,2025-04-13 02:17:00+00:00,85000.0,86000.0,2025-04-15 10:01:00+00:00,58.67832472189169,5454.608891756593,1.075756775349571,5479.362224703088,0.5716552847723761,2 days 07:44:00
1066,CLOSED,2025-04-13 13:40:00+00:00,84000.0,85000.0,2025-04-14 00:22:00+00:00,58.67832472189169,5430.897916379149,1.0804534650692403,5455.189388040449,0.5798571092472784,0 days 10:42:00
1067,CLOSED,2025-04-14 15:40:00+00:00,84000.0,85000.0,2025-04-14 18:04:00+00:00,58.67832472189169,5431.477773488396,1.080338117340858,5455.769245149696,0.5798571092472784,0 days 02:24:00
1068,CLOSED,2025-04-15 14:19:00+00:00,85000.0,86000.0,2025-04-21 00:26:00+00:00,58.67832472189169,5456.34026125986,1.075415423383859,5482.25330842485,0.5716552847723761,5 days 10:07:00
1069,CLOSED,2025-04-15 19:45:00+00:00,84000.0,85000.0,2025-04-16 15:24:00+00:00,58.67832472189169,5432.629285882415,1.0801091264293885,5456.920757543716,0.5798571092472784,0 days 19:39:00
1070,CLOSED,2025-04-16 17:46:00+00:00,84000.0,85000.0,2025-04-17 07:33:00+00:00,58.67832472189169,5433.209142991663,1.0799938522076094,5457.500614652963,0.5798571092472784,0 days 13:47:00
1071,CLOSED,2025-04-17 14:29:00+00:00,84000.0,85000.0,2025-04-17 16:34:00+00:00,58.67832472189169,5433.78900010091,1.0798786025883962,5458.08047176221,0.5798571092472784,0 days 02:05:00
1072,CLOSED,2025-04-20 10:54:00+00:00,84000.0,85000.0,2025-04-20 20:19:00+00:00,58.67832472189169,5434.368857210157,1.079763377563874,5458.660328871458,0.5798571092472784,0 days 09:25:00
1073,CLOSED,2025-04-21 17:00:00+00:00,87000.0,88000.0,2025-04-22 01:15:00+00:00,58.67832472189169,5505.711847622904,1.065771808367089,5527.934199656798,0.5558172788898261,0 days 08:15:00
1074,CLOSED,2025-04-23 13:58:00+00:00,93000.0,94000.0,2025-04-23 18:09:00+00:00,58.67832472189169,5629.598522683106,1.042318106441544,5648.40886913617,0.5123904885666661,0 days 04:11:00
1075,CLOSED,2025-04-23 15:27:00+00:00,92000.0,93000.0,2025-04-23 15:56:00+00:00,58.67832472189169,5611.190054508945,1.045737609167951,5630.118336103196,0.5192349283458597,0 days 00:29:00
1076,CLOSED,2025-04-23 19:26:00+00:00,93000.0,94000.0,2025-04-24 23:35:00+00:00,58.67832472189169,5630.630148100018,1.0421271363684208,5649.440494553082,0.5123904885666661,1 days 04:09:00
1077,CLOSED,2025-04-24 08:28:00+00:00,92000.0,93000.0,2025-04-24 14:01:00+00:00,58.67832472189169,5612.221679925857,1.045545384135056,5631.149961520108,0.5192349283458597,0 days 05:33:00
1078,CLOSED,2025-04-25 02:56:00+00:00,93000.0,94000.0,2025-04-25 11:14:00+00:00,58.67832472189169,5631.66177351693,1.0419362362602882,5649.952885041648,0.5123904885666661,0 days 08:18:00
1079,CLOSED,2025-04-26 11:52:00+00:00,94000.0,95000.0,2025-04-27 00:20:00+00:00,58.67832472189169,5650.45800507636,1.0384702385041213,5668.118797822614,0.5056916751657639,0 days 12:28:00
1080,CLOSED,2025-04-27 05:13:00+00:00,94000.0,95000.0,2025-04-28 10:37:00+00:00,58.67832472189169,5650.963696751525,1.0383773082036099,5669.136879986346,0.5056916751657639,1 days 05:24:00
1081,CLOSED,2025-04-28 01:31:00+00:00,93000.0,94000.0,2025-04-28 04:11:00+00:00,58.67832472189169,5633.185547355828,1.0416543930358342,5651.476658880546,0.5123904885666661,0 days 02:40:00
1082,CLOSED,2025-04-28 13:58:00+00:00,94000.0,95000.0,2025-04-28 23:10:00+00:00,58.67832472189169,5651.981778915258,1.0381902670102625,5669.642571661511,0.5056916751657639,0 days 09:12:00
1083,CLOSED,2025-04-29 23:05:00+00:00,94000.0,95000.0,2025-04-30 03:54:00+00:00,58.67832472189169,5652.487470590423,1.0380973868087588,5670.148263336677,0.5056916751657639,0 days 04:49:00
1084,CLOSED,2025-04-30 13:41:00+00:00,94000.0,95000.0,2025-05-01 03:11:00+00:00,58.67832472189169,5652.993162265589,1.0380045232245563,5671.166345500409,0.5056916751657639,0 days 13:30:00
1085,CLOSED,2025-04-30 14:00:00+00:00,93000.0,94000.0,2025-04-30 14:28:00+00:00,58.67832472189169,5635.21501286989,1.0412792517744254,5653.506124394608,0.5123904885666661,0 days 00:28:00
1086,CLOSED,2025-05-03 10:42:00+00:00,96000.0,97000.0,2025-05-07 00:07:00+00:00,58.67832472189169,5688.6951144058,1.031490061284833,5706.625762222812,0.49271272420148904,3 days 13:25:00
1087,CLOSED,2025-05-04 22:32:00+00:00,95000.0,96000.0,2025-05-06 22:42:00+00:00,58.67832472189169,5672.157627179091,1.0344974272351795,5690.206190016132,0.4991338894153827,2 days 00:10:00
1088,CLOSED,2025-05-05 01:31:00+00:00,94000.0,95000.0,2025-05-05 22:36:00+00:00,58.67832472189169,5655.003091042938,1.037635590594696,5672.6638837891915,0.5056916751657639,0 days 21:05:00
1089,CLOSED,2025-05-06 10:45:00+00:00,94000.0,95000.0,2025-05-06 18:56:00+00:00,58.67832472189169,5655.508782718103,1.0375428096089032,5673.169575464357,0.5056916751657639,0 days 08:11:00
1090,CLOSED,2025-05-07 18:09:00+00:00,96000.0,97000.0,2025-05-07 21:28:00+00:00,58.67832472189169,5690.698344369748,1.031126957905733,5707.118474947014,0.49271272420148904,0 days 03:19:00
1091,CLOSED,2025-05-08 21:42:00+00:00,103000.0,104000.0,2025-05-09 07:43:00+00:00,58.67832472189169,5793.479642155735,1.0128338812986262,5805.75325644914,0.45125568665543625,0 days 10:01:00
1092,CLOSED,2025-05-09 08:40:00+00:00,103000.0,104000.0,2025-05-10 07:06:00+00:00,58.67832472189169,5793.930897842391,1.0127549975396322,5806.204512135796,0.45125568665543625,0 days 22:26:00
1093,CLOSED,2025-05-12 01:35:00+00:00,104000.0,105000.0,2025-05-12 07:00:00+00:00,58.67832472189169,5806.649790515902,1.0105366577769503,5818.354282028753,0.445788824561447,0 days 05:25:00
1094,CLOSED,2025-05-12 11:48:00+00:00,104000.0,105000.0,2025-05-18 14:38:00+00:00,58.67832472189169,5807.095579340464,1.010459082689251,5822.889352687893,0.445788824561447,6 days 02:50:00
1095,CLOSED,2025-05-12 14:29:00+00:00,103000.0,104000.0,2025-05-13 16:12:00+00:00,58.67832472189169,5795.273731178169,1.0125203302512942,5808.923519130751,0.45125568665543625,1 days 01:43:00
1096,CLOSED,2025-05-12 18:07:00+00:00,102000.0,103000.0,2025-05-12 23:20:00+00:00,58.67832472189169,5782.882760235319,1.0146898554710442,5796.193591119312,0.45682974212380145,0 days 05:13:00
1097,CLOSED,2025-05-12 18:47:00+00:00,101000.0,102000.0,2025-05-12 19:05:00+00:00,58.67832472189169,5769.917086876811,1.01696998134255,5783.345796124461,0.46251417492819513,0 days 00:18:00
1098,CLOSED,2025-05-13 02:16:00+00:00,102000.0,103000.0,2025-05-13 09:16:00+00:00,58.67832472189169,5783.802104152372,1.014528569014571,5796.650420861436,0.45682974212380145,0 days 07:00:00
1099,CLOSED,2025-05-14 09:04:00+00:00,103000.0,104000.0,2025-05-14 11:38:00+00:00,58.67832472189169,5797.101160524001,1.012201151869976,5809.374774817406,0.45125568665543625,0 days 02:34:00
1100,CLOSED,2025-05-14 14:31:00+00:00,103000.0,104000.0,2025-05-15 17:20:00+00:00,58.67832472189169,5797.552416210657,1.012122366635617,5810.282860246186,0.45125568665543625,1 days 02:49:00
1101,CLOSED,2025-05-15 07:23:00+00:00,102000.0,103000.0,2025-05-15 15:44:00+00:00,58.67832472189169,5785.161445267807,1.0142901849332115,5798.009761976871,0.45682974212380145,0 days 08:21:00
1102,CLOSED,2025-05-15 18:48:00+00:00,103000.0,104000.0,2025-05-16 00:35:00+00:00,58.67832472189169,5798.460501639436,1.0119638601539356,5810.734115932842,0.45125568665543625,0 days 05:47:00
1103,CLOSED,2025-05-17 01:05:00+00:00,103000.0,104000.0,2025-05-18 08:00:00+00:00,58.67832472189169,5798.911757326092,1.0118851118532726,5811.185371619497,0.45125568665543625,1 days 06:55:00
1104,CLOSED,2025-05-18 18:10:00+00:00,104000.0,105000.0,2025-05-18 22:28:00+00:00,58.67832472189169,5811.6306499996035,1.0096705770848617,5823.335141512454,0.445788824561447,0 days 04:18:00
1105,CLOSED,2025-05-19 00:30:00+00:00,106000.0,107000.0,2025-05-20 19:56:00+00:00,58.67832472189169,5834.910142548433,1.005642302766698,5847.727427708207,0.4351645453976616,1 days 19:26:00
1106,CLOSED,2025-05-19 01:06:00+00:00,105000.0,106000.0,2025-05-20 00:13:00+00:00,58.67832472189169,5824.2102271789045,1.0074898129203338,5836.70494249897,0.44042609317401116,0 days 23:07:00
1107,CLOSED,2025-05-19 03:40:00+00:00,104000.0,105000.0,2025-05-19 16:24:00+00:00,58.67832472189169,5812.952029462736,1.0094410623807444,5825.564606404367,0.445788824561447,0 days 12:44:00
1108,CLOSED,2025-05-19 04:06:00+00:00,103000.0,104000.0,2025-05-19 14:48:00+00:00,58.67832472189169,5801.130181300442,1.0114981544637178,5813.860625335971,0.45125568665543625,0 days 10:42:00
1109,CLOSED,2025-05-19 06:38:00+00:00,102000.0,103000.0,2025-05-19 07:43:00+00:00,58.67832472189169,5788.739210357592,1.0136632967831853,5801.587527066657,0.45682974212380145,0 days 01:05:00
1110,CLOSED,2025-05-20 07:48:00+00:00,105000.0,106000.0,2025-05-20 17:12:00+00:00,58.67832472189169,5826.00452752542,1.007179524915597,5837.145368592144,0.44042609317401116,0 days 09:24:00
1111,CLOSED,2025-05-20 22:22:00+00:00,106000.0,107000.0,2025-05-20 23:18:00+00:00,58.67832472189169,5837.58003353352,1.0051823595534222,5848.162592253604,0.4351645453976616,0 days 00:56:00
1112,CLOSED,2025-05-21 17:24:00+00:00,108000.0,109000.0,2025-05-21 22:45:00+00:00,58.67832472189169,5858.616085693649,1.001573133716344,5868.527783063404,0.4249337580547561,0 days 05:21:00
1113,CLOSED,2025-05-21 17:29:00+00:00,107000.0,108000.0,2025-05-21 19:37:00+00:00,58.67832472189169,5849.01703301876,1.0032168549115503,5859.046576206796,0.43000134430872095,0 days 02:08:00
1114,CLOSED,2025-05-23 11:47:00+00:00,110000.0,111000.0,2025-07-09 19:40:00+00:00,58.67832472189169,5877.88081637174,0.9982904818085826,5916.166242717969,0.415074999342508,47 days 07:53:00
1115,CLOSED,2025-05-23 11:59:00+00:00,109000.0,110000.0,2025-05-26 07:04:00+00:00,58.67832472189169,5869.362333121603,0.9997393480167682,5880.436058606154,0.4199591550348174,2 days 19:05:00
1116,CLOSED,2025-05-23 12:13:00+00:00,108000.0,109000.0,2025-05-23 13:32:00+00:00,58.67832472189169,5860.306054950391,1.0012843044660475,5869.787750975836,0.4249337580547561,0 days 01:19:00
1117,CLOSED,2025-05-23 22:46:00+00:00,108000.0,109000.0,2025-05-24 10:40:00+00:00,58.67832472189169,5860.730988708446,1.0012117060985064,5870.6426860782,0.4249337580547561,0 days 11:54:00
1118,CLOSED,2025-05-23 23:42:00+00:00,107000.0,108000.0,2025-05-24 03:04:00+00:00,58.67832472189169,5851.1319360335565,1.0028542402287606,5861.161479221592,0.43000134430872095,0 days 03:22:00
1119,CLOSED,2025-05-24 22:59:00+00:00,108000.0,109000.0,2025-05-25 22:52:00+00:00,58.67832472189169,5861.58592381081,1.0010656754775162,5871.497621180564,0.4249337580547561,0 days 23:53:00
1120,CLOSED,2025-05-25 08:49:00+00:00,107000.0,108000.0,2025-05-25 22:09:00+00:00,58.67832472189169,5851.98687113592,1.0027077301098204,5862.016414323956,0.43000134430872095,0 days 13:20:00
1121,CLOSED,2025-05-26 17:46:00+00:00,109000.0,110000.0,2025-05-27 13:08:00+00:00,58.67832472189169,5871.917096239421,0.9993043798161136,5881.280951519244,0.4199591550348174,0 days 19:22:00
1122,CLOSED,2025-05-27 01:20:00+00:00,108000.0,109000.0,2025-05-27 03:12:00+00:00,58.67832472189169,5862.860818068209,1.0008479911557238,5872.342514093654,0.4249337580547561,0 days 01:52:00
1123,CLOSED,2025-05-27 14:32:00+00:00,109000.0,110000.0,2025-05-27 15:40:00+00:00,58.67832472189169,5872.761989152511,0.9991606135286178,5881.700910674279,0.4199591550348174,0 days 01:08:00
1124,CLOSED,2025-05-27 21:38:00+00:00,109000.0,110000.0,2025-06-09 21:28:00+00:00,58.67832472189169,5873.181948307546,0.9990891690117113,5889.626857533518,0.4199591550348174,12 days 23:50:00
1125,CLOSED,2025-05-28 14:01:00+00:00,108000.0,109000.0,2025-06-09 21:10:00+00:00,58.67832472189169,5864.125670136334,1.0006321150434605,5880.688420107928,0.4249337580547561,12 days 07:09:00
1126,CLOSED,2025-05-28 19:50:00+00:00,107000.0,108000.0,2025-05-28 23:21:00+00:00,58.67832472189169,5854.526617461444,1.0022727464741623,5864.55616064948,0.43000134430872095,0 days 03:31:00
1127,CLOSED,2025-05-29 04:45:00+00:00,107000.0,108000.0,2025-05-29 07:15:00+00:00,58.67832472189169,5854.956618805753,1.0021991372817451,5864.986161993789,0.43000134430872095,0 days 02:30:00
1128,CLOSED,2025-05-29 14:24:00+00:00,107000.0,108000.0,2025-06-09 14:48:00+00:00,58.67832472189169,5855.386620150062,1.0021255389005872,5871.20721325132,0.43000134430872095,11 days 00:24:00
1129,CLOSED,2025-05-29 18:58:00+00:00,106000.0,107000.0,2025-06-09 10:13:00+00:00,58.67832472189169,5845.239720312583,1.0038651540326182,5861.178164400492,0.4351645453976616,10 days 15:15:00
1130,CLOSED,2025-05-30 00:57:00+00:00,105000.0,106000.0,2025-05-30 02:10:00+00:00,58.67832472189169,5834.539804943055,1.00570613422123,5845.680646009779,0.44042609317401116,0 days 01:13:00
1131,CLOSED,2025-05-30 07:45:00+00:00,105000.0,106000.0,2025-05-30 12:49:00+00:00,58.67832472189169,5834.980231036228,1.005630223214502,5846.121072102953,0.44042609317401116,0 days 05:04:00
1132,CLOSED,2025-05-30 16:27:00+00:00,105000.0,106000.0,2025-06-03 00:11:00+00:00,58.67832472189169,5835.4206571294035,1.005554323666481,5847.45307584525,0.44042609317401116,3 days 07:44:00
1133,CLOSED,2025-05-30 16:50:00+00:00,104000.0,105000.0,2025-06-01 16:08:00+00:00,58.67832472189169,5824.1624594132345,1.0074980760032464,5835.866950926085,0.445788824561447,1 days 23:18:00
1134,CLOSED,2025-06-02 11:43:00+00:00,104000.0,105000.0,2025-06-02 21:05:00+00:00,58.67832472189169,5824.608248237796,1.007420966717281,5836.312739750647,0.445788824561447,0 days 09:22:00
1135,CLOSED,2025-06-03 08:17:00+00:00,105000.0,106000.0,2025-06-03 14:41:00+00:00,58.67832472189169,5836.7526608717,1.0053248463868996,5847.893501938424,0.44042609317401116,0 days 06:24:00
1136,CLOSED,2025-06-04 12:01:00+00:00,105000.0,106000.0,2025-06-08 13:48:00+00:00,58.67832472189169,5837.193086964875,1.0052489929265345,5850.5961052844295,0.44042609317401116,4 days 01:47:00
1137,CLOSED,2025-06-05 14:18:00+00:00,104000.0,105000.0,2025-06-06 15:14:00+00:00,58.67832472189169,5825.934889248706,1.0071915638840698,5839.009980365265,0.445788824561447,1 days 00:56:00
1138,CLOSED,2025-06-05 18:13:00+00:00,103000.0,104000.0,2025-06-06 12:00:00+00:00,58.67832472189169,5814.113041086412,1.0092394885897713,5827.305999296869,0.45125568665543625,0 days 17:47:00
1139,CLOSED,2025-06-05 19:18:00+00:00,102000.0,103000.0,2025-06-06 06:10:00+00:00,58.67832472189169,5801.722070143562,1.0113949619175693,5815.0329010275545,0.45682974212380145,0 days 10:52:00
1140,CLOSED,2025-06-05 20:21:00+00:00,101000.0,102000.0,2025-06-06 02:55:00+00:00,58.67832472189169,5788.756396785053,1.0136602872851987,5802.1851060327035,0.46251417492819513,0 days 06:34:00
1141,CLOSED,2025-06-07 00:16:00+00:00,104000.0,105000.0,2025-06-07 05:47:00+00:00,58.67832472189169,5827.751277676975,1.0068776432971194,5839.455769189826,0.445788824561447,0 days 05:31:00
1142,CLOSED,2025-06-10 13:44:00+00:00,109000.0,110000.0,2025-06-10 19:26:00+00:00,58.67832472189169,5881.107895166785,0.9977427003186718,5890.046816688553,0.4199591550348174,0 days 05:42:00
1143,CLOSED,2025-06-11 17:59:00+00:00,109000.0,110000.0,2025-07-03 09:41:00+00:00,58.67832472189169,5881.52785432182,0.997671458425112,5906.075809407692,0.4199591550348174,21 days 15:42:00
1144,CLOSED,2025-06-12 03:20:00+00:00,108000.0,109000.0,2025-07-02 16:05:00+00:00,58.67832472189169,5872.471576150608,0.9992100253017352,5897.137371982103,0.4249337580547561,20 days 12:45:00
1145,CLOSED,2025-06-12 11:38:00+00:00,107000.0,108000.0,2025-06-12 17:17:00+00:00,58.67832472189169,5862.8725234757185,1.0008459929315519,5872.902066663754,0.43000134430872095,0 days 05:39:00
1146,CLOSED,2025-06-12 19:52:00+00:00,107000.0,108000.0,2025-06-16 17:38:00+00:00,58.67832472189169,5863.302524820027,1.000772593150356,5875.9855553442,0.43000134430872095,3 days 21:46:00
1147,CLOSED,2025-06-12 20:44:00+00:00,106000.0,107000.0,2025-06-16 07:30:00+00:00,58.67832472189169,5853.155624982548,1.0025075101615233,5865.956506493372,0.4351645453976616,3 days 10:46:00
1148,CLOSED,2025-06-13 00:02:00+00:00,105000.0,106000.0,2025-06-13 23:43:00+00:00,58.67832472189169,5842.455709613019,1.0043435096194901,5854.493595190961,0.44042609317401116,0 days 23:41:00
1149,CLOSED,2025-06-13 00:24:00+00:00,104000.0,105000.0,2025-06-13 08:01:00+00:00,58.67832472189169,5831.197511896851,1.0062825792159458,5843.353259096358,0.445788824561447,0 days 07:37:00
1150,CLOSED,2025-06-13 01:04:00+00:00,103000.0,104000.0,2025-06-13 03:12:00+00:00,58.67832472189169,5819.375663734557,1.0083268053575896,5831.649278027962,0.45125568665543625,0 days 02:08:00
1151,CLOSED,2025-06-14 07:06:00+00:00,105000.0,106000.0,2025-06-15 05:58:00+00:00,58.67832472189169,5843.793180217412,1.004113645235279,5854.934021284135,0.44042609317401116,0 days 22:52:00
1152,CLOSED,2025-06-15 09:06:00+00:00,105000.0,106000.0,2025-06-16 04:14:00+00:00,58.67832472189169,5844.233606310585,1.0040379744322852,5855.3744473773095,0.44042609317401116,0 days 19:08:00
1153,CLOSED,2025-06-16 23:47:00+00:00,107000.0,108000.0,2025-06-25 13:44:00+00:00,58.67832472189169,5866.386013500473,1.0002465672537346,5885.500995202862,0.43000134430872095,8 days 13:57:00
1154,CLOSED,2025-06-17 10:33:00+00:00,106000.0,107000.0,2025-06-25 10:21:00+00:00,58.67832472189169,5856.239113662994,1.0019796593515329,5875.471946352034,0.4351645453976616,7 days 23:48:00
1155,CLOSED,2025-06-17 14:06:00+00:00,105000.0,106000.0,2025-06-20 08:05:00+00:00,58.67832472189169,5845.539198293465,1.0038137241303953,5858.463194658436,0.44042609317401116,2 days 17:59:00
1156,CLOSED,2025-06-17 16:49:00+00:00,104000.0,105000.0,2025-06-17 19:17:00+00:00,58.67832472189169,5834.281000577297,1.005750746597319,5845.985492090148,0.445788824561447,0 days 02:28:00
1157,CLOSED,2025-06-18 13:17:00+00:00,104000.0,105000.0,2025-06-18 14:13:00+00:00,58.67832472189169,5834.726789401859,1.0056739045343894,5846.4312809147095,0.445788824561447,0 days 00:56:00
1158,CLOSED,2025-06-18 17:31:00+00:00,104000.0,105000.0,2025-06-18 21:52:00+00:00,58.67832472189169,5835.17257822642,1.0055970742124436,5846.877069739271,0.445788824561447,0 days 04:21:00
1159,CLOSED,2025-06-19 16:57:00+00:00,104000.0,105000.0,2025-06-20 07:19:00+00:00,58.67832472189169,5835.618367050982,1.0055202556287908,5847.322858563833,0.445788824561447,0 days 14:22:00
1160,CLOSED,2025-06-20 14:42:00+00:00,105000.0,106000.0,2025-06-23 22:26:00+00:00,58.67832472189169,5847.7627796848865,1.0034320291811434,5864.449461142797,0.44042609317401116,3 days 07:44:00
1161,CLOSED,2025-06-20 14:59:00+00:00,104000.0,105000.0,2025-06-23 22:09:00+00:00,58.67832472189169,5836.5045819687175,1.0053675774224928,5853.309125048194,0.445788824561447,3 days 07:10:00
1162,CLOSED,2025-06-20 17:20:00+00:00,103000.0,104000.0,2025-06-23 21:15:00+00:00,58.67832472189169,5824.682733806423,1.0074080838999702,5841.605143979798,0.45125568665543625,3 days 03:55:00
1163,CLOSED,2025-06-21 21:24:00+00:00,102000.0,103000.0,2025-06-22 00:33:00+00:00,58.67832472189169,5812.291762863573,1.0095557331929657,5825.602593747566,0.45682974212380145,0 days 03:09:00
1164,CLOSED,2025-06-21 23:34:00+00:00,101000.0,102000.0,2025-06-21 23:57:00+00:00,58.67832472189169,5799.326089505064,1.0118128178389691,5812.754798752715,0.46251417492819513,0 days 00:23:00
1165,CLOSED,2025-06-22 02:10:00+00:00,102000.0,103000.0,2025-06-23 18:12:00+00:00,58.67832472189169,5813.211106780625,1.0093960746315978,5829.332045710484,0.45682974212380145,1 days 16:02:00
1166,CLOSED,2025-06-22 13:30:00+00:00,101000.0,102000.0,2025-06-23 06:16:00+00:00,58.67832472189169,5800.245433422117,1.0116524446323605,5815.090910069387,0.46251417492819513,0 days 16:46:00
1167,CLOSED,2025-06-22 14:21:00+00:00,100000.0,101000.0,2025-06-22 23:01:00+00:00,58.67832472189169,5786.699367525023,1.0140206185791274,5801.662728339876,0.46831229638866034,0 days 08:40:00
1168,CLOSED,2025-06-22 15:59:00+00:00,99000.0,100000.0,2025-06-22 17:10:00+00:00,58.67832472189169,5772.5671051639565,1.0165031198927061,5787.174128515954,0.4742275516160177,0 days 01:11:00
1169,CLOSED,2025-06-22 19:43:00+00:00,99000.0,100000.0,2025-06-22 22:05:00+00:00,58.67832472189169,5773.041332715572,1.0164196190552839,5787.64835606757,0.4742275516160177,0 days 02:22:00
1170,CLOSED,2025-06-23 13:31:00+00:00,101000.0,102000.0,2025-06-23 13:44:00+00:00,58.67832472189169,5802.124714996666,1.0113247750470908,5815.5534242443155,0.46251417492819513,0 days 00:13:00
1171,CLOSED,2025-06-23 16:15:00+00:00,101000.0,102000.0,2025-06-23 17:28:00+00:00,58.67832472189169,5802.587229171593,1.0112441641014143,5816.484250715633,0.46251417492819513,0 days 01:13:00
1172,CLOSED,2025-06-23 16:32:00+00:00,100000.0,101000.0,2025-06-23 17:05:00+00:00,58.67832472189169,5789.0411632745,1.0136104247132527,5803.056068986121,0.46831229638866034,0 days 00:33:00
1173,CLOSED,2025-06-23 22:43:00+00:00,105000.0,106000.0,2025-06-24 16:54:00+00:00,58.67832472189169,5853.749046169247,1.0024058814118686,5864.889887235971,0.44042609317401116,0 days 18:11:00
1174,CLOSED,2025-06-25 15:19:00+00:00,107000.0,108000.0,2025-06-25 21:03:00+00:00,58.67832472189169,5875.901453359135,0.9986267671039049,5885.930996547171,0.43000134430872095,0 days 05:44:00
1175,CLOSED,2025-06-26 13:48:00+00:00,107000.0,108000.0,2025-06-26 20:45:00+00:00,58.67832472189169,5876.331454703444,0.9985536924559502,5886.36099789148,0.43000134430872095,0 days 06:57:00
1176,CLOSED,2025-06-26 21:34:00+00:00,107000.0,108000.0,2025-06-29 10:04:00+00:00,58.67832472189169,5876.761456047753,0.9984806285017073,5886.790999235789,0.43000134430872095,2 days 12:30:00
1177,CLOSED,2025-06-30 14:53:00+00:00,107000.0,108000.0,2025-07-02 14:14:00+00:00,58.67832472189169,5877.191457392062,0.9984075752388291,5887.656165125495,0.43000134430872095,1 days 23:21:00
1178,CLOSED,2025-07-01 14:42:00+00:00,106000.0,107000.0,2025-07-02 06:50:00+00:00,58.67832472189169,5867.044557554583,1.0001342949805232,5877.627116274667,0.4351645453976616,0 days 16:08:00
1179,CLOSED,2025-07-03 12:39:00+00:00,109000.0,110000.0,2025-07-03 13:38:00+00:00,58.67832472189169,5897.55684704096,0.9949598832834133,5906.495768562727,0.4199591550348174,0 days 00:59:00
1180,CLOSED,2025-07-04 04:48:00+00:00,109000.0,110000.0,2025-07-09 19:21:00+00:00,58.67832472189169,5897.976806195995,0.9948890382249116,5907.765595233872,0.4199591550348174,5 days 14:33:00
1181,CLOSED,2025-07-04 13:58:00+00:00,108000.0,109000.0,2025-07-06 13:51:00+00:00,58.67832472189169,5888.9205280247825,0.996419028625831,5898.402224050228,0.4249337580547561,1 days 23:53:00
1182,CLOSED,2025-07-07 14:37:00+00:00,108000.0,109000.0,2025-07-08 11:06:00+00:00,58.67832472189169,5889.345461782837,0.996347134034967,5898.827157808283,0.4249337580547561,0 days 20:29:00
1183,CLOSED,2025-07-11 15:53:00+00:00,117000.0,118000.0,2025-07-11 19:21:00+00:00,58.67832472189169,5955.927060878483,0.9852089208298128,5960.695743788197,0.3832236250413814,0 days 03:28:00
1184,CLOSED,2025-07-12 15:42:00+00:00,117000.0,118000.0,2025-07-13 07:37:00+00:00,58.67832472189169,5956.310284503524,0.9851455333775094,5961.078967413238,0.3832236250413814,0 days 15:55:00
1185,CLOSED,2025-07-14 09:28:00+00:00,122000.0,123000.0,2025-08-13 21:08:00+00:00,58.67832472189169,5975.546117867593,0.9819742591633009,5997.029867639822,0.3627104448708707,30 days 11:40:00
1186,CLOSED,2025-07-14 14:32:00+00:00,121000.0,122000.0,2025-08-11 03:16:00+00:00,58.67832472189169,5973.12343660305,0.9823725450291781,5992.871280313255,0.366677456573278,27 days 12:44:00
1187,CLOSED,2025-07-14 15:45:00+00:00,120000.0,121000.0,2025-08-11 02:13:00+00:00,58.67832472189169,5970.216295450928,0.9828509021792442,5990.081925629304,0.370710585137374,27 days 10:28:00
1188,CLOSED,2025-07-15 01:20:00+00:00,119000.0,120000.0,2025-07-16 21:00:00+00:00,58.67832472189169,5966.820657245496,0.9834102295439154,5972.124508505117,0.37481149737482866,1 days 19:40:00
1189,CLOSED,2025-07-15 02:17:00+00:00,118000.0,119000.0,2025-07-16 09:12:00+00:00,58.67832472189169,5962.932416969499,0.9840514803572665,5968.354062976903,0.37898191659934355,1 days 06:55:00
1190,CLOSED,2025-07-15 03:37:00+00:00,117000.0,118000.0,2025-07-15 13:12:00+00:00,58.67832472189169,5958.54740002912,0.9847756639748293,5963.316082938834,0.3832236250413814,0 days 09:35:00
1191,CLOSED,2025-07-15 14:42:00+00:00,117000.0,118000.0,2025-07-16 00:47:00+00:00,58.67832472189169,5958.930623654161,0.9847123322591852,5964.086845030262,0.3832236250413814,0 days 10:05:00
1192,CLOSED,2025-07-15 14:54:00+00:00,116000.0,117000.0,2025-07-15 16:09:00+00:00,58.67832472189169,5954.0445840950015,0.9855204121016947,5959.318608784002,0.38753846638760336,0 days 01:15:00
1193,CLOSED,2025-07-16 22:38:00+00:00,119000.0,120000.0,2025-07-17 21:07:00+00:00,58.67832472189169,5968.728436375939,0.9830959030449655,5973.257283835691,0.37481149737482866,0 days 22:29:00
1194,CLOSED,2025-07-17 01:47:00+00:00,118000.0,119000.0,2025-07-17 09:25:00+00:00,58.67832472189169,5964.840196099943,0.9837367438654601,5969.107856390878,0.37898191659934355,0 days 07:38:00
1195,CLOSED,2025-07-17 11:57:00+00:00,118000.0,119000.0,2025-07-17 15:41:00+00:00,58.67832472189169,5965.219178016542,0.9836742451666705,5969.486838307477,0.37898191659934355,0 days 03:44:00
1196,CLOSED,2025-07-18 08:31:00+00:00,119000.0,120000.0,2025-07-22 18:55:00+00:00,58.67832472189169,5969.861211706513,0.9829093615581427,5976.297693874587,0.37481149737482866,4 days 10:24:00
1197,CLOSED,2025-07-18 14:22:00+00:00,118000.0,119000.0,2025-07-21 06:30:00+00:00,58.67832472189169,5965.972971430517,0.9835499591246362,5971.007078971534,0.37898191659934355,2 days 16:08:00
1198,CLOSED,2025-07-18 20:27:00+00:00,117000.0,118000.0,2025-07-18 23:48:00+00:00,58.67832472189169,5961.587954490137,0.9842734044994919,5966.356637399852,0.3832236250413814,0 days 03:21:00
1199,CLOSED,2025-07-20 22:13:00+00:00,117000.0,118000.0,2025-07-21 02:28:00+00:00,58.67832472189169,5961.971178115178,0.9842101373667207,5966.739861024893,0.3832236250413814,0 days 04:15:00
1200,CLOSED,2025-07-21 12:00:00+00:00,118000.0,119000.0,2025-07-21 13:52:00+00:00,58.67832472189169,5967.118400597198,0.9833611599866876,5971.386060888133,0.37898191659934355,0 days 01:52:00
1201,CLOSED,2025-07-21 16:07:00+00:00,118000.0,119000.0,2025-07-22 11:05:00+00:00,58.67832472189169,5967.497382513798,0.9832987090004144,5972.148266429774,0.37898191659934355,0 days 18:58:00
1202,CLOSED,2025-07-21 19:00:00+00:00,117000.0,118000.0,2025-07-22 07:05:00+00:00,58.67832472189169,5963.112365573418,0.9840217846750089,5967.881048483133,0.3832236250413814,0 days 12:05:00
1203,CLOSED,2025-07-22 14:00:00+00:00,118000.0,119000.0,2025-07-22 14:58:00+00:00,58.67832472189169,5968.259588055438,0.9831731320689773,5972.527248346373,0.37898191659934355,0 days 00:58:00
1204,CLOSED,2025-07-23 02:45:00+00:00,119000.0,120000.0,2025-08-11 02:00:00+00:00,58.67832472189169,5972.901621745409,0.9824090272684691,5986.8040779970615,0.37481149737482866,18 days 23:15:00
1205,CLOSED,2025-07-23 09:29:00+00:00,118000.0,119000.0,2025-07-24 00:29:00+00:00,58.67832472189169,5969.013381469413,0.9830489726167551,5973.281041760348,0.37898191659934355,0 days 15:00:00
1206,CLOSED,2025-07-24 04:41:00+00:00,118000.0,119000.0,2025-07-24 14:58:00+00:00,58.67832472189169,5969.392363386012,0.9829865612755206,5973.660023676947,0.37898191659934355,0 days 10:17:00
1207,CLOSED,2025-07-25 00:22:00+00:00,118000.0,119000.0,2025-07-27 16:12:00+00:00,58.67832472189169,5969.771345302612,0.9829241578584657,5975.5936243818805,0.37898191659934355,2 days 15:50:00
1208,CLOSED,2025-07-25 02:35:00+00:00,117000.0,118000.0,2025-07-26 10:40:00+00:00,58.67832472189169,5965.386328362232,0.9836466825779168,5971.32640643524,0.3832236250413814,1 days 08:05:00
1209,CLOSED,2025-07-25 03:06:00+00:00,116000.0,117000.0,2025-07-25 20:33:00+00:00,58.67832472189169,5960.500288803073,0.9844530136525649,5966.55817018898,0.38753846638760336,0 days 17:27:00
1210,CLOSED,2025-07-25 07:12:00+00:00,115000.0,116000.0,2025-07-25 09:59:00+00:00,58.67832472189169,5955.108907464628,0.9853442755402744,5960.892668209257,0.39192834845287194,0 days 02:47:00
1211,CLOSED,2025-07-25 14:57:00+00:00,115000.0,116000.0,2025-07-25 16:48:00+00:00,58.67832472189169,5955.500835813082,0.9852794305565833,5961.28459655771,0.39192834845287194,0 days 01:51:00
1212,CLOSED,2025-07-28 14:34:00+00:00,118000.0,119000.0,2025-07-29 06:20:00+00:00,58.67832472189169,5971.704946007545,0.9826058931649293,5975.97260629848,0.37898191659934355,0 days 15:46:00
1213,CLOSED,2025-07-29 14:08:00+00:00,118000.0,119000.0,2025-08-10 15:08:00+00:00,58.67832472189169,5972.0839279241445,0.9825435380692628,5983.033632468848,0.37898191659934355,12 days 01:00:00
1214,CLOSED,2025-07-29 16:38:00+00:00,117000.0,118000.0,2025-07-29 17:30:00+00:00,58.67832472189169,5967.698910983765,0.9832655031220177,5972.46759389348,0.3832236250413814,0 days 00:52:00
1215,CLOSED,2025-07-30 18:49:00+00:00,117000.0,118000.0,2025-07-31 00:27:00+00:00,58.67832472189169,5968.082134608806,0.9832023654905332,5973.238355984908,0.3832236250413814,0 days 05:38:00
1216,CLOSED,2025-07-30 19:04:00+00:00,116000.0,117000.0,2025-07-30 19:49:00+00:00,58.67832472189169,5963.196095049647,0.98400796798555,5968.470119738648,0.38753846638760336,0 days 00:45:00
1217,CLOSED,2025-07-31 19:35:00+00:00,117000.0,118000.0,2025-08-10 03:20:00+00:00,58.67832472189169,5968.852896700234,0.9830754038909366,5978.766414522207,0.3832236250413814,9 days 07:45:00
1218,CLOSED,2025-07-31 23:00:00+00:00,116000.0,117000.0,2025-08-07 19:42:00+00:00,58.67832472189169,5963.966857141075,0.9838807982581598,5973.61063980956,0.38753846638760336,6 days 20:42:00
1219,CLOSED,2025-08-01 00:50:00+00:00,115000.0,116000.0,2025-08-01 02:40:00+00:00,58.67832472189169,5958.5754758026305,0.9847710238828118,5964.359236547259,0.39192834845287194,0 days 01:50:00
1220,CLOSED,2025-08-01 07:11:00+00:00,115000.0,116000.0,2025-08-01 13:12:00+00:00,58.67832472189169,5958.9674041510825,0.9847062543254679,5964.751164895712,0.39192834845287194,0 days 06:01:00
1221,CLOSED,2025-08-01 13:44:00+00:00,115000.0,116000.0,2025-08-07 10:33:00+00:00,58.67832472189169,5959.359332499536,0.9846414932875044,5968.33706617829,0.39192834845287194,5 days 20:49:00
1222,CLOSED,2025-08-01 14:03:00+00:00,114000.0,115000.0,2025-08-01 14:10:00+00:00,58.67832472189169,5953.458215105464,0.9856174781408492,5959.756183274629,0.39639524599298426,0 days 00:07:00
1223,CLOSED,2025-08-01 18:16:00+00:00,114000.0,115000.0,2025-08-04 01:03:00+00:00,58.67832472189169,5953.854610351456,0.9855518577808857,5961.360029267109,0.39639524599298426,2 days 06:47:00
1224,CLOSED,2025-08-01 22:43:00+00:00,113000.0,114000.0,2025-08-02 04:30:00+00:00,58.67832472189169,5947.439285532847,0.9866149430836021,5954.25601163473,0.40094120366654806,0 days 05:47:00
1225,CLOSED,2025-08-02 14:41:00+00:00,113000.0,114000.0,2025-08-03 11:07:00+00:00,58.67832472189169,5947.840226736514,0.9865484358191573,5955.062521177552,0.40094120366654806,0 days 20:26:00
1226,CLOSED,2025-08-03 00:37:00+00:00,112000.0,113000.0,2025-08-03 01:01:00+00:00,58.67832472189169,5940.906143985187,0.987699911423445,5948.246259787044,0.40556833915569257,0 days 00:24:00
1227,CLOSED,2025-08-05 07:36:00+00:00,114000.0,115000.0,2025-08-05 10:26:00+00:00,58.67832472189169,5955.4584563439375,0.9852864418756164,5961.756424513102,0.39639524599298426,0 days 02:50:00
1228,CLOSED,2025-08-05 12:39:00+00:00,114000.0,115000.0,2025-08-06 14:57:00+00:00,58.67832472189169,5955.85485158993,0.9852208655861949,5962.553760962761,0.39639524599298426,1 days 02:18:00
1229,CLOSED,2025-08-05 14:32:00+00:00,113000.0,114000.0,2025-08-05 23:03:00+00:00,58.67832472189169,5949.439526771321,0.9862832365612029,5956.256252873204,0.40094120366654806,0 days 08:31:00
1230,CLOSED,2025-08-08 15:40:00+00:00,116000.0,117000.0,2025-08-09 08:43:00+00:00,58.67832472189169,5968.724153586946,0.9830966084540621,5973.998178275947,0.38753846638760336,0 days 17:03:00
1231,CLOSED,2025-08-11 10:57:00+00:00,121000.0,122000.0,2025-08-13 13:57:00+00:00,58.67832472189169,5990.448173267148,0.9795314645029128,5994.358291349715,0.366677456573278,2 days 03:00:00
1232,CLOSED,2025-08-11 12:31:00+00:00,120000.0,121000.0,2025-08-13 13:49:00+00:00,58.67832472189169,5987.541032115026,0.9800070581088659,5991.568936665764,0.370710585137374,2 days 01:18:00
1233,CLOSED,2025-08-11 19:51:00+00:00,119000.0,120000.0,2025-08-12 16:03:00+00:00,58.67832472189169,5984.145393909594,0.9805631524530132,5987.9162775361465,0.37481149737482866,0 days 20:12:00
1234,CLOSED,2025-08-13 05:51:00+00:00,119000.0,120000.0,2025-08-13 08:59:00+00:00,58.67832472189169,5984.520205406969,0.9805017396194313,5988.2910890335215,0.37481149737482866,0 days 03:08:00
1235,CLOSED,2025-08-13 14:52:00+00:00,121000.0,122000.0,2025-08-13 19:10:00+00:00,58.67832472189169,5991.935184303608,0.9792883754084094,5994.7249688062875,0.366677456573278,0 days 04:18:00
1236,CLOSED,2025-08-14 05:00:00+00:00,123000.0,124000.0,2025-10-05 02:34:00+00:00,58.67832472189169,5997.388253766666,0.9783979665655081,6027.933406719353,0.3588079374238049,51 days 21:34:00
1237,CLOSED,2025-08-14 06:00:00+00:00,122000.0,123000.0,2025-10-03 16:11:00+00:00,58.67832472189169,5995.4460614070185,0.9787149133007292,6025.383571929989,0.3627104448708707,50 days 10:11:00
1238,CLOSED,2025-08-14 10:52:00+00:00,121000.0,122000.0,2025-10-03 15:53:00+00:00,58.67832472189169,5993.023380142476,0.9791105590597028,6023.078673096454,0.366677456573278,50 days 05:01:00
1239,CLOSED,2025-08-14 12:33:00+00:00,120000.0,121000.0,2025-10-02 19:12:00+00:00,58.67832472189169,5990.116238990353,0.9795857439284359,6019.918607827366,0.370710585137374,49 days 06:39:00
1240,CLOSED,2025-08-14 12:34:00+00:00,119000.0,120000.0,2025-10-02 16:11:00+00:00,58.67832472189169,5986.720600784921,0.9801413600995237,6016.640760195123,0.37481149737482866,49 days 03:37:00
1241,CLOSED,2025-08-14 12:35:00+00:00,118000.0,119000.0,2025-08-14 12:36:00+00:00,58.67832472189169,5982.8323605089245,0.9807783535639677,5987.1000207998595,0.37898191659934355,0 days 00:01:00
1242,CLOSED,2025-08-14 13:40:00+00:00,118000.0,119000.0,2025-08-14 14:31:00+00:00,58.67832472189169,5983.211342425524,0.9807162301926007,5987.479002716459,0.37898191659934355,0 days 00:51:00
1243,CLOSED,2025-08-14 15:37:00+00:00,118000.0,119000.0,2025-08-15 03:29:00+00:00,58.67832472189169,5983.5903243421235,0.9806541146906341,5987.857984633059,0.37898191659934355,0 days 11:52:00
1244,CLOSED,2025-08-15 13:42:00+00:00,118000.0,119000.0,2025-10-02 00:02:00+00:00,58.67832472189169,5983.969306258723,0.9805920070565728,6012.8703146669095,0.37898191659934355,47 days 10:20:00
1245,CLOSED,2025-08-15 15:09:00+00:00,117000.0,118000.0,2025-08-17 04:50:00+00:00,58.67832472189169,5979.5842893183435,0.9813111059695567,5984.352972228058,0.3832236250413814,1 days 13:41:00
1246,CLOSED,2025-08-18 01:29:00+00:00,117000.0,118000.0,2025-10-01 16:37:00+00:00,58.67832472189169,5979.9675129433845,0.9812482190728454,6008.219873095228,0.3832236250413814,44 days 15:08:00
1247,CLOSED,2025-08-18 02:07:00+00:00,116000.0,117000.0,2025-08-22 15:45:00+00:00,58.67832472189169,5975.081473384225,0.9820506211216042,5983.14414196628,0.38753846638760336,4 days 13:38:00
1248,CLOSED,2025-08-18 03:48:00+00:00,115000.0,116000.0,2025-08-18 15:50:00+00:00,58.67832472189169,5969.690092045781,0.9829375364070689,5975.473852790409,0.39192834845287194,0 days 12:02:00
1249,CLOSED,2025-08-19 03:43:00+00:00,115000.0,116000.0,2025-08-22 14:40:00+00:00,58.67832472189169,5970.082020394233,0.982873007798591,5977.87056833501,0.39192834845287194,3 days 10:57:00
1250,CLOSED,2025-08-19 14:42:00+00:00,114000.0,115000.0,2025-08-22 14:08:00+00:00,58.67832472189169,5964.180903000161,0.9838454881939401,5972.087263119482,0.39639524599298426,2 days 23:26:00
1251,CLOSED,2025-08-19 18:43:00+00:00,113000.0,114000.0,2025-08-20 08:56:00+00:00,58.67832472189169,5957.765578181552,0.98490489348528,5964.582304283435,0.40094120366654806,0 days 14:13:00
1252,CLOSED,2025-08-20 13:45:00+00:00,113000.0,114000.0,2025-08-20 15:07:00+00:00,58.67832472189169,5958.166519385219,0.9848386165606243,5964.983245487102,0.40094120366654806,0 days 01:22:00
1253,CLOSED,2025-08-21 11:55:00+00:00,113000.0,114000.0,2025-08-22 14:03:00+00:00,58.67832472189169,5958.567460588885,0.984772348555277,5965.789755029924,0.40094120366654806,1 days 02:08:00
1254,CLOSED,2025-08-22 12:31:00+00:00,112000.0,113000.0,2025-08-22 14:00:00+00:00,58.67832472189169,5951.633377837558,0.9859196794680863,5958.973493639416,0.40556833915569257,0 days 01:29:00
1255,CLOSED,2025-08-23 02:26:00+00:00,116000.0,117000.0,2025-09-17 02:52:00+00:00,58.67832472189169,5978.257655743666,0.9815288684574501,5997.434910860055,0.38753846638760336,25 days 00:26:00
1256,CLOSED,2025-08-23 13:29:00+00:00,115000.0,116000.0,2025-09-12 00:44:00+00:00,58.67832472189169,5972.866274405222,0.9824148411515354,5990.593623834974,0.39192834845287194,19 days 11:15:00
1257,CLOSED,2025-08-24 19:34:00+00:00,114000.0,115000.0,2025-09-11 22:24:00+00:00,58.67832472189169,5966.965157011149,0.9833864146658374,5984.810318619446,0.39639524599298426,18 days 02:50:00
1258,CLOSED,2025-08-24 19:36:00+00:00,113000.0,114000.0,2025-09-10 13:44:00+00:00,58.67832472189169,5960.54983219254,0.9844448309948505,5978.512810529888,0.40094120366654806,16 days 18:08:00
1259,CLOSED,2025-08-24 19:37:00+00:00,112000.0,113000.0,2025-08-24 19:44:00+00:00,58.67832472189169,5953.615749441213,0.9855913984270659,5961.366144089526,0.40556833915569257,0 days 00:07:00
1260,CLOSED,2025-08-24 19:37:00+00:00,111000.0,112000.0,2025-08-24 19:38:00+00:00,58.67832472189169,5946.1582769899105,0.9868274941311532,5954.026497714266,0.4102788464554692,0 days 00:01:00
1261,CLOSED,2025-08-24 19:56:00+00:00,112000.0,113000.0,2025-08-24 21:32:00+00:00,58.67832472189169,5954.431596626823,0.985456357499058,5961.771712428681,0.40556833915569257,0 days 01:36:00
1262,CLOSED,2025-08-25 06:45:00+00:00,112000.0,113000.0,2025-08-28 04:50:00+00:00,58.67832472189169,5954.837164965978,0.9853892406515021,5965.0637091544895,0.40556833915569257,2 days 22:05:00
1263,CLOSED,2025-08-25 08:07:00+00:00,111000.0,112000.0,2025-08-25 14:17:00+00:00,58.67832472189169,5947.379692514676,0.9866248290107281,5955.247913239032,0.4102788464554692,0 days 06:10:00
1264,CLOSED,2025-08-25 19:56:00+00:00,111000.0,112000.0,2025-08-26 23:03:00+00:00,58.67832472189169,5947.789971361131,0.9865567715812157,5956.493226239864,0.4102788464554692,1 days 03:07:00
1265,CLOSED,2025-08-25 20:11:00+00:00,110000.0,111000.0,2025-08-26 19:21:00+00:00,58.67832472189169,5939.804393987333,0.9878831158361008,5948.62547974306,0.415074999342508,0 days 23:10:00
1266,CLOSED,2025-08-26 00:45:00+00:00,109000.0,110000.0,2025-08-26 02:09:00+00:00,58.67832472189169,5931.285910737196,0.9893019086412342,5940.224832258964,0.4199591550348174,0 days 01:24:00
1267,CLOSED,2025-08-27 03:11:00+00:00,111000.0,112000.0,2025-08-27 14:26:00+00:00,58.67832472189169,5949.035284361964,0.9863502554126297,5956.9035050863195,0.4102788464554692,0 days 11:15:00
1268,CLOSED,2025-08-27 20:21:00+00:00,111000.0,112000.0,2025-08-27 20:26:00+00:00,58.67832472189169,5949.445563208419,0.9862822358567414,5957.313783932775,0.4102788464554692,0 days 00:05:00
1269,CLOSED,2025-08-28 00:24:00+00:00,111000.0,112000.0,2025-08-28 03:32:00+00:00,58.67832472189169,5949.855842054874,0.9862142256815793,5957.72406277923,0.4102788464554692,0 days 03:08:00
1270,CLOSED,2025-08-28 19:55:00+00:00,112000.0,113000.0,2025-09-05 12:30:00+00:00,58.67832472189169,5958.129161691787,0.9848447915357078,5969.649779768817,0.40556833915569257,7 days 16:35:00
1271,CLOSED,2025-08-29 06:29:00+00:00,111000.0,112000.0,2025-09-03 14:39:00+00:00,58.67832472189169,5950.671689240485,0.9860790140378441,5961.48477954776,0.4102788464554692,5 days 08:10:00
1272,CLOSED,2025-08-29 07:56:00+00:00,110000.0,111000.0,2025-08-29 12:30:00+00:00,58.67832472189169,5942.686111866686,0.9874040731298184,5951.0872384673785,0.415074999342508,0 days 04:34:00
1273,CLOSED,2025-08-29 13:35:00+00:00,110000.0,111000.0,2025-09-02 13:50:00+00:00,58.67832472189169,5943.101186866028,0.9873351113652248,5953.617033050956,0.415074999342508,4 days 00:15:00
1274,CLOSED,2025-08-29 13:56:00+00:00,109000.0,110000.0,2025-09-02 02:58:00+00:00,58.67832472189169,5934.582703615892,0.9887523293952829,5944.796426411824,0.4199591550348174,3 days 13:02:00
1275,CLOSED,2025-08-29 19:02:00+00:00,108000.0,109000.0,2025-08-31 00:38:00+00:00,58.67832472189169,5925.526425444679,0.9902634889943671,5935.008121470125,0.4249337580547561,1 days 05:36:00
1276,CLOSED,2025-09-01 00:09:00+00:00,108000.0,109000.0,2025-09-01 07:50:00+00:00,58.67832472189169,5925.951359202734,0.9901924799090176,5935.43305522818,0.4249337580547561,0 days 07:41:00
1277,CLOSED,2025-09-01 21:32:00+00:00,108000.0,109000.0,2025-09-01 23:40:00+00:00,58.67832472189169,5926.376292960789,0.9901214810066724,5935.857988986235,0.4249337580547561,0 days 02:08:00
1278,CLOSED,2025-09-02 12:43:00+00:00,109000.0,110000.0,2025-09-02 13:36:00+00:00,58.67832472189169,5936.277464045092,0.9884700483980945,5945.216385566859,0.4199591550348174,0 days 00:53:00
1279,CLOSED,2025-09-04 04:58:00+00:00,111000.0,112000.0,2025-09-05 07:01:00+00:00,58.67832472189169,5954.02683766986,0.9855233495194617,5962.310133393557,0.4102788464554692,1 days 02:03:00
1280,CLOSED,2025-09-04 14:05:00+00:00,110000.0,111000.0,2025-09-04 22:56:00+00:00,58.67832472189169,5946.0412602960605,0.9868469146641949,5954.442386896753,0.415074999342508,0 days 08:51:00
1281,CLOSED,2025-09-05 14:15:00+00:00,112000.0,113000.0,2025-09-09 06:47:00+00:00,58.67832472189169,5962.715232306115,0.9840873232377645,5970.88070195377,0.40556833915569257,3 days 16:32:00
1282,CLOSED,2025-09-05 14:26:00+00:00,111000.0,112000.0,2025-09-08 09:14:00+00:00,58.67832472189169,5955.257759854812,0.9853196467405678,5963.54105557851,0.4102788464554692,2 days 18:48:00
1283,CLOSED,2025-09-06 16:21:00+00:00,110000.0,111000.0,2025-09-07 08:21:00+00:00,58.67832472189169,5947.272182481014,0.9866426644259108,5955.673309081706,0.415074999342508,0 days 16:00:00
1284,CLOSED,2025-09-09 14:33:00+00:00,112000.0,113000.0,2025-09-10 12:30:00+00:00,58.67832472189169,5963.946154491067,0.9838842136041887,5971.69654913938,0.40556833915569257,0 days 21:57:00
1285,CLOSED,2025-09-09 15:37:00+00:00,111000.0,112000.0,2025-09-10 07:23:00+00:00,58.67832472189169,5956.488682039765,0.9851160281529763,5964.356902764121,0.4102788464554692,0 days 15:46:00
1286,CLOSED,2025-09-12 08:06:00+00:00,115000.0,116000.0,2025-09-12 18:09:00+00:00,58.67832472189169,5985.201791438798,0.9803900815144589,5990.985552183427,0.39192834845287194,0 days 10:03:00
1287,CLOSED,2025-09-15 00:10:00+00:00,115000.0,116000.0,2025-09-15 04:22:00+00:00,58.67832472189169,5985.593719787252,0.9803258869360301,5991.37748053188,0.39192834845287194,0 days 04:12:00
1288,CLOSED,2025-09-15 08:50:00+00:00,115000.0,116000.0,2025-09-16 06:11:00+00:00,58.67832472189169,5985.985648135704,0.9802617007637944,5991.769408880333,0.39192834845287194,0 days 21:21:00
1289,CLOSED,2025-09-16 13:45:00+00:00,115000.0,116000.0,2025-09-16 16:00:00+00:00,58.67832472189169,5986.3775764841575,0.9801975229961003,5992.161337228786,0.39192834845287194,0 days 02:15:00
1290,CLOSED,2025-09-17 13:36:00+00:00,116000.0,117000.0,2025-09-18 03:01:00+00:00,58.67832472189169,5992.548424637442,0.9791881610942814,5998.606306023348,0.38753846638760336,0 days 13:25:00
1291,CLOSED,2025-09-17 18:15:00+00:00,115000.0,116000.0,2025-09-17 18:28:00+00:00,58.67832472189169,5987.157043298997,0.9800699112705955,5992.940804043626,0.39192834845287194,0 days 00:13:00
1292,CLOSED,2025-09-17 18:43:00+00:00,115000.0,116000.0,2025-09-17 20:08:00+00:00,58.67832472189169,5987.548971647449,0.9800057586125528,5993.3327323920785,0.39192834845287194,0 days 01:25:00
1293,CLOSED,2025-09-19 14:47:00+00:00,116000.0,117000.0,2025-10-01 14:02:00+00:00,58.67832472189169,5993.7198198007345,0.9789967914089533,6003.451636848968,0.38753846638760336,11 days 23:15:00
1294,CLOSED,2025-09-22 00:32:00+00:00,115000.0,116000.0,2025-10-01 08:48:00+00:00,58.67832472189169,5988.328438462289,0.9798781968104506,5998.178063217698,0.39192834845287194,9 days 08:16:00
1295,CLOSED,2025-09-22 05:59:00+00:00,114000.0,115000.0,2025-10-01 08:27:00+00:00,58.67832472189169,5982.427321068218,0.9808447570310663,5992.394758002169,0.39639524599298426,9 days 02:28:00
1296,CLOSED,2025-09-22 06:02:00+00:00,113000.0,114000.0,2025-09-29 14:41:00+00:00,58.67832472189169,5976.011996249608,0.9818977063418999,5985.696308708945,0.40094120366654806,7 days 08:39:00
1297,CLOSED,2025-09-22 06:02:00+00:00,112000.0,113000.0,2025-09-22 06:12:00+00:00,58.67832472189169,5969.077913498281,0.9830383448203684,5976.418029300139,0.40556833915569257,0 days 00:10:00
1298,CLOSED,2025-09-22 19:44:00+00:00,112000.0,113000.0,2025-09-23 06:35:00+00:00,58.67832472189169,5969.483481837437,0.982971556926567,5976.823597639294,0.40556833915569257,0 days 10:51:00
1299,CLOSED,2025-09-23 17:46:00+00:00,112000.0,113000.0,2025-09-24 11:05:00+00:00,58.67832472189169,5969.889050176592,0.9829047781073245,5977.22916597845,0.40556833915569257,0 days 17:19:00
1300,CLOSED,2025-09-25 04:19:00+00:00,112000.0,113000.0,2025-09-29 13:43:00+00:00,58.67832472189169,5970.294618515747,0.9828380083607917,5978.880047318437,0.40556833915569257,4 days 09:24:00
1301,CLOSED,2025-09-25 13:04:00+00:00,111000.0,112000.0,2025-09-28 22:46:00+00:00,58.67832472189169,5962.837146064445,0.9840672029860852,5971.540400943178,0.4102788464554692,3 days 09:42:00
1302,CLOSED,2025-09-25 17:21:00+00:00,110000.0,111000.0,2025-09-28 22:05:00+00:00,58.67832472189169,5954.851568690647,0.9853868571705455,5963.672654446374,0.415074999342508,3 days 04:44:00
1303,CLOSED,2025-09-25 17:56:00+00:00,109000.0,110000.0,2025-09-26 17:27:00+00:00,58.67832472189169,5946.333085440509,0.9867984836834068,5955.272006962277,0.4199591550348174,0 days 23:31:00
1304,CLOSED,2025-09-30 09:38:00+00:00,113000.0,114000.0,2025-09-30 19:30:00+00:00,58.67832472189169,5979.2805238107285,0.9813609595372302,5986.097249912612,0.40094120366654806,0 days 09:52:00
1305,CLOSED,2025-10-01 17:49:00+00:00,117000.0,118000.0,2025-10-01 22:08:00+00:00,58.67832472189169,6003.834413810554,0.9773474862483648,6008.603096720269,0.3832236250413814,0 days 04:19:00
1306,CLOSED,2025-10-03 01:50:00+00:00,120000.0,121000.0,2025-10-03 15:18:00+00:00,58.67832472189169,6017.011036856515,0.9752071977675345,6020.289318412503,0.370710585137374,0 days 13:28:00
1307,CLOSED,2025-10-03 17:00:00+00:00,122000.0,123000.0,2025-10-03 17:11:00+00:00,58.67832472189169,6023.440957759761,0.9741661806495957,6025.746282374859,0.3627104448708707,0 days 00:11:00
1308,CLOSED,2025-10-03 17:51:00+00:00,122000.0,123000.0,2025-10-05 02:30:00+00:00,58.67832472189169,6023.803668204631,0.9741075233180784,6026.10899281973,0.3627104448708707,1 days 08:39:00
1309,CLOSED,2025-10-05 09:29:00+00:00,124000.0,125000.0,2025-10-06 13:57:00+00:00,58.67832472189169,6028.287957188833,0.973382909685275,6029.995018345427,0.35496837364523515,1 days 04:28:00
1310,CLOSED,2025-10-05 09:41:00+00:00,123000.0,124000.0,2025-10-06 00:16:00+00:00,58.67832472189169,6026.822347320219,0.9736196181057597,6028.647183030423,0.3588079374238049,0 days 14:35:00
1311,OPEN,2025-10-06 21:16:00+00:00,125000.0,126000.0,,58.67832472189169,6030.345794527556,0.9730507456992159,,-17.57506341196092,86 days 02:43:00
1312,CLOSED,2025-10-07 06:25:00+00:00,124000.0,125000.0,2025-10-07 12:56:00+00:00,58.67832472189169,6029.35292374279,0.9732109807476065,6030.701176961959,0.35496837364523515,0 days 06:31:00
1313,OPEN,2025-10-07 13:42:00+00:00,124000.0,125000.0,,58.67832472189169,6029.707892116436,0.9731536879027074,,-17.243585498171157,85 days 10:17:00
1314,CLOSED,2025-10-07 14:08:00+00:00,123000.0,124000.0,2025-10-08 17:31:00+00:00,58.67832472189169,6028.242282247821,0.9733902848379149,6031.888604205782,0.3588079374238049,1 days 03:23:00
1315,CLOSED,2025-10-07 15:07:00+00:00,122000.0,123000.0,2025-10-08 10:38:00+00:00,58.67832472189169,6026.300089888174,0.973703994932993,6029.338769416418,0.3627104448708707,0 days 19:31:00
1316,CLOSED,2025-10-07 16:24:00+00:00,121000.0,122000.0,2025-10-07 16:46:00+00:00,58.67832472189169,6023.877408623631,0.9740955989225358,6026.66719312631,0.366677456573278,0 days 00:22:00
1317,CLOSED,2025-10-07 18:02:00+00:00,121000.0,122000.0,2025-10-07 19:52:00+00:00,58.67832472189169,6024.2440860802035,0.9740363086793837,6027.033870582883,0.366677456573278,0 days 01:50:00
1318,CLOSED,2025-10-08 13:43:00+00:00,122000.0,123000.0,2025-10-08 14:01:00+00:00,58.67832472189169,6027.39615524619,0.9735269295484855,6029.701479861288,0.3627104448708707,0 days 00:18:00
1319,CLOSED,2025-10-08 15:48:00+00:00,122000.0,123000.0,2025-10-08 16:51:00+00:00,58.67832472189169,6027.75886569106,0.9734683491716691,6030.064190306159,0.3627104448708707,0 days 01:03:00
1320,OPEN,2025-10-08 20:58:00+00:00,123000.0,124000.0,,58.67832472189169,6030.422576433002,0.9730383564032083,,-16.90671769960433,84 days 03:01:00
1321,CLOSED,2025-10-09 02:19:00+00:00,122000.0,123000.0,2025-10-09 12:05:00+00:00,58.67832472189169,6028.480384073355,0.9733518396595265,6030.785708688453,0.3627104448708707,0 days 09:46:00
1322,OPEN,2025-10-09 14:08:00+00:00,122000.0,123000.0,,58.67832472189169,6028.843094518225,0.973293280351672,,-16.564327478110165,83 days 09:51:00
1323,CLOSED,2025-10-09 14:46:00+00:00,121000.0,122000.0,2025-10-10 13:26:00+00:00,58.67832472189169,6026.420413253682,0.9736845539823713,6029.580908341499,0.366677456573278,0 days 22:40:00
1324,CLOSED,2025-10-09 16:58:00+00:00,120000.0,121000.0,2025-10-09 17:59:00+00:00,58.67832472189169,6023.51327210156,0.9741544854506355,6026.791553657548,0.370710585137374,0 days 01:01:00
1325,OPEN,2025-10-10 14:57:00+00:00,121000.0,122000.0,,58.67832472189169,6027.157801295392,0.9735654292854288,,-16.21627791411197,82 days 09:02:00
1326,OPEN,2025-10-10 15:04:00+00:00,120000.0,121000.0,,58.67832472189169,6024.25066014327,0.9740352457461687,,-15.862427524047142,82 days 08:55:00
1327,OPEN,2025-10-10 15:30:00+00:00,119000.0,120000.0,,58.67832472189169,6020.855021937838,0.9745845815600759,,-15.502630068603068,82 days 08:29:00
1328,OPEN,2025-10-10 17:05:00+00:00,118000.0,119000.0,,58.67832472189169,6016.966781661841,0.975214370481952,,-15.136734351202321,82 days 06:54:00
1329,OPEN,2025-10-10 19:10:00+00:00,117000.0,118000.0,,58.67832472189169,6012.581764721462,0.9759256009819938,,-14.764584006153697,82 days 04:49:00
1330,CLOSED,2025-10-10 19:21:00+00:00,116000.0,117000.0,2025-10-10 19:45:00+00:00,58.67832472189169,6007.695725162303,0.9767193181260266,6012.969749851303,0.38753846638760336,0 days 00:24:00
1331,OPEN,2025-10-10 20:52:00+00:00,116000.0,117000.0,,58.67832472189169,6008.08326362869,0.9766563169507717,,-14.386017275845596,82 days 03:07:00
1332,CLOSED,2025-10-10 20:55:00+00:00,115000.0,116000.0,2025-10-27 06:50:00+00:00,58.67832472189169,6002.691882290244,0.9775335111737201,6048.361409829663,0.39192834845287194,16 days 09:55:00
1333,CLOSED,2025-10-10 20:56:00+00:00,114000.0,115000.0,2025-10-10 21:04:00+00:00,58.67832472189169,5996.790764896173,0.9784954490221844,6003.088733065337,0.39639524599298426,0 days 00:08:00
1334,CLOSED,2025-10-10 21:11:00+00:00,114000.0,115000.0,2025-10-12 20:28:00+00:00,58.67832472189169,5997.187160142165,0.9784307735445212,6022.5042807804975,0.39639524599298426,1 days 23:17:00
1335,CLOSED,2025-10-10 21:13:00+00:00,113000.0,114000.0,2025-10-10 22:48:00+00:00,58.67832472189169,5990.771835323556,0.9794785435810631,6012.537477574546,0.40094120366654806,0 days 01:35:00
1336,CLOSED,2025-10-10 21:13:00+00:00,112000.0,113000.0,2025-10-10 21:46:00+00:00,58.67832472189169,5983.837752572229,0.9806135652101875,6004.089521812818,0.40556833915569257,0 days 00:33:00
1337,CLOSED,2025-10-10 21:13:00+00:00,111000.0,112000.0,2025-10-10 21:14:00+00:00,58.67832472189169,5976.380280120927,0.9818371986312824,5984.663575844625,0.4102788464554692,0 days 00:01:00
1338,CLOSED,2025-10-10 21:13:00+00:00,110000.0,111000.0,2025-10-10 21:14:00+00:00,58.67832472189169,5968.394702747128,0.9831508746377529,5976.7958293478205,0.415074999342508,0 days 00:01:00
1339,CLOSED,2025-10-10 21:16:00+00:00,111000.0,112000.0,2025-10-10 21:18:00+00:00,58.67832472189169,5977.205633966724,0.9817016230534183,5986.763823947821,0.4102788464554692,0 days 00:02:00
1340,CLOSED,2025-10-10 21:16:00+00:00,110000.0,111000.0,2025-10-10 21:18:00+00:00,58.67832472189169,5969.220056592925,0.9830149360481735,5978.896077451017,0.415074999342508,0 days 00:02:00
1341,CLOSED,2025-10-10 21:16:00+00:00,109000.0,110000.0,2025-10-10 21:17:00+00:00,58.67832472189169,5960.701573342789,0.9844197700537559,5969.640494864556,0.4199591550348174,0 days 00:01:00
1342,CLOSED,2025-10-10 21:17:00+00:00,108000.0,109000.0,2025-10-10 21:18:00+00:00,58.67832472189169,5952.661727572409,0.9857493573017403,5962.035630021088,0.4249337580547561,0 days 00:01:00
1343,CLOSED,2025-10-10 21:17:00+00:00,107000.0,108000.0,2025-10-10 21:18:00+00:00,58.67832472189169,5943.600469818594,0.9872521718082882,5953.092218085555,0.43000134430872095,0 days 00:01:00
1344,CLOSED,2025-10-10 21:19:00+00:00,108000.0,109000.0,2025-10-10 21:29:00+00:00,58.67832472189169,5957.109499690181,0.9850133647021839,5972.062703275601,0.4249337580547561,0 days 00:10:00
1345,CLOSED,2025-10-10 21:19:00+00:00,107000.0,108000.0,2025-10-10 21:22:00+00:00,58.67832472189169,5949.109252735202,0.9863379916062789,5960.215243919802,0.43000134430872095,0 days 00:03:00
1346,CLOSED,2025-10-10 21:19:00+00:00,106000.0,107000.0,2025-10-10 21:21:00+00:00,58.67832472189169,5940.561158617632,0.9877572699806383,5951.339211964321,0.4351645453976616,0 days 00:02:00
1347,CLOSED,2025-10-10 21:19:00+00:00,105000.0,106000.0,2025-10-10 21:20:00+00:00,58.67832472189169,5931.460048968013,0.9892728643110537,5941.447873139389,0.44042609317401116,0 days 00:01:00
1348,CLOSED,2025-10-10 21:19:00+00:00,104000.0,105000.0,2025-10-10 21:20:00+00:00,58.67832472189169,5921.800656971755,0.9908865245710272,5931.906342764696,0.445788824561447,0 days 00:01:00
1349,CLOSED,2025-10-10 21:20:00+00:00,103000.0,104000.0,2025-10-10 21:21:00+00:00,58.67832472189169,5914.261401235956,0.9921496657153023,5924.271106758809,0.45125568665543625,0 days 00:01:00
1350,CLOSED,2025-10-10 21:20:00+00:00,102000.0,103000.0,2025-10-10 21:21:00+00:00,58.67832472189169,5904.591168805782,0.993774556854874,5914.718747002171,0.45682974212380145,0 days 00:01:00
1351,CLOSED,2025-10-10 21:21:00+00:00,104000.0,105000.0,2025-10-10 21:22:00+00:00,58.67832472189169,5925.811791923848,0.9902158013500026,5934.806179838101,0.445788824561447,0 days 00:01:00
1352,CLOSED,2025-10-10 21:23:00+00:00,107000.0,108000.0,2025-10-10 21:24:00+00:00,58.67832472189169,5952.214507795985,0.985823421602784,5960.645245264111,0.43000134430872095,0 days 00:01:00
1353,CLOSED,2025-10-10 21:24:00+00:00,106000.0,107000.0,2025-10-10 21:25:00+00:00,58.67832472189169,5944.702940510036,0.9870690816530068,5954.933146694136,0.4351645453976616,0 days 00:01:00
1354,CLOSED,2025-10-10 21:24:00+00:00,105000.0,106000.0,2025-10-10 21:25:00+00:00,58.67832472189169,5936.149678023008,0.9884913269477072,5946.4977404605725,0.44042609317401116,0 days 00:01:00
1355,CLOSED,2025-10-10 21:24:00+00:00,104000.0,105000.0,2025-10-10 21:25:00+00:00,58.67832472189169,5927.0381331893395,0.990010919506551,5937.5040572484695,0.445788824561447,0 days 00:01:00
1356,CLOSED,2025-10-10 21:24:00+00:00,103000.0,104000.0,2025-10-10 21:25:00+00:00,58.67832472189169,5917.3629379095455,0.9916296387022233,5927.946729062574,0.45125568665543625,0 days 00:01:00
1357,CLOSED,2025-10-10 21:24:00+00:00,102000.0,103000.0,2025-10-10 21:25:00+00:00,58.67832472189169,5907.118619849196,0.9933493552121981,5917.82028367576,0.45682974212380145,0 days 00:01:00
1358,CLOSED,2025-10-10 21:25:00+00:00,107000.0,108000.0,2025-10-10 21:27:00+00:00,58.67832472189169,5954.873974032205,0.9853831496312762,5964.180302138903,0.43000134430872095,0 days 00:02:00
1359,CLOSED,2025-10-10 21:26:00+00:00,106000.0,107000.0,2025-10-10 21:27:00+00:00,58.67832472189169,5946.325879914636,0.9867996794473373,5955.750059007984,0.4351645453976616,0 days 00:01:00
1360,CLOSED,2025-10-10 21:26:00+00:00,105000.0,106000.0,2025-10-10 21:27:00+00:00,58.67832472189169,5937.2247702650175,0.9883123343378575,5946.766805611832,0.44042609317401116,0 days 00:01:00
1361,CLOSED,2025-10-10 21:30:00+00:00,108000.0,109000.0,2025-10-10 21:31:00+00:00,58.67832472189169,5964.6047467281205,0.9837755763125736,5972.487637033656,0.4249337580547561,0 days 00:01:00
1362,CLOSED,2025-10-10 21:32:00+00:00,109000.0,110000.0,2025-10-10 21:33:00+00:00,58.67832472189169,5972.428474612755,0.9824868555783971,5980.306385335688,0.4199591550348174,0 days 00:01:00
1363,CLOSED,2025-10-10 21:33:00+00:00,110000.0,111000.0,2025-10-10 21:34:00+00:00,58.67832472189169,5980.247227894371,0.9812023230108528,5988.120249572566,0.415074999342508,0 days 00:01:00
1364,CLOSED,2025-10-10 21:35:00+00:00,111000.0,112000.0,2025-10-10 21:38:00+00:00,58.67832472189169,5988.061097020292,0.9799219442014461,5995.929317744647,0.4102788464554692,0 days 00:03:00
1365,CLOSED,2025-10-10 21:39:00+00:00,111000.0,112000.0,2025-10-10 21:40:00+00:00,58.67832472189169,5988.471375866748,0.9798548083299274,5996.339596591102,0.4102788464554692,0 days 00:01:00
1366,CLOSED,2025-10-10 21:44:00+00:00,111000.0,112000.0,2025-10-10 21:45:00+00:00,58.67832472189169,5988.881654713203,0.9797876816569302,5996.749875437557,0.4102788464554692,0 days 00:01:00
1367,CLOSED,2025-10-10 21:46:00+00:00,111000.0,112000.0,2025-10-10 21:47:00+00:00,58.67832472189169,5990.27956992351,0.9795590345483817,5997.6244009478905,0.4102788464554692,0 days 00:01:00
1368,CLOSED,2025-10-10 22:05:00+00:00,112000.0,113000.0,2025-10-10 22:10:00+00:00,58.67832472189169,5997.565253196571,0.9783690922014967,6005.315647844884,0.40556833915569257,0 days 00:05:00
1369,CLOSED,2025-10-10 22:05:00+00:00,111000.0,112000.0,2025-10-10 22:06:00+00:00,58.67832472189169,5990.107780745268,0.9795871271383223,5997.976001469623,0.4102788464554692,0 days 00:01:00
1370,CLOSED,2025-10-10 22:27:00+00:00,112000.0,113000.0,2025-10-10 22:34:00+00:00,58.67832472189169,5998.381100382181,0.9782360230188285,6005.721216184039,0.40556833915569257,0 days 00:07:00
1371,CLOSED,2025-10-10 23:06:00+00:00,113000.0,114000.0,2025-10-10 23:34:00+00:00,58.67832472189169,6006.12169267633,0.9769752882869847,6012.9384187782125,0.40094120366654806,0 days 00:28:00
1372,CLOSED,2025-10-10 23:54:00+00:00,113000.0,114000.0,2025-10-12 16:05:00+00:00,58.67832472189169,6006.522633879997,0.9769100742402034,6016.206772690941,0.40094120366654806,1 days 16:11:00
1373,CLOSED,2025-10-11 00:16:00+00:00,112000.0,113000.0,2025-10-11 00:48:00+00:00,58.67832472189169,5999.58855112867,0.9780391475487574,6006.9286669305275,0.40556833915569257,0 days 00:32:00
1374,CLOSED,2025-10-11 01:12:00+00:00,112000.0,113000.0,2025-10-11 02:43:00+00:00,58.67832472189169,5999.994119467825,0.9779730371985134,6007.334235269683,0.40556833915569257,0 days 01:31:00
1375,CLOSED,2025-10-11 03:24:00+00:00,112000.0,113000.0,2025-10-12 15:05:00+00:00,58.67832472189169,6000.39968780698,0.9779069357850957,6009.390511300433,0.40556833915569257,1 days 11:41:00
1376,CLOSED,2025-10-11 07:09:00+00:00,111000.0,112000.0,2025-10-11 10:21:00+00:00,58.67832472189169,5992.942215355678,0.9791238195412696,6000.810436080033,0.4102788464554692,0 days 03:12:00
1377,CLOSED,2025-10-11 19:20:00+00:00,111000.0,112000.0,2025-10-12 06:27:00+00:00,58.67832472189169,5993.352494202133,0.9790567929828272,6002.050864925172,0.4102788464554692,0 days 11:07:00
1378,CLOSED,2025-10-11 20:56:00+00:00,110000.0,111000.0,2025-10-11 21:46:00+00:00,58.67832472189169,5985.366916828334,0.9803630343348363,5993.768043429027,0.415074999342508,0 days 00:50:00
1379,CLOSED,2025-10-12 00:28:00+00:00,110000.0,111000.0,2025-10-12 03:09:00+00:00,58.67832472189169,5985.781991827676,0.9802950525429187,5994.183118428369,0.415074999342508,0 days 02:41:00
1380,CLOSED,2025-10-13 11:27:00+00:00,114000.0,115000.0,2025-10-13 13:31:00+00:00,58.67832472189169,6016.602707857325,0.9752733821906054,6022.90067602649,0.39639524599298426,0 days 02:04:00
1381,CLOSED,2025-10-13 14:30:00+00:00,114000.0,115000.0,2025-10-13 16:09:00+00:00,58.67832472189169,6016.999103103318,0.9752091319346857,6023.297071272483,0.39639524599298426,0 days 01:39:00
1382,CLOSED,2025-10-14 02:18:00+00:00,114000.0,115000.0,2025-10-26 22:03:00+00:00,58.67832472189169,6017.39549834931,0.9751448901437226,6042.578104614135,0.39639524599298426,12 days 19:45:00
1383,CLOSED,2025-10-14 04:47:00+00:00,113000.0,114000.0,2025-10-21 16:36:00+00:00,58.67832472189169,6010.980173530702,0.9761856307608727,6030.032640814299,0.40094120366654806,7 days 11:49:00
1384,CLOSED,2025-10-14 06:43:00+00:00,112000.0,113000.0,2025-10-14 16:20:00+00:00,58.67832472189169,6004.046090779375,0.9773130291588877,6012.21156042703,0.40556833915569257,0 days 09:37:00
1385,CLOSED,2025-10-14 10:13:00+00:00,111000.0,112000.0,2025-10-14 14:17:00+00:00,58.67832472189169,5996.588618328073,0.978528434359267,6004.87191405177,0.4102788464554692,0 days 04:04:00
1386,CLOSED,2025-10-14 13:37:00+00:00,110000.0,111000.0,2025-10-14 13:45:00+00:00,58.67832472189169,5988.603040954274,0.9798332652975676,5997.004167554966,0.415074999342508,0 days 00:08:00
1387,CLOSED,2025-10-14 17:01:00+00:00,112000.0,113000.0,2025-10-14 18:06:00+00:00,58.67832472189169,6005.277012964328,0.977112705962033,6012.6171287661855,0.40556833915569257,0 days 01:05:00
1388,CLOSED,2025-10-15 03:22:00+00:00,112000.0,113000.0,2025-10-15 08:16:00+00:00,58.67832472189169,6005.682581303483,0.9770467207934931,6013.022697105341,0.40556833915569257,0 days 04:54:00
1389,CLOSED,2025-10-15 11:17:00+00:00,112000.0,113000.0,2025-10-21 15:24:00+00:00,58.67832472189169,6006.088149642638,0.9769807445364093,6023.216379423791,0.40556833915569257,6 days 04:07:00
1390,CLOSED,2025-10-15 13:46:00+00:00,111000.0,112000.0,2025-10-15 14:08:00+00:00,58.67832472189169,5998.630677191336,0.9781953228926891,6006.498897915691,0.4102788464554692,0 days 00:22:00
1391,CLOSED,2025-10-15 14:48:00+00:00,111000.0,112000.0,2025-10-21 14:57:00+00:00,58.67832472189169,5999.040956037791,0.9781284233913146,6015.876733048531,0.4102788464554692,6 days 00:09:00
1392,CLOSED,2025-10-16 09:34:00+00:00,110000.0,111000.0,2025-10-16 09:44:00+00:00,58.67832472189169,5991.055378663992,0.9794321870377534,5999.456505264685,0.415074999342508,0 days 00:10:00
1393,CLOSED,2025-10-16 14:17:00+00:00,110000.0,111000.0,2025-10-16 14:40:00+00:00,58.67832472189169,5991.470453663334,0.9793643342764764,5999.871580264027,0.415074999342508,0 days 00:23:00
1394,CLOSED,2025-10-16 15:27:00+00:00,110000.0,111000.0,2025-10-20 05:54:00+00:00,58.67832472189169,5991.885528662677,0.9792964909159079,6005.909009881898,0.415074999342508,3 days 14:27:00
1395,CLOSED,2025-10-16 15:43:00+00:00,109000.0,110000.0,2025-10-20 03:51:00+00:00,58.67832472189169,5983.3670454125395,0.9806907093704119,5997.508362397801,0.4199591550348174,3 days 12:08:00
1396,CLOSED,2025-10-16 16:23:00+00:00,108000.0,109000.0,2025-10-16 16:58:00+00:00,58.67832472189169,5974.310767241328,0.9821773089481708,5983.792463266773,0.4249337580547561,0 days 00:35:00
1397,CLOSED,2025-10-16 18:03:00+00:00,108000.0,109000.0,2025-10-17 01:06:00+00:00,58.67832472189169,5974.735700999383,0.9821074547628388,5984.217397024828,0.4249337580547561,0 days 07:03:00
1398,CLOSED,2025-10-17 06:19:00+00:00,108000.0,109000.0,2025-10-19 17:07:00+00:00,58.67832472189169,5975.160634757438,0.9820376105131062,5988.144991214156,0.4249337580547561,2 days 10:48:00
1399,CLOSED,2025-10-17 06:42:00+00:00,107000.0,108000.0,2025-10-19 09:49:00+00:00,58.67832472189169,5965.561582082549,0.9836177854257835,5978.23378301324,0.43000134430872095,2 days 03:07:00
1400,CLOSED,2025-10-17 07:31:00+00:00,106000.0,107000.0,2025-10-17 16:00:00+00:00,58.67832472189169,5955.414682245069,0.9852936840289208,5968.204734162412,0.4351645453976616,0 days 08:29:00
1401,CLOSED,2025-10-17 08:15:00+00:00,105000.0,106000.0,2025-10-17 11:15:00+00:00,58.67832472189169,5944.714766875541,0.9870671179860864,5956.301396766827,0.44042609317401116,0 days 03:00:00
1402,CLOSED,2025-10-17 10:21:00+00:00,104000.0,105000.0,2025-10-17 11:04:00+00:00,58.67832472189169,5933.4565691593725,0.9889399886549602,5945.161060672223,0.445788824561447,0 days 00:43:00
1403,CLOSED,2025-10-17 13:13:00+00:00,105000.0,106000.0,2025-10-17 13:37:00+00:00,58.67832472189169,5945.600981793276,0.9869199917986002,5956.74182286,0.44042609317401116,0 days 00:24:00
1404,CLOSED,2025-10-17 13:47:00+00:00,105000.0,106000.0,2025-10-17 13:55:00+00:00,58.67832472189169,5946.0414078864505,0.9868468901690544,5957.182248953175,0.44042609317401116,0 days 00:08:00
1405,CLOSED,2025-10-17 14:23:00+00:00,105000.0,106000.0,2025-10-17 15:17:00+00:00,58.67832472189169,5946.481833979625,0.9867737993680508,5957.622675046348,0.44042609317401116,0 days 00:54:00
1406,CLOSED,2025-10-19 10:05:00+00:00,107000.0,108000.0,2025-10-19 11:00:00+00:00,58.67832472189169,5968.634241169513,0.98311141797146,5978.663784357549,0.43000134430872095,0 days 00:55:00
1407,CLOSED,2025-10-20 00:19:00+00:00,108000.0,109000.0,2025-10-20 03:42:00+00:00,58.67832472189169,5979.088228946766,0.9813925213180548,5988.569924972211,0.4249337580547561,0 days 03:23:00
1408,CLOSED,2025-10-20 17:37:00+00:00,110000.0,111000.0,2025-10-20 19:04:00+00:00,58.67832472189169,5997.922958280547,0.9783107440698652,6006.32408488124,0.415074999342508,0 days 01:27:00
1409,CLOSED,2025-10-21 01:54:00+00:00,110000.0,111000.0,2025-10-21 14:51:00+00:00,58.67832472189169,5998.33803327989,0.9782430465961318,6008.0089865517275,0.415074999342508,0 days 12:57:00
1410,CLOSED,2025-10-21 04:00:00+00:00,109000.0,110000.0,2025-10-21 14:18:00+00:00,58.67832472189169,5989.8195500297525,0.9796342649688041,5999.60833906763,0.4199591550348174,0 days 10:18:00
1411,CLOSED,2025-10-21 04:30:00+00:00,108000.0,109000.0,2025-10-21 12:21:00+00:00,58.67832472189169,5980.763271858541,0.9811176609847193,5990.244967883986,0.4249337580547561,0 days 07:51:00
1412,CLOSED,2025-10-21 13:09:00+00:00,108000.0,109000.0,2025-10-21 14:07:00+00:00,58.67832472189169,5981.188205616596,0.9810479574408006,5990.669901642041,0.4249337580547561,0 days 00:58:00
1413,CLOSED,2025-10-21 16:56:00+00:00,113000.0,114000.0,2025-10-26 13:44:00+00:00,58.67832472189169,6023.616855916082,0.9741377336153262,6035.87965532091,0.40094120366654806,4 days 20:48:00
1414,CLOSED,2025-10-21 17:18:00+00:00,112000.0,113000.0,2025-10-26 11:42:00+00:00,58.67832472189169,6016.682773164755,0.975260404015402,6029.063393930403,0.40556833915569257,4 days 18:24:00
1415,CLOSED,2025-10-21 20:16:00+00:00,111000.0,112000.0,2025-10-24 12:30:00+00:00,58.67832472189169,6009.225300713453,0.9764707060479997,6020.898393709345,0.4102788464554692,2 days 16:14:00
1416,CLOSED,2025-10-21 22:21:00+00:00,110000.0,111000.0,2025-10-23 17:40:00+00:00,58.67832472189169,6001.239723339654,0.9777700513059585,6012.6155722132,0.415074999342508,1 days 19:19:00
1417,CLOSED,2025-10-21 22:31:00+00:00,109000.0,110000.0,2025-10-23 06:17:00+00:00,58.67832472189169,5992.721240089517,0.9791599236979556,6003.794965574068,0.4199591550348174,1 days 07:46:00
1418,CLOSED,2025-10-22 00:28:00+00:00,108000.0,109000.0,2025-10-22 13:58:00+00:00,58.67832472189169,5983.664961918305,0.9806418824472416,5993.576659288059,0.4249337580547561,0 days 13:30:00
1419,CLOSED,2025-10-22 11:03:00+00:00,107000.0,108000.0,2025-10-22 11:18:00+00:00,58.67832472189169,5974.065909243416,0.9822175652783013,5984.095452431452,0.43000134430872095,0 days 00:15:00
1420,CLOSED,2025-10-22 14:06:00+00:00,108000.0,109000.0,2025-10-22 15:01:00+00:00,58.67832472189169,5984.519897020669,0.9805017901453396,5994.001593046114,0.4249337580547561,0 days 00:55:00
1421,CLOSED,2025-10-22 15:22:00+00:00,108000.0,109000.0,2025-10-23 06:08:00+00:00,58.67832472189169,5984.944830778724,0.9804321740799877,5994.856528148479,0.4249337580547561,0 days 14:46:00
1422,CLOSED,2025-10-22 21:01:00+00:00,107000.0,108000.0,2025-10-23 01:10:00+00:00,58.67832472189169,5975.345778103835,0.9820071825284757,5985.375321291871,0.43000134430872095,0 days 04:09:00
1423,CLOSED,2025-10-23 12:02:00+00:00,109000.0,110000.0,2025-10-23 15:10:00+00:00,58.67832472189169,5995.276003207335,0.978742674907713,6004.214924729103,0.4199591550348174,0 days 03:08:00
1424,CLOSED,2025-10-23 20:02:00+00:00,110000.0,111000.0,2025-10-24 04:27:00+00:00,58.67832472189169,6004.629520611849,0.977218070165178,6013.030647212542,0.415074999342508,0 days 08:25:00
1425,CLOSED,2025-10-24 13:38:00+00:00,111000.0,112000.0,2025-10-26 09:21:00+00:00,58.67832472189169,6013.440451831446,0.9757862440297499,6021.723747555143,0.4102788464554692,1 days 19:43:00
1426,CLOSED,2025-10-24 14:21:00+00:00,110000.0,111000.0,2025-10-24 20:56:00+00:00,58.67832472189169,6005.454874457647,0.9770837671507928,6013.85600105834,0.415074999342508,0 days 06:35:00
1427,CLOSED,2025-10-26 21:28:00+00:00,113000.0,114000.0,2025-10-26 22:02:00+00:00,58.67832472189169,6029.4638704226945,0.9731930729320061,6036.280596524577,0.40094120366654806,0 days 00:34:00
1428,CLOSED,2025-10-27 08:50:00+00:00,115000.0,116000.0,2025-10-28 14:19:00+00:00,58.67832472189169,6042.969577433488,0.9710180395581768,6049.1497334241085,0.39192834845287194,1 days 05:29:00
1429,CLOSED,2025-10-27 23:01:00+00:00,114000.0,115000.0,2025-10-28 13:20:00+00:00,58.67832472189169,6037.068460039415,0.9719671908691355,6043.36642820858,0.39639524599298426,0 days 14:19:00
1430,OPEN,2025-10-28 14:42:00+00:00,115000.0,116000.0,,58.67832472189169,6043.757901027933,0.9708913838509575,,-14.000866776314773,64 days 09:17:00
1431,OPEN,2025-10-28 19:20:00+00:00,114000.0,115000.0,,58.67832472189169,6037.856783633861,0.9718402874500838,,-13.608959250476367,64 days 04:39:00
1432,OPEN,2025-10-28 20:09:00+00:00,113000.0,114000.0,,58.67832472189169,6031.441458815252,0.9728739824893832,,-13.210115308251453,64 days 03:50:00
1433,OPEN,2025-10-29 15:29:00+00:00,112000.0,113000.0,,58.67832472189169,6024.507376063925,0.9739937402189524,,-12.804149152772524,63 days 08:30:00
1434,CLOSED,2025-10-29 16:13:00+00:00,111000.0,112000.0,2025-10-29 18:02:00+00:00,58.67832472189169,6017.049903612623,0.975200898477863,6024.918124336978,0.4102788464554692,0 days 01:49:00
1435,OPEN,2025-10-29 18:35:00+00:00,111000.0,112000.0,,58.67832472189169,6017.460182459078,0.9751344079174675,,-12.390868291789474,63 days 05:24:00
1436,CLOSED,2025-10-29 18:39:00+00:00,110000.0,111000.0,2025-10-29 18:53:00+00:00,58.67832472189169,6009.474605085279,0.9764301969466264,6017.875731685972,0.415074999342508,0 days 00:14:00
1437,CLOSED,2025-10-29 23:39:00+00:00,110000.0,111000.0,2025-10-30 02:59:00+00:00,58.67832472189169,6009.889680084621,0.9763627594752368,6018.290806685314,0.415074999342508,0 days 03:20:00
1438,CLOSED,2025-10-30 04:11:00+00:00,110000.0,111000.0,2025-10-30 07:11:00+00:00,58.67832472189169,6010.304755083964,0.9762953313183861,6019.550774597747,0.415074999342508,0 days 03:00:00
1439,CLOSED,2025-10-30 04:26:00+00:00,109000.0,110000.0,2025-10-30 05:46:00+00:00,58.67832472189169,6001.7862718338265,0.9776810113560195,6011.150127113649,0.4199591550348174,0 days 01:20:00
1440,CLOSED,2025-10-30 04:32:00+00:00,108000.0,109000.0,2025-10-30 04:36:00+00:00,58.67832472189169,5992.729993662615,0.9791584934402974,6002.21168968806,0.4249337580547561,0 days 00:04:00
1441,CLOSED,2025-10-30 10:02:00+00:00,110000.0,111000.0,2025-10-31 14:56:00+00:00,58.67832472189169,6011.564722996396,0.9760907089201919,6021.660703009523,0.415074999342508,1 days 04:54:00
1442,CLOSED,2025-10-30 12:24:00+00:00,109000.0,110000.0,2025-10-31 01:10:00+00:00,58.67832472189169,6003.046239746259,0.9774758077554296,6012.840096370391,0.4199591550348174,0 days 12:46:00
1443,CLOSED,2025-10-30 13:37:00+00:00,108000.0,109000.0,2025-10-31 00:52:00+00:00,58.67832472189169,5993.989961575047,0.9789526692245698,6003.901658944802,0.4249337580547561,0 days 11:15:00
1444,CLOSED,2025-10-30 17:21:00+00:00,107000.0,108000.0,2025-10-30 23:34:00+00:00,58.67832472189169,5984.390908900158,0.9805229239724899,5994.420452088194,0.43000134430872095,0 days 06:13:00
1445,CLOSED,2025-10-31 02:38:00+00:00,109000.0,110000.0,2025-10-31 04:40:00+00:00,58.67832472189169,6004.321134003658,0.9772682608460885,6013.260055525426,0.4199591550348174,0 days 02:02:00
1446,CLOSED,2025-10-31 16:09:00+00:00,110000.0,111000.0,2025-11-02 07:53:00+00:00,58.67832472189169,6013.674651408172,0.9757482425184322,6022.4957371639,0.415074999342508,1 days 15:44:00
1447,CLOSED,2025-10-31 16:51:00+00:00,109000.0,110000.0,2025-10-31 19:33:00+00:00,58.67832472189169,6005.156168158035,0.9771323688970793,6014.095089679803,0.4199591550348174,0 days 02:42:00
1448,OPEN,2025-11-02 16:00:00+00:00,110000.0,111000.0,,58.67832472189169,6014.50968556255,0.975612772937174,,-11.970073233333999,59 days 07:59:00
1449,OPEN,2025-11-03 02:32:00+00:00,109000.0,110000.0,,58.67832472189169,6005.9912023124125,0.9769965147351449,,-11.541557164631634,58 days 21:27:00
1450,OPEN,2025-11-03 03:26:00+00:00,108000.0,109000.0,,58.67832472189169,5996.934924141201,0.9784719271452625,,-11.105105613175525,58 days 20:33:00
1451,CLOSED,2025-11-03 08:46:00+00:00,107000.0,108000.0,2025-11-03 12:04:00+00:00,58.67832472189169,5987.335871466312,0.9800406388011976,5997.365414654348,0.43000134430872095,0 days 03:18:00
1452,OPEN,2025-11-03 15:26:00+00:00,107000.0,108000.0,,58.67832472189169,5987.765872810621,0.9799702588295832,,-10.660496088794993,58 days 08:33:00
1453,CLOSED,2025-11-03 15:28:00+00:00,106000.0,107000.0,2025-11-03 17:18:00+00:00,58.67832472189169,5977.618972973141,0.98163374057792,5988.201531693226,0.4351645453976616,0 days 01:50:00
1454,CLOSED,2025-11-03 22:30:00+00:00,106000.0,107000.0,2025-11-04 01:21:00+00:00,58.67832472189169,5978.0541375185385,0.9815622838479141,5988.636696238623,0.4351645453976616,0 days 02:51:00
1455,CLOSED,2025-11-04 05:21:00+00:00,106000.0,107000.0,2025-11-11 01:19:00+00:00,58.67832472189169,5978.489302063936,0.9814908375203473,5999.148286129735,0.4351645453976616,6 days 19:58:00
1456,CLOSED,2025-11-04 05:44:00+00:00,105000.0,106000.0,2025-11-10 00:39:00+00:00,58.67832472189169,5967.789386694407,0.9832505961540635,5988.125800920498,0.44042609317401116,5 days 18:55:00
1457,CLOSED,2025-11-04 08:13:00+00:00,104000.0,105000.0,2025-11-09 20:05:00+00:00,58.67832472189169,5956.531188978239,0.9851089981777994,5976.985464825895,0.445788824561447,5 days 11:52:00
1458,CLOSED,2025-11-04 14:37:00+00:00,103000.0,104000.0,2025-11-04 14:45:00+00:00,58.67832472189169,5944.7093408159435,0.9870680189359395,5956.98295510935,0.45125568665543625,0 days 00:08:00
1459,CLOSED,2025-11-04 16:12:00+00:00,103000.0,104000.0,2025-11-05 16:51:00+00:00,58.67832472189169,5945.160596502599,0.9869930974852184,5960.706946705455,0.45125568665543625,1 days 00:39:00
1460,CLOSED,2025-11-04 17:02:00+00:00,102000.0,103000.0,2025-11-05 13:48:00+00:00,58.67832472189169,5932.769625559749,0.9890544960500715,5948.43384843614,0.45682974212380145,0 days 20:46:00
1461,CLOSED,2025-11-04 17:17:00+00:00,101000.0,102000.0,2025-11-05 03:25:00+00:00,58.67832472189169,5919.803952201241,0.9912207430462715,5935.58605344129,0.46251417492819513,0 days 10:08:00
1462,CLOSED,2025-11-04 20:17:00+00:00,100000.0,101000.0,2025-11-04 20:41:00+00:00,58.67832472189169,5906.257886304147,0.9934941184664351,5920.272792015769,0.46831229638866034,0 days 00:24:00
1463,CLOSED,2025-11-04 21:21:00+00:00,100000.0,101000.0,2025-11-04 22:09:00+00:00,58.67832472189169,5906.726198600536,0.9934153497041082,5921.215331863774,0.46831229638866034,0 days 00:48:00
1464,CLOSED,2025-11-04 21:35:00+00:00,99000.0,100000.0,2025-11-04 21:56:00+00:00,58.67832472189169,5892.59393623947,0.9957978668955928,5907.200959591468,0.4742275516160177,0 days 00:21:00
1465,CLOSED,2025-11-05 01:17:00+00:00,100000.0,101000.0,2025-11-05 01:59:00+00:00,58.67832472189169,5907.66873844854,0.9932568551110345,5922.157871711777,0.46831229638866034,0 days 00:42:00
1466,CLOSED,2025-11-05 01:39:00+00:00,99000.0,100000.0,2025-11-05 01:52:00+00:00,58.67832472189169,5893.5364760874745,0.9956386112137259,5908.143499439471,0.4742275516160177,0 days 00:13:00
1467,CLOSED,2025-11-06 01:19:00+00:00,103000.0,104000.0,2025-11-06 04:45:00+00:00,58.67832472189169,5948.884588098705,0.9863752414912053,5961.158202392111,0.45125568665543625,0 days 03:26:00
1468,CLOSED,2025-11-06 07:17:00+00:00,103000.0,104000.0,2025-11-07 22:07:00+00:00,58.67832472189169,5949.33584378536,0.9863004251674027,5963.9221426420645,0.45125568665543625,1 days 14:50:00
1469,CLOSED,2025-11-06 15:00:00+00:00,102000.0,103000.0,2025-11-07 19:36:00+00:00,58.67832472189169,5936.94487284251,0.9883589283489083,5951.649044372749,0.45682974212380145,1 days 04:36:00
1470,CLOSED,2025-11-06 16:39:00+00:00,101000.0,102000.0,2025-11-06 18:48:00+00:00,58.67832472189169,5923.9791994840025,0.9905221261918469,5937.407908731653,0.46251417492819513,0 days 02:09:00
1471,CLOSED,2025-11-06 20:31:00+00:00,101000.0,102000.0,2025-11-07 03:01:00+00:00,58.67832472189169,5924.441713658931,0.9904447972980731,5937.870422906581,0.46251417492819513,0 days 06:30:00
1472,CLOSED,2025-11-07 09:26:00+00:00,101000.0,102000.0,2025-11-07 17:23:00+00:00,58.67832472189169,5924.904227833859,0.9903674804773079,5938.801249377899,0.46251417492819513,0 days 07:57:00
1473,CLOSED,2025-11-07 11:15:00+00:00,100000.0,101000.0,2025-11-07 15:10:00+00:00,58.67832472189169,5911.358161936765,0.9926369391677436,5925.3730676483865,0.46831229638866034,0 days 03:55:00
1474,CLOSED,2025-11-08 00:34:00+00:00,103000.0,104000.0,2025-11-09 14:30:00+00:00,58.67832472189169,5952.099784035314,0.9858424228585405,5964.830228070844,0.45125568665543625,1 days 13:56:00
1475,CLOSED,2025-11-08 07:21:00+00:00,102000.0,103000.0,2025-11-09 14:09:00+00:00,58.67832472189169,5939.708813092464,0.9878990127016221,5952.557129801528,0.45682974212380145,1 days 06:48:00
1476,CLOSED,2025-11-09 14:58:00+00:00,103000.0,104000.0,2025-11-09 15:52:00+00:00,58.67832472189169,5953.007869464094,0.9856920402017556,5965.2814837575,0.45125568665543625,0 days 00:54:00
1477,CLOSED,2025-11-10 14:52:00+00:00,105000.0,106000.0,2025-11-10 18:00:00+00:00,58.67832472189169,5977.425385946948,0.9816655321176515,5988.566227013673,0.44042609317401116,0 days 03:08:00
1478,CLOSED,2025-11-11 02:02:00+00:00,106000.0,107000.0,2025-11-11 02:35:00+00:00,58.67832472189169,5989.000891955048,0.9797681747002838,5999.583450675133,0.4351645453976616,0 days 00:33:00
1479,OPEN,2025-11-11 04:28:00+00:00,106000.0,107000.0,,58.67832472189169,5989.436056500445,0.9796969893051455,,-10.2074977054639,50 days 19:31:00
1480,OPEN,2025-11-11 06:08:00+00:00,105000.0,106000.0,,58.67832472189169,5978.736141130917,0.9814503155309394,,-9.74587078149792,50 days 17:51:00
1481,CLOSED,2025-11-11 14:49:00+00:00,104000.0,105000.0,2025-11-12 09:20:00+00:00,58.67832472189169,5967.477943414749,0.9833019121024921,5979.633690614255,0.445788824561447,0 days 18:31:00
1482,CLOSED,2025-11-11 17:40:00+00:00,103000.0,104000.0,2025-11-12 08:36:00+00:00,58.67832472189169,5955.656095252454,0.9852537450687769,5967.92970954586,0.45125568665543625,0 days 14:56:00
1483,OPEN,2025-11-12 14:48:00+00:00,104000.0,105000.0,,58.67832472189169,5968.374987925966,0.9831541221957075,,-9.275366416686445,49 days 09:11:00
1484,CLOSED,2025-11-12 15:38:00+00:00,103000.0,104000.0,2025-11-13 07:26:00+00:00,58.67832472189169,5956.553139763671,0.9851053679044283,5970.208612149057,0.45125568665543625,0 days 15:48:00
1485,CLOSED,2025-11-12 15:53:00+00:00,102000.0,103000.0,2025-11-13 05:54:00+00:00,58.67832472189169,5944.162168820821,0.987158880517758,5957.935513879742,0.45682974212380145,0 days 14:01:00
1486,CLOSED,2025-11-12 19:28:00+00:00,101000.0,102000.0,2025-11-13 00:36:00+00:00,58.67832472189169,5931.196495462313,0.9893168227824486,5944.625204709962,0.46251417492819513,0 days 05:08:00
1487,CLOSED,2025-11-13 03:15:00+00:00,101000.0,102000.0,2025-11-13 03:25:00+00:00,58.67832472189169,5931.659009637241,0.9892396819600768,5945.087718884892,0.46251417492819513,0 days 00:10:00
1488,OPEN,2025-11-13 09:08:00+00:00,103000.0,104000.0,,58.67832472189169,5958.386253542307,0.9848022975517401,,-8.795726044791245,48 days 14:51:00
1489,CLOSED,2025-11-13 14:36:00+00:00,102000.0,103000.0,2025-11-13 14:52:00+00:00,58.67832472189169,5945.995282599457,0.986854545505775,5958.843599308521,0.45682974212380145,0 days 00:16:00
1490,OPEN,2025-11-13 15:33:00+00:00,102000.0,103000.0,,58.67832472189169,5946.452112341581,0.9867787314743122,,-8.306680959721632,48 days 08:26:00
1491,OPEN,2025-11-13 16:17:00+00:00,101000.0,102000.0,,58.67832472189169,5933.486438983073,0.9889350102222269,,-7.80795181356153,48 days 07:42:00
1492,OPEN,2025-11-13 17:41:00+00:00,100000.0,101000.0,,58.67832472189169,5919.9403730859785,0.9911979010576342,,-7.299248084478236,48 days 06:18:00
1493,CLOSED,2025-11-13 18:25:00+00:00,99000.0,100000.0,2025-11-13 23:14:00+00:00,58.67832472189169,5905.808110724913,0.9935697811673259,5920.415134076909,0.4742275516160177,0 days 04:49:00
1494,OPEN,2025-11-14 00:15:00+00:00,99000.0,100000.0,,58.67832472189169,5906.282338276528,0.9934900054069242,,-6.780267512383148,47 days 23:44:00
1495,OPEN,2025-11-14 04:34:00+00:00,98000.0,99000.0,,58.67832472189169,5891.557958275087,0.9959729690764403,,-6.250695500041218,47 days 19:25:00
1496,CLOSED,2025-11-14 04:38:00+00:00,97000.0,98000.0,2025-11-14 05:01:00+00:00,58.67832472189169,5876.235418616531,0.9985700119500418,5892.044927877159,0.4864239541466304,0 days 00:23:00
1497,OPEN,2025-11-14 06:13:00+00:00,97000.0,98000.0,,58.67832472189169,5876.721842570678,0.9984873590039408,,-5.710204477135555,47 days 17:46:00
1498,CLOSED,2025-11-14 06:49:00+00:00,96000.0,97000.0,2025-11-14 06:56:00+00:00,58.67832472189169,5860.794976660605,1.001200774904529,5877.215107237871,0.49271272420148904,0 days 00:07:00
1499,CLOSED,2025-11-14 11:42:00+00:00,96000.0,97000.0,2025-11-14 15:46:00+00:00,58.67832472189169,5861.287689384807,1.0011166117671062,5878.206953851488,0.49271272420148904,0 days 04:04:00
1500,CLOSED,2025-11-14 12:39:00+00:00,95000.0,96000.0,2025-11-14 14:36:00+00:00,58.67832472189169,5844.750202158097,1.0039492312301987,5861.787381644806,0.4991338894153827,0 days 01:57:00
1501,OPEN,2025-11-14 17:48:00+00:00,96000.0,97000.0,,58.67832472189169,5862.279535998424,1.0009472315601204,,-5.158453224586005,47 days 06:11:00
1502,CLOSED,2025-11-14 18:59:00+00:00,95000.0,96000.0,2025-11-15 02:41:00+00:00,58.67832472189169,5845.742048771714,1.003778891239667,5862.779228258423,0.4991338894153827,0 days 07:42:00
1503,CLOSED,2025-11-16 01:40:00+00:00,95000.0,96000.0,2025-11-16 05:11:00+00:00,58.67832472189169,5846.24118266113,1.0036931917198482,5863.278362147839,0.4991338894153827,0 days 03:31:00
1504,CLOSED,2025-11-16 15:53:00+00:00,95000.0,96000.0,2025-11-17 08:25:00+00:00,58.67832472189169,5846.740316550544,1.0036075068322974,5864.7888793875845,0.4991338894153827,0 days 16:32:00
1505,CLOSED,2025-11-16 17:44:00+00:00,94000.0,95000.0,2025-11-16 18:11:00+00:00,58.67832472189169,5829.585780414391,1.0065607906316905,5847.246573160644,0.5056916751657639,0 days 00:27:00
1506,CLOSED,2025-11-16 18:47:00+00:00,94000.0,95000.0,2025-11-17 00:35:00+00:00,58.67832472189169,5830.091472089556,1.0064734833544706,5847.75226483581,0.5056916751657639,0 days 05:48:00
1507,CLOSED,2025-11-17 13:09:00+00:00,95000.0,96000.0,2025-11-17 14:36:00+00:00,58.67832472189169,5848.250833790291,1.0033482897631099,5865.793704952166,0.4991338894153827,0 days 01:27:00
1508,CLOSED,2025-11-17 13:42:00+00:00,94000.0,95000.0,2025-11-17 14:36:00+00:00,58.67832472189169,5831.096297654137,1.006300045936441,5848.7570904003915,0.5056916751657639,0 days 00:54:00
1509,OPEN,2025-11-17 14:53:00+00:00,95000.0,96000.0,,58.67832472189169,5849.255659354871,1.0031759276592036,,-4.595086156193311,44 days 09:06:00
1510,OPEN,2025-11-17 15:19:00+00:00,94000.0,95000.0,,58.67832472189169,5832.1011232187175,1.0061266682822418,,-4.019732554430561,44 days 08:40:00
1511,CLOSED,2025-11-17 17:44:00+00:00,93000.0,94000.0,2025-12-03 22:49:00+00:00,58.67832472189169,5814.32297382302,1.009203048851441,5861.929065396131,0.5123904885666661,16 days 05:05:00
1512,CLOSED,2025-11-17 19:33:00+00:00,92000.0,93000.0,2025-11-18 15:27:00+00:00,58.67832472189169,5795.914505648858,1.0124083898184175,5815.902397142372,0.5192349283458597,0 days 19:54:00
1513,CLOSED,2025-11-18 02:16:00+00:00,91000.0,92000.0,2025-11-18 14:32:00+00:00,58.67832472189169,5776.868867405161,1.0157461778814563,5796.974701041733,0.5262297953729416,0 days 12:16:00
1514,CLOSED,2025-11-18 03:30:00+00:00,90000.0,91000.0,2025-11-18 08:17:00+00:00,58.67832472189169,5757.179057223034,1.0192200752949152,5777.40284016013,0.5333801038895345,0 days 04:47:00
1515,CLOSED,2025-11-19 00:19:00+00:00,92000.0,93000.0,2025-11-20 05:04:00+00:00,58.67832472189169,5797.493350476465,1.0121326782905105,5819.081542962738,0.5192349283458597,1 days 04:45:00
1516,CLOSED,2025-11-19 05:08:00+00:00,91000.0,92000.0,2025-11-19 07:47:00+00:00,58.67832472189169,5778.447712232769,1.0154686456307591,5798.020165765452,0.5262297953729416,0 days 02:39:00
1517,CLOSED,2025-11-19 15:30:00+00:00,91000.0,92000.0,2025-11-20 00:30:00+00:00,58.67832472189169,5778.973942028141,1.015376177683515,5800.153846862099,0.5262297953729416,0 days 09:00:00
1518,CLOSED,2025-11-19 15:53:00+00:00,90000.0,91000.0,2025-11-19 15:56:00+00:00,58.67832472189169,5759.284131846014,1.0188475403988033,5779.50791478311,0.5333801038895345,0 days 00:03:00
1519,CLOSED,2025-11-19 16:05:00+00:00,90000.0,91000.0,2025-11-19 23:05:00+00:00,58.67832472189169,5759.817511949904,1.0187531914014927,5780.581985980496,0.5333801038895345,0 days 07:00:00
1520,CLOSED,2025-11-19 17:36:00+00:00,89000.0,90000.0,2025-11-19 21:20:00+00:00,58.67832472189169,5739.476372363363,1.0223637299813384,5760.358803012788,0.5406910934963634,0 days 03:44:00
1521,CLOSED,2025-11-20 06:42:00+00:00,92000.0,93000.0,2025-11-28 14:30:00+00:00,58.67832472189169,5800.672496296831,1.0115779637507916,5835.511039799203,0.5192349283458597,8 days 07:48:00
1522,CLOSED,2025-11-20 14:05:00+00:00,91000.0,92000.0,2025-11-28 11:02:00+00:00,58.67832472189169,5781.626858053135,1.0149102694194039,5816.583343698564,0.5262297953729416,7 days 20:57:00
1523,CLOSED,2025-11-20 15:58:00+00:00,90000.0,91000.0,2025-11-27 01:58:00+00:00,58.67832472189169,5761.937047871008,1.0183784417355426,5797.011482816961,0.5333801038895345,6 days 10:00:00
1524,CLOSED,2025-11-20 16:07:00+00:00,89000.0,90000.0,2025-11-26 18:07:00+00:00,58.67832472189169,5741.595908284467,1.0219863198179022,5776.788299849252,0.5406910934963634,6 days 02:00:00
1525,CLOSED,2025-11-20 16:47:00+00:00,88000.0,89000.0,2025-11-24 20:46:00+00:00,58.67832472189169,5720.5961209856,1.025737938510192,5753.690856575223,0.5481682419578959,4 days 03:59:00
1526,CLOSED,2025-11-20 17:11:00+00:00,87000.0,88000.0,2025-11-20 22:26:00+00:00,58.67832472189169,5698.93020134131,1.0296375398330209,5721.152553375204,0.5558172788898261,0 days 05:15:00
1527,CLOSED,2025-11-20 23:36:00+00:00,87000.0,88000.0,2025-11-23 21:58:00+00:00,58.67832472189169,5699.4860186201995,1.029537128965486,5729.903985732509,0.5558172788898261,2 days 22:22:00
1528,CLOSED,2025-11-21 02:44:00+00:00,86000.0,87000.0,2025-11-23 14:00:00+00:00,58.67832472189169,5677.146309936861,1.033588382585551,5707.682256644084,0.5636442004015549,2 days 11:16:00
1529,CLOSED,2025-11-21 07:32:00+00:00,85000.0,86000.0,2025-11-23 01:53:00+00:00,58.67832472189169,5654.1249774582075,1.0377967405359747,5684.778911779449,0.5716552847723761,1 days 18:21:00
1530,CLOSED,2025-11-21 07:33:00+00:00,84000.0,85000.0,2025-11-21 14:36:00+00:00,58.67832472189169,5630.414002080763,1.042167142597448,5658.278247221021,0.5798571092472784,0 days 07:03:00
1531,CLOSED,2025-11-21 07:34:00+00:00,83000.0,84000.0,2025-11-21 07:37:00+00:00,58.67832472189169,5606.00517377002,1.0467047907205322,5631.59976712298,0.5882565680468801,0 days 00:03:00
1532,CLOSED,2025-11-21 07:34:00+00:00,82000.0,83000.0,2025-11-21 07:35:00+00:00,58.67832472189169,5580.89008465931,1.0514151655340076,5606.602690857126,0.5968608916952434,0 days 00:01:00
1533,CLOSED,2025-11-21 09:31:00+00:00,83000.0,84000.0,2025-11-21 13:17:00+00:00,58.67832472189169,5607.190291229761,1.0464835626083673,5633.987423142196,0.5882565680468801,0 days 03:46:00
1534,CLOSED,2025-11-21 10:03:00+00:00,82000.0,83000.0,2025-11-21 11:07:00+00:00,58.67832472189169,5582.075202119051,1.0511919420149767,5607.787808316868,0.5968608916952434,0 days 01:04:00
1535,CLOSED,2025-11-21 12:08:00+00:00,82000.0,83000.0,2025-11-21 12:44:00+00:00,58.67832472189169,5582.672063010747,1.0510795558040777,5608.990346876342,0.5968608916952434,0 days 00:36:00
1536,CLOSED,2025-11-21 12:23:00+00:00,81000.0,82000.0,2025-11-21 12:36:00+00:00,58.67832472189169,5556.842100163485,1.0559653066291976,5583.278405699539,0.6056776677793607,0 days 00:13:00
1537,CLOSED,2025-11-21 15:17:00+00:00,84000.0,85000.0,2025-11-21 17:04:00+00:00,58.67832472189169,5634.566632668968,1.0413990737402476,5659.446360898315,0.5798571092472784,0 days 01:47:00
1538,CLOSED,2025-11-21 15:39:00+00:00,83000.0,84000.0,2025-11-21 16:51:00+00:00,58.67832472189169,5610.157804358225,1.0459300213678073,5635.15553681949,0.5882565680468801,0 days 01:12:00
1539,CLOSED,2025-11-21 18:06:00+00:00,84000.0,85000.0,2025-11-21 18:48:00+00:00,58.67832472189169,5635.734746346262,1.0411832238899073,5660.026218007562,0.5798571092472784,0 days 00:42:00
1540,CLOSED,2025-11-21 20:07:00+00:00,84000.0,85000.0,2025-11-21 21:29:00+00:00,58.67832472189169,5636.314603455509,1.041076108241318,5660.60607511681,0.5798571092472784,0 days 01:22:00
1541,CLOSED,2025-11-22 04:17:00+00:00,84000.0,85000.0,2025-11-22 22:51:00+00:00,58.67832472189169,5636.894460564757,1.0409690146303139,5661.185932226057,0.5798571092472784,0 days 18:34:00
1542,CLOSED,2025-11-23 23:18:00+00:00,87000.0,88000.0,2025-11-24 02:18:00+00:00,58.67832472189169,5708.237450977504,1.0279587215111972,5731.0234472118,0.5558172788898261,0 days 03:00:00
1543,CLOSED,2025-11-24 00:21:00+00:00,86000.0,87000.0,2025-11-24 00:41:00+00:00,58.67832472189169,5685.897742294166,1.0319975381445383,5708.801718123375,0.5636442004015549,0 days 00:20:00
1544,CLOSED,2025-11-24 04:16:00+00:00,87000.0,88000.0,2025-11-24 17:41:00+00:00,58.67832472189169,5709.356912456795,1.0277571646268266,5732.142908691091,0.5558172788898261,0 days 13:25:00
1545,CLOSED,2025-11-24 09:21:00+00:00,86000.0,87000.0,2025-11-24 16:02:00+00:00,58.67832472189169,5687.017203773457,1.0317943944842891,5709.921179602667,0.5636442004015549,0 days 06:41:00
1546,CLOSED,2025-11-25 00:14:00+00:00,88000.0,89000.0,2025-11-26 17:34:00+00:00,58.67832472189169,5732.690461822334,1.0235739241926338,5755.9064766538495,0.5481682419578959,1 days 17:20:00
1547,CLOSED,2025-11-25 08:59:00+00:00,87000.0,88000.0,2025-11-25 17:37:00+00:00,58.67832472189169,5711.024542178044,1.0274570576352877,5733.2468942119385,0.5558172788898261,0 days 08:38:00
1548,CLOSED,2025-11-25 19:04:00+00:00,87000.0,88000.0,2025-11-26 01:39:00+00:00,58.67832472189169,5711.580359456933,1.027357071580639,5733.802711490828,0.5558172788898261,0 days 06:35:00
1549,CLOSED,2025-11-26 04:08:00+00:00,87000.0,88000.0,2025-11-26 17:25:00+00:00,58.67832472189169,5712.136176735823,1.0272571049842019,5734.358528769718,0.5558172788898261,0 days 13:17:00
1550,CLOSED,2025-11-28 14:41:00+00:00,92000.0,93000.0,2025-12-03 02:26:00+00:00,58.67832472189169,5817.101993133296,1.0087209196462013,5842.600062506465,0.5192349283458597,4 days 11:45:00
1551,CLOSED,2025-11-28 16:30:00+00:00,91000.0,92000.0,2025-11-30 13:24:00+00:00,58.67832472189169,5798.0563548896,1.012034397913488,5817.628808422282,0.5262297953729416,1 days 20:54:00
1552,CLOSED,2025-11-30 21:12:00+00:00,91000.0,92000.0,2025-12-02 18:18:00+00:00,58.67832472189169,5798.582584684972,1.011942554321309,5822.619906815081,0.5262297953729416,1 days 21:06:00
1553,CLOSED,2025-12-01 00:04:00+00:00,90000.0,91000.0,2025-12-02 15:51:00+00:00,58.67832472189169,5778.892774502845,1.0153904391648754,5803.048045933478,0.5333801038895345,1 days 15:47:00
1554,CLOSED,2025-12-01 00:08:00+00:00,89000.0,90000.0,2025-12-02 15:03:00+00:00,58.67832472189169,5758.551634916305,1.0189771394269094,5782.824862965769,0.5406910934963634,1 days 14:55:00
1555,CLOSED,2025-12-01 00:33:00+00:00,88000.0,89000.0,2025-12-02 14:47:00+00:00,58.67832472189169,5737.5518476174375,1.022706657478979,5761.943039770366,0.5481682419578959,1 days 14:14:00
1556,CLOSED,2025-12-01 00:56:00+00:00,87000.0,88000.0,2025-12-02 14:08:00+00:00,58.67832472189169,5715.885927973148,1.0265832009474516,5740.395091886235,0.5558172788898261,1 days 13:12:00
1557,CLOSED,2025-12-01 04:13:00+00:00,86000.0,87000.0,2025-12-02 01:06:00+00:00,58.67832472189169,5693.546219289809,1.030611194883933,5718.17336279781,0.5636442004015549,0 days 20:53:00
1558,CLOSED,2025-12-01 12:48:00+00:00,85000.0,86000.0,2025-12-01 13:03:00+00:00,58.67832472189169,5670.524886811155,1.034795294847735,5694.118505539155,0.5716552847723761,0 days 00:15:00
1559,CLOSED,2025-12-01 15:25:00+00:00,85000.0,86000.0,2025-12-01 21:21:00+00:00,58.67832472189169,5671.096542095927,1.0346909858848095,5695.270017933175,0.5716552847723761,0 days 05:56:00
1560,CLOSED,2025-12-01 15:42:00+00:00,84000.0,85000.0,2025-12-01 16:37:00+00:00,58.67832472189169,5647.385566718483,1.039035214236095,5671.677038379783,0.5798571092472784,0 days 00:55:00
1561,CLOSED,2025-12-02 20:29:00+00:00,91000.0,92000.0,2025-12-02 22:53:00+00:00,58.67832472189169,5803.5736830777705,1.011072279361037,5823.146136610454,0.5262297953729416,0 days 02:24:00
1562,CLOSED,2025-12-03 00:35:00+00:00,91000.0,92000.0,2025-12-03 01:26:00+00:00,58.67832472189169,5804.099912873144,1.0109806103052552,5823.672366405826,0.5262297953729416,0 days 00:51:00
1563,CLOSED,2025-12-03 14:03:00+00:00,92000.0,93000.0,2025-12-03 14:41:00+00:00,58.67832472189169,5824.191015840559,1.0074931361677382,5843.119297434811,0.5192349283458597,0 days 00:38:00
1564,CLOSED,2025-12-03 15:21:00+00:00,92000.0,93000.0,2025-12-03 17:53:00+00:00,58.67832472189169,5824.710250768905,1.0074033247258216,5843.6385323631575,0.5192349283458597,0 days 02:32:00
1565,CLOSED,2025-12-04 00:12:00+00:00,93000.0,94000.0,2025-12-04 02:21:00+00:00,58.67832472189169,5844.1503443599795,1.0040522790198312,5862.441455884698,0.5123904885666661,0 days 02:09:00
1566,CLOSED,2025-12-04 05:21:00+00:00,93000.0,94000.0,2025-12-09 16:41:00+00:00,58.67832472189169,5844.662734848547,1.0039642556622599,5870.408147657969,0.5123904885666661,5 days 11:20:00
1567,CLOSED,2025-12-04 14:54:00+00:00,92000.0,93000.0,2025-12-04 15:39:00+00:00,58.67832472189169,5826.254266674385,1.007136352725388,5845.182548268637,0.5192349283458597,0 days 00:45:00
1568,CLOSED,2025-12-04 17:31:00+00:00,92000.0,93000.0,2025-12-09 16:01:00+00:00,58.67832472189169,5826.773501602731,1.0070466048792088,5852.1176146249945,0.5192349283458597,4 days 22:30:00
1569,CLOSED,2025-12-04 19:21:00+00:00,91000.0,92000.0,2025-12-04 19:45:00+00:00,58.67832472189169,5807.727863359034,1.0103490745854906,5827.300316891717,0.5262297953729416,0 days 00:24:00
1570,CLOSED,2025-12-05 09:44:00+00:00,91000.0,92000.0,2025-12-08 09:02:00+00:00,58.67832472189169,5808.254093154406,1.0102575366158622,5831.596928521204,0.5262297953729416,2 days 23:18:00
1571,CLOSED,2025-12-05 14:41:00+00:00,90000.0,91000.0,2025-12-05 15:03:00+00:00,58.67832472189169,5788.564282972279,1.0136939291578857,5808.788065909375,0.5333801038895345,0 days 00:22:00
1572,CLOSED,2025-12-05 16:05:00+00:00,90000.0,91000.0,2025-12-07 17:35:00+00:00,58.67832472189169,5789.097663076169,1.0136005321891846,5810.950996442215,0.5333801038895345,2 days 01:30:00
1573,CLOSED,2025-12-05 16:17:00+00:00,89000.0,90000.0,2025-12-06 14:15:00+00:00,58.67832472189169,5768.756523489628,1.0171745762359905,5789.638954139053,0.5406910934963634,0 days 21:58:00
1574,CLOSED,2025-12-06 23:21:00+00:00,89000.0,90000.0,2025-12-07 17:16:00+00:00,58.67832472189169,5769.2972145831245,1.0170792479466955,5790.727813474507,0.5406910934963634,0 days 17:55:00
1575,CLOSED,2025-12-07 14:25:00+00:00,88000.0,89000.0,2025-12-07 15:09:00+00:00,58.67832472189169,5748.297427284257,1.0207948608117492,5769.845990279104,0.5481682419578959,0 days 00:44:00
1576,CLOSED,2025-12-07 21:54:00+00:00,90000.0,91000.0,2025-12-08 01:26:00+00:00,58.67832472189169,5791.2605936090085,1.013221970820077,5812.025067639601,0.5333801038895345,0 days 03:32:00
1577,CLOSED,2025-12-07 22:07:00+00:00,89000.0,90000.0,2025-12-07 22:34:00+00:00,58.67832472189169,5770.919454022468,1.0167933409812453,5791.801884671892,0.5406910934963634,0 days 00:27:00
1578,CLOSED,2025-12-08 14:36:00+00:00,91000.0,92000.0,2025-12-09 15:44:00+00:00,58.67832472189169,5812.550704783894,1.0095107587379457,5833.189918524356,0.5262297953729416,1 days 01:08:00
1579,CLOSED,2025-12-08 15:23:00+00:00,90000.0,91000.0,2025-12-08 21:28:00+00:00,58.67832472189169,5792.860894601767,1.0129420641978935,5813.084677538863,0.5333801038895345,0 days 06:05:00
1580,CLOSED,2025-12-09 01:49:00+00:00,90000.0,91000.0,2025-12-09 15:02:00+00:00,58.67832472189169,5793.394274705656,1.012848805718008,5813.618057642752,0.5333801038895345,0 days 13:13:00
1581,CLOSED,2025-12-09 20:23:00+00:00,93000.0,94000.0,2025-12-10 20:13:00+00:00,58.67832472189169,5852.629426621817,1.0025976436331674,5872.478242931573,0.5123904885666661,0 days 23:50:00
1582,CLOSED,2025-12-10 01:32:00+00:00,92000.0,93000.0,2025-12-10 10:01:00+00:00,58.67832472189169,5834.220958447655,1.0057610971509137,5853.149240041907,0.5192349283458597,0 days 08:29:00
1583,CLOSED,2025-12-10 11:42:00+00:00,92000.0,93000.0,2025-12-10 18:38:00+00:00,58.67832472189169,5834.740193376001,1.005671594229806,5853.668474970254,0.5192349283458597,0 days 06:56:00
1584,CLOSED,2025-12-10 19:03:00+00:00,92000.0,93000.0,2025-12-10 19:13:00+00:00,58.67832472189169,5835.259428304347,1.0055821072370534,5854.1877098986,0.5192349283458597,0 days 00:10:00
1585,OPEN,2025-12-10 20:51:00+00:00,93000.0,94000.0,,58.67832472189169,5854.699521895422,1.0022431467651982,,-3.432005756930984,21 days 03:08:00
1586,CLOSED,2025-12-10 21:06:00+00:00,92000.0,93000.0,2025-12-11 21:17:00+00:00,58.67832472189169,5836.291053721259,1.0054043600940359,5856.2789452147745,0.5192349283458597,1 days 00:11:00
1587,CLOSED,2025-12-11 01:12:00+00:00,91000.0,92000.0,2025-12-11 21:07:00+00:00,58.67832472189169,5817.245415477563,1.0086960499512385,5837.3512491141355,0.5262297953729416,0 days 19:55:00
1588,CLOSED,2025-12-11 02:18:00+00:00,90000.0,91000.0,2025-12-11 18:44:00+00:00,58.67832472189169,5797.555605295436,1.0121218098933873,5817.779388232532,0.5333801038895345,0 days 16:26:00
1589,OPEN,2025-12-12 00:54:00+00:00,92000.0,93000.0,,58.67832472189169,5837.869898548868,1.0051324497052851,,-2.831502289920529,19 days 23:05:00
1590,OPEN,2025-12-12 15:28:00+00:00,91000.0,92000.0,,58.67832472189169,5818.824260305171,1.008422356423156,,-2.2178009445142663,19 days 08:31:00
1591,OPEN,2025-12-12 15:58:00+00:00,90000.0,91000.0,,58.67832472189169,5799.134450123044,1.011846254412099,,-1.5904617914322827,19 days 08:01:00
1592,CLOSED,2025-12-14 11:44:00+00:00,89000.0,90000.0,2025-12-15 02:21:00+00:00,58.67832472189169,5778.793310536504,1.0154079159554503,5800.223909427886,0.5406910934963634,0 days 14:37:00
1593,CLOSED,2025-12-14 23:11:00+00:00,88000.0,89000.0,2025-12-15 01:34:00+00:00,58.67832472189169,5757.793523237637,1.0191113051392744,5779.342086232482,0.5481682419578959,0 days 02:23:00
1594,CLOSED,2025-12-15 14:46:00+00:00,89000.0,90000.0,2025-12-17 15:06:00+00:00,58.67832472189169,5779.882169871958,1.0152166254834152,5802.9880475215205,0.5406910934963634,2 days 00:20:00
1595,CLOSED,2025-12-15 14:56:00+00:00,88000.0,89000.0,2025-12-17 14:54:00+00:00,58.67832472189169,5758.882382573091,1.0189186169083382,5782.106224326117,0.5481682419578959,1 days 23:58:00
1596,CLOSED,2025-12-15 15:21:00+00:00,87000.0,88000.0,2025-12-16 15:55:00+00:00,58.67832472189169,5737.2164629288,1.0227664425953507,5760.002459163095,0.5558172788898261,1 days 00:34:00
1597,CLOSED,2025-12-15 17:32:00+00:00,86000.0,87000.0,2025-12-16 10:42:00+00:00,58.67832472189169,5714.876754245462,1.0267644823364004,5737.780730074672,0.5636442004015549,0 days 17:10:00
1598,CLOSED,2025-12-17 04:21:00+00:00,87000.0,88000.0,2025-12-17 14:52:00+00:00,58.67832472189169,5738.335924408091,1.0225669165219593,5760.558276441985,0.5558172788898261,0 days 10:31:00
1599,CLOSED,2025-12-17 15:42:00+00:00,89000.0,90000.0,2025-12-22 11:35:00+00:00,58.67832472189169,5782.646307965592,1.0147313461150533,5810.184143589006,0.5406910934963634,4 days 19:53:00
1600,CLOSED,2025-12-17 15:50:00+00:00,88000.0,89000.0,2025-12-18 13:47:00+00:00,58.67832472189169,5761.646520666725,1.018429792793008,5784.314545140862,0.5481682419578959,0 days 21:57:00
1601,CLOSED,2025-12-17 16:14:00+00:00,87000.0,88000.0,2025-12-18 13:30:00+00:00,58.67832472189169,5739.980601022435,1.0222739204282258,5762.76659725673,0.5558172788898261,0 days 21:16:00
1602,CLOSED,2025-12-17 18:43:00+00:00,86000.0,87000.0,2025-12-18 08:23:00+00:00,58.67832472189169,5717.640892339096,1.026268102995295,5740.5448681683065,0.5636442004015549,0 days 13:40:00
1603,CLOSED,2025-12-18 14:36:00+00:00,88000.0,89000.0,2025-12-18 15:36:00+00:00,58.67832472189169,5763.314150387974,1.0181351075221465,5784.8627133828195,0.5481682419578959,0 days 01:00:00
1604,CLOSED,2025-12-18 16:27:00+00:00,88000.0,89000.0,2025-12-19 15:16:00+00:00,58.67832472189169,5763.862318629932,1.0180382784687942,5787.101998388841,0.5481682419578959,0 days 22:49:00
1605,CLOSED,2025-12-18 17:08:00+00:00,87000.0,88000.0,2025-12-19 07:07:00+00:00,58.67832472189169,5742.196398985641,1.021879445507249,5765.554050504709,0.5558172788898261,0 days 13:59:00
1606,CLOSED,2025-12-18 17:17:00+00:00,86000.0,87000.0,2025-12-19 03:27:00+00:00,58.67832472189169,5719.856690302303,1.0258705401024735,5743.332321416285,0.5636442004015549,0 days 10:10:00
1607,CLOSED,2025-12-18 19:40:00+00:00,85000.0,86000.0,2025-12-19 03:03:00+00:00,58.67832472189169,5696.835357823649,1.030016158731125,5720.42897655165,0.5716552847723761,0 days 07:23:00
1608,CLOSED,2025-12-19 15:30:00+00:00,88000.0,89000.0,2025-12-21 09:53:00+00:00,58.67832472189169,5766.101603635952,1.0176429198696513,5788.205983909688,0.5481682419578959,1 days 18:23:00
1609,CLOSED,2025-12-19 17:33:00+00:00,87000.0,88000.0,2025-12-19 19:37:00+00:00,58.67832472189169,5744.435683991662,1.021481098402996,5766.658036025557,0.5558172788898261,0 days 02:04:00
1610,CLOSED,2025-12-21 13:30:00+00:00,88000.0,89000.0,2025-12-22 00:10:00+00:00,58.67832472189169,5767.2055891568,1.0174481178929293,5788.754152151646,0.5481682419578959,0 days 10:40:00
1611,CLOSED,2025-12-22 02:05:00+00:00,88000.0,89000.0,2025-12-22 04:21:00+00:00,58.67832472189169,5767.753757398757,1.0173514194606579,5789.302320393604,0.5481682419578959,0 days 02:16:00
1612,CLOSED,2025-12-22 19:01:00+00:00,89000.0,90000.0,2025-12-29 03:40:00+00:00,58.67832472189169,5789.842404033079,1.0134701538856676,5814.044440281977,0.5406910934963634,6 days 08:39:00
1613,CLOSED,2025-12-22 19:57:00+00:00,88000.0,89000.0,2025-12-26 02:20:00+00:00,58.67832472189169,5768.842616734211,1.0171593960923477,5792.0586315657265,0.5481682419578959,3 days 06:23:00
1614,CLOSED,2025-12-23 14:54:00+00:00,87000.0,88000.0,2025-12-23 16:03:00+00:00,58.67832472189169,5747.176697089921,1.020993921269263,5769.3990491238155,0.5558172788898261,0 days 01:09:00
1615,CLOSED,2025-12-24 02:44:00+00:00,87000.0,88000.0,2025-12-24 22:37:00+00:00,58.67832472189169,5747.73251436881,1.0208951891063336,5769.954866402705,0.5558172788898261,0 days 19:53:00
1616,CLOSED,2025-12-25 23:45:00+00:00,87000.0,88000.0,2025-12-26 02:14:00+00:00,58.67832472189169,5748.2883316477,1.020796476036755,5770.510683681595,0.5558172788898261,0 days 02:29:00
1617,CLOSED,2025-12-26 14:49:00+00:00,88000.0,89000.0,2025-12-29 02:06:00+00:00,58.67832472189169,5771.058236812838,1.0167688890676965,5793.162617086574,0.5481682419578959,2 days 11:17:00
1618,CLOSED,2025-12-26 15:01:00+00:00,87000.0,88000.0,2025-12-28 10:36:00+00:00,58.67832472189169,5749.392317168547,1.0206004649686093,5771.614669202442,0.5558172788898261,1 days 19:35:00
1619,OPEN,2025-12-29 09:32:00+00:00,89000.0,90000.0,,58.67832472189169,5793.702700726049,1.012794887016524,,-0.9490251292922949,2 days 14:27:00
1620,CLOSED,2025-12-29 09:45:00+00:00,88000.0,89000.0,2025-12-30 14:57:00+00:00,58.67832472189169,5772.702913427182,1.016479205701149,5795.363110979807,0.5481682419578959,1 days 05:12:00
1621,CLOSED,2025-12-29 12:11:00+00:00,87000.0,88000.0,2025-12-29 14:32:00+00:00,58.67832472189169,5751.036993782891,1.0203085945252202,5773.259345816786,0.5558172788898261,0 days 02:21:00
1622,CLOSED,2025-12-30 02:33:00+00:00,87000.0,88000.0,2025-12-30 08:12:00+00:00,58.67832472189169,5751.592811061781,1.0202099948563519,5773.815163095675,0.5558172788898261,0 days 05:39:00
1623,CLOSED,2025-12-30 19:06:00+00:00,88000.0,89000.0,2025-12-31 11:42:00+00:00,58.67832472189169,5774.362716226919,1.016187025401017,5795.911279221765,0.5481682419578959,0 days 16:36:00
1624,OPEN,2025-12-31 15:12:00+00:00,88000.0,89000.0,,58.67832472189169,5774.910884468876,1.0160905665176925,,-0.29301036119458246,0 days 08:47:00
