Trade ID,Status,Buy Time,Buy Price,Sell Target,Sell Time,Order Size (USDT),Portfolio Value at Buy,Order % of Portfolio,Portfolio Value at Sell,Net P&L,Holding Time
1,CLOSED,2024-01-01 18:09:00+00:00,43000.0,44000.0,2024-01-01 23:28:00+00:00,33.70786516853933,3000.0,1.1235955056179776,3000.7494120721194,0.7149547948785013,0 days 05:19:00
2,CLOSED,2024-01-01 23:33:00+00:00,44000.0,45000.0,2024-01-02 00:57:00+00:00,33.70786516853933,3000.7149547948784,1.1233277960866335,3001.4465686866047,0.6971744126659871,0 days 01:24:00
3,CLOSED,2024-01-02 00:58:00+00:00,45000.0,46000.0,2024-01-08 18:04:00+00:00,33.70786516853933,3001.4121292075447,1.1230668671096207,3006.474101241915,0.6801842696629166,6 days 17:06:00
4,CLOSED,2024-01-03 11:55:00+00:00,44000.0,45000.0,2024-01-08 12:03:00+00:00,33.70786516853933,3000.630106735635,1.123359560142849,3005.7602261142333,0.6971744126659871,5 days 00:08:00
5,CLOSED,2024-01-03 12:01:00+00:00,43000.0,44000.0,2024-01-04 15:16:00+00:00,33.70786516853933,2999.08276250683,1.1239391453260223,3003.5660922329594,0.7149547948785013,1 days 03:15:00
6,CLOSED,2024-01-03 12:08:00+00:00,42000.0,43000.0,2024-01-03 15:56:00+00:00,33.70786516853933,2996.7522983407375,1.1248131915074506,3000.57022999303,0.7335818619582639,0 days 03:48:00
7,CLOSED,2024-01-03 12:09:00+00:00,41000.0,42000.0,2024-01-03 12:15:00+00:00,33.70786516853933,2993.6200685245644,1.1259900854804394,2997.5062035202386,0.7531175664565666,0 days 00:06:00
8,CLOSED,2024-01-03 18:56:00+00:00,42000.0,43000.0,2024-01-03 19:35:00+00:00,33.70786516853933,2998.238997769153,1.1242554443998543,3001.3038118549885,0.7335818619582639,0 days 00:39:00
9,CLOSED,2024-01-05 01:48:00+00:00,43000.0,44000.0,2024-01-05 09:01:00+00:00,33.70786516853933,3002.017998592082,1.1228402089643699,3004.2810470278378,0.7149547948785013,0 days 07:13:00
10,CLOSED,2024-01-08 18:24:00+00:00,46000.0,47000.0,2024-01-08 19:11:00+00:00,33.70786516853933,3006.439678770005,1.1211888070320406,3007.1380178027357,0.6639328285295605,0 days 00:47:00
11,CLOSED,2024-01-08 19:12:00+00:00,47000.0,48000.0,2024-01-11 14:36:00+00:00,33.70786516853933,3007.1036115985344,1.1209412618350285,3012.498910729594,0.6483729380827157,2 days 19:24:00
12,CLOSED,2024-01-09 12:56:00+00:00,46000.0,47000.0,2024-01-09 13:53:00+00:00,33.70786516853933,3006.353432301379,1.1212209717716317,3007.768242766097,0.6639328285295605,0 days 00:57:00
13,CLOSED,2024-01-09 21:17:00+00:00,46000.0,47000.0,2024-01-10 23:03:00+00:00,33.70786516853933,3007.0173651299087,1.1209734123727977,3011.1529126732794,0.6639328285295605,1 days 01:46:00
14,CLOSED,2024-01-09 21:25:00+00:00,45000.0,46000.0,2024-01-09 21:29:00+00:00,33.70786516853933,3005.5351389348543,1.1215262377695978,3007.6982640063134,0.6801842696629166,0 days 00:04:00
15,CLOSED,2024-01-10 11:53:00+00:00,45000.0,46000.0,2024-01-10 17:41:00+00:00,33.70786516853933,3006.2153232045175,1.1212724819926723,3008.3784482759766,0.6801842696629166,0 days 05:48:00
16,CLOSED,2024-01-10 20:12:00+00:00,45000.0,46000.0,2024-01-10 20:15:00+00:00,33.70786516853933,3006.8955074741807,1.1210188410189963,3009.0586325456397,0.6801842696629166,0 days 00:03:00
17,CLOSED,2024-01-10 20:44:00+00:00,45000.0,46000.0,2024-01-10 20:57:00+00:00,33.70786516853933,3007.575691743844,1.1207653147706793,3009.738816815303,0.6801842696629166,0 days 00:13:00
18,CLOSED,2024-01-11 05:44:00+00:00,46000.0,47000.0,2024-01-11 11:17:00+00:00,33.70786516853933,3010.402035037091,1.119713074075304,3011.816845501809,0.6639328285295605,0 days 05:33:00
19,CLOSED,2024-01-11 15:05:00+00:00,48000.0,49000.0,2024-02-12 15:10:00+00:00,33.70786516853933,3012.464520100859,1.1189464620619256,3023.1947364667944,0.6334613764044974,32 days 00:05:00
20,CLOSED,2024-01-11 15:42:00+00:00,47000.0,48000.0,2024-02-09 18:24:00+00:00,33.70786516853933,3011.72926729187,1.1192196302176007,3021.8792092136264,0.6483729380827157,29 days 02:42:00
21,CLOSED,2024-01-11 16:16:00+00:00,46000.0,47000.0,2024-02-09 11:44:00+00:00,33.70786516853933,3010.277543050895,1.1197593805379369,3020.4955990420212,0.6639328285295605,28 days 19:28:00
22,CLOSED,2024-01-12 15:19:00+00:00,45000.0,46000.0,2024-02-09 02:45:00+00:00,33.70786516853933,3008.09377191202,1.120572286784589,3018.379958240225,0.6801842696629166,27 days 11:26:00
23,CLOSED,2024-01-12 16:17:00+00:00,44000.0,45000.0,2024-02-08 13:58:00+00:00,33.70786516853933,3005.1616861664043,1.1216656103299205,3015.516019838837,0.6971744126659871,26 days 21:41:00
24,CLOSED,2024-01-12 22:03:00+00:00,43000.0,44000.0,2024-02-07 20:16:00+00:00,33.70786516853933,3001.464278663893,1.1230473541915496,3011.8867774787354,0.7149547948785013,25 days 22:13:00
25,CLOSED,2024-01-12 22:21:00+00:00,42000.0,43000.0,2024-01-13 05:42:00+00:00,33.70786516853933,2996.9837512240942,1.1247263237503913,3002.1986285836365,0.7335818619582639,0 days 07:21:00
26,CLOSED,2024-01-14 21:38:00+00:00,42000.0,43000.0,2024-01-15 18:25:00+00:00,33.70786516853933,2997.717333086053,1.1244510880496585,3002.932210445595,0.7335818619582639,0 days 20:47:00
27,CLOSED,2024-01-18 16:40:00+00:00,42000.0,43000.0,2024-01-29 16:21:00+00:00,33.70786516853933,2998.4509149480114,1.1241759870237453,3006.7408519651,0.7335818619582639,10 days 23:41:00
28,CLOSED,2024-01-18 19:57:00+00:00,41000.0,42000.0,2024-01-19 20:09:00+00:00,33.70786516853933,2993.1686218581326,1.126159913690856,2999.204820127513,0.7531175664565666,1 days 00:12:00
29,CLOSED,2024-01-22 04:18:00+00:00,41000.0,42000.0,2024-01-26 17:01:00+00:00,33.70786516853933,2993.9217394245893,1.1258766294611877,3001.5267622186025,0.7531175664565666,4 days 12:43:00
30,CLOSED,2024-01-22 19:17:00+00:00,40000.0,41000.0,2024-01-26 11:29:00+00:00,33.70786516853933,2987.818125424872,1.1281766075954178,2995.4913720952895,0.7736300561797762,3 days 16:12:00
31,CLOSED,2024-01-23 09:29:00+00:00,39000.0,40000.0,2024-01-24 00:44:00+00:00,33.70786516853933,2980.8726574925704,1.1308052722015127,2988.614149625391,0.7951944684528911,0 days 15:15:00
32,CLOSED,2024-02-01 01:21:00+00:00,42000.0,43000.0,2024-02-01 17:19:00+00:00,33.70786516853933,3002.259556467516,1.1227498667104014,3007.4744338270584,0.7335818619582639,0 days 15:58:00
33,CLOSED,2024-02-10 10:48:00+00:00,47000.0,48000.0,2024-02-10 20:46:00+00:00,33.70786516853933,3021.143273641071,1.115732095946404,3022.5275821517093,0.6483729380827157,0 days 09:58:00
34,CLOSED,2024-02-12 15:14:00+00:00,49000.0,50000.0,2024-02-12 17:19:00+00:00,33.70786516853933,3023.1603607645475,1.1149876667480094,3023.8138805994477,0.6191584498968083,0 days 02:05:00
35,CLOSED,2024-02-12 17:20:00+00:00,50000.0,51000.0,2024-02-14 09:10:00+00:00,33.70786516853933,3023.7795192144445,1.1147593584236055,3025.0384529452404,0.6054276404494345,1 days 15:50:00
36,CLOSED,2024-02-13 14:21:00+00:00,49000.0,50000.0,2024-02-14 08:52:00+00:00,33.70786516853933,3023.0723282032086,1.1150201354452514,3024.3993311841764,0.6191584498968083,0 days 18:31:00
37,CLOSED,2024-02-14 09:11:00+00:00,51000.0,52000.0,2024-02-14 14:37:00+00:00,33.70786516853933,3025.0041053047908,1.1143080800924408,3025.6306750338063,0.5922352941176499,0 days 05:26:00
38,CLOSED,2024-02-15 01:10:00+00:00,52000.0,53000.0,2024-02-26 16:07:00+00:00,33.70786516853933,3025.5963405989087,1.114089963562917,3029.1713891524714,0.5795503457216995,11 days 14:57:00
39,CLOSED,2024-02-17 14:32:00+00:00,51000.0,52000.0,2024-02-17 21:34:00+00:00,33.70786516853933,3024.9150527855986,1.1143408849613237,3026.1892024627555,0.5922352941176499,0 days 07:02:00
40,CLOSED,2024-02-20 17:22:00+00:00,51000.0,52000.0,2024-02-20 19:50:00+00:00,33.70786516853933,3025.5072880797165,1.1141227555903077,3026.7814377568734,0.5922352941176499,0 days 02:28:00
41,CLOSED,2024-02-21 10:08:00+00:00,51000.0,52000.0,2024-02-22 09:49:00+00:00,33.70786516853933,3026.0995233738345,1.1139047115991092,3027.3736730509913,0.5922352941176499,0 days 23:41:00
42,CLOSED,2024-02-22 13:47:00+00:00,51000.0,52000.0,2024-02-22 20:31:00+00:00,33.70786516853933,3026.6917586679524,1.1136867529376089,3027.9659083451093,0.5922352941176499,0 days 06:44:00
43,CLOSED,2024-02-23 03:06:00+00:00,51000.0,52000.0,2024-02-26 15:15:00+00:00,33.70786516853933,3027.2839939620703,1.113468879555727,3028.558143639227,0.5922352941176499,3 days 12:09:00
44,CLOSED,2024-02-26 19:16:00+00:00,54000.0,55000.0,2024-02-27 01:43:00+00:00,33.70786516853933,3029.13706741522,1.1127877153905896,3029.7269550556694,0.5555898876404441,0 days 06:27:00
45,CLOSED,2024-02-27 03:51:00+00:00,56000.0,57000.0,2024-02-27 12:26:00+00:00,33.70786516853933,3029.6926573028604,1.1125836505986473,3030.2602736752524,0.5333408908507238,0 days 08:35:00
46,CLOSED,2024-02-27 12:33:00+00:00,57000.0,58000.0,2024-02-28 07:50:00+00:00,33.70786516853933,3030.2259981937113,1.1123878281234556,3030.783065018076,0.5228018923713833,0 days 19:17:00
47,CLOSED,2024-02-28 08:47:00+00:00,59000.0,60000.0,2024-02-28 13:22:00+00:00,33.70786516853933,3030.7488000860826,1.1121959420583427,3031.285840649785,0.5027956579699122,0 days 04:35:00
48,CLOSED,2024-02-28 14:27:00+00:00,60000.0,61000.0,2024-02-28 14:57:00+00:00,33.70786516853933,3031.251595744053,1.112011461399837,3031.7791238339405,0.4932926966292186,0 days 00:30:00
49,CLOSED,2024-02-28 14:59:00+00:00,61000.0,62000.0,2024-02-28 16:54:00+00:00,33.70786516853933,3031.744888440682,1.1118305269371231,3032.263215941143,0.48410130779148375,0 days 01:55:00
50,CLOSED,2024-02-28 17:13:00+00:00,63000.0,64000.0,2024-02-28 17:16:00+00:00,33.70786516853933,3032.228989748474,1.1116530210119595,3032.729792316692,0.46659390048154137,0 days 00:03:00
51,CLOSED,2024-02-28 17:23:00+00:00,63000.0,64000.0,2024-03-04 00:39:00+00:00,33.70786516853933,3032.6955836489556,1.1114819881783797,3038.550275831141,0.46659390048154137,4 days 07:16:00
52,CLOSED,2024-02-28 17:25:00+00:00,62000.0,63000.0,2024-02-29 06:08:00+00:00,33.70786516853933,3032.1273653504004,1.111690279034303,3036.131367240307,0.4752064153678788,0 days 12:43:00
53,CLOSED,2024-02-28 17:31:00+00:00,61000.0,62000.0,2024-02-28 23:13:00+00:00,33.70786516853933,3031.0160154824357,1.112097890488189,3035.08795143018,0.48410130779148375,0 days 05:42:00
54,CLOSED,2024-02-28 17:31:00+00:00,60000.0,61000.0,2024-02-28 17:34:00+00:00,33.70786516853933,3029.352630248842,1.112708531583873,3032.0126313651253,0.4932926966292186,0 days 00:03:00
55,CLOSED,2024-02-28 17:31:00+00:00,59000.0,60000.0,2024-02-28 17:32:00+00:00,33.70786516853933,3027.1280090601927,1.1135262555019712,3029.855962947376,0.5027956579699122,0 days 00:01:00
56,CLOSED,2024-02-28 17:37:00+00:00,60000.0,61000.0,2024-02-28 17:43:00+00:00,33.70786516853933,3030.3487186034417,1.112342779614943,3032.5059240617547,0.4932926966292186,0 days 00:06:00
57,CLOSED,2024-02-28 18:20:00+00:00,60000.0,61000.0,2024-02-28 18:55:00+00:00,33.70786516853933,3030.842011300071,1.1121617373279193,3032.999216758384,0.4932926966292186,0 days 00:35:00
58,CLOSED,2024-02-28 20:27:00+00:00,60000.0,61000.0,2024-02-28 22:09:00+00:00,33.70786516853933,3031.3353039967005,1.111980753963337,3033.4925094550135,0.4932926966292186,0 days 01:42:00
59,CLOSED,2024-02-29 16:40:00+00:00,62000.0,63000.0,2024-03-01 20:57:00+00:00,33.70786516853933,3035.562639518048,1.1104322055396978,3037.5747762712585,0.4752064153678788,1 days 04:17:00
60,CLOSED,2024-02-29 17:41:00+00:00,61000.0,62000.0,2024-02-29 20:18:00+00:00,33.70786516853933,3034.4512896500833,1.1108388947784475,3036.04725915334,0.48410130779148375,0 days 02:37:00
61,CLOSED,2024-02-29 21:10:00+00:00,61000.0,62000.0,2024-03-01 08:35:00+00:00,33.70786516853933,3034.935390957875,1.1106617053188925,3036.5313604611315,0.48410130779148375,0 days 11:25:00
62,CLOSED,2024-03-02 01:21:00+00:00,62000.0,63000.0,2024-03-03 22:15:00+00:00,33.70786516853933,3037.0060485489994,1.1099044463426093,3038.0499826866267,0.4752064153678788,1 days 20:54:00
63,CLOSED,2024-03-04 00:41:00+00:00,64000.0,65000.0,2024-03-04 08:27:00+00:00,33.70786516853933,3038.5160671634044,1.109352869080175,3039.4751119065827,0.4582505266853829,0 days 07:46:00
64,CLOSED,2024-03-04 00:49:00+00:00,63000.0,64000.0,2024-03-04 07:40:00+00:00,33.70786516853933,3037.956200590371,1.1095573123137465,3038.9831618664543,0.46659390048154137,0 days 06:51:00
65,CLOSED,2024-03-04 08:36:00+00:00,65000.0,66000.0,2024-03-04 14:38:00+00:00,33.70786516853933,3039.4409115905714,1.1090153139677141,3039.9252676839164,0.4501638720829746,0 days 06:02:00
66,CLOSED,2024-03-04 14:42:00+00:00,66000.0,67000.0,2024-03-04 17:25:00+00:00,33.70786516853933,3039.8910754626545,1.1088510848504394,3040.3675821020825,0.44232226762001403,0 days 02:43:00
67,CLOSED,2024-03-04 17:40:00+00:00,67000.0,68000.0,2024-03-04 23:03:00+00:00,33.70786516853933,3040.3333977302746,1.1086897638825908,3040.802289227843,0.43471474090222983,0 days 05:23:00
68,CLOSED,2024-03-04 23:04:00+00:00,68000.0,69000.0,2024-03-05 15:04:00+00:00,33.70786516853933,3040.7681124711767,1.1085312632124902,3042.548972077788,0.4273309649702526,0 days 16:00:00
69,CLOSED,2024-03-05 04:52:00+00:00,67000.0,68000.0,2024-03-05 13:18:00+00:00,33.70786516853933,3040.2391964103704,1.1087241164556532,3042.0879406388167,0.43471474090222983,0 days 08:26:00
70,CLOSED,2024-03-05 05:03:00+00:00,66000.0,67000.0,2024-03-05 05:27:00+00:00,33.70786516853933,3039.207680986827,1.1091004204620338,3040.68199518463,0.44232226762001403,0 days 00:24:00
71,CLOSED,2024-03-05 08:06:00+00:00,66000.0,67000.0,2024-03-05 10:32:00+00:00,33.70786516853933,3039.6500032544473,1.10893902694223,3041.12431745225,0.44232226762001403,0 days 02:26:00
72,CLOSED,2024-03-05 15:05:00+00:00,68000.0,69000.0,2024-03-08 15:27:00+00:00,33.70786516853933,3042.514802712289,1.107894861792949,3050.3082941598814,0.4273309649702526,3 days 00:22:00
73,CLOSED,2024-03-05 15:30:00+00:00,67000.0,68000.0,2024-03-08 14:11:00+00:00,33.70786516853933,3041.985886651483,1.1080874936485594,3049.84726272091,0.43471474090222983,2 days 22:41:00
74,CLOSED,2024-03-05 16:06:00+00:00,66000.0,67000.0,2024-03-06 08:10:00+00:00,33.70786516853933,3040.9543712279396,1.108463365562702,3047.1065088594,0.44232226762001403,0 days 16:04:00
75,CLOSED,2024-03-05 16:12:00+00:00,65000.0,66000.0,2024-03-05 16:31:00+00:00,33.70786516853933,3039.4126412998003,1.1090256291795975,3041.4050194561164,0.4501638720829746,0 days 00:19:00
76,CLOSED,2024-03-05 16:48:00+00:00,65000.0,66000.0,2024-03-06 05:31:00+00:00,33.70786516853933,3039.8628051718833,1.1088613970074672,3045.632679017691,0.4501638720829746,0 days 12:43:00
77,CLOSED,2024-03-05 17:08:00+00:00,64000.0,65000.0,2024-03-05 17:46:00+00:00,33.70786516853933,3037.8030112852302,1.1096132646954697,3040.3215481494112,0.4582505266853829,0 days 00:38:00
78,CLOSED,2024-03-05 18:51:00+00:00,64000.0,65000.0,2024-03-06 05:10:00+00:00,33.70786516853933,3038.2612618119156,1.109445905532071,3043.6407933122173,0.4582505266853829,0 days 10:19:00
79,CLOSED,2024-03-05 19:17:00+00:00,63000.0,64000.0,2024-03-05 23:41:00+00:00,33.70786516853933,3035.675309217397,1.1103909916251642,3040.656163350123,0.46659390048154137,0 days 04:24:00
80,CLOSED,2024-03-05 19:36:00+00:00,62000.0,63000.0,2024-03-05 20:14:00+00:00,33.70786516853933,3032.5548461894923,1.1115335708072815,3037.1284190608903,0.4752064153678788,0 days 00:38:00
81,CLOSED,2024-03-05 19:55:00+00:00,61000.0,62000.0,2024-03-05 20:01:00+00:00,33.70786516853933,3028.891251592178,1.1128780259383801,3033.5327585214136,0.48410130779148375,0 days 00:06:00
82,CLOSED,2024-03-05 19:56:00+00:00,60000.0,61000.0,2024-03-05 19:57:00+00:00,33.70786516853933,3024.6756216292347,1.1144290953878442,3029.3850718168974,0.4932926966292186,0 days 00:01:00
83,CLOSED,2024-03-05 20:37:00+00:00,62000.0,63000.0,2024-03-05 21:11:00+00:00,33.70786516853933,3034.0074466092815,1.1110013987015839,3037.6036254762585,0.4752064153678788,0 days 00:34:00
84,CLOSED,2024-03-06 02:01:00+00:00,63000.0,64000.0,2024-03-06 04:52:00+00:00,33.70786516853933,3038.069709953036,1.1095158566674364,3041.1227572506045,0.46659390048154137,0 days 02:51:00
85,CLOSED,2024-03-06 12:44:00+00:00,66000.0,67000.0,2024-03-06 14:21:00+00:00,33.70786516853933,3046.074516929217,1.1066001498387708,3047.998994999103,0.44232226762001403,0 days 01:37:00
86,CLOSED,2024-03-06 12:46:00+00:00,65000.0,66000.0,2024-03-06 12:51:00+00:00,33.70786516853933,3044.532787001078,1.107160524349032,3046.525165157394,0.4501638720829746,0 days 00:05:00
87,CLOSED,2024-03-06 14:58:00+00:00,66000.0,67000.0,2024-03-06 16:56:00+00:00,33.70786516853933,3046.9670030689203,1.1062760159394112,3048.441317266723,0.44232226762001403,0 days 01:58:00
88,CLOSED,2024-03-06 22:46:00+00:00,66000.0,67000.0,2024-03-07 08:19:00+00:00,33.70786516853933,3047.4093253365404,1.1061154433140288,3048.8836395343433,0.44232226762001403,0 days 09:33:00
89,CLOSED,2024-03-08 15:32:00+00:00,69000.0,70000.0,2024-03-11 07:12:00+00:00,33.70786516853933,3050.2741247943823,1.1050765862170358,3052.445155830293,0.42016121152906294,2 days 15:40:00
90,CLOSED,2024-03-08 15:32:00+00:00,68000.0,69000.0,2024-03-08 20:01:00+00:00,33.70786516853933,3049.7523856639477,1.1052656381872439,3051.1366320005855,0.4273309649702526,0 days 04:29:00
91,CLOSED,2024-03-08 16:02:00+00:00,67000.0,68000.0,2024-03-08 17:02:00+00:00,33.70786516853933,3048.735438337875,1.1056343146296863,3050.1875692963476,0.43471474090222983,0 days 01:00:00
92,CLOSED,2024-03-08 21:55:00+00:00,68000.0,69000.0,2024-03-10 01:18:00+00:00,33.70786516853933,3050.61443136982,1.1049533111073448,3051.5639629655557,0.4273309649702526,1 days 03:23:00
93,CLOSED,2024-03-11 00:50:00+00:00,68000.0,69000.0,2024-03-11 06:53:00+00:00,33.70786516853933,3051.0417623347903,1.1047985506020934,3051.991293930526,0.4273309649702526,0 days 06:03:00
94,CLOSED,2024-03-11 07:13:00+00:00,70000.0,71000.0,2024-03-11 07:36:00+00:00,33.70786516853933,3052.4109936417244,1.1043029670235742,3052.858345166604,0.413196308186194,0 days 00:23:00
95,CLOSED,2024-03-11 07:37:00+00:00,71000.0,72000.0,2024-03-11 11:44:00+00:00,33.70786516853933,3052.8241899499108,1.104153500863487,3053.2647659904237,0.406427599303683,0 days 04:07:00
96,CLOSED,2024-03-11 11:53:00+00:00,72000.0,73000.0,2024-03-12 14:07:00+00:00,33.70786516853933,3053.2306175492145,1.1040065226254072,3053.6646063132594,0.39984691011236606,1 days 02:14:00
97,CLOSED,2024-03-12 14:09:00+00:00,72000.0,73000.0,2024-03-13 07:12:00+00:00,33.70786516853933,3053.630464459327,1.1038619623709973,3055.710665941695,0.39984691011236606,0 days 17:03:00
98,CLOSED,2024-03-12 15:00:00+00:00,71000.0,72000.0,2024-03-12 15:23:00+00:00,33.70786516853933,3053.129059964945,1.1040432456833762,3054.037332634671,0.406427599303683,0 days 00:23:00
99,CLOSED,2024-03-12 16:20:00+00:00,71000.0,72000.0,2024-03-13 01:30:00+00:00,33.70786516853933,3053.535487564249,1.1038962967948833,3055.2771177536906,0.406427599303683,0 days 09:10:00
100,CLOSED,2024-03-12 17:06:00+00:00,70000.0,71000.0,2024-03-12 17:59:00+00:00,33.70786516853933,3052.5597991641857,1.104249134702252,3054.3692924354896,0.413196308186194,0 days 00:53:00
101,CLOSED,2024-03-12 17:22:00+00:00,69000.0,70000.0,2024-03-12 17:37:00+00:00,33.70786516853933,3051.1030513740743,1.1047763579587677,3052.980414699115,0.42016121152906294,0 days 00:15:00
102,CLOSED,2024-03-13 07:15:00+00:00,73000.0,74000.0,2024-11-06 03:06:00+00:00,33.70786516853933,3055.6765240877626,1.1031228241216542,3222.2308186516125,0.3934465137755865,237 days 19:51:00
103,CLOSED,2024-03-13 13:54:00+00:00,72000.0,73000.0,2024-03-13 15:16:00+00:00,33.70786516853933,3055.1815263965204,1.1033015510635327,3056.076804986639,0.39984691011236606,0 days 01:22:00
104,CLOSED,2024-03-14 13:36:00+00:00,72000.0,73000.0,2024-10-29 18:24:00+00:00,33.70786516853933,3055.581373306633,1.1031571753581535,3217.621143248252,0.39984691011236606,229 days 04:48:00
105,CLOSED,2024-03-14 15:27:00+00:00,71000.0,72000.0,2024-03-15 00:28:00+00:00,33.70786516853933,3054.6186789861777,1.1035048466254684,3057.2347953098797,0.406427599303683,0 days 09:01:00
106,CLOSED,2024-03-14 16:30:00+00:00,70000.0,71000.0,2024-03-14 16:46:00+00:00,33.70786516853933,3053.1817007600407,1.1040242105521691,3055.032322645889,0.413196308186194,0 days 00:16:00
107,CLOSED,2024-03-14 18:50:00+00:00,70000.0,71000.0,2024-03-14 20:39:00+00:00,33.70786516853933,3053.594897068227,1.1038748198362014,3055.8656801656043,0.413196308186194,0 days 01:49:00
108,CLOSED,2024-03-14 19:31:00+00:00,69000.0,70000.0,2024-03-14 20:05:00+00:00,33.70786516853933,3051.676859452042,1.104568626397485,3054.0155126031564,0.42016121152906294,0 days 00:34:00
109,CLOSED,2024-03-15 02:23:00+00:00,71000.0,72000.0,2024-04-08 08:55:00+00:00,33.70786516853933,3056.2716604133834,1.1029080171485832,3086.327779985382,0.406427599303683,24 days 06:32:00
110,CLOSED,2024-03-15 02:39:00+00:00,70000.0,71000.0,2024-03-25 19:56:00+00:00,33.70786516853933,3054.8346821872465,1.1034268193002401,3076.390327411674,0.413196308186194,10 days 17:17:00
111,CLOSED,2024-03-15 02:47:00+00:00,69000.0,70000.0,2024-03-15 18:53:00+00:00,33.70786516853933,3052.9166445710616,1.1041200626450554,3058.2911408833447,0.42016121152906294,0 days 16:06:00
112,CLOSED,2024-03-15 02:53:00+00:00,68000.0,69000.0,2024-03-15 02:56:00+00:00,33.70786516853933,3050.5105756896105,1.1049909296223042,3053.3444370363627,0.4273309649702526,0 days 00:03:00
113,CLOSED,2024-03-15 03:22:00+00:00,68000.0,69000.0,2024-03-15 18:42:00+00:00,33.70786516853933,3050.9379066545807,1.104836158579862,3055.9529492325614,0.4273309649702526,0 days 15:20:00
114,CLOSED,2024-03-15 03:28:00+00:00,67000.0,68000.0,2024-03-15 03:32:00+00:00,33.70786516853933,3048.0366295774916,1.1058877981138895,3051.3730902869806,0.43471474090222983,0 days 00:04:00
115,CLOSED,2024-03-15 04:44:00+00:00,67000.0,68000.0,2024-03-15 05:02:00+00:00,33.70786516853933,3048.4713443183937,1.1057300975245365,3051.8078050278828,0.43471474090222983,0 days 00:18:00
116,CLOSED,2024-03-15 09:00:00+00:00,67000.0,68000.0,2024-03-15 09:55:00+00:00,33.70786516853933,3048.906059059296,1.1055724419052615,3052.684842036405,0.43471474090222983,0 days 00:55:00
117,CLOSED,2024-03-15 09:10:00+00:00,66000.0,67000.0,2024-03-15 09:22:00+00:00,33.70786516853933,3045.50218261947,1.106808110692169,3049.3488578335555,0.44232226762001403,0 days 00:12:00
118,CLOSED,2024-03-15 11:08:00+00:00,67000.0,68000.0,2024-03-15 12:35:00+00:00,33.70786516853933,3049.783096067818,1.1052545084927499,3053.119556777307,0.43471474090222983,0 days 01:27:00
119,CLOSED,2024-03-15 19:48:00+00:00,69000.0,70000.0,2024-03-16 00:19:00+00:00,33.70786516853933,3056.37264894376,1.1028715749104843,3059.1386330598443,0.42016121152906294,0 days 04:31:00
120,CLOSED,2024-03-15 20:09:00+00:00,68000.0,69000.0,2024-03-15 22:55:00+00:00,33.70786516853933,3053.966580062309,1.1037404727543416,3056.800441409061,0.4273309649702526,0 days 02:46:00
121,CLOSED,2024-03-16 02:33:00+00:00,69000.0,70000.0,2024-03-25 15:55:00+00:00,33.70786516853933,3057.2201411202595,1.102565847815844,3074.5401598492263,0.42016121152906294,9 days 13:22:00
122,CLOSED,2024-03-16 11:25:00+00:00,68000.0,69000.0,2024-03-25 14:20:00+00:00,33.70786516853933,3054.8140722388084,1.1034342638023644,3072.201968198443,0.4273309649702526,9 days 02:55:00
123,CLOSED,2024-03-16 18:07:00+00:00,67000.0,68000.0,2024-03-17 15:47:00+00:00,33.70786516853933,3051.9127951617193,1.1044832349724187,3056.5919058829945,0.43471474090222983,0 days 21:40:00
124,CLOSED,2024-03-16 22:03:00+00:00,66000.0,67000.0,2024-03-17 10:19:00+00:00,33.70786516853933,3048.5089187218937,1.105716468845745,3053.255921680145,0.44232226762001403,0 days 12:16:00
125,CLOSED,2024-03-16 23:17:00+00:00,65000.0,66000.0,2024-03-17 00:04:00+00:00,33.70786516853933,3044.594827777471,1.1071379633508012,3048.95956695007,0.4501638720829746,0 days 00:47:00
126,CLOSED,2024-03-17 06:59:00+00:00,65000.0,66000.0,2024-03-17 08:33:00+00:00,33.70786516853933,3045.044991649554,1.1069742897387926,3049.409730822153,0.4501638720829746,0 days 01:34:00
127,CLOSED,2024-03-18 01:02:00+00:00,67000.0,68000.0,2024-03-18 02:49:00+00:00,33.70786516853933,3053.6901599144076,1.1038403833833663,3057.0266206238966,0.43471474090222983,0 days 01:47:00
128,CLOSED,2024-03-18 14:32:00+00:00,67000.0,68000.0,2024-03-18 16:19:00+00:00,33.70786516853933,3054.1248746553097,1.103683266138344,3057.4613353647987,0.43471474090222983,0 days 01:47:00
129,CLOSED,2024-03-18 16:56:00+00:00,67000.0,68000.0,2024-03-19 00:16:00+00:00,33.70786516853933,3054.559589396212,1.1035261936141272,3057.896050105701,0.43471474090222983,0 days 07:20:00
130,CLOSED,2024-03-19 00:54:00+00:00,67000.0,68000.0,2024-03-20 22:15:00+00:00,33.70786516853933,3054.994304137114,1.103369165791625,3064.3660120675827,0.43471474090222983,1 days 21:21:00
131,CLOSED,2024-03-19 01:33:00+00:00,66000.0,67000.0,2024-03-20 20:30:00+00:00,33.70786516853933,3051.590427697288,1.104599911659019,3061.0300278647333,0.44232226762001403,1 days 18:57:00
132,CLOSED,2024-03-19 03:40:00+00:00,65000.0,66000.0,2024-03-19 03:53:00+00:00,33.70786516853933,3047.6763367528656,1.106018534909558,3052.0410759254646,0.4501638720829746,0 days 00:13:00
133,CLOSED,2024-03-19 05:24:00+00:00,65000.0,66000.0,2024-03-20 19:56:00+00:00,33.70786516853933,3048.1265006249487,1.1058551920869524,3057.183837006741,0.4501638720829746,1 days 14:32:00
134,CLOSED,2024-03-19 07:10:00+00:00,64000.0,65000.0,2024-03-19 16:52:00+00:00,33.70786516853933,3043.694345722013,1.1074655119662906,3049.5184314034404,0.4582505266853829,0 days 09:42:00
135,CLOSED,2024-03-19 09:11:00+00:00,63000.0,64000.0,2024-03-19 09:17:00+00:00,33.70786516853933,3038.736032111212,1.1092725663676761,3044.161440425063,0.46659390048154137,0 days 00:06:00
136,CLOSED,2024-03-19 10:47:00+00:00,63000.0,64000.0,2024-03-19 15:43:00+00:00,33.70786516853933,3039.2026260116936,1.109102265181105,3044.628034325545,0.46659390048154137,0 days 04:56:00
137,CLOSED,2024-03-19 20:04:00+00:00,64000.0,65000.0,2024-03-20 18:53:00+00:00,33.70786516853933,3045.085784049662,1.1069594605545467,3052.819590284985,0.4582505266853829,0 days 22:49:00
138,CLOSED,2024-03-19 22:31:00+00:00,63000.0,64000.0,2024-03-20 12:19:00+00:00,33.70786516853933,3040.1274704388607,1.108764862536287,3047.4625993066074,0.46659390048154137,0 days 13:48:00
139,CLOSED,2024-03-19 23:13:00+00:00,62000.0,63000.0,2024-03-20 00:25:00+00:00,33.70786516853933,3034.634646394673,1.110771776384557,3040.603186277933,0.4752064153678788,0 days 01:12:00
140,CLOSED,2024-03-20 01:22:00+00:00,62000.0,63000.0,2024-03-20 02:29:00+00:00,33.70786516853933,3035.109852810041,1.1105978631162583,3041.0783926933013,0.4752064153678788,0 days 01:07:00
141,CLOSED,2024-03-20 03:55:00+00:00,62000.0,63000.0,2024-03-20 07:44:00+00:00,33.70786516853933,3035.585059225409,1.110424004298551,3042.037700416461,0.4752064153678788,0 days 03:49:00
142,CLOSED,2024-03-20 05:23:00+00:00,61000.0,62000.0,2024-03-20 06:30:00+00:00,33.70786516853933,3029.5491036118124,1.1126363698265525,3036.0696788607015,0.48410130779148375,0 days 01:07:00
143,CLOSED,2024-03-20 16:25:00+00:00,63000.0,64000.0,2024-03-20 17:15:00+00:00,33.70786516853933,3042.5037848932384,1.1078988738126465,3047.929193207089,0.46659390048154137,0 days 00:50:00
144,CLOSED,2024-03-21 03:44:00+00:00,67000.0,68000.0,2024-03-25 13:59:00+00:00,33.70786516853933,3061.4642660989957,1.1010373546345795,3069.3685757431886,0.43471474090222983,4 days 10:15:00
145,CLOSED,2024-03-21 15:13:00+00:00,66000.0,67000.0,2024-03-21 17:07:00+00:00,33.70786516853933,3058.06038965917,1.1022629011030147,3061.9070648732554,0.44232226762001403,0 days 01:54:00
146,CLOSED,2024-03-21 17:45:00+00:00,66000.0,67000.0,2024-03-24 22:10:00+00:00,33.70786516853933,3058.5027119267897,1.102103491263675,3066.032591540339,0.44232226762001403,3 days 04:25:00
147,CLOSED,2024-03-21 18:43:00+00:00,65000.0,66000.0,2024-03-22 03:30:00+00:00,33.70786516853933,3054.5886209823675,1.1035157054208742,3058.9533601549665,0.4501638720829746,0 days 08:47:00
148,CLOSED,2024-03-22 10:25:00+00:00,65000.0,66000.0,2024-03-24 18:34:00+00:00,33.70786516853933,3055.0387848544506,1.1033531009703776,3062.186400682347,0.4501638720829746,2 days 08:09:00
149,CLOSED,2024-03-22 12:03:00+00:00,64000.0,65000.0,2024-03-23 14:30:00+00:00,33.70786516853933,3050.606629951515,1.1049561368413818,3057.3639034339058,0.4582505266853829,1 days 02:27:00
150,CLOSED,2024-03-22 13:58:00+00:00,63000.0,64000.0,2024-03-22 15:29:00+00:00,33.70786516853933,3045.648316340714,1.1067550047616352,3051.073724654565,0.46659390048154137,0 days 01:31:00
151,CLOSED,2024-03-22 16:36:00+00:00,63000.0,64000.0,2024-03-22 19:47:00+00:00,33.70786516853933,3046.1149102411955,1.106585475656606,3051.5403185550467,0.46659390048154137,0 days 03:11:00
152,CLOSED,2024-03-22 21:16:00+00:00,63000.0,64000.0,2024-03-23 01:26:00+00:00,33.70786516853933,3046.581504141677,1.1064159984794482,3052.0069124555284,0.46659390048154137,0 days 04:10:00
153,CLOSED,2024-03-23 03:36:00+00:00,63000.0,64000.0,2024-03-23 04:18:00+00:00,33.70786516853933,3047.048098042159,1.1062465732063067,3052.47350635601,0.46659390048154137,0 days 00:42:00
154,CLOSED,2024-03-23 23:56:00+00:00,64000.0,65000.0,2024-03-24 08:12:00+00:00,33.70786516853933,3052.9312560801272,1.1041147782613103,3057.822153960591,0.4582505266853829,0 days 08:16:00
155,CLOSED,2024-03-25 21:18:00+00:00,70000.0,71000.0,2024-03-26 07:18:00+00:00,33.70786516853933,3074.9529018340127,1.096207527225368,3076.8035237198606,0.413196308186194,0 days 10:00:00
156,CLOSED,2024-03-26 14:23:00+00:00,70000.0,71000.0,2024-03-27 13:07:00+00:00,33.70786516853933,3075.366098142199,1.0960602443039853,3077.216720028047,0.413196308186194,0 days 22:44:00
157,CLOSED,2024-03-27 13:45:00+00:00,70000.0,71000.0,2024-03-28 13:27:00+00:00,33.70786516853933,3075.7792944503854,1.0959130009542062,3078.470238759292,0.413196308186194,0 days 23:42:00
158,CLOSED,2024-03-27 14:03:00+00:00,69000.0,70000.0,2024-03-27 14:23:00+00:00,33.70786516853933,3073.8612568342005,1.0965968321958481,3076.1999099853147,0.42016121152906294,0 days 00:20:00
159,CLOSED,2024-03-27 15:52:00+00:00,69000.0,70000.0,2024-03-28 06:15:00+00:00,33.70786516853933,3074.28141804573,1.0964469606028087,3076.620071196844,0.42016121152906294,0 days 14:23:00
160,CLOSED,2024-03-29 07:37:00+00:00,70000.0,71000.0,2024-03-31 18:40:00+00:00,33.70786516853933,3077.0328131816304,1.0954665489473814,3078.8834350674783,0.413196308186194,2 days 11:03:00
161,CLOSED,2024-04-01 05:46:00+00:00,70000.0,71000.0,2024-04-08 08:10:00+00:00,33.70786516853933,3077.446009489817,1.0953194650562679,3084.958664841107,0.413196308186194,7 days 02:24:00
162,CLOSED,2024-04-01 05:57:00+00:00,69000.0,70000.0,2024-04-01 13:28:00+00:00,33.70786516853933,3075.527971873632,1.0960025555548525,3077.866625024746,0.42016121152906294,0 days 07:31:00
163,CLOSED,2024-04-01 14:52:00+00:00,69000.0,70000.0,2024-04-07 16:18:00+00:00,33.70786516853933,3075.9481330851613,1.0958528463459656,3082.6883360671295,0.42016121152906294,6 days 01:26:00
164,CLOSED,2024-04-02 02:36:00+00:00,68000.0,69000.0,2024-04-04 18:00:00+00:00,33.70786516853933,3073.54206420371,1.0967107156632432,3079.045776442854,0.4273309649702526,2 days 15:24:00
165,CLOSED,2024-04-02 02:37:00+00:00,67000.0,68000.0,2024-04-04 16:22:00+00:00,33.70786516853933,3070.640787126621,1.0977469364002606,3076.2123839875994,0.43471474090222983,2 days 13:45:00
166,CLOSED,2024-04-02 02:39:00+00:00,66000.0,67000.0,2024-04-02 02:41:00+00:00,33.70786516853933,3067.2369106867955,1.0989651647414378,3071.0835859008807,0.44232226762001403,0 days 00:02:00
167,CLOSED,2024-04-02 09:03:00+00:00,66000.0,67000.0,2024-04-04 13:14:00+00:00,33.70786516853933,3067.6792329544155,1.0988067072474201,3072.87639978475,0.44232226762001403,2 days 04:11:00
168,CLOSED,2024-04-02 13:19:00+00:00,65000.0,66000.0,2024-04-02 14:30:00+00:00,33.70786516853933,3063.765142009993,1.1002104797897523,3068.129881182592,0.4501638720829746,0 days 01:11:00
169,CLOSED,2024-04-02 15:54:00+00:00,65000.0,66000.0,2024-04-02 18:49:00+00:00,33.70786516853933,3064.215305882076,1.1000488478676291,3068.580045054675,0.4501638720829746,0 days 02:55:00
170,CLOSED,2024-04-03 00:33:00+00:00,65000.0,66000.0,2024-04-03 02:01:00+00:00,33.70786516853933,3064.665469754159,1.0998872634292218,3069.030208926758,0.4501638720829746,0 days 01:28:00
171,CLOSED,2024-04-04 20:07:00+00:00,68000.0,69000.0,2024-04-06 22:52:00+00:00,33.70786516853933,3076.639246061072,1.0956066822489665,3080.350144416346,0.4273309649702526,2 days 02:45:00
172,CLOSED,2024-04-05 05:18:00+00:00,67000.0,68000.0,2024-04-05 14:42:00+00:00,33.70786516853933,3073.7379689839827,1.096640816773376,3077.516751961092,0.43471474090222983,0 days 09:24:00
173,CLOSED,2024-04-05 12:32:00+00:00,66000.0,67000.0,2024-04-05 13:31:00+00:00,33.70786516853933,3070.334092544157,1.0978565899520116,3074.1807677582424,0.44232226762001403,0 days 00:59:00
174,CLOSED,2024-04-07 19:52:00+00:00,69000.0,70000.0,2024-04-08 07:22:00+00:00,33.70786516853933,3080.7698441275447,1.0941377277108861,3083.108497278659,0.42016121152906294,0 days 11:30:00
175,CLOSED,2024-04-09 01:10:00+00:00,71000.0,72000.0,2024-10-29 15:22:00+00:00,33.70786516853933,3085.364645088886,1.0925083108796771,3216.726305234174,0.406427599303683,203 days 14:12:00
176,CLOSED,2024-04-09 08:07:00+00:00,70000.0,71000.0,2024-04-10 22:25:00+00:00,33.70786516853933,3083.927666862749,1.093017372966793,3086.6257809250965,0.413196308186194,1 days 14:18:00
177,CLOSED,2024-04-09 14:42:00+00:00,69000.0,70000.0,2024-04-10 19:52:00+00:00,33.70786516853933,3082.009629246564,1.0936975942148384,3084.7756133626485,0.42016121152906294,1 days 05:10:00
178,CLOSED,2024-04-10 12:37:00+00:00,68000.0,69000.0,2024-04-10 16:34:00+00:00,33.70786516853933,3079.603560365113,1.0945520911315927,3082.437421711865,0.4273309649702526,0 days 03:57:00
179,CLOSED,2024-04-11 11:57:00+00:00,70000.0,71000.0,2024-04-11 12:41:00+00:00,33.70786516853933,3085.188355347435,1.092570737540702,3087.038977233283,0.413196308186194,0 days 00:44:00
180,CLOSED,2024-04-11 13:40:00+00:00,70000.0,71000.0,2024-04-12 04:45:00+00:00,33.70786516853933,3085.6015516556213,1.0924244301877835,3087.452173541469,0.413196308186194,0 days 15:05:00
181,CLOSED,2024-04-12 13:40:00+00:00,70000.0,71000.0,2024-05-20 23:24:00+00:00,33.70786516853933,3086.0147479638076,1.0922781620139765,3120.7657456820975,0.413196308186194,38 days 09:44:00
182,CLOSED,2024-04-12 16:18:00+00:00,69000.0,70000.0,2024-05-20 19:59:00+00:00,33.70786516853933,3084.096710347623,1.0929574632158652,3118.4954169081198,0.42016121152906294,38 days 03:41:00
183,CLOSED,2024-04-12 17:28:00+00:00,68000.0,69000.0,2024-05-20 19:22:00+00:00,33.70786516853933,3081.6906414661717,1.0938108035562644,3116.1572252573364,0.4273309649702526,38 days 01:54:00
184,CLOSED,2024-04-12 18:32:00+00:00,67000.0,68000.0,2024-05-20 16:39:00+00:00,33.70786516853933,3078.7893643890825,1.094841549032956,3113.323832802082,0.43471474090222983,37 days 22:07:00
185,CLOSED,2024-04-12 18:35:00+00:00,66000.0,67000.0,2024-04-12 18:37:00+00:00,33.70786516853933,3075.385487949257,1.096053333821789,3079.232163163342,0.44232226762001403,0 days 00:02:00
186,CLOSED,2024-04-12 18:38:00+00:00,66000.0,67000.0,2024-04-12 19:31:00+00:00,33.70786516853933,3075.827810216877,1.0958957148567618,3079.6744854309622,0.44232226762001403,0 days 00:53:00
187,CLOSED,2024-04-13 01:51:00+00:00,66000.0,67000.0,2024-04-13 03:35:00+00:00,33.70786516853933,3076.270132484497,1.095738141218299,3080.1168076985823,0.44232226762001403,0 days 01:44:00
188,CLOSED,2024-04-13 19:49:00+00:00,66000.0,67000.0,2024-04-22 22:53:00+00:00,33.70786516853933,3076.712454752117,1.095580612886851,3094.2431456649633,0.44232226762001403,9 days 03:04:00
189,CLOSED,2024-04-13 19:54:00+00:00,65000.0,66000.0,2024-04-15 06:18:00+00:00,33.70786516853933,3072.7983638076944,1.096976149348434,3081.380493774119,0.4501638720829746,1 days 10:24:00
190,CLOSED,2024-04-13 19:56:00+00:00,64000.0,65000.0,2024-04-13 23:05:00+00:00,33.70786516853933,3068.366208904759,1.0985606956143354,3075.1582148242323,0.4582505266853829,0 days 03:09:00
191,CLOSED,2024-04-13 20:07:00+00:00,63000.0,64000.0,2024-04-13 22:41:00+00:00,33.70786516853933,3063.4078952939576,1.1003387834940863,3070.2678177463367,0.46659390048154137,0 days 02:34:00
192,CLOSED,2024-04-13 20:07:00+00:00,62000.0,63000.0,2024-04-13 20:11:00+00:00,33.70786516853933,3057.91507124977,1.1023152829016578,3064.367712440822,0.4752064153678788,0 days 00:04:00
193,CLOSED,2024-04-13 20:09:00+00:00,61000.0,62000.0,2024-04-13 20:10:00+00:00,33.70786516853933,3051.879115636173,1.1044954236830191,3058.3996908850622,0.48410130779148375,0 days 00:01:00
194,CLOSED,2024-04-13 20:13:00+00:00,62000.0,63000.0,2024-04-13 22:31:00+00:00,33.70786516853933,3058.8743789729297,1.10196958071411,3064.84291885619,0.4752064153678788,0 days 02:18:00
195,CLOSED,2024-04-13 23:56:00+00:00,64000.0,65000.0,2024-04-14 22:05:00+00:00,33.70786516853933,3070.725567470454,1.0977166284614153,3077.016247052363,0.4582505266853829,0 days 22:09:00
196,CLOSED,2024-04-14 00:25:00+00:00,63000.0,64000.0,2024-04-14 00:42:00+00:00,33.70786516853933,3065.7672538596526,1.0994919828340772,3071.192662173504,0.46659390048154137,0 days 00:17:00
197,CLOSED,2024-04-14 03:01:00+00:00,63000.0,64000.0,2024-04-14 04:22:00+00:00,33.70786516853933,3066.2338477601343,1.09932467131177,3071.6592560739855,0.46659390048154137,0 days 01:21:00
198,CLOSED,2024-04-14 17:22:00+00:00,63000.0,64000.0,2024-04-14 17:31:00+00:00,33.70786516853933,3066.700441660616,1.09915741070186,3072.125849974467,0.46659390048154137,0 days 00:09:00
199,CLOSED,2024-04-15 14:39:00+00:00,65000.0,66000.0,2024-04-22 03:50:00+00:00,33.70786516853933,3077.465918473603,1.0953123791297141,3090.3969548069713,0.4501638720829746,6 days 13:11:00
200,CLOSED,2024-04-15 15:01:00+00:00,64000.0,65000.0,2024-04-19 07:05:00+00:00,33.70786516853933,3073.0337635706674,1.0968921190560874,3085.1078636580482,0.4582505266853829,3 days 16:04:00
201,CLOSED,2024-04-15 19:00:00+00:00,63000.0,64000.0,2024-04-16 21:46:00+00:00,33.70786516853933,3068.075449959866,1.098664805292851,3074.9264775198217,0.46659390048154137,1 days 02:46:00
202,CLOSED,2024-04-16 04:44:00+00:00,62000.0,63000.0,2024-04-16 06:22:00+00:00,33.70786516853933,3062.5826259156784,1.100635290075188,3068.5511657989387,0.4752064153678788,0 days 01:38:00
203,CLOSED,2024-04-16 10:25:00+00:00,62000.0,63000.0,2024-04-16 11:52:00+00:00,33.70786516853933,3063.0578323310465,1.100464536214355,3069.026372214307,0.4752064153678788,0 days 01:27:00
204,CLOSED,2024-04-16 15:01:00+00:00,62000.0,63000.0,2024-04-16 17:18:00+00:00,33.70786516853933,3063.5330387464146,1.1002938353272158,3069.501578629675,0.4752064153678788,0 days 02:17:00
205,CLOSED,2024-04-17 10:10:00+00:00,63000.0,64000.0,2024-04-18 15:09:00+00:00,33.70786516853933,3069.967663106452,1.0979876294342095,3078.2982722598817,0.46659390048154137,1 days 04:59:00
206,CLOSED,2024-04-17 14:06:00+00:00,62000.0,63000.0,2024-04-18 11:25:00+00:00,33.70786516853933,3064.4748390622644,1.0999556837234141,3072.398166954367,0.4752064153678788,0 days 21:19:00
207,CLOSED,2024-04-17 14:34:00+00:00,61000.0,62000.0,2024-04-18 03:06:00+00:00,33.70786516853933,3058.4388834486676,1.1021264917522449,3065.9460440908156,0.48410130779148375,0 days 12:32:00
208,CLOSED,2024-04-17 15:44:00+00:00,60000.0,61000.0,2024-04-17 16:13:00+00:00,33.70786516853933,3051.8508924694415,1.1045056379299123,3058.9327036733866,0.4932926966292186,0 days 00:29:00
209,CLOSED,2024-04-17 16:46:00+00:00,60000.0,61000.0,2024-04-17 17:54:00+00:00,33.70786516853933,3052.344185166071,1.104327137560516,3059.425996370016,0.4932926966292186,0 days 01:08:00
210,CLOSED,2024-04-18 05:59:00+00:00,61000.0,62000.0,2024-04-18 11:01:00+00:00,33.70786516853933,3059.909570149718,1.1015967758449163,3066.4301453986072,0.48410130779148375,0 days 05:02:00
211,CLOSED,2024-04-18 12:30:00+00:00,62000.0,63000.0,2024-04-18 14:09:00+00:00,33.70786516853933,3066.9048334864747,1.0990841580897714,3072.873373369735,0.4752064153678788,0 days 01:39:00
212,CLOSED,2024-04-18 17:52:00+00:00,63000.0,64000.0,2024-04-19 06:47:00+00:00,33.70786516853933,3073.3394578465122,1.0967830150515951,3080.217466580152,0.46659390048154137,0 days 12:55:00
213,CLOSED,2024-04-19 01:20:00+00:00,62000.0,63000.0,2024-04-19 06:40:00+00:00,33.70786516853933,3067.8466338023245,1.0987467494997105,3074.792567690006,0.4752064153678788,0 days 05:20:00
214,CLOSED,2024-04-19 01:43:00+00:00,61000.0,62000.0,2024-04-19 03:24:00+00:00,33.70786516853933,3061.8106781887277,1.1009127836891552,3068.8245461342462,0.48410130779148375,0 days 01:41:00
215,CLOSED,2024-04-19 02:21:00+00:00,60000.0,61000.0,2024-04-19 02:55:00+00:00,33.70786516853933,3055.2226872095016,1.1032866870770237,3062.3044984134467,0.4932926966292186,0 days 00:34:00
216,CLOSED,2024-04-19 14:27:00+00:00,64000.0,65000.0,2024-04-20 17:09:00+00:00,33.70786516853933,3080.6752163042697,1.0941713358858047,3086.0327080852153,0.4582505266853829,1 days 02:42:00
217,CLOSED,2024-04-19 23:04:00+00:00,63000.0,64000.0,2024-04-19 23:45:00+00:00,33.70786516853933,3075.7169026934685,1.0959352318485704,3081.142311007319,0.46659390048154137,0 days 00:41:00
218,CLOSED,2024-04-23 08:11:00+00:00,66000.0,67000.0,2024-04-23 14:33:00+00:00,33.70786516853933,3090.8387927184976,1.0905733824730508,3094.6854679325834,0.44232226762001403,0 days 06:22:00
219,CLOSED,2024-04-23 20:23:00+00:00,66000.0,67000.0,2024-04-24 04:48:00+00:00,33.70786516853933,3091.281114986118,1.0904173355547673,3095.1277902002034,0.44232226762001403,0 days 08:25:00
220,CLOSED,2024-04-24 13:11:00+00:00,66000.0,67000.0,2024-05-17 15:19:00+00:00,33.70786516853933,3091.7234372537378,1.0902613332866786,3109.5455263316126,0.44232226762001403,23 days 02:08:00
221,CLOSED,2024-04-24 14:35:00+00:00,65000.0,66000.0,2024-05-15 19:39:00+00:00,33.70786516853933,3087.8093463093155,1.091643342838781,3105.2491716015375,0.4501638720829746,21 days 05:04:00
222,CLOSED,2024-04-24 19:01:00+00:00,64000.0,65000.0,2024-04-25 21:15:00+00:00,33.70786516853933,3083.37719140638,1.0932125094031913,3088.7346831873256,0.4582505266853829,1 days 02:14:00
223,CLOSED,2024-04-25 13:10:00+00:00,63000.0,64000.0,2024-04-25 15:50:00+00:00,33.70786516853933,3078.4188777955787,1.0949733128156085,3083.84428610943,0.46659390048154137,0 days 02:40:00
224,CLOSED,2024-04-26 01:11:00+00:00,64000.0,65000.0,2024-05-06 08:21:00+00:00,33.70786516853933,3084.302035833547,1.0928847037974871,3097.099664690445,0.4582505266853829,10 days 07:10:00
225,CLOSED,2024-04-27 00:44:00+00:00,63000.0,64000.0,2024-04-28 02:52:00+00:00,33.70786516853933,3079.343722222746,1.0946444505457211,3084.769130536597,0.46659390048154137,1 days 02:08:00
226,CLOSED,2024-04-28 22:32:00+00:00,63000.0,64000.0,2024-04-29 23:03:00+00:00,33.70786516853933,3079.8103161232275,1.094478610973996,3085.710930852447,0.46659390048154137,1 days 00:31:00
227,CLOSED,2024-04-29 06:48:00+00:00,62000.0,63000.0,2024-04-29 14:35:00+00:00,33.70786516853933,3074.3174920790398,1.0964340948970768,3080.2860319623,0.4752064153678788,0 days 07:47:00
228,CLOSED,2024-04-30 02:03:00+00:00,63000.0,64000.0,2024-05-04 10:51:00+00:00,33.70786516853933,3080.7521164390773,1.0941440237490108,3091.7426737120677,0.46659390048154137,4 days 08:48:00
229,CLOSED,2024-04-30 08:48:00+00:00,62000.0,63000.0,2024-05-03 20:46:00+00:00,33.70786516853933,3075.2592923948896,1.0960983111862734,3086.317774821921,0.4752064153678788,3 days 11:58:00
230,CLOSED,2024-04-30 11:42:00+00:00,61000.0,62000.0,2024-05-03 14:02:00+00:00,33.70786516853933,3069.223336781293,1.0982539056245058,3080.3497532661613,0.48410130779148375,3 days 02:20:00
231,CLOSED,2024-04-30 19:14:00+00:00,60000.0,61000.0,2024-04-30 22:35:00+00:00,33.70786516853933,3062.6353458020667,1.100616343853749,3069.717157006012,0.4932926966292186,0 days 03:21:00
232,CLOSED,2024-05-01 01:09:00+00:00,60000.0,61000.0,2024-05-03 13:03:00+00:00,33.70786516853933,3063.128638498696,1.1004390982763381,3073.8297055453622,0.4932926966292186,2 days 11:54:00
233,CLOSED,2024-05-01 07:08:00+00:00,59000.0,60000.0,2024-05-03 12:34:00+00:00,33.70786516853933,3055.979411564414,1.1030134902408792,3066.7484313819805,0.5027956579699122,2 days 05:26:00
234,CLOSED,2024-05-01 07:25:00+00:00,58000.0,59000.0,2024-05-01 18:51:00+00:00,33.70786516853933,3048.259436201261,1.1058069653856644,3057.5381885378433,0.5126263076327007,0 days 11:26:00
235,CLOSED,2024-05-01 08:07:00+00:00,57000.0,58000.0,2024-05-01 12:10:00+00:00,33.70786516853933,3039.9588719190842,1.1088263555111855,3048.7827951604568,0.5228018923713833,0 days 04:03:00
236,CLOSED,2024-05-01 15:09:00+00:00,57000.0,58000.0,2024-05-01 18:04:00+00:00,33.70786516853933,3040.481673811456,1.108635696076542,3049.305597052828,0.5228018923713833,0 days 02:55:00
237,CLOSED,2024-05-01 19:30:00+00:00,58000.0,59000.0,2024-05-02 12:16:00+00:00,33.70786516853933,3049.817666293636,1.1052419802362683,3059.0964186302185,0.5126263076327007,0 days 16:46:00
238,CLOSED,2024-05-01 19:57:00+00:00,57000.0,58000.0,2024-05-01 21:25:00+00:00,33.70786516853933,3041.5171020114594,1.1082582815742565,3050.341025252832,0.5228018923713833,0 days 01:28:00
239,CLOSED,2024-05-02 01:36:00+00:00,57000.0,58000.0,2024-05-02 11:02:00+00:00,33.70786516853933,3042.039903903831,1.1080678174300813,3050.8638271452032,0.5228018923713833,0 days 09:26:00
240,CLOSED,2024-05-05 01:35:00+00:00,63000.0,64000.0,2024-05-05 13:19:00+00:00,33.70786516853933,3086.783859298698,1.092006007061265,3092.2092676125494,0.46659390048154137,0 days 11:44:00
241,CLOSED,2024-05-06 10:48:00+00:00,64000.0,65000.0,2024-05-15 15:21:00+00:00,33.70786516853933,3092.6670173366665,1.0899286919536448,3100.8849248797815,0.4582505266853829,9 days 04:33:00
242,CLOSED,2024-05-06 15:02:00+00:00,63000.0,64000.0,2024-05-07 08:20:00+00:00,33.70786516853933,3087.7087037258652,1.0916789245003857,3093.1341120397165,0.46659390048154137,0 days 17:18:00
243,CLOSED,2024-05-07 18:34:00+00:00,63000.0,64000.0,2024-05-15 12:31:00+00:00,33.70786516853933,3088.175297626347,1.0915139822032798,3095.994527801886,0.46659390048154137,7 days 17:57:00
244,CLOSED,2024-05-08 13:09:00+00:00,62000.0,63000.0,2024-05-09 22:43:00+00:00,33.70786516853933,3082.682473582159,1.0934588773708467,3089.135114773211,0.4752064153678788,1 days 09:34:00
245,CLOSED,2024-05-08 23:07:00+00:00,61000.0,62000.0,2024-05-09 15:10:00+00:00,33.70786516853933,3076.6465179685624,1.09560409269232,3083.1670932174516,0.48410130779148375,0 days 16:03:00
246,CLOSED,2024-05-10 14:35:00+00:00,62000.0,63000.0,2024-05-13 08:44:00+00:00,33.70786516853933,3083.641781305319,1.093118707007227,3090.094422496371,0.4752064153678788,2 days 18:09:00
247,CLOSED,2024-05-10 14:52:00+00:00,61000.0,62000.0,2024-05-13 07:52:00+00:00,33.70786516853933,3077.605825691722,1.09526258649329,3084.1264009406113,0.48410130779148375,2 days 17:00:00
248,CLOSED,2024-05-14 06:12:00+00:00,62000.0,63000.0,2024-05-15 12:30:00+00:00,33.70786516853933,3084.601089028479,1.0927787482288644,3090.569628911739,0.4752064153678788,1 days 06:18:00
249,CLOSED,2024-05-16 17:22:00+00:00,65000.0,66000.0,2024-05-17 06:51:00+00:00,33.70786516853933,3101.3345963010215,1.086882570127805,3105.6993354736205,0.4501638720829746,0 days 13:29:00
250,CLOSED,2024-05-19 19:49:00+00:00,66000.0,67000.0,2024-05-20 04:37:00+00:00,33.70786516853933,3106.1411733851473,1.0852006810689703,3109.9878485992326,0.44232226762001403,0 days 08:48:00
251,CLOSED,2024-05-20 21:17:00+00:00,69000.0,70000.0,2024-05-20 23:13:00+00:00,33.70786516853933,3116.576924968535,1.0815669235849086,3118.915578119649,0.42016121152906294,0 days 01:56:00
252,CLOSED,2024-05-21 15:50:00+00:00,70000.0,71000.0,2024-06-04 18:22:00+00:00,33.70786516853933,3119.3283201044355,1.0806129303955663,3126.3077696598907,0.413196308186194,14 days 02:32:00
253,CLOSED,2024-05-22 21:09:00+00:00,69000.0,70000.0,2024-05-23 11:31:00+00:00,33.70786516853933,3117.4102824882507,1.0812777951586927,3119.748935639365,0.42016121152906294,0 days 14:22:00
254,CLOSED,2024-05-23 12:56:00+00:00,69000.0,70000.0,2024-05-27 15:21:00+00:00,33.70786516853933,3117.83044369978,1.0811320813372973,3121.9005720385708,0.42016121152906294,4 days 02:25:00
255,CLOSED,2024-05-23 13:50:00+00:00,68000.0,69000.0,2024-05-24 18:04:00+00:00,33.70786516853933,3115.424374818329,1.0819670488873592,3119.5623803877875,0.4273309649702526,1 days 04:14:00
256,CLOSED,2024-05-23 18:23:00+00:00,67000.0,68000.0,2024-05-23 21:02:00+00:00,33.70786516853933,3112.5230977412402,1.0829755831531385,3115.859558450729,0.43471474090222983,0 days 02:39:00
257,CLOSED,2024-05-23 21:16:00+00:00,67000.0,68000.0,2024-05-23 21:54:00+00:00,33.70786516853933,3112.957812482142,1.0828243490284275,3116.294273191631,0.43471474090222983,0 days 00:38:00
258,CLOSED,2024-05-24 06:27:00+00:00,67000.0,68000.0,2024-05-24 14:29:00+00:00,33.70786516853933,3113.3925272230445,1.0826731571365555,3116.728987932533,0.43471474090222983,0 days 08:02:00
259,CLOSED,2024-05-28 01:46:00+00:00,69000.0,70000.0,2024-06-03 13:45:00+00:00,33.70786516853933,3119.982080098986,1.0803864991259788,3124.037440885913,0.42016121152906294,6 days 11:59:00
260,CLOSED,2024-05-28 03:35:00+00:00,68000.0,69000.0,2024-05-30 17:23:00+00:00,33.70786516853933,3117.576011217535,1.0812203149900135,3120.409872564287,0.4273309649702526,2 days 13:48:00
261,CLOSED,2024-05-31 09:19:00+00:00,68000.0,69000.0,2024-05-31 12:37:00+00:00,33.70786516853933,3118.003342182505,1.0810721307612479,3120.8372035292573,0.4273309649702526,0 days 03:18:00
262,CLOSED,2024-05-31 14:00:00+00:00,68000.0,69000.0,2024-06-03 06:28:00+00:00,33.70786516853933,3118.4306731474753,1.0809239871450314,3121.6992492351296,0.4273309649702526,2 days 16:28:00
263,CLOSED,2024-05-31 16:06:00+00:00,67000.0,68000.0,2024-06-02 11:48:00+00:00,33.70786516853933,3115.5293960703866,1.0819305769046832,3118.8658567798752,0.43471474090222983,1 days 19:42:00
264,CLOSED,2024-06-03 14:46:00+00:00,69000.0,70000.0,2024-06-04 14:17:00+00:00,33.70786516853933,3122.118948946328,1.0796470512411216,3124.4576020974423,0.42016121152906294,0 days 23:31:00
265,CLOSED,2024-06-07 17:58:00+00:00,70000.0,71000.0,2024-10-29 02:14:00+00:00,33.70786516853933,3124.8703440822287,1.0786964403938908,3215.357190089899,0.413196308186194,143 days 08:16:00
266,CLOSED,2024-06-07 18:05:00+00:00,69000.0,70000.0,2024-06-10 15:36:00+00:00,33.70786516853933,3122.952306466044,1.0793589482217678,3125.290959617158,0.42016121152906294,2 days 21:31:00
267,CLOSED,2024-06-11 01:53:00+00:00,69000.0,70000.0,2024-07-29 13:05:00+00:00,33.70786516853933,3123.3724676775732,1.0792137510773179,3153.0297976937345,0.42016121152906294,48 days 11:12:00
268,CLOSED,2024-06-11 02:18:00+00:00,68000.0,69000.0,2024-06-12 12:30:00+00:00,33.70786516853933,3120.966398796122,1.0800457570303148,3124.2349748837764,0.4273309649702526,1 days 10:12:00
269,CLOSED,2024-06-11 09:51:00+00:00,67000.0,68000.0,2024-06-12 10:04:00+00:00,33.70786516853933,3118.0651217190334,1.08105071102414,3121.401582428522,0.43471474090222983,1 days 00:13:00
270,CLOSED,2024-06-12 19:45:00+00:00,68000.0,69000.0,2024-07-27 13:35:00+00:00,33.70786516853933,3121.8284445019945,1.0797475187306946,3148.967514631206,0.4273309649702526,44 days 17:50:00
271,CLOSED,2024-06-13 03:39:00+00:00,67000.0,68000.0,2024-06-13 12:30:00+00:00,33.70786516853933,3118.9271674249057,1.0807519175373919,3122.2636281343944,0.43471474090222983,0 days 08:51:00
272,CLOSED,2024-06-13 15:22:00+00:00,67000.0,68000.0,2024-07-21 20:22:00+00:00,33.70786516853933,3119.3618821658074,1.0806013037876703,3142.594596751617,0.43471474090222983,38 days 05:00:00
273,CLOSED,2024-06-14 16:08:00+00:00,66000.0,67000.0,2024-06-17 18:17:00+00:00,33.70786516853933,3115.958005725982,1.0817817540094155,3119.804680940067,0.44232226762001403,3 days 02:09:00
274,CLOSED,2024-06-18 00:45:00+00:00,66000.0,67000.0,2024-07-19 19:05:00+00:00,33.70786516853933,3116.400327993602,1.0816282127091514,3138.8162902811473,0.44232226762001403,31 days 18:20:00
275,CLOSED,2024-06-18 01:43:00+00:00,65000.0,66000.0,2024-06-20 10:56:00+00:00,33.70786516853933,3112.486237049179,1.0829884086651054,3116.850976221778,0.4501638720829746,2 days 09:13:00
276,CLOSED,2024-06-20 14:04:00+00:00,65000.0,66000.0,2024-07-17 01:17:00+00:00,33.70786516853933,3112.9364009212622,1.082831796967121,3133.6034344977015,0.4501638720829746,26 days 11:13:00
277,CLOSED,2024-06-21 08:49:00+00:00,64000.0,65000.0,2024-07-16 16:03:00+00:00,33.70786516853933,3108.5042460183267,1.0843757158033684,3129.2391877759455,0.4582505266853829,25 days 07:14:00
278,CLOSED,2024-06-24 00:05:00+00:00,63000.0,64000.0,2024-07-15 22:11:00+00:00,33.70786516853933,3103.5459324075255,1.0861081454138812,3123.882196797568,0.46659390048154137,21 days 22:06:00
279,CLOSED,2024-06-24 09:30:00+00:00,62000.0,63000.0,2024-06-30 23:01:00+00:00,33.70786516853933,3098.0531083633377,1.0880338067008402,3106.4700405245726,0.4752064153678788,6 days 13:31:00
280,CLOSED,2024-06-24 09:33:00+00:00,61000.0,62000.0,2024-06-25 14:29:00+00:00,33.70786516853933,3092.017152749741,1.0901577676748273,3099.5338163532297,0.48410130779148375,1 days 04:56:00
281,CLOSED,2024-06-24 16:56:00+00:00,60000.0,61000.0,2024-06-25 03:06:00+00:00,33.70786516853933,3085.429161770515,1.0924854664041845,3093.0137686324306,0.4932926966292186,0 days 10:10:00
282,CLOSED,2024-06-24 20:29:00+00:00,59000.0,60000.0,2024-06-24 21:32:00+00:00,33.70786516853933,3078.2799348362328,1.095022736141527,3085.932494469049,0.5027956579699122,0 days 01:03:00
283,CLOSED,2024-06-26 17:05:00+00:00,61000.0,62000.0,2024-06-27 14:00:00+00:00,33.70786516853933,3093.497342412132,1.0896361443858835,3100.0179176610213,0.48410130779148375,0 days 20:55:00
284,CLOSED,2024-06-28 14:36:00+00:00,61000.0,62000.0,2024-06-30 18:55:00+00:00,33.70786516853933,3093.981443719924,1.0894656539378604,3100.502018968813,0.48410130779148375,2 days 04:19:00
285,CLOSED,2024-07-02 14:39:00+00:00,62000.0,63000.0,2024-07-15 07:43:00+00:00,33.70786516853933,3100.9767070566804,1.0870080091808703,3118.4572979074214,0.4752064153678788,12 days 17:04:00
286,CLOSED,2024-07-03 03:12:00+00:00,61000.0,62000.0,2024-07-15 02:28:00+00:00,33.70786516853933,3094.9407514430836,1.0891279632032471,3112.489276351662,0.48410130779148375,11 days 23:16:00
287,CLOSED,2024-07-03 10:33:00+00:00,60000.0,61000.0,2024-07-14 21:48:00+00:00,33.70786516853933,3088.3527604638575,1.0914512616582228,3105.9692286308627,0.4932926966292186,11 days 11:15:00
288,CLOSED,2024-07-04 01:54:00+00:00,59000.0,60000.0,2024-07-14 04:22:00+00:00,33.70786516853933,3081.2035335295755,1.093983724273039,3098.887954467481,0.5027956579699122,10 days 02:28:00
289,CLOSED,2024-07-04 02:00:00+00:00,58000.0,59000.0,2024-07-04 02:35:00+00:00,33.70786516853933,3073.4835581664224,1.096731592364488,3081.7167067182622,0.5126263076327007,0 days 00:35:00
290,CLOSED,2024-07-04 08:30:00+00:00,58000.0,59000.0,2024-07-10 04:07:00+00:00,33.70786516853933,3073.996184474055,1.0965486990123434,3089.6878872080824,0.5126263076327007,5 days 19:37:00
291,CLOSED,2024-07-04 09:22:00+00:00,57000.0,58000.0,2024-07-04 11:07:00+00:00,33.70786516853933,3065.695620191879,1.09951767378751,3074.519543433251,0.5228018923713833,0 days 01:45:00
292,CLOSED,2024-07-04 13:20:00+00:00,57000.0,58000.0,2024-07-04 15:50:00+00:00,33.70786516853933,3066.21842208425,1.0993302018460427,3075.0423453256226,0.5228018923713833,0 days 02:30:00
293,CLOSED,2024-07-04 23:41:00+00:00,57000.0,58000.0,2024-07-06 16:43:00+00:00,33.70786516853933,3066.7412239766213,1.0991427938230336,3077.7316820129745,0.5228018923713833,1 days 17:02:00
294,CLOSED,2024-07-05 02:58:00+00:00,56000.0,57000.0,2024-07-05 17:32:00+00:00,33.70786516853933,3057.849885004912,1.1023387816987356,3068.3749854971234,0.5333408908507238,0 days 14:34:00
295,CLOSED,2024-07-05 03:11:00+00:00,55000.0,56000.0,2024-07-05 15:04:00+00:00,33.70786516853933,3048.3572217956425,1.1057714931678388,3058.9503165677315,0.544263125638409,0 days 11:53:00
296,CLOSED,2024-07-05 04:19:00+00:00,54000.0,55000.0,2024-07-05 10:12:00+00:00,33.70786516853933,3038.252301180857,1.1094491775893107,3048.9134015709233,0.5555898876404441,0 days 05:53:00
297,CLOSED,2024-07-05 18:15:00+00:00,56000.0,57000.0,2024-07-06 13:49:00+00:00,33.70786516853933,3059.4830789090415,1.1017503381832388,3068.9083263879743,0.5333408908507238,0 days 19:34:00
298,CLOSED,2024-07-07 13:18:00+00:00,57000.0,58000.0,2024-07-08 09:02:00+00:00,33.70786516853933,3069.430560663973,1.0981797601326975,3079.3320879218354,0.5228018923713833,0 days 19:44:00
299,CLOSED,2024-07-07 23:46:00+00:00,56000.0,57000.0,2024-07-08 08:39:00+00:00,33.70786516853933,3060.5392216922637,1.1013701418896125,3070.508732296835,0.5333408908507238,0 days 08:53:00
300,CLOSED,2024-07-08 01:01:00+00:00,55000.0,56000.0,2024-07-08 08:05:00+00:00,33.70786516853933,3051.0465584829944,1.1047968138938908,3061.0840633674425,0.544263125638409,0 days 07:04:00
301,CLOSED,2024-07-08 10:54:00+00:00,57000.0,58000.0,2024-07-09 14:15:00+00:00,33.70786516853933,3071.030966572834,1.097607465878345,3080.9324938306963,0.5228018923713833,1 days 03:21:00
302,CLOSED,2024-07-08 14:28:00+00:00,56000.0,57000.0,2024-07-09 01:12:00+00:00,33.70786516853933,3062.1396276011246,1.1007945184702768,3072.109138205696,0.5333408908507238,0 days 10:44:00
303,CLOSED,2024-07-08 14:34:00+00:00,55000.0,56000.0,2024-07-08 14:41:00+00:00,33.70786516853933,3052.6469643918554,1.1042176039919038,3062.6844692763034,0.544263125638409,0 days 00:07:00
304,CLOSED,2024-07-09 15:00:00+00:00,57000.0,58000.0,2024-07-09 18:38:00+00:00,33.70786516853933,3072.631372481695,1.09703576779255,3081.455295723067,0.5228018923713833,0 days 03:38:00
305,CLOSED,2024-07-10 12:33:00+00:00,58000.0,59000.0,2024-07-11 12:30:00+00:00,33.70786516853933,3081.9673649638753,1.0937125925385789,3090.200513515715,0.5126263076327007,0 days 23:57:00
306,CLOSED,2024-07-11 14:17:00+00:00,58000.0,59000.0,2024-07-13 22:41:00+00:00,33.70786516853933,3082.479991271508,1.0935307046270557,3091.235941715719,0.5126263076327007,2 days 08:24:00
307,CLOSED,2024-07-12 01:15:00+00:00,57000.0,58000.0,2024-07-12 13:57:00+00:00,33.70786516853933,3074.1794269893317,1.0964833370689364,3083.003350230704,0.5228018923713833,0 days 12:42:00
308,CLOSED,2024-07-16 06:54:00+00:00,63000.0,64000.0,2024-07-16 12:26:00+00:00,33.70786516853933,3118.923382384199,1.0807532291085655,3124.34879069805,0.46659390048154137,0 days 05:32:00
309,CLOSED,2024-07-17 08:18:00+00:00,65000.0,66000.0,2024-07-19 16:01:00+00:00,33.70786516853933,3129.688859197186,1.0770356634488554,3134.9700994231553,0.4501638720829746,2 days 07:43:00
310,CLOSED,2024-07-17 16:41:00+00:00,64000.0,65000.0,2024-07-18 02:02:00+00:00,33.70786516853933,3125.25670429425,1.078563086424969,3130.147602174714,0.4582505266853829,0 days 09:21:00
311,CLOSED,2024-07-18 14:42:00+00:00,64000.0,65000.0,2024-07-19 13:55:00+00:00,33.70786516853933,3125.7149548209354,1.0784049619287939,3130.6058527013993,0.4582505266853829,0 days 23:13:00
312,CLOSED,2024-07-21 18:10:00+00:00,66000.0,67000.0,2024-07-21 18:29:00+00:00,33.70786516853933,3135.411937334682,1.0750697465671244,3139.258612548768,0.44232226762001403,0 days 00:19:00
313,CLOSED,2024-07-22 09:00:00+00:00,67000.0,68000.0,2024-07-22 19:45:00+00:00,33.70786516853933,3139.6928507830303,1.0736039087432607,3143.029311492519,0.43471474090222983,0 days 10:45:00
314,CLOSED,2024-07-23 04:42:00+00:00,67000.0,68000.0,2024-07-26 14:03:00+00:00,33.70786516853933,3140.1275655239324,1.0734552805632642,3145.6994074350496,0.43471474090222983,3 days 09:21:00
315,CLOSED,2024-07-23 13:54:00+00:00,66000.0,67000.0,2024-07-23 14:32:00+00:00,33.70786516853933,3136.7236890841064,1.074620161343625,3140.5703642981916,0.44232226762001403,0 days 00:38:00
316,CLOSED,2024-07-23 16:53:00+00:00,66000.0,67000.0,2024-07-24 14:31:00+00:00,33.70786516853933,3137.1660113517264,1.0744686461146329,3141.012686565812,0.44232226762001403,0 days 21:38:00
317,CLOSED,2024-07-24 16:09:00+00:00,66000.0,67000.0,2024-07-26 02:42:00+00:00,33.70786516853933,3137.6083336193465,1.0743171736051602,3142.3634232322,0.44232226762001403,1 days 10:33:00
318,CLOSED,2024-07-25 01:07:00+00:00,65000.0,66000.0,2024-07-25 21:53:00+00:00,33.70786516853933,3133.694242674924,1.0756590323811,3138.517232374208,0.4501638720829746,0 days 20:46:00
319,CLOSED,2024-07-25 02:46:00+00:00,64000.0,65000.0,2024-07-25 15:18:00+00:00,33.70786516853933,3129.2620877719883,1.0771825504887347,3134.152985652452,0.4582505266853829,0 days 12:32:00
320,CLOSED,2024-07-26 14:33:00+00:00,67000.0,68000.0,2024-07-26 19:46:00+00:00,33.70786516853933,3142.797661466463,1.0725432814790525,3146.1341221759517,0.43471474090222983,0 days 05:13:00
321,CLOSED,2024-07-27 19:41:00+00:00,68000.0,69000.0,2024-07-27 21:22:00+00:00,33.70786516853933,3146.560984249424,1.0712605074959307,3150.2642750779805,0.4273309649702526,0 days 01:41:00
322,CLOSED,2024-07-27 20:22:00+00:00,67000.0,68000.0,2024-07-27 20:45:00+00:00,33.70786516853933,3143.6597071723354,1.0722491716146638,3146.9961678818245,0.43471474090222983,0 days 00:23:00
323,CLOSED,2024-07-27 20:49:00+00:00,67000.0,68000.0,2024-07-27 20:53:00+00:00,33.70786516853933,3144.0944219132375,1.0721009182678265,3147.430882622726,0.43471474090222983,0 days 00:04:00
324,CLOSED,2024-07-27 23:55:00+00:00,68000.0,69000.0,2024-07-29 02:17:00+00:00,33.70786516853933,3147.8577446961986,1.0708192015771187,3150.6916060429508,0.4273309649702526,1 days 02:22:00
325,CLOSED,2024-07-29 14:02:00+00:00,69000.0,70000.0,2024-10-28 22:07:00+00:00,33.70786516853933,3151.1113057541493,1.0697135676225216,3213.507022527451,0.42016121152906294,91 days 08:05:00
326,CLOSED,2024-07-29 15:07:00+00:00,68000.0,69000.0,2024-10-18 18:46:00+00:00,33.70786516853933,3148.705236872698,1.0705309844124395,3208.987425894653,0.4273309649702526,81 days 03:39:00
327,CLOSED,2024-07-29 16:31:00+00:00,67000.0,68000.0,2024-10-16 11:26:00+00:00,33.70786516853933,3145.8039597956094,1.0715183018184455,3205.7193186984964,0.43471474090222983,78 days 18:55:00
328,CLOSED,2024-07-30 00:21:00+00:00,66000.0,67000.0,2024-07-30 07:47:00+00:00,33.70786516853933,3142.4000833557834,1.0726789802189207,3146.246758569869,0.44232226762001403,0 days 07:26:00
329,CLOSED,2024-07-30 14:04:00+00:00,66000.0,67000.0,2024-10-15 13:51:00+00:00,33.70786516853933,3142.8424056234035,1.0725280118477067,3201.490848355944,0.44232226762001403,76 days 23:47:00
330,CLOSED,2024-07-31 19:53:00+00:00,65000.0,66000.0,2024-09-27 14:10:00+00:00,33.70786516853933,3138.928314678981,1.073865402115328,3190.466969587977,0.4501638720829746,57 days 18:17:00
331,CLOSED,2024-08-01 02:03:00+00:00,64000.0,65000.0,2024-08-01 21:43:00+00:00,33.70786516853933,3134.4961597760453,1.0753838400283031,3139.8536515569913,0.4582505266853829,0 days 19:40:00
332,CLOSED,2024-08-01 15:21:00+00:00,63000.0,64000.0,2024-08-01 20:36:00+00:00,33.70786516853933,3129.5378461652444,1.0770876348353802,3134.963254479095,0.46659390048154137,0 days 05:15:00
333,CLOSED,2024-08-02 02:26:00+00:00,64000.0,65000.0,2024-08-02 13:31:00+00:00,33.70786516853933,3135.4210042032123,1.0750666377290958,3140.3119020836766,0.4582505266853829,0 days 11:05:00
334,CLOSED,2024-08-02 14:42:00+00:00,64000.0,65000.0,2024-08-25 23:28:00+00:00,33.70786516853933,3135.8792547298976,1.074909536701619,3169.419649239984,0.4582505266853829,23 days 08:46:00
335,CLOSED,2024-08-02 15:06:00+00:00,63000.0,64000.0,2024-08-23 21:20:00+00:00,33.70786516853933,3130.920941119097,1.0766118277164483,3164.5292521620886,0.46659390048154137,21 days 06:14:00
336,CLOSED,2024-08-02 21:14:00+00:00,62000.0,63000.0,2024-08-23 17:57:00+00:00,33.70786516853933,3125.428117074909,1.0785039330895425,3159.104353271942,0.4752064153678788,20 days 20:43:00
337,CLOSED,2024-08-03 00:55:00+00:00,61000.0,62000.0,2024-08-03 11:45:00+00:00,33.70786516853933,3119.392161461312,1.0805908146139769,3125.912736710201,0.48410130779148375,0 days 10:50:00
338,CLOSED,2024-08-03 15:56:00+00:00,61000.0,62000.0,2024-08-08 22:54:00+00:00,33.70786516853933,3119.8762627691035,1.0804231427634021,3143.6084612004365,0.48410130779148375,5 days 06:58:00
339,CLOSED,2024-08-03 19:28:00+00:00,60000.0,61000.0,2024-08-04 02:29:00+00:00,33.70786516853933,3113.2882717898774,1.0827094128729735,3120.370082993823,0.4932926966292186,0 days 07:01:00
340,CLOSED,2024-08-04 14:37:00+00:00,60000.0,61000.0,2024-08-08 21:58:00+00:00,33.70786516853933,3113.781564486507,1.0825378874673275,3137.0884134796374,0.4932926966292186,4 days 07:21:00
341,CLOSED,2024-08-04 15:58:00+00:00,59000.0,60000.0,2024-08-08 21:42:00+00:00,33.70786516853933,3106.6323375522247,1.0850291088870336,3130.0071393162557,0.5027956579699122,4 days 05:44:00
342,CLOSED,2024-08-04 17:40:00+00:00,58000.0,59000.0,2024-08-04 19:17:00+00:00,33.70786516853933,3098.9123621890717,1.0877321211087134,3107.1455107409115,0.5126263076327007,0 days 01:37:00
343,CLOSED,2024-08-05 00:08:00+00:00,58000.0,59000.0,2024-08-08 15:01:00+00:00,33.70786516853933,3099.424988496705,1.0875522167383844,3122.3551265644937,0.5126263076327007,3 days 14:53:00
344,CLOSED,2024-08-05 00:37:00+00:00,57000.0,58000.0,2024-08-08 12:32:00+00:00,33.70786516853933,3091.124424214528,1.0904726094002082,3113.5997331871076,0.5228018923713833,3 days 11:55:00
345,CLOSED,2024-08-05 00:57:00+00:00,56000.0,57000.0,2024-08-06 18:16:00+00:00,33.70786516853933,3082.2330852428186,1.0936183032336706,3103.1654326547673,0.5333408908507238,1 days 17:19:00
346,CLOSED,2024-08-05 01:08:00+00:00,55000.0,56000.0,2024-08-06 00:59:00+00:00,33.70786516853933,3072.7404220335493,1.0969968347092385,3093.196500599737,0.544263125638409,0 days 23:51:00
347,CLOSED,2024-08-05 01:10:00+00:00,54000.0,55000.0,2024-08-05 01:36:00+00:00,33.70786516853933,3062.635501418764,1.1006162879299277,3074.4312899580773,0.5555898876404441,0 days 00:26:00
348,CLOSED,2024-08-05 01:10:00+00:00,53000.0,54000.0,2024-08-05 01:11:00+00:00,33.70786516853933,3051.9069852983603,1.1044853375583457,3063.203447146981,0.5673440746237048,0 days 00:01:00
349,CLOSED,2024-08-05 01:13:00+00:00,53000.0,54000.0,2024-08-05 01:15:00+00:00,33.70786516853933,3052.474329372984,1.1042800538625117,3063.7707912216047,0.5673440746237048,0 days 00:02:00
350,CLOSED,2024-08-05 02:04:00+00:00,54000.0,55000.0,2024-08-05 16:13:00+00:00,33.70786516853933,3064.3257794556516,1.100009189444838,3080.9254718653838,0.5555898876404441,0 days 14:09:00
351,CLOSED,2024-08-05 05:04:00+00:00,53000.0,54000.0,2024-08-05 14:40:00+00:00,33.70786516853933,3053.597263335248,1.103873964431131,3070.264973128911,0.5673440746237048,0 days 09:36:00
352,CLOSED,2024-08-05 06:06:00+00:00,52000.0,53000.0,2024-08-05 07:41:00+00:00,33.70786516853933,3042.2333857562908,1.1079973458433283,3055.994248937517,0.5795503457216995,0 days 01:35:00
353,CLOSED,2024-08-05 06:19:00+00:00,51000.0,52000.0,2024-08-05 07:09:00+00:00,33.70786516853933,3030.2219282291912,1.1123893221985104,3044.050833710484,0.5922352941176499,0 days 00:50:00
354,CLOSED,2024-08-05 06:24:00+00:00,50000.0,51000.0,2024-08-05 06:32:00+00:00,33.70786516853933,3017.5501931079084,1.1170606290337166,3031.447154094819,0.6054276404494345,0 days 00:08:00
355,CLOSED,2024-08-05 06:24:00+00:00,49000.0,50000.0,2024-08-05 06:25:00+00:00,33.70786516853933,3004.204974840558,1.1220228130515064,3018.1700050776403,0.6191584498968083,0 days 00:01:00
356,CLOSED,2024-08-05 09:47:00+00:00,52000.0,53000.0,2024-08-05 14:00:00+00:00,33.70786516853933,3044.6297574864766,1.1071252616399303,3058.9691251523736,0.5795503457216995,0 days 04:13:00
357,CLOSED,2024-08-05 10:36:00+00:00,51000.0,52000.0,2024-08-05 13:37:00+00:00,33.70786516853933,3032.618299959377,1.111510313348398,3046.4334746312225,0.5922352941176499,0 days 03:01:00
358,CLOSED,2024-08-05 12:32:00+00:00,50000.0,51000.0,2024-08-05 12:41:00+00:00,33.70786516853933,3019.946564838094,1.1161742251007836,3033.2243673751077,0.6054276404494345,0 days 00:09:00
359,CLOSED,2024-08-05 12:53:00+00:00,50000.0,51000.0,2024-08-05 13:33:00+00:00,33.70786516853933,3020.551992478544,1.1159505034998587,3033.8297950155575,0.6054276404494345,0 days 00:40:00
360,CLOSED,2024-08-05 13:42:00+00:00,51000.0,52000.0,2024-08-05 13:46:00+00:00,33.70786516853933,3034.421390534394,1.1108498402261464,3047.0257099253404,0.5922352941176499,0 days 00:04:00
361,CLOSED,2024-08-05 17:06:00+00:00,54000.0,55000.0,2024-08-05 17:52:00+00:00,33.70786516853933,3070.819961362958,1.0976828857650895,3081.4810617530247,0.5555898876404441,0 days 00:46:00
362,CLOSED,2024-08-05 18:22:00+00:00,54000.0,55000.0,2024-08-05 21:16:00+00:00,33.70786516853933,3071.3755512505986,1.097484322775644,3082.603995715289,0.5555898876404441,0 days 02:54:00
363,CLOSED,2024-08-05 18:59:00+00:00,53000.0,54000.0,2024-08-05 20:06:00+00:00,33.70786516853933,3060.647035130195,1.101331345354086,3071.943496978816,0.5673440746237048,0 days 01:07:00
364,CLOSED,2024-08-05 23:49:00+00:00,54000.0,55000.0,2024-08-06 00:14:00+00:00,33.70786516853933,3072.4984852128628,1.0970832151998293,3083.159585602929,0.5555898876404441,0 days 00:25:00
365,CLOSED,2024-08-06 08:34:00+00:00,55000.0,56000.0,2024-08-06 14:07:00+00:00,33.70786516853933,3083.7032588409265,1.0930969142993714,3093.7407637253755,0.544263125638409,0 days 05:33:00
366,CLOSED,2024-08-06 22:27:00+00:00,56000.0,57000.0,2024-08-07 01:55:00+00:00,33.70786516853933,3094.2735260666855,1.0893628143917644,3103.698773545618,0.5333408908507238,0 days 03:28:00
367,CLOSED,2024-08-07 14:33:00+00:00,56000.0,57000.0,2024-08-08 01:44:00+00:00,33.70786516853933,3094.8068669575364,1.0891750799841375,3104.7763775621074,0.5333408908507238,0 days 11:11:00
368,CLOSED,2024-08-07 18:29:00+00:00,55000.0,56000.0,2024-08-08 01:43:00+00:00,33.70786516853933,3085.3142037482667,1.0925261721347062,3095.3517086327156,0.544263125638409,0 days 07:14:00
369,CLOSED,2024-08-08 13:48:00+00:00,57000.0,58000.0,2024-08-08 14:27:00+00:00,33.70786516853933,3105.2986118381064,1.0854951288754409,3114.122535079479,0.5228018923713833,0 days 00:39:00
370,CLOSED,2024-08-09 01:00:00+00:00,61000.0,62000.0,2024-08-23 14:13:00+00:00,33.70786516853933,3137.571987259339,1.074329618743921,3152.6522304083906,0.48410130779148375,14 days 13:13:00
371,CLOSED,2024-08-09 13:35:00+00:00,60000.0,61000.0,2024-08-09 14:03:00+00:00,33.70786516853933,3130.9839962801134,1.0765901457365243,3138.0658074840585,0.4932926966292186,0 days 00:28:00
372,CLOSED,2024-08-09 14:32:00+00:00,60000.0,61000.0,2024-08-10 00:16:00+00:00,33.70786516853933,3131.477288976743,1.0764205535577709,3138.559100180688,0.4932926966292186,0 days 09:44:00
373,CLOSED,2024-08-11 15:09:00+00:00,60000.0,61000.0,2024-08-13 16:49:00+00:00,33.70786516853933,3131.970581673372,1.0762510148013473,3141.083236808523,0.4932926966292186,2 days 01:40:00
374,CLOSED,2024-08-11 20:08:00+00:00,59000.0,60000.0,2024-08-12 14:36:00+00:00,33.70786516853933,3124.8213547390897,1.078713351642267,3133.499166987171,0.5027956579699122,0 days 18:28:00
375,CLOSED,2024-08-12 07:16:00+00:00,58000.0,59000.0,2024-08-12 08:07:00+00:00,33.70786516853933,3117.101379375937,1.081384949221249,3125.3345279277764,0.5126263076327007,0 days 00:51:00
376,CLOSED,2024-08-12 13:58:00+00:00,58000.0,59000.0,2024-08-12 14:13:00+00:00,33.70786516853933,3117.6140056835698,1.0812071381219153,3125.847154235409,0.5126263076327007,0 days 00:15:00
377,CLOSED,2024-08-12 18:36:00+00:00,59000.0,60000.0,2024-08-13 16:21:00+00:00,33.70786516853933,3126.3494030123256,1.0781861149640168,3134.0019626451412,0.5027956579699122,0 days 21:45:00
378,CLOSED,2024-08-14 13:49:00+00:00,60000.0,61000.0,2024-08-20 04:16:00+00:00,33.70786516853933,3134.4947183012073,1.0753843345701306,3144.6428016363625,0.4932926966292186,5 days 14:27:00
379,CLOSED,2024-08-14 14:11:00+00:00,59000.0,60000.0,2024-08-18 02:58:00+00:00,33.70786516853933,3127.3454913669248,1.0778427027519122,3136.546105507378,0.5027956579699122,3 days 12:47:00
380,CLOSED,2024-08-15 06:22:00+00:00,58000.0,59000.0,2024-08-15 12:36:00+00:00,33.70786516853933,3119.625516003772,1.0805099841508852,3127.858664555612,0.5126263076327007,0 days 06:14:00
381,CLOSED,2024-08-15 18:12:00+00:00,58000.0,59000.0,2024-08-16 17:33:00+00:00,33.70786516853933,3120.138142311405,1.080332460650876,3128.894092755616,0.5126263076327007,0 days 23:21:00
382,CLOSED,2024-08-15 19:28:00+00:00,57000.0,58000.0,2024-08-16 02:31:00+00:00,33.70786516853933,3111.837578029228,1.0832141563727438,3120.6615012706006,0.5228018923713833,0 days 07:03:00
383,CLOSED,2024-08-18 23:21:00+00:00,59000.0,60000.0,2024-08-20 00:26:00+00:00,33.70786516853933,3129.396341532532,1.0771363384425723,3137.5615274729807,0.5027956579699122,1 days 01:05:00
384,CLOSED,2024-08-19 09:55:00+00:00,58000.0,59000.0,2024-08-19 17:32:00+00:00,33.70786516853933,3121.676366169379,1.0798001206608863,3129.909514721219,0.5126263076327007,0 days 07:37:00
385,CLOSED,2024-08-20 14:20:00+00:00,60000.0,61000.0,2024-08-21 19:07:00+00:00,33.70786516853933,3138.0542831290463,1.0741645021808937,3145.638889990962,0.4932926966292186,1 days 04:47:00
386,CLOSED,2024-08-20 15:04:00+00:00,59000.0,60000.0,2024-08-21 13:59:00+00:00,33.70786516853933,3130.9050561947643,1.0766172900019892,3138.5576158275803,0.5027956579699122,0 days 22:55:00
387,CLOSED,2024-08-22 02:51:00+00:00,60000.0,61000.0,2024-08-22 07:56:00+00:00,33.70786516853933,3139.050371483646,1.073823646627486,3146.1321826875915,0.4932926966292186,0 days 05:05:00
388,CLOSED,2024-08-23 14:48:00+00:00,61000.0,62000.0,2024-08-23 17:40:00+00:00,33.70786516853933,3146.615756467293,1.0712418603783758,3153.136331716182,0.48410130779148375,0 days 02:52:00
389,CLOSED,2024-08-26 00:51:00+00:00,64000.0,65000.0,2024-09-26 14:20:00+00:00,33.70786516853933,3164.9870018862057,1.0650238104753917,3186.102722866221,0.4582505266853829,31 days 13:29:00
390,CLOSED,2024-08-26 21:22:00+00:00,63000.0,64000.0,2024-09-20 04:08:00+00:00,33.70786516853933,3160.028688275405,1.0666949098786662,3179.3459501863986,0.46659390048154137,24 days 06:46:00
391,CLOSED,2024-08-27 14:07:00+00:00,62000.0,63000.0,2024-09-19 12:06:00+00:00,33.70786516853933,3154.5358642312167,1.0685522884918661,3173.921051296252,0.4752064153678788,22 days 21:59:00
392,CLOSED,2024-08-27 21:37:00+00:00,61000.0,62000.0,2024-09-19 00:02:00+00:00,33.70786516853933,3148.49990861762,1.0706007986939756,3167.953029740492,0.48410130779148375,22 days 02:25:00
393,CLOSED,2024-08-27 21:48:00+00:00,60000.0,61000.0,2024-08-29 15:11:00+00:00,33.70786516853933,3141.911917638394,1.072845644695085,3150.5119464659124,0.4932926966292186,1 days 17:23:00
394,CLOSED,2024-08-27 22:13:00+00:00,59000.0,60000.0,2024-08-28 09:56:00+00:00,33.70786516853933,3134.7626907041117,1.0752924062959313,3142.415250336928,0.5027956579699122,0 days 11:43:00
395,CLOSED,2024-08-28 14:49:00+00:00,59000.0,60000.0,2024-08-29 11:24:00+00:00,33.70786516853933,3135.265486362082,1.0751199640082574,3143.4306723025306,0.5027956579699122,0 days 20:35:00
396,CLOSED,2024-08-28 16:22:00+00:00,58000.0,59000.0,2024-08-28 16:51:00+00:00,33.70786516853933,3127.545510998929,1.077773770197612,3135.7786595507687,0.5126263076327007,0 days 00:29:00
397,CLOSED,2024-08-29 18:10:00+00:00,60000.0,61000.0,2024-09-17 15:13:00+00:00,33.70786516853933,3143.923427958596,1.072159228458895,3159.9531039298045,0.4932926966292186,18 days 21:03:00
398,CLOSED,2024-08-29 18:51:00+00:00,59000.0,60000.0,2024-09-13 21:10:00+00:00,33.70786516853933,3136.774201024314,1.0746028565757784,3151.85640780082,0.5027956579699122,15 days 02:19:00
399,CLOSED,2024-08-30 15:30:00+00:00,58000.0,59000.0,2024-08-30 18:29:00+00:00,33.70786516853933,3129.0542256611616,1.0772541073946054,3137.287374213001,0.5126263076327007,0 days 02:59:00
400,CLOSED,2024-09-01 05:25:00+00:00,58000.0,59000.0,2024-09-02 20:52:00+00:00,33.70786516853933,3129.5668519687943,1.077077652050599,3137.8000005206336,0.5126263076327007,1 days 15:27:00
401,CLOSED,2024-09-03 14:13:00+00:00,58000.0,59000.0,2024-09-13 15:28:00+00:00,33.70786516853933,3130.079478276427,1.0769012545042629,3144.204395049058,0.5126263076327007,10 days 01:15:00
402,CLOSED,2024-09-04 01:00:00+00:00,57000.0,58000.0,2024-09-04 15:45:00+00:00,33.70786516853933,3121.77891399425,1.0797646501305511,3131.1361781264736,0.5228018923713833,0 days 14:45:00
403,CLOSED,2024-09-04 01:04:00+00:00,56000.0,57000.0,2024-09-04 14:43:00+00:00,33.70786516853933,3112.8875750225407,1.0828487812732923,3122.3128225014734,0.5333408908507238,0 days 13:39:00
404,CLOSED,2024-09-05 03:36:00+00:00,57000.0,58000.0,2024-09-09 21:15:00+00:00,33.70786516853933,3122.8350567774723,1.07939947373728,3134.3928588884496,0.5228018923713833,4 days 17:39:00
405,CLOSED,2024-09-05 15:28:00+00:00,56000.0,57000.0,2024-09-06 13:22:00+00:00,33.70786516853933,3113.943717805763,1.082481516149288,3123.3689652846956,0.5333408908507238,0 days 21:54:00
406,CLOSED,2024-09-06 13:41:00+00:00,56000.0,57000.0,2024-09-09 19:42:00+00:00,33.70786516853933,3114.4770586966138,1.0822961458141493,3125.5695032634494,0.5333408908507238,3 days 06:01:00
407,CLOSED,2024-09-06 14:16:00+00:00,55000.0,56000.0,2024-09-09 16:13:00+00:00,33.70786516853933,3104.9843954873445,1.085604978161209,3116.144834334057,0.544263125638409,3 days 01:57:00
408,CLOSED,2024-09-06 15:19:00+00:00,54000.0,55000.0,2024-09-08 22:20:00+00:00,33.70786516853933,3094.879474872559,1.089149527217933,3106.107919337249,0.5555898876404441,2 days 07:01:00
409,CLOSED,2024-09-06 20:50:00+00:00,53000.0,54000.0,2024-09-07 00:02:00+00:00,33.70786516853933,3084.1509587521555,1.0929382387358073,3095.4474206007762,0.5673440746237048,0 days 03:12:00
410,CLOSED,2024-09-09 23:54:00+00:00,57000.0,58000.0,2024-09-10 19:49:00+00:00,33.70786516853933,3126.0917375394483,1.0782749835444958,3134.915660780821,0.5228018923713833,0 days 19:55:00
411,CLOSED,2024-09-11 01:32:00+00:00,57000.0,58000.0,2024-09-12 01:59:00+00:00,33.70786516853933,3126.6145394318196,1.07809468495163,3135.971803564043,0.5228018923713833,1 days 00:27:00
412,CLOSED,2024-09-11 13:50:00+00:00,56000.0,57000.0,2024-09-11 15:46:00+00:00,33.70786516853933,3117.72320046011,1.0811692700482443,3127.148447939043,0.5333408908507238,0 days 01:56:00
413,CLOSED,2024-09-15 23:09:00+00:00,59000.0,60000.0,2024-09-17 14:21:00+00:00,33.70786516853933,3144.706643825974,1.0718921981075162,3152.8718297664227,0.5027956579699122,1 days 15:12:00
414,CLOSED,2024-09-16 14:29:00+00:00,58000.0,59000.0,2024-09-17 09:53:00+00:00,33.70786516853933,3136.9866684628214,1.0745300739533195,3145.219817014661,0.5126263076327007,0 days 19:24:00
415,CLOSED,2024-09-17 19:46:00+00:00,60000.0,61000.0,2024-09-18 18:01:00+00:00,33.70786516853933,3153.3645854224887,1.0689491892046203,3160.446396626434,0.4932926966292186,0 days 22:15:00
416,CLOSED,2024-09-18 18:08:00+00:00,60000.0,61000.0,2024-09-18 18:33:00+00:00,33.70786516853933,3153.857878119118,1.0687819956123659,3160.9396893230632,0.4932926966292186,0 days 00:25:00
417,CLOSED,2024-09-18 19:21:00+00:00,60000.0,61000.0,2024-09-18 23:21:00+00:00,33.70786516853933,3154.3511708157475,1.068614854313197,3161.4329820196926,0.4932926966292186,0 days 04:00:00
418,CLOSED,2024-09-20 13:11:00+00:00,63000.0,64000.0,2024-09-22 22:58:00+00:00,33.70786516853933,3174.387135773029,1.0618700154330976,3179.8125440868803,0.46659390048154137,2 days 09:47:00
419,CLOSED,2024-09-23 00:15:00+00:00,63000.0,64000.0,2024-09-23 03:08:00+00:00,33.70786516853933,3174.8537296735108,1.0617139571971939,3180.279137987362,0.46659390048154137,0 days 02:53:00
420,CLOSED,2024-09-24 00:40:00+00:00,63000.0,64000.0,2024-09-24 17:56:00+00:00,33.70786516853933,3175.3203235739925,1.0615579448248966,3180.7457318878437,0.46659390048154137,0 days 17:16:00
421,CLOSED,2024-09-25 17:36:00+00:00,63000.0,64000.0,2024-09-26 10:18:00+00:00,33.70786516853933,3175.786917474474,1.0614019782959905,3181.2123257883254,0.46659390048154137,0 days 16:42:00
422,CLOSED,2024-09-30 01:47:00+00:00,65000.0,66000.0,2024-10-14 14:29:00+00:00,33.70786516853933,3186.552394287461,1.057816128458063,3197.644657497952,0.4501638720829746,14 days 12:42:00
423,CLOSED,2024-09-30 08:47:00+00:00,64000.0,65000.0,2024-10-14 11:30:00+00:00,33.70786516853933,3182.1202393845256,1.0592894872840815,3193.280410776196,0.4582505266853829,14 days 02:43:00
424,CLOSED,2024-09-30 23:41:00+00:00,63000.0,64000.0,2024-10-01 06:26:00+00:00,33.70786516853933,3177.1619257737243,1.060942626030323,3182.5873340875755,0.46659390048154137,0 days 06:45:00
425,CLOSED,2024-10-01 13:37:00+00:00,63000.0,64000.0,2024-10-07 14:17:00+00:00,33.70786516853933,3177.628519674206,1.0607868402438465,3185.968023720059,0.46659390048154137,6 days 00:40:00
426,CLOSED,2024-10-01 15:06:00+00:00,62000.0,63000.0,2024-10-07 00:38:00+00:00,33.70786516853933,3172.1356956300183,1.0626236833113978,3180.5431248299124,0.4752064153678788,5 days 09:32:00
427,CLOSED,2024-10-01 20:19:00+00:00,61000.0,62000.0,2024-10-02 16:03:00+00:00,33.70786516853933,3166.0997400164215,1.0646495036939203,3172.6203152653106,0.48410130779148375,0 days 19:44:00
428,CLOSED,2024-10-02 18:16:00+00:00,61000.0,62000.0,2024-10-04 13:00:00+00:00,33.70786516853933,3166.583841324213,1.0644867421051216,3174.091001966361,0.48410130779148375,1 days 18:44:00
429,CLOSED,2024-10-02 19:46:00+00:00,60000.0,61000.0,2024-10-03 00:37:00+00:00,33.70786516853933,3159.995850344987,1.0667059947201936,3167.077661548932,0.4932926966292186,0 days 04:51:00
430,CLOSED,2024-10-03 13:17:00+00:00,60000.0,61000.0,2024-10-03 19:54:00+00:00,33.70786516853933,3160.4891430416164,1.066539502049967,3167.5709542455616,0.4932926966292186,0 days 06:37:00
431,CLOSED,2024-10-04 14:26:00+00:00,61000.0,62000.0,2024-10-04 16:29:00+00:00,33.70786516853933,3168.0545280252636,1.0639925818937963,3174.5751032741528,0.48410130779148375,0 days 02:03:00
432,CLOSED,2024-10-07 18:47:00+00:00,63000.0,64000.0,2024-10-14 03:42:00+00:00,33.70786516853933,3181.0092093066896,1.0596594649874043,3188.3900136983,0.46659390048154137,6 days 08:55:00
433,CLOSED,2024-10-08 15:34:00+00:00,62000.0,63000.0,2024-10-11 19:05:00+00:00,33.70786516853933,3175.516385262502,1.0614924024633206,3182.9651148081534,0.4752064153678788,3 days 03:31:00
434,CLOSED,2024-10-09 19:12:00+00:00,61000.0,62000.0,2024-10-11 15:09:00+00:00,33.70786516853933,3169.480429648905,1.0635139076177629,3176.997093252394,0.48410130779148375,1 days 19:57:00
435,CLOSED,2024-10-10 17:10:00+00:00,60000.0,61000.0,2024-10-11 09:51:00+00:00,33.70786516853933,3162.892438669679,1.0657291015156034,3170.4770455315943,0.4932926966292186,0 days 16:41:00
436,CLOSED,2024-10-10 18:09:00+00:00,59000.0,60000.0,2024-10-10 20:15:00+00:00,33.70786516853933,3155.743211735397,1.0681434738792577,3163.395771368213,0.5027956579699122,0 days 02:06:00
437,CLOSED,2024-10-15 14:39:00+00:00,66000.0,67000.0,2024-10-15 16:39:00+00:00,33.70786516853933,3198.0864954094786,1.054001047717861,3202.383334495647,0.44232226762001403,0 days 02:00:00
438,CLOSED,2024-10-15 15:06:00+00:00,65000.0,66000.0,2024-10-15 15:31:00+00:00,33.70786516853933,3194.172404465056,1.0552926047892695,3198.537143637655,0.4501638720829746,0 days 00:25:00
439,CLOSED,2024-10-17 10:32:00+00:00,67000.0,68000.0,2024-10-18 01:56:00+00:00,33.70786516853933,3202.8175727299094,1.0524441184393951,3206.1540334393985,0.43471474090222983,0 days 15:24:00
440,CLOSED,2024-10-21 13:17:00+00:00,68000.0,69000.0,2024-10-28 12:34:00+00:00,33.70786516853933,3206.580895512871,1.0512089439473813,3211.1688308766675,0.4273309649702526,6 days 23:17:00
441,CLOSED,2024-10-21 15:02:00+00:00,67000.0,68000.0,2024-10-24 19:27:00+00:00,33.70786516853933,3203.679618435782,1.0521609269093337,3207.458401412891,0.43471474090222983,3 days 04:25:00
442,CLOSED,2024-10-23 15:40:00+00:00,66000.0,67000.0,2024-10-24 00:47:00+00:00,33.70786516853933,3200.275741995956,1.0532800260366415,3204.1224172100415,0.44232226762001403,0 days 09:07:00
443,CLOSED,2024-10-25 17:56:00+00:00,67000.0,68000.0,2024-10-27 17:33:00+00:00,33.70786516853933,3204.556655444304,1.0518729669288938,3208.335438421413,0.43471474090222983,1 days 23:37:00
444,CLOSED,2024-10-25 23:13:00+00:00,66000.0,67000.0,2024-10-26 02:46:00+00:00,33.70786516853933,3201.1527790044784,1.0529914532546016,3204.9994542185636,0.44232226762001403,0 days 03:33:00
445,CLOSED,2024-10-29 20:24:00+00:00,72000.0,73000.0,2024-11-06 02:53:00+00:00,33.70786516853933,3217.125711568246,1.047763382305251,3221.8036706794715,0.39984691011236606,7 days 06:29:00
446,CLOSED,2024-10-31 14:03:00+00:00,71000.0,72000.0,2024-11-06 02:17:00+00:00,33.70786516853933,3216.1630172477903,1.0480770093981306,3220.9088326653937,0.406427599303683,5 days 12:14:00
447,CLOSED,2024-10-31 20:48:00+00:00,70000.0,71000.0,2024-11-01 13:55:00+00:00,33.70786516853933,3214.7260390216534,1.0485454984150917,3216.996822119031,0.413196308186194,0 days 17:07:00
448,CLOSED,2024-11-01 02:09:00+00:00,69000.0,70000.0,2024-11-01 10:29:00+00:00,33.70786516853933,3212.8080014054685,1.0491714772184815,3215.146654556583,0.42016121152906294,0 days 08:20:00
449,CLOSED,2024-11-01 15:40:00+00:00,70000.0,71000.0,2024-11-06 00:42:00+00:00,33.70786516853933,3215.559396541369,1.048273753076844,3219.5397175211187,0.413196308186194,4 days 09:02:00
450,CLOSED,2024-11-01 19:02:00+00:00,69000.0,70000.0,2024-11-05 14:44:00+00:00,33.70786516853933,3213.6413589251842,1.0488994073630253,3217.2693887471414,0.42016121152906294,3 days 19:42:00
451,CLOSED,2024-11-03 02:42:00+00:00,68000.0,69000.0,2024-11-03 21:01:00+00:00,33.70786516853933,3211.235290043733,1.049685311850203,3214.0691513904853,0.4273309649702526,0 days 18:19:00
452,CLOSED,2024-11-04 16:42:00+00:00,68000.0,69000.0,2024-11-05 08:05:00+00:00,33.70786516853933,3211.6626210087034,1.0495456449268175,3214.9311970963577,0.4273309649702526,0 days 15:23:00
453,CLOSED,2024-11-04 21:37:00+00:00,67000.0,68000.0,2024-11-04 22:56:00+00:00,33.70786516853933,3208.7613439316146,1.0504946163193905,3212.0978046411033,0.43471474090222983,0 days 01:19:00
454,CLOSED,2024-11-05 19:57:00+00:00,69000.0,70000.0,2024-11-06 00:23:00+00:00,33.70786516853933,3215.350896807556,1.0483417284877694,3217.689549958671,0.42016121152906294,0 days 04:26:00
455,CLOSED,2024-11-06 03:10:00+00:00,74000.0,75000.0,2024-11-06 06:05:00+00:00,33.70786516853933,3222.1966832044823,1.0461144518036303,3222.618031519089,0.38721910112359126,0 days 02:55:00
456,CLOSED,2024-11-06 06:28:00+00:00,75000.0,76000.0,2024-11-06 20:54:00+00:00,33.70786516853933,3222.583902305606,1.045988752827287,3223.779848819382,0.38115775280898845,0 days 14:26:00
457,CLOSED,2024-11-06 07:38:00+00:00,74000.0,75000.0,2024-11-06 18:31:00+00:00,33.70786516853933,3222.1012056763925,1.0461454503401695,3223.3649892688204,0.38721910112359126,0 days 10:53:00
458,CLOSED,2024-11-06 07:42:00+00:00,73000.0,74000.0,2024-11-06 09:38:00+00:00,33.70786516853933,3221.163452867404,1.046450006705912,3222.4950797721294,0.3934465137755865,0 days 01:56:00
459,CLOSED,2024-11-06 21:00:00+00:00,76000.0,77000.0,2024-11-08 19:15:00+00:00,33.70786516853933,3223.7457256733146,1.0456117832152867,3224.5362565781047,0.37525591366055266,1 days 22:15:00
460,CLOSED,2024-11-07 04:02:00+00:00,75000.0,76000.0,2024-11-07 15:59:00+00:00,33.70786516853933,3223.2689367909966,1.045766451064366,3224.127298707023,0.38115775280898845,0 days 11:57:00
461,CLOSED,2024-11-08 19:43:00+00:00,77000.0,78000.0,2024-11-10 04:45:00+00:00,33.70786516853933,3224.502139339784,1.0453665003751869,3225.281014106502,0.36950736903546044,1 days 09:02:00
462,CLOSED,2024-11-09 17:07:00+00:00,76000.0,77000.0,2024-11-10 00:57:00+00:00,33.70786516853933,3224.03110475639,1.045519229600805,3224.877804626597,0.37525591366055266,0 days 07:50:00
463,CLOSED,2024-11-10 04:46:00+00:00,78000.0,79000.0,2024-11-10 04:54:00+00:00,33.70786516853933,3225.2469026224803,1.0451251078213928,3225.6449147227395,0.3639062229904937,0 days 00:08:00
464,CLOSED,2024-11-10 05:00:00+00:00,79000.0,80000.0,2024-11-10 11:56:00+00:00,33.70786516853933,3225.6108088454707,1.0450071991358512,3226.003356136041,0.35844687811122355,0 days 06:56:00
465,CLOSED,2024-11-10 12:02:00+00:00,80000.0,81000.0,2024-11-10 18:27:00+00:00,33.70786516853933,3225.969255723582,1.0448910853299092,3226.356474824706,0.3531240168539327,0 days 06:25:00
466,CLOSED,2024-11-10 19:44:00+00:00,80000.0,81000.0,2024-11-10 22:21:00+00:00,33.70786516853933,3226.322379740436,1.0447767210185361,3227.0680457196713,0.3531240168539327,0 days 02:37:00
467,CLOSED,2024-11-10 20:55:00+00:00,79000.0,80000.0,2024-11-10 21:54:00+00:00,33.70786516853933,3225.8677449089755,1.0449239657061782,3226.6812191658382,0.35844687811122355,0 days 00:59:00
468,CLOSED,2024-11-10 22:24:00+00:00,81000.0,82000.0,2024-11-11 10:07:00+00:00,33.70786516853933,3227.0339506354017,1.044546344543486,3227.769097124166,0.3479325842696639,0 days 11:43:00
469,CLOSED,2024-11-10 23:40:00+00:00,80000.0,81000.0,2024-11-11 01:38:00+00:00,33.70786516853933,3226.5845124331545,1.0446918417494158,3227.387461871357,0.3531240168539327,0 days 01:58:00
470,CLOSED,2024-11-11 10:10:00+00:00,82000.0,83000.0,2024-11-11 15:15:00+00:00,33.70786516853933,3227.7350072365257,1.0443194714859454,3228.1119598262762,0.3428677719923243,0 days 05:05:00
471,CLOSED,2024-11-11 15:39:00+00:00,84000.0,85000.0,2024-11-11 18:39:00+00:00,33.70786516853933,3228.0778750085183,1.0442085499083686,3228.44504996839,0.33309991974317654,0 days 03:00:00
472,CLOSED,2024-11-11 18:42:00+00:00,85000.0,86000.0,2024-11-11 19:06:00+00:00,33.70786516853933,3228.4109749282616,1.0441008109039882,3228.7734336196036,0.3283883674818213,0 days 00:24:00
473,CLOSED,2024-11-11 19:08:00+00:00,86000.0,87000.0,2024-11-11 20:11:00+00:00,33.70786516853933,3228.7393632957437,1.043994617581394,3229.0972153992193,0.32378638620329525,0 days 01:03:00
474,CLOSED,2024-11-11 20:12:00+00:00,87000.0,88000.0,2024-11-11 21:24:00+00:00,33.70786516853933,3229.063149681947,1.043889933582112,3229.4165010961274,0.31929019759783017,0 days 01:12:00
475,CLOSED,2024-11-11 21:31:00+00:00,88000.0,89000.0,2024-11-11 23:12:00+00:00,33.70786516853933,3229.382439879545,1.0437867238107796,3230.050683090422,0.3148961950970417,0 days 01:41:00
476,CLOSED,2024-11-11 22:17:00+00:00,87000.0,88000.0,2024-11-11 22:59:00+00:00,33.70786516853933,3228.9660711359293,1.0439213180298648,3229.702083428557,0.31929019759783017,0 days 00:42:00
477,CLOSED,2024-11-11 23:25:00+00:00,89000.0,90000.0,2024-11-13 14:31:00+00:00,33.70786516853933,3230.01662627224,1.0435817851328384,3234.188674652075,0.3106009342254765,1 days 15:06:00
478,CLOSED,2024-11-12 00:12:00+00:00,88000.0,89000.0,2024-11-12 00:59:00+00:00,33.70786516853933,3229.604557089056,1.0437149370052068,3230.6511616179487,0.3148961950970417,0 days 00:47:00
479,CLOSED,2024-11-12 00:19:00+00:00,87000.0,88000.0,2024-11-12 00:29:00+00:00,33.70786516853933,3228.809827027425,1.0439718340293882,3229.924200638068,0.31929019759783017,0 days 00:10:00
480,CLOSED,2024-11-12 02:23:00+00:00,88000.0,89000.0,2024-11-12 06:41:00+00:00,33.70786516853933,3230.238743481751,1.043510026512991,3231.2853480106437,0.3148961950970417,0 days 04:18:00
481,CLOSED,2024-11-12 02:53:00+00:00,87000.0,88000.0,2024-11-12 03:09:00+00:00,33.70786516853933,3229.44401342012,1.0437668226624945,3230.5583870307632,0.31929019759783017,0 days 00:16:00
482,CLOSED,2024-11-12 09:46:00+00:00,88000.0,89000.0,2024-11-12 19:08:00+00:00,33.70786516853933,3230.872929874446,1.0433051964643263,3233.2101837595465,0.3148961950970417,0 days 09:22:00
483,CLOSED,2024-11-12 10:07:00+00:00,87000.0,88000.0,2024-11-12 10:13:00+00:00,33.70786516853933,3230.078199812815,1.0435618917985552,3231.1925734234583,0.31929019759783017,0 days 00:06:00
484,CLOSED,2024-11-12 10:35:00+00:00,87000.0,88000.0,2024-11-12 18:24:00+00:00,33.70786516853933,3230.397490010413,1.0434587468810432,3232.483222779666,0.31929019759783017,0 days 07:49:00
485,CLOSED,2024-11-12 10:47:00+00:00,86000.0,87000.0,2024-11-12 10:57:00+00:00,33.70786516853933,3229.215700669433,1.0438406193042946,3230.72163424872,0.32378638620329525,0 days 00:10:00
486,CLOSED,2024-11-12 13:02:00+00:00,86000.0,87000.0,2024-11-12 14:53:00+00:00,33.70786516853933,3229.539487055636,1.0437359661847863,3231.045420634923,0.32378638620329525,0 days 01:51:00
487,CLOSED,2024-11-12 16:11:00+00:00,86000.0,87000.0,2024-11-12 16:41:00+00:00,33.70786516853933,3229.8632734418393,1.0436313340477479,3231.3692070211264,0.32378638620329525,0 days 00:30:00
488,CLOSED,2024-11-12 22:05:00+00:00,88000.0,89000.0,2024-11-13 13:43:00+00:00,33.70786516853933,3232.797765623349,1.0426840035271978,3233.8443701522415,0.3148961950970417,0 days 15:38:00
489,CLOSED,2024-11-13 04:31:00+00:00,87000.0,88000.0,2024-11-13 11:18:00+00:00,33.70786516853933,3232.0030355617178,1.042940393237624,3233.117409172361,0.31929019759783017,0 days 06:47:00
490,CLOSED,2024-11-13 14:36:00+00:00,90000.0,91000.0,2024-11-13 14:50:00+00:00,33.70786516853933,3234.1546221334534,1.0422465561125054,3234.495071571656,0.3064011235954993,0 days 00:14:00
491,CLOSED,2024-11-13 15:03:00+00:00,91000.0,92000.0,2024-11-13 15:44:00+00:00,33.70786516853933,3234.461023257049,1.042147823892961,3234.797361076533,0.3022936164958665,0 days 00:41:00
492,CLOSED,2024-11-13 16:15:00+00:00,93000.0,94000.0,2024-11-20 13:15:00+00:00,33.70786516853933,3234.763316873545,1.0420504335729441,3242.4681851000405,0.2943436027546227,6 days 21:00:00
493,CLOSED,2024-11-13 16:37:00+00:00,92000.0,93000.0,2024-11-13 18:49:00+00:00,33.70786516853933,3234.367521295437,1.0421779512254863,3235.061924592158,0.2982754030288248,0 days 02:12:00
494,CLOSED,2024-11-13 19:05:00+00:00,92000.0,93000.0,2024-11-19 17:34:00+00:00,33.70786516853933,3234.6657966984662,1.0420818497831834,3241.8418621648243,0.2982754030288248,5 days 22:29:00
495,CLOSED,2024-11-13 19:13:00+00:00,91000.0,92000.0,2024-11-18 06:59:00+00:00,33.70786516853933,3233.9039776714085,1.0423273356684781,3239.3217109856478,0.3022936164958665,4 days 11:46:00
496,CLOSED,2024-11-13 19:36:00+00:00,90000.0,91000.0,2024-11-13 20:34:00+00:00,33.70786516853933,3232.7721129596985,1.0426922774237488,3234.2107192444428,0.3064011235954993,0 days 00:58:00
497,CLOSED,2024-11-13 20:55:00+00:00,90000.0,91000.0,2024-11-14 08:03:00+00:00,33.70786516853933,3233.078514083294,1.0425934607436171,3235.142617497361,0.3064011235954993,0 days 11:08:00
498,CLOSED,2024-11-13 21:04:00+00:00,89000.0,90000.0,2024-11-13 23:18:00+00:00,33.70786516853933,3231.5724920682133,1.0430793445381206,3233.70435586607,0.3106009342254765,0 days 02:14:00
499,CLOSED,2024-11-13 21:21:00+00:00,88000.0,89000.0,2024-11-13 21:30:00+00:00,33.70786516853933,3229.688108735117,1.043687936224305,3231.8877372163242,0.3148961950970417,0 days 00:09:00
500,CLOSED,2024-11-14 14:41:00+00:00,90000.0,91000.0,2024-11-15 20:18:00+00:00,33.70786516853933,3234.0104123362125,1.0422930315857935,3237.3341992722962,0.3064011235954993,1 days 05:37:00
501,CLOSED,2024-11-14 14:47:00+00:00,89000.0,90000.0,2024-11-15 12:10:00+00:00,33.70786516853933,3232.5043903211317,1.0427786353351445,3235.270440511683,0.3106009342254765,0 days 21:23:00
502,CLOSED,2024-11-14 15:59:00+00:00,88000.0,89000.0,2024-11-14 16:54:00+00:00,33.70786516853933,3230.620006988035,1.043386876067971,3232.819635469242,0.3148961950970417,0 days 00:55:00
503,CLOSED,2024-11-14 20:11:00+00:00,88000.0,89000.0,2024-11-15 09:23:00+00:00,33.70786516853933,3230.934903183132,1.0432851845863618,3233.4538218619373,0.3148961950970417,0 days 13:12:00
504,CLOSED,2024-11-14 23:13:00+00:00,87000.0,88000.0,2024-11-15 00:08:00+00:00,33.70786516853933,3228.6678589715884,1.0440177386123617,3231.2545467321443,0.31929019759783017,0 days 00:55:00
505,CLOSED,2024-11-15 14:34:00+00:00,89000.0,90000.0,2024-11-15 19:38:00+00:00,33.70786516853933,3233.764073843149,1.0423724303572772,3235.8959376410053,0.3106009342254765,0 days 05:04:00
506,CLOSED,2024-11-15 15:22:00+00:00,88000.0,89000.0,2024-11-15 16:11:00+00:00,33.70786516853933,3231.8796905100526,1.042980197174963,3234.0793189912592,0.3148961950970417,0 days 00:49:00
507,CLOSED,2024-11-17 02:03:00+00:00,90000.0,91000.0,2024-11-17 08:53:00+00:00,33.70786516853933,3236.2019941111475,1.041587182440307,3237.640600395892,0.3064011235954993,0 days 06:50:00
508,CLOSED,2024-11-17 14:30:00+00:00,90000.0,91000.0,2024-11-18 06:21:00+00:00,33.70786516853933,3236.508395234743,1.0414885751005292,3238.257602453713,0.3064011235954993,0 days 15:51:00
509,CLOSED,2024-11-17 22:02:00+00:00,89000.0,90000.0,2024-11-18 00:30:00+00:00,33.70786516853933,3235.0023732196623,1.0419734293731382,3236.819340822422,0.3106009342254765,0 days 02:28:00
510,CLOSED,2024-11-18 11:25:00+00:00,91000.0,92000.0,2024-11-18 15:42:00+00:00,33.70786516853933,3238.5595556207704,1.0408289423004966,3240.236806849335,0.3022936164958665,0 days 04:17:00
511,CLOSED,2024-11-18 13:04:00+00:00,90000.0,91000.0,2024-11-18 14:37:00+00:00,33.70786516853933,3237.4276909090604,1.041192835385746,3238.8662971938047,0.3064011235954993,0 days 01:33:00
512,CLOSED,2024-11-18 14:55:00+00:00,90000.0,91000.0,2024-11-18 15:34:00+00:00,33.70786516853933,3237.734092032656,1.0410943026941863,3239.1726983174003,0.3064011235954993,0 days 00:39:00
513,CLOSED,2024-11-18 17:47:00+00:00,91000.0,92000.0,2024-11-19 07:06:00+00:00,33.70786516853933,3239.474651484458,1.0405349260286085,3240.845501589427,0.3022936164958665,0 days 13:19:00
514,CLOSED,2024-11-18 19:11:00+00:00,90000.0,91000.0,2024-11-18 20:19:00+00:00,33.70786516853933,3238.342786772748,1.0408986135199032,3239.781393057492,0.3064011235954993,0 days 01:08:00
515,CLOSED,2024-11-19 14:05:00+00:00,91000.0,92000.0,2024-11-19 14:45:00+00:00,33.70786516853933,3240.0833462245496,1.0403394470644352,3241.147795205923,0.3022936164958665,0 days 00:40:00
516,CLOSED,2024-11-19 21:19:00+00:00,92000.0,93000.0,2024-11-20 08:15:00+00:00,33.70786516853933,3241.4457342711326,1.0399021896974263,3242.1401375678533,0.2982754030288248,0 days 10:56:00
517,CLOSED,2024-11-20 13:22:00+00:00,94000.0,95000.0,2024-11-21 03:25:00+00:00,33.70786516853933,3242.4341488550244,1.0395851888138523,3242.758676705849,0.29049545780539887,0 days 14:03:00
518,CLOSED,2024-11-21 05:52:00+00:00,97000.0,98000.0,2024-11-21 11:02:00+00:00,33.70786516853933,3242.72464431283,1.0394920588665155,3243.038092708521,0.2794270821267162,0 days 05:10:00
519,CLOSED,2024-11-21 11:28:00+00:00,98000.0,99000.0,2024-11-22 03:15:00+00:00,33.70786516853933,3243.004071394957,1.0394024930730388,3243.876444138916,0.27588821371244876,0 days 15:47:00
520,CLOSED,2024-11-21 14:34:00+00:00,97000.0,98000.0,2024-11-21 17:59:00+00:00,33.70786516853933,3242.626749679754,1.0395234410457004,3243.566851602446,0.2794270821267162,0 days 03:25:00
521,CLOSED,2024-11-21 15:38:00+00:00,96000.0,97000.0,2024-11-21 16:21:00+00:00,33.70786516853933,3241.902271703692,1.0397557465797724,3242.9101064213273,0.28303967696629684,0 days 00:43:00
522,CLOSED,2024-11-22 03:23:00+00:00,99000.0,100000.0,2024-12-05 02:36:00+00:00,33.70786516853933,3243.842426367763,1.0391338646582513,3253.585552520034,0.2724208375893724,12 days 23:13:00
523,CLOSED,2024-11-22 13:19:00+00:00,98000.0,99000.0,2024-11-22 16:56:00+00:00,33.70786516853933,3243.4685754995303,1.039253638008438,3244.1186244874607,0.27588821371244876,0 days 03:37:00
524,CLOSED,2024-11-23 16:17:00+00:00,98000.0,99000.0,2024-12-04 20:51:00+00:00,33.70786516853933,3243.744463713243,1.0391652470044634,3252.727650860698,0.27588821371244876,11 days 04:34:00
525,CLOSED,2024-11-24 12:31:00+00:00,97000.0,98000.0,2024-11-24 22:59:00+00:00,33.70786516853933,3243.0269989949757,1.0393951446899918,3244.3072439207317,0.2794270821267162,0 days 10:28:00
526,CLOSED,2024-11-24 15:55:00+00:00,96000.0,97000.0,2024-11-24 22:00:00+00:00,33.70786516853933,3241.962378015849,1.0397364694025004,3243.310355736549,0.28303967696629684,0 days 06:05:00
527,CLOSED,2024-11-25 01:24:00+00:00,97000.0,98000.0,2024-11-25 04:12:00+00:00,33.70786516853933,3243.589465754069,1.0392149044886274,3244.5866710028586,0.2794270821267162,0 days 02:48:00
528,CLOSED,2024-11-25 14:34:00+00:00,97000.0,98000.0,2024-11-29 14:59:00+00:00,33.70786516853933,3243.8688928361958,1.039125386447653,3248.945805036034,0.2794270821267162,4 days 00:25:00
529,CLOSED,2024-11-25 14:51:00+00:00,96000.0,97000.0,2024-11-27 20:15:00+00:00,33.70786516853933,3242.804271857069,1.0394665339834315,3247.0924205220167,0.28303967696629684,2 days 05:24:00
530,CLOSED,2024-11-25 15:10:00+00:00,95000.0,96000.0,2024-11-25 15:29:00+00:00,33.70786516853933,3241.3888784060323,1.0399204301927303,3243.091320940452,0.28672832643405854,0 days 00:19:00
531,CLOSED,2024-11-25 17:21:00+00:00,95000.0,96000.0,2024-11-27 16:32:00+00:00,33.70786516853933,3241.6756067324663,1.0398284485509046,3245.7447635582657,0.28672832643405854,1 days 23:11:00
532,CLOSED,2024-11-25 21:44:00+00:00,94000.0,95000.0,2024-11-27 15:34:00+00:00,33.70786516853933,3239.90574846771,1.0403964740172218,3244.0426455516968,0.29049545780539887,1 days 17:50:00
533,CLOSED,2024-11-25 22:38:00+00:00,93000.0,94000.0,2024-11-25 22:48:00+00:00,33.70786516853933,3237.7776544869603,1.0410802953632863,3240.200420450313,0.2943436027546227,0 days 00:10:00
534,CLOSED,2024-11-25 23:42:00+00:00,93000.0,94000.0,2024-11-26 00:27:00+00:00,33.70786516853933,3238.071998089715,1.040985660245514,3240.4947640530672,0.2943436027546227,0 days 00:45:00
535,CLOSED,2024-11-26 08:16:00+00:00,93000.0,94000.0,2024-11-26 16:25:00+00:00,33.70786516853933,3238.36634169247,1.0408910423310094,3241.0873830588516,0.2943436027546227,0 days 08:09:00
536,CLOSED,2024-11-26 11:24:00+00:00,92000.0,93000.0,2024-11-26 14:41:00+00:00,33.70786516853933,3235.8761599987806,1.041692064277022,3238.664949411083,0.2982754030288248,0 days 03:17:00
537,CLOSED,2024-11-26 18:12:00+00:00,93000.0,94000.0,2024-11-27 13:55:00+00:00,33.70786516853933,3238.958960698254,1.0407005947760632,3241.9822956811313,0.2943436027546227,0 days 19:43:00
538,CLOSED,2024-11-26 18:34:00+00:00,92000.0,93000.0,2024-11-27 02:26:00+00:00,33.70786516853933,3236.4687790045646,1.041501323516762,3239.559862033363,0.2982754030288248,0 days 07:52:00
539,CLOSED,2024-11-26 20:36:00+00:00,91000.0,92000.0,2024-11-26 22:04:00+00:00,33.70786516853933,3233.6125738619257,1.0424212671922473,3236.7714089588803,0.3022936164958665,0 days 01:28:00
540,CLOSED,2024-11-27 23:10:00+00:00,96000.0,97000.0,2024-11-29 11:30:00+00:00,33.70786516853933,3246.027482478283,1.0384343740307456,3247.948916851851,0.28303967696629684,1 days 12:20:00
541,CLOSED,2024-11-28 03:31:00+00:00,95000.0,96000.0,2024-11-28 14:08:00+00:00,33.70786516853933,3244.6120890272464,1.0388873690797702,3246.314531561666,0.28672832643405854,0 days 10:37:00
542,CLOSED,2024-11-28 15:48:00+00:00,95000.0,96000.0,2024-11-28 23:30:00+00:00,33.70786516853933,3244.8988173536804,1.0387955700889675,3246.6012598881002,0.28672832643405854,0 days 07:42:00
543,CLOSED,2024-11-29 17:29:00+00:00,97000.0,98000.0,2024-12-02 01:26:00+00:00,33.70786516853933,3248.228026869371,1.0377308763334214,3249.5082717951273,0.2794270821267162,2 days 07:57:00
544,CLOSED,2024-12-01 02:31:00+00:00,96000.0,97000.0,2024-12-01 08:26:00+00:00,33.70786516853933,3247.1634058902446,1.0380711086911858,3248.5113836109444,0.28303967696629684,0 days 05:55:00
545,CLOSED,2024-12-02 03:43:00+00:00,97000.0,98000.0,2024-12-04 20:13:00+00:00,33.70786516853933,3248.7904936284644,1.0375512128174245,3252.077915321163,0.2794270821267162,2 days 16:30:00
546,CLOSED,2024-12-02 07:23:00+00:00,96000.0,97000.0,2024-12-02 15:23:00+00:00,33.70786516853933,3247.725872649338,1.0378913273564583,3249.3605786964717,0.28303967696629684,0 days 08:00:00
547,CLOSED,2024-12-02 08:40:00+00:00,95000.0,96000.0,2024-12-02 14:30:00+00:00,33.70786516853933,3246.310479198301,1.0383438486408645,3248.0129217327208,0.28672832643405854,0 days 05:50:00
548,CLOSED,2024-12-02 16:41:00+00:00,96000.0,97000.0,2024-12-04 19:54:00+00:00,33.70786516853933,3248.2956406527383,1.0377092758024267,3251.08102713698,0.28303967696629684,2 days 03:13:00
549,CLOSED,2024-12-02 17:57:00+00:00,95000.0,96000.0,2024-12-02 20:04:00+00:00,33.70786516853933,3246.8802472017014,1.0381616383169718,3248.582689736121,0.28672832643405854,0 days 02:07:00
550,CLOSED,2024-12-03 10:53:00+00:00,95000.0,96000.0,2024-12-03 15:13:00+00:00,33.70786516853933,3247.1669755281355,1.0380699675309093,3249.159913520361,0.28672832643405854,0 days 04:20:00
551,CLOSED,2024-12-03 13:54:00+00:00,94000.0,95000.0,2024-12-03 14:49:00+00:00,33.70786516853933,3245.397117263379,1.0386360728933801,3247.457795513792,0.29049545780539887,0 days 00:55:00
552,CLOSED,2024-12-03 16:48:00+00:00,95000.0,96000.0,2024-12-03 21:20:00+00:00,33.70786516853933,3247.7441993123753,1.0378854706499387,3249.446641846795,0.28672832643405854,0 days 04:32:00
553,CLOSED,2024-12-04 16:20:00+00:00,95000.0,96000.0,2024-12-04 18:45:00+00:00,33.70786516853933,3248.0309276388093,1.0377938486270393,3249.733370173229,0.28672832643405854,0 days 02:25:00
554,CLOSED,2024-12-04 21:38:00+00:00,98000.0,99000.0,2024-12-04 23:32:00+00:00,33.70786516853933,3252.35349008648,1.0364145616792422,3253.0035390744106,0.27588821371244876,0 days 01:54:00
555,CLOSED,2024-12-05 01:09:00+00:00,98000.0,99000.0,2024-12-05 02:29:00+00:00,33.70786516853933,3252.629378300193,1.0363266529356283,3253.2794272881233,0.27588821371244876,0 days 01:20:00
556,CLOSED,2024-12-05 02:39:00+00:00,100000.0,101000.0,2024-12-05 02:41:00+00:00,33.70786516853933,3253.5515382197277,1.0360329250227134,3253.854571927593,0.2690228089887654,0 days 00:02:00
557,CLOSED,2024-12-05 02:43:00+00:00,101000.0,102000.0,2024-12-05 03:03:00+00:00,33.70786516853933,3253.8205610287164,1.035947266799567,3254.120260661601,0.26569206808321155,0 days 00:20:00
558,CLOSED,2024-12-05 03:10:00+00:00,103000.0,104000.0,2024-12-15 23:19:00+00:00,33.70786516853933,3254.0862530967997,1.0358626830023554,3266.069005953238,0.2592246100141793,10 days 20:09:00
559,CLOSED,2024-12-05 05:46:00+00:00,102000.0,103000.0,2024-12-05 09:11:00+00:00,33.70786516853933,3253.725611665579,1.0359774975396374,3254.3489761635547,0.2624266358228695,0 days 03:25:00
560,CLOSED,2024-12-05 15:27:00+00:00,102000.0,103000.0,2024-12-15 12:38:00+00:00,33.70786516853933,3253.988038301402,1.0358939483420782,3265.776076683286,0.2624266358228695,9 days 21:11:00
561,CLOSED,2024-12-05 15:50:00+00:00,101000.0,102000.0,2024-12-12 16:01:00+00:00,33.70786516853933,3253.29725807309,1.0361139021309203,3264.0835821307996,0.26569206808321155,7 days 00:11:00
562,CLOSED,2024-12-05 19:44:00+00:00,100000.0,101000.0,2024-12-06 17:50:00+00:00,33.70786516853933,3252.273070346724,1.0364401893518043,3257.278192026781,0.2690228089887654,0 days 22:06:00
563,CLOSED,2024-12-05 19:55:00+00:00,99000.0,100000.0,2024-12-06 17:41:00+00:00,33.70786516853933,3250.912141047325,1.036874074292266,3255.984984892857,0.2724208375893724,0 days 21:46:00
564,CLOSED,2024-12-05 20:18:00+00:00,98000.0,99000.0,2024-12-05 20:43:00+00:00,33.70786516853933,3249.211068744861,1.0374169130711584,3251.188339167022,0.27588821371244876,0 days 00:25:00
565,CLOSED,2024-12-05 22:22:00+00:00,98000.0,99000.0,2024-12-06 14:25:00+00:00,33.70786516853933,3249.486956958574,1.0373288342135376,3254.351638226715,0.27588821371244876,0 days 16:03:00
566,CLOSED,2024-12-05 22:26:00+00:00,97000.0,98000.0,2024-12-06 01:32:00+00:00,33.70786516853933,3247.4422708060756,1.0379819672721204,3252.3746812529494,0.2794270821267162,0 days 03:06:00
567,CLOSED,2024-12-05 22:28:00+00:00,96000.0,97000.0,2024-12-05 22:48:00+00:00,33.70786516853933,3245.050428392718,1.0387470368290985,3249.484492280603,0.28303967696629684,0 days 00:20:00
568,CLOSED,2024-12-05 22:28:00+00:00,95000.0,96000.0,2024-12-05 22:31:00+00:00,33.70786516853933,3242.30781350745,1.0396256958735506,3246.522885556187,0.28672832643405854,0 days 00:03:00
569,CLOSED,2024-12-05 22:28:00+00:00,94000.0,95000.0,2024-12-05 22:30:00+00:00,33.70786516853933,3239.210733808463,1.0406197045694434,3243.493546115387,0.29049545780539887,0 days 00:02:00
570,CLOSED,2024-12-05 22:28:00+00:00,93000.0,94000.0,2024-12-05 22:29:00+00:00,33.70786516853933,3235.755418393482,1.0417309348206214,3240.105974810591,0.2943436027546227,0 days 00:01:00
571,CLOSED,2024-12-05 22:28:00+00:00,92000.0,93000.0,2024-12-05 22:29:00+00:00,33.70786516853933,3231.938015265562,1.0429613751663989,3236.356319728591,0.2982754030288248,0 days 00:01:00
572,CLOSED,2024-12-05 22:28:00+00:00,91000.0,92000.0,2024-12-05 22:29:00+00:00,33.70786516853933,3227.7545886886924,1.0443131360316178,3232.2406452198775,0.3022936164958665,0 days 00:01:00
573,CLOSED,2024-12-05 22:35:00+00:00,95000.0,96000.0,2024-12-05 22:36:00+00:00,33.70786516853933,3243.77994991397,1.0391538787775452,3246.809613882621,0.28672832643405854,0 days 00:01:00
574,CLOSED,2024-12-05 23:02:00+00:00,96000.0,97000.0,2024-12-05 23:21:00+00:00,33.70786516853933,3247.0923328026383,1.0380938302251885,3249.767531957569,0.28303967696629684,0 days 00:19:00
575,CLOSED,2024-12-06 00:11:00+00:00,96000.0,97000.0,2024-12-06 00:18:00+00:00,33.70786516853933,3247.3753724796047,1.0380033504657933,3250.0505716345356,0.28303967696629684,0 days 00:07:00
576,CLOSED,2024-12-06 23:21:00+00:00,100000.0,101000.0,2024-12-08 23:49:00+00:00,33.70786516853933,3256.2537012667076,1.0351731855360873,3258.0920565109486,0.2690228089887654,2 days 00:28:00
577,CLOSED,2024-12-07 05:45:00+00:00,99000.0,100000.0,2024-12-07 18:46:00+00:00,33.70786516853933,3254.8927719673084,1.0356060100918707,3256.526428539435,0.2724208375893724,0 days 13:01:00
578,CLOSED,2024-12-08 08:57:00+00:00,99000.0,100000.0,2024-12-08 12:50:00+00:00,33.70786516853933,3255.1651928048977,1.0355193414775385,3256.7988493770245,0.2724208375893724,0 days 03:53:00
579,CLOSED,2024-12-09 00:28:00+00:00,100000.0,101000.0,2024-12-11 16:23:00+00:00,33.70786516853933,3257.067565750875,1.034914520134261,3262.8580903594902,0.2690228089887654,2 days 15:55:00
580,CLOSED,2024-12-09 03:25:00+00:00,99000.0,100000.0,2024-12-09 14:48:00+00:00,33.70786516853933,3255.706636451476,1.0353471283665432,3257.6161812373152,0.2724208375893724,0 days 11:23:00
581,CLOSED,2024-12-09 12:01:00+00:00,98000.0,99000.0,2024-12-09 13:23:00+00:00,33.70786516853933,3254.0055641490117,1.0358883690893324,3255.982834571173,0.27588821371244876,0 days 01:22:00
582,CLOSED,2024-12-09 15:16:00+00:00,99000.0,100000.0,2024-12-11 15:19:00+00:00,33.70786516853933,3256.2549455027774,1.0351727899897196,3261.564883225566,0.2724208375893724,2 days 00:03:00
583,CLOSED,2024-12-09 15:34:00+00:00,98000.0,99000.0,2024-12-11 14:45:00+00:00,33.70786516853933,3254.5538732003142,1.0357138484050727,3259.931536559424,0.27588821371244876,1 days 23:11:00
584,CLOSED,2024-12-09 19:55:00+00:00,97000.0,98000.0,2024-12-10 00:35:00+00:00,33.70786516853933,3252.509187047816,1.0363649487223963,3255.9731497376374,0.2794270821267162,0 days 04:40:00
585,CLOSED,2024-12-09 21:02:00+00:00,96000.0,97000.0,2024-12-09 21:17:00+00:00,33.70786516853933,3250.1173446344583,1.037127635535586,3253.079272115823,0.28303967696629684,0 days 00:15:00
586,CLOSED,2024-12-09 21:04:00+00:00,95000.0,96000.0,2024-12-09 21:07:00+00:00,33.70786516853933,3247.374729749191,1.038003555910615,3250.4043937178412,0.28672832643405854,0 days 00:03:00
587,CLOSED,2024-12-09 22:22:00+00:00,96000.0,97000.0,2024-12-09 22:26:00+00:00,33.70786516853933,3250.6871126378587,1.0369458517705865,3253.6490401192236,0.28303967696629684,0 days 00:04:00
588,CLOSED,2024-12-09 22:22:00+00:00,95000.0,96000.0,2024-12-09 22:23:00+00:00,33.70786516853933,3247.944497752591,1.037821464986961,3250.9741617212417,0.28672832643405854,0 days 00:01:00
589,CLOSED,2024-12-10 02:57:00+00:00,97000.0,98000.0,2024-12-10 14:07:00+00:00,33.70786516853933,3253.9281501367436,1.0359130138482862,3256.5356164967307,0.2794270821267162,0 days 11:10:00
590,CLOSED,2024-12-10 03:23:00+00:00,96000.0,97000.0,2024-12-10 04:42:00+00:00,33.70786516853933,3251.536307723386,1.0366750353816723,3254.211506878317,0.28303967696629684,0 days 01:19:00
591,CLOSED,2024-12-10 15:26:00+00:00,97000.0,98000.0,2024-12-11 08:31:00+00:00,33.70786516853933,3254.490616895837,1.0357339791838207,3257.9545795856584,0.2794270821267162,0 days 17:05:00
592,CLOSED,2024-12-10 15:52:00+00:00,96000.0,97000.0,2024-12-10 21:30:00+00:00,33.70786516853933,3252.0987744824793,1.03649573724597,3255.347430290278,0.28303967696629684,0 days 05:38:00
593,CLOSED,2024-12-10 16:35:00+00:00,95000.0,96000.0,2024-12-10 16:53:00+00:00,33.70786516853933,3249.3561595972114,1.0373705901392396,3252.385823565862,0.28672832643405854,0 days 00:18:00
594,CLOSED,2024-12-10 17:06:00+00:00,95000.0,96000.0,2024-12-10 19:42:00+00:00,33.70786516853933,3249.6428879236455,1.0372790589945997,3252.6725518922963,0.28672832643405854,0 days 02:36:00
595,CLOSED,2024-12-11 00:42:00+00:00,96000.0,97000.0,2024-12-11 02:37:00+00:00,33.70786516853933,3252.9552708123138,1.036222830082811,3255.6304699672446,0.28303967696629684,0 days 01:55:00
596,CLOSED,2024-12-11 17:57:00+00:00,100000.0,101000.0,2024-12-11 19:42:00+00:00,33.70786516853933,3261.8335995994166,1.033402352979593,3263.127113168479,0.2690228089887654,0 days 01:45:00
597,CLOSED,2024-12-12 18:37:00+00:00,101000.0,102000.0,2024-12-14 01:02:00+00:00,33.70786516853933,3263.3925022028543,1.0329087030072495,3264.8873198168603,0.26569206808321155,1 days 06:25:00
598,CLOSED,2024-12-12 19:29:00+00:00,100000.0,101000.0,2024-12-13 14:57:00+00:00,33.70786516853933,3262.3683144764886,1.033232974307759,3263.661828045551,0.2690228089887654,0 days 19:28:00
599,CLOSED,2024-12-13 15:52:00+00:00,100000.0,101000.0,2024-12-13 16:46:00+00:00,33.70786516853933,3262.6373372854773,1.0331477784344967,3263.9308508545396,0.2690228089887654,0 days 00:54:00
600,CLOSED,2024-12-14 13:18:00+00:00,101000.0,102000.0,2024-12-15 01:48:00+00:00,33.70786516853933,3264.196239888915,1.032654371591533,3265.1530118849437,0.26569206808321155,0 days 12:30:00
601,CLOSED,2024-12-15 23:28:00+00:00,105000.0,106000.0,2024-12-16 00:33:00+00:00,33.70786516853933,3266.0350048623686,1.0320729912066509,3266.322003257232,0.25300353130015907,0 days 01:05:00
602,CLOSED,2024-12-16 00:44:00+00:00,106000.0,107000.0,2024-12-16 16:37:00+00:00,33.70786516853933,3266.288008393669,1.031993047824235,3267.081068950703,0.24998102607590056,0 days 15:53:00
603,CLOSED,2024-12-16 01:27:00+00:00,105000.0,106000.0,2024-12-16 14:54:00+00:00,33.70786516853933,3265.9366197992235,1.0321040820017982,3266.797383084989,0.25300353130015907,0 days 13:27:00
604,CLOSED,2024-12-16 11:50:00+00:00,104000.0,105000.0,2024-12-16 14:36:00+00:00,33.70786516853933,3265.2645249447455,1.0323165217099748,3266.1929940429573,0.2560841616248979,0 days 02:46:00
605,CLOSED,2024-12-16 16:38:00+00:00,107000.0,108000.0,2024-12-17 14:50:00+00:00,33.70786516853933,3267.04707711267,1.031753273611516,3267.5780620240766,0.24701501627637867,0 days 22:12:00
606,CLOSED,2024-12-16 19:16:00+00:00,106000.0,107000.0,2024-12-17 03:43:00+00:00,33.70786516853933,3266.698657497003,1.0318633183743626,3267.2973421116103,0.24998102607590056,0 days 08:27:00
607,CLOSED,2024-12-17 14:52:00+00:00,108000.0,109000.0,2025-01-20 06:55:00+00:00,33.70786516853933,3267.544073155023,1.0315963431211572,3299.160499915562,0.24410393258426666,33 days 16:03:00
608,CLOSED,2024-12-17 15:13:00+00:00,107000.0,108000.0,2025-01-20 06:54:00+00:00,33.70786516853933,3267.1985675370456,1.0317054342353535,3298.8826910318066,0.24701501627637867,33 days 15:41:00
609,CLOSED,2024-12-17 15:27:00+00:00,106000.0,107000.0,2024-12-17 16:14:00+00:00,33.70786516853933,3266.538350168569,1.0319139576855063,3267.4488325359857,0.24998102607590056,0 days 00:47:00
610,CLOSED,2024-12-17 22:22:00+00:00,106000.0,107000.0,2025-01-20 06:51:00+00:00,33.70786516853933,3266.7883311946453,1.0318349936132092,3298.2901733665317,0.24998102607590056,33 days 08:29:00
611,CLOSED,2024-12-18 01:55:00+00:00,105000.0,106000.0,2025-01-19 19:58:00+00:00,33.70786516853933,3265.810433096892,1.0321439611721412,3294.754827317861,0.25300353130015907,32 days 18:03:00
612,CLOSED,2024-12-18 04:26:00+00:00,104000.0,105000.0,2024-12-18 11:58:00+00:00,33.70786516853933,3264.5118287391065,1.0325545422072722,3266.066807340626,0.2560841616248979,0 days 07:32:00
613,CLOSED,2024-12-18 14:33:00+00:00,104000.0,105000.0,2025-01-17 16:54:00+00:00,33.70786516853933,3264.7679129007315,1.032473549967907,3292.752535839257,0.2560841616248979,30 days 02:21:00
614,CLOSED,2024-12-18 19:57:00+00:00,103000.0,104000.0,2025-01-17 15:09:00+00:00,33.70786516853933,3263.1455185688756,1.032986882648208,3291.1978504634385,0.2592246100141793,29 days 19:12:00
615,CLOSED,2024-12-18 20:07:00+00:00,102000.0,103000.0,2025-01-17 14:36:00+00:00,33.70786516853933,3261.196190670967,1.0336043340466488,3289.316234726799,0.2624266358228695,29 days 18:29:00
616,CLOSED,2024-12-18 20:08:00+00:00,101000.0,102000.0,2024-12-18 20:11:00+00:00,33.70786516853933,3258.9167239759668,1.0343272941143098,3261.462182438683,0.26569206808321155,0 days 00:03:00
617,CLOSED,2024-12-18 20:37:00+00:00,101000.0,102000.0,2024-12-19 10:19:00+00:00,33.70786516853933,3259.18241604405,1.0342429746369786,3262.2693181533446,0.26569206808321155,0 days 13:42:00
618,CLOSED,2024-12-18 23:58:00+00:00,100000.0,101000.0,2024-12-19 03:11:00+00:00,33.70786516853933,3256.5695418509968,1.0350727885694149,3259.724162724336,0.2690228089887654,0 days 03:13:00
619,CLOSED,2024-12-19 02:14:00+00:00,99000.0,100000.0,2024-12-19 02:52:00+00:00,33.70786516853933,3253.6199260849094,1.0360111486377606,3256.8422691237242,0.2724208375893724,0 days 00:38:00
620,CLOSED,2024-12-19 14:49:00+00:00,101000.0,102000.0,2025-01-06 15:45:00+00:00,33.70786516853933,3259.9895517587115,1.0339869080363917,3277.6136340169314,0.26569206808321155,18 days 00:56:00
621,CLOSED,2024-12-19 15:23:00+00:00,100000.0,101000.0,2024-12-19 16:37:00+00:00,33.70786516853933,3257.376677565658,1.0348163109502673,3260.258877601408,0.2690228089887654,0 days 01:14:00
622,CLOSED,2024-12-19 17:18:00+00:00,100000.0,101000.0,2025-01-06 14:54:00+00:00,33.70786516853933,3257.645700374647,1.0347308537777065,3275.068478587923,0.2690228089887654,17 days 21:36:00
623,CLOSED,2024-12-19 17:38:00+00:00,99000.0,100000.0,2025-01-06 14:48:00+00:00,33.70786516853933,3254.6960846085594,1.0356685936958492,3272.186584987311,0.2724208375893724,17 days 21:10:00
624,CLOSED,2024-12-19 17:54:00+00:00,98000.0,99000.0,2024-12-19 17:59:00+00:00,33.70786516853933,3251.406325839408,1.0367164786713345,3254.972282728257,0.27588821371244876,0 days 00:05:00
625,CLOSED,2024-12-19 18:10:00+00:00,98000.0,99000.0,2024-12-19 19:04:00+00:00,33.70786516853933,3251.682214053121,1.0366285187052005,3255.5275980240967,0.27588821371244876,0 days 00:54:00
626,CLOSED,2024-12-19 18:23:00+00:00,97000.0,98000.0,2024-12-19 18:27:00+00:00,33.70786516853933,3248.0488414339347,1.037788124936512,3251.961954583643,0.2794270821267162,0 days 00:04:00
627,CLOSED,2024-12-19 19:31:00+00:00,98000.0,99000.0,2024-12-21 07:32:00+00:00,33.70786516853933,3252.2375293489604,1.0364515157442094,3259.5020683907887,0.27588821371244876,1 days 12:01:00
628,CLOSED,2024-12-19 19:44:00+00:00,97000.0,98000.0,2024-12-19 21:25:00+00:00,33.70786516853933,3248.6041567297743,1.037610725785426,3253.366388910382,0.2794270821267162,0 days 01:41:00
629,CLOSED,2024-12-19 20:10:00+00:00,96000.0,97000.0,2024-12-19 20:21:00+00:00,33.70786516853933,3244.623627849729,1.0388836744950336,3248.8875134713476,0.28303967696629684,0 days 00:11:00
630,CLOSED,2024-12-19 20:35:00+00:00,96000.0,97000.0,2024-12-19 20:43:00+00:00,33.70786516853933,3244.9066675266954,1.0387930570043744,3249.170553148314,0.28303967696629684,0 days 00:08:00
631,CLOSED,2024-12-19 21:03:00+00:00,96000.0,97000.0,2024-12-19 21:09:00+00:00,33.70786516853933,3245.189707203662,1.0387024553207078,3249.4535928252803,0.28303967696629684,0 days 00:06:00
632,CLOSED,2024-12-20 00:29:00+00:00,97000.0,98000.0,2024-12-20 07:05:00+00:00,33.70786516853933,3249.7327028428003,1.0372503910568514,3253.928855669475,0.2794270821267162,0 days 06:36:00
633,CLOSED,2024-12-20 02:01:00+00:00,96000.0,97000.0,2024-12-20 02:17:00+00:00,33.70786516853933,3245.752173962755,1.0385224552552708,3250.0160595843736,0.28303967696629684,0 days 00:16:00
634,CLOSED,2024-12-20 08:16:00+00:00,97000.0,98000.0,2024-12-21 05:46:00+00:00,33.70786516853933,3250.2951696018936,1.0370708938618636,3255.936424950335,0.2794270821267162,0 days 21:30:00
635,CLOSED,2024-12-20 08:41:00+00:00,96000.0,97000.0,2024-12-20 15:26:00+00:00,33.70786516853933,3246.3146407218483,1.0383425175645966,3251.740589188267,0.28303967696629684,0 days 06:45:00
636,CLOSED,2024-12-20 09:47:00+00:00,95000.0,96000.0,2024-12-20 14:38:00+00:00,33.70786516853933,3241.9833393698927,1.0397297468866926,3247.477024323597,0.28672832643405854,0 days 04:51:00
637,CLOSED,2024-12-20 10:14:00+00:00,94000.0,95000.0,2024-12-20 10:28:00+00:00,33.70786516853933,3237.2975732042173,1.041234684372123,3242.2741593555493,0.29049545780539887,0 days 00:14:00
638,CLOSED,2024-12-20 11:20:00+00:00,94000.0,95000.0,2024-12-20 13:33:00+00:00,33.70786516853933,3237.588068662023,1.0411412586675846,3242.85899841611,0.29049545780539887,0 days 02:13:00
639,CLOSED,2024-12-20 11:35:00+00:00,93000.0,94000.0,2024-12-20 12:46:00+00:00,33.70786516853933,3232.5440667803546,1.0427658362013512,3237.8827406446258,0.2943436027546227,0 days 01:11:00
640,CLOSED,2024-12-20 21:10:00+00:00,96000.0,97000.0,2024-12-20 22:18:00+00:00,33.70786516853933,3247.759743243615,1.0378805032811471,3252.0236288652336,0.28303967696629684,0 days 01:08:00
641,CLOSED,2024-12-21 11:23:00+00:00,98000.0,99000.0,2024-12-24 17:27:00+00:00,33.70786516853933,3256.2119997156524,1.0351864427587287,3263.513744138723,0.27588821371244876,3 days 06:04:00
642,CLOSED,2024-12-21 13:22:00+00:00,97000.0,98000.0,2024-12-21 20:19:00+00:00,33.70786516853933,3252.5786270964663,1.0363428231289182,3256.4917402461747,0.2794270821267162,0 days 06:57:00
643,CLOSED,2024-12-21 21:38:00+00:00,97000.0,98000.0,2024-12-24 15:36:00+00:00,33.70786516853933,3252.858054178593,1.0362537991855654,3259.948100698269,0.2794270821267162,2 days 17:58:00
644,CLOSED,2024-12-22 05:08:00+00:00,96000.0,97000.0,2024-12-22 09:38:00+00:00,33.70786516853933,3248.877525298548,1.0375234186595514,3253.1414109201664,0.28303967696629684,0 days 04:30:00
645,CLOSED,2024-12-22 14:23:00+00:00,96000.0,97000.0,2024-12-24 14:37:00+00:00,33.70786516853933,3249.1605649755143,1.0374330383021053,3256.0353046131677,0.28303967696629684,2 days 00:14:00
646,CLOSED,2024-12-22 19:53:00+00:00,95000.0,96000.0,2024-12-23 03:58:00+00:00,33.70786516853933,3244.8292636235587,1.0388178369328793,3250.028604974508,0.28672832643405854,0 days 08:05:00
647,CLOSED,2024-12-23 01:17:00+00:00,94000.0,95000.0,2024-12-23 01:37:00+00:00,33.70786516853933,3240.1434974578833,1.0403201338146129,3245.1200836092153,0.29049545780539887,0 days 00:20:00
648,CLOSED,2024-12-23 02:15:00+00:00,94000.0,95000.0,2024-12-23 03:08:00+00:00,33.70786516853933,3240.433992915689,1.0402268721483676,3245.410579067021,0.29049545780539887,0 days 00:53:00
649,CLOSED,2024-12-23 06:35:00+00:00,95000.0,96000.0,2024-12-23 09:05:00+00:00,33.70786516853933,3245.6969828656042,1.03854011469607,3250.3153333009423,0.28672832643405854,0 days 02:30:00
650,CLOSED,2024-12-23 13:41:00+00:00,95000.0,96000.0,2024-12-24 13:54:00+00:00,33.70786516853933,3245.9837111920383,1.0384483770610367,3251.7717397484976,0.28672832643405854,1 days 00:13:00
651,CLOSED,2024-12-23 14:48:00+00:00,94000.0,95000.0,2024-12-23 22:58:00+00:00,33.70786516853933,3241.297945026363,1.0399496047644323,3246.8632183832046,0.29049545780539887,0 days 08:10:00
652,CLOSED,2024-12-23 16:19:00+00:00,93000.0,94000.0,2024-12-23 16:48:00+00:00,33.70786516853933,3236.2539431446944,1.0415704626623064,3241.5926170089656,0.2943436027546227,0 days 00:29:00
653,CLOSED,2024-12-23 18:48:00+00:00,93000.0,94000.0,2024-12-23 21:12:00+00:00,33.70786516853933,3236.5482867474493,1.0414757384143296,3241.8869606117205,0.2943436027546227,0 days 02:24:00
654,CLOSED,2024-12-24 02:11:00+00:00,94000.0,95000.0,2024-12-24 13:33:00+00:00,33.70786516853933,3242.1771276896784,1.039667601151668,3247.1537138410104,0.29049545780539887,0 days 11:22:00
655,CLOSED,2024-12-24 19:38:00+00:00,98000.0,99000.0,2024-12-24 22:18:00+00:00,33.70786516853933,3260.2236754635865,1.0339126552029057,3263.7896323524355,0.27588821371244876,0 days 02:40:00
656,CLOSED,2024-12-25 01:36:00+00:00,98000.0,99000.0,2024-12-25 10:19:00+00:00,33.70786516853933,3260.499563677299,1.0338251703528059,3264.0655205661483,0.27588821371244876,0 days 08:43:00
657,CLOSED,2024-12-25 11:59:00+00:00,98000.0,99000.0,2024-12-25 19:14:00+00:00,33.70786516853933,3260.775451891012,1.0337377003065704,3264.341408779861,0.27588821371244876,0 days 07:15:00
658,CLOSED,2024-12-26 07:05:00+00:00,98000.0,99000.0,2025-01-06 02:05:00+00:00,33.70786516853933,3261.0513401047247,1.0336502450604423,3268.964551854481,0.27588821371244876,10 days 19:00:00
659,CLOSED,2024-12-26 08:06:00+00:00,97000.0,98000.0,2025-01-03 16:22:00+00:00,33.70786516853933,3257.4179674855386,1.034803193971422,3265.3989084140276,0.2794270821267162,8 days 08:16:00
660,CLOSED,2024-12-26 08:32:00+00:00,96000.0,97000.0,2024-12-27 09:05:00+00:00,33.70786516853933,3253.4374386054933,1.0360692591952032,3257.988052553546,0.28303967696629684,1 days 00:33:00
661,CLOSED,2024-12-27 07:39:00+00:00,95000.0,96000.0,2024-12-27 08:11:00+00:00,33.70786516853933,3249.106137253538,1.0374504169639873,3253.7244876888763,0.28672832643405854,0 days 00:32:00
662,CLOSED,2024-12-27 14:33:00+00:00,96000.0,97000.0,2025-01-02 14:31:00+00:00,33.70786516853933,3254.0072066088937,1.0358878462247594,3261.486112328926,0.28303967696629684,5 days 23:58:00
663,CLOSED,2024-12-27 15:17:00+00:00,95000.0,96000.0,2024-12-31 13:28:00+00:00,33.70786516853933,3249.675905256938,1.0372685200395142,3256.3509800772617,0.28672832643405854,3 days 22:11:00
664,CLOSED,2024-12-27 17:04:00+00:00,94000.0,95000.0,2024-12-28 14:15:00+00:00,33.70786516853933,3244.990139091263,1.0387663359118553,3249.9667252425947,0.29049545780539887,0 days 21:11:00
665,CLOSED,2024-12-29 16:20:00+00:00,94000.0,95000.0,2024-12-30 20:24:00+00:00,33.70786516853933,3245.2806345490685,1.0386733526120164,3250.8498397061844,0.29049545780539887,1 days 04:04:00
666,CLOSED,2024-12-30 13:49:00+00:00,93000.0,94000.0,2024-12-30 17:44:00+00:00,33.70786516853933,3240.2366326674,1.040290231543695,3245.8735819347003,0.2943436027546227,0 days 03:55:00
667,CLOSED,2024-12-30 14:59:00+00:00,92000.0,93000.0,2024-12-30 17:36:00+00:00,33.70786516853933,3234.8305430727924,1.0420287776966501,3240.535240386013,0.2982754030288248,0 days 02:37:00
668,CLOSED,2024-12-30 21:11:00+00:00,94000.0,95000.0,2024-12-31 13:12:00+00:00,33.70786516853933,3246.163749012658,1.0383907829292898,3251.732954169774,0.29049545780539887,0 days 16:01:00
669,CLOSED,2024-12-30 21:40:00+00:00,93000.0,94000.0,2024-12-31 08:29:00+00:00,33.70786516853933,3241.1197471309897,1.040006781556813,3246.75669639829,0.2943436027546227,0 days 10:49:00
670,CLOSED,2024-12-30 21:54:00+00:00,92000.0,93000.0,2024-12-30 22:42:00+00:00,33.70786516853933,3235.713657536382,1.0417443796372243,3241.4183548496026,0.2982754030288248,0 days 00:48:00
671,CLOSED,2024-12-31 15:08:00+00:00,95000.0,96000.0,2025-01-02 04:47:00+00:00,33.70786516853933,3252.0193579683573,1.0365210491735122,3257.2225474642564,0.28672832643405854,1 days 13:39:00
672,CLOSED,2024-12-31 17:35:00+00:00,94000.0,95000.0,2025-01-01 21:21:00+00:00,33.70786516853933,3247.333591802682,1.038016705571268,3252.6045215567688,0.29049545780539887,1 days 03:46:00
673,CLOSED,2025-01-01 09:26:00+00:00,93000.0,94000.0,2025-01-01 13:58:00+00:00,33.70786516853933,3242.2895899210134,1.0396315391852613,3247.6282637852846,0.2943436027546227,0 days 04:32:00
674,CLOSED,2025-01-07 11:37:00+00:00,101000.0,102000.0,2025-01-17 02:15:00+00:00,33.70786516853933,3275.3338676222984,1.0291428761431662,3286.838791393685,0.26569206808321155,9 days 14:38:00
675,CLOSED,2025-01-07 14:57:00+00:00,100000.0,101000.0,2025-01-17 01:38:00+00:00,33.70786516853933,3272.720993429245,1.0299645229830399,3284.2936359646765,0.2690228089887654,9 days 10:41:00
676,CLOSED,2025-01-07 15:07:00+00:00,99000.0,100000.0,2025-01-15 20:03:00+00:00,33.70786516853933,3269.7713776631576,1.0308936398063917,3280.863433312762,0.2724208375893724,8 days 04:56:00
677,CLOSED,2025-01-07 15:35:00+00:00,98000.0,99000.0,2025-01-15 13:48:00+00:00,33.70786516853933,3266.4816188940063,1.0319318796581023,3277.6414001799326,0.27588821371244876,7 days 22:13:00
678,CLOSED,2025-01-07 17:38:00+00:00,97000.0,98000.0,2025-01-15 13:30:00+00:00,33.70786516853933,3262.84824627482,1.033080996243802,3274.075756739479,0.2794270821267162,7 days 19:52:00
679,CLOSED,2025-01-08 06:32:00+00:00,96000.0,97000.0,2025-01-14 09:47:00+00:00,33.70786516853933,3258.867717394775,1.0343428482419743,3269.5968813004447,0.28303967696629684,6 days 03:15:00
680,CLOSED,2025-01-08 11:34:00+00:00,95000.0,96000.0,2025-01-08 15:06:00+00:00,33.70786516853933,3254.5364160428194,1.0357194039181967,3259.1547664781574,0.28672832643405854,0 days 03:32:00
681,CLOSED,2025-01-08 15:15:00+00:00,95000.0,96000.0,2025-01-14 09:24:00+00:00,33.70786516853933,3254.8231443692534,1.035628163909702,3265.3333164357746,0.28672832643405854,5 days 18:09:00
682,CLOSED,2025-01-08 17:09:00+00:00,94000.0,95000.0,2025-01-08 18:28:00+00:00,33.70786516853933,3250.137378203578,1.037121242769449,3255.408307957665,0.29049545780539887,0 days 01:19:00
683,CLOSED,2025-01-08 17:29:00+00:00,93000.0,94000.0,2025-01-08 17:57:00+00:00,33.70786516853933,3245.0933763219095,1.0387332892942784,3250.4320501861807,0.2943436027546227,0 days 00:28:00
684,CLOSED,2025-01-08 18:53:00+00:00,94000.0,95000.0,2025-01-08 22:38:00+00:00,33.70786516853933,3250.7222172641386,1.0369346537677533,3255.6988034154706,0.29049545780539887,0 days 03:45:00
685,CLOSED,2025-01-09 02:07:00+00:00,94000.0,95000.0,2025-01-10 07:47:00+00:00,33.70786516853933,3251.0127127219444,1.0368419980836392,3257.174536884844,0.29049545780539887,1 days 05:40:00
686,CLOSED,2025-01-09 08:07:00+00:00,93000.0,94000.0,2025-01-09 15:48:00+00:00,33.70786516853933,3245.968710840276,1.03845317596464,3251.605660107576,0.2943436027546227,0 days 07:41:00
687,CLOSED,2025-01-09 13:53:00+00:00,92000.0,93000.0,2025-01-09 15:15:00+00:00,33.70786516853933,3240.562621245668,1.0401855822055388,3246.2673185588887,0.2982754030288248,0 days 01:22:00
688,CLOSED,2025-01-09 17:48:00+00:00,93000.0,94000.0,2025-01-10 05:33:00+00:00,33.70786516853933,3246.56132984606,1.0382636193765553,3252.19827911336,0.2943436027546227,0 days 11:45:00
689,CLOSED,2025-01-09 19:58:00+00:00,92000.0,93000.0,2025-01-10 01:41:00+00:00,33.70786516853933,3241.1552402514517,1.0399953926898065,3246.8599375646727,0.2982754030288248,0 days 05:43:00
690,CLOSED,2025-01-10 13:30:00+00:00,94000.0,95000.0,2025-01-10 17:54:00+00:00,33.70786516853933,3252.488446191318,1.0363715575380883,3258.0537195481597,0.29049545780539887,0 days 04:24:00
691,CLOSED,2025-01-10 13:37:00+00:00,93000.0,94000.0,2025-01-10 14:08:00+00:00,33.70786516853933,3247.4444443096495,1.0379812725543034,3252.7831181739207,0.2943436027546227,0 days 00:31:00
692,CLOSED,2025-01-10 15:09:00+00:00,93000.0,94000.0,2025-01-10 15:39:00+00:00,33.70786516853933,3247.7387879124044,1.0378871999803352,3253.0774617766756,0.2943436027546227,0 days 00:30:00
693,CLOSED,2025-01-11 04:32:00+00:00,94000.0,95000.0,2025-01-11 21:54:00+00:00,33.70786516853933,3253.3676288546335,1.0360914908471741,3258.3442150059655,0.29049545780539887,0 days 17:22:00
694,CLOSED,2025-01-12 09:25:00+00:00,94000.0,95000.0,2025-01-12 15:19:00+00:00,33.70786516853933,3253.658124312439,1.0359989857773533,3258.634710463771,0.29049545780539887,0 days 05:54:00
695,CLOSED,2025-01-12 22:13:00+00:00,94000.0,95000.0,2025-01-13 00:27:00+00:00,33.70786516853933,3253.948619770245,1.035906497224267,3258.925205921577,0.29049545780539887,0 days 02:14:00
696,CLOSED,2025-01-13 02:47:00+00:00,94000.0,95000.0,2025-01-14 01:11:00+00:00,33.70786516853933,3254.2391152280507,1.035814025183492,3260.7152905282874,0.29049545780539887,0 days 22:24:00
697,CLOSED,2025-01-13 08:22:00+00:00,93000.0,94000.0,2025-01-13 21:31:00+00:00,33.70786516853933,3249.195113346382,1.0374220073790281,3255.739032756803,0.2943436027546227,0 days 13:09:00
698,CLOSED,2025-01-13 10:28:00+00:00,92000.0,93000.0,2025-01-13 15:21:00+00:00,33.70786516853933,3243.789023751774,1.039150971956639,3250.102415805087,0.2982754030288248,0 days 04:53:00
699,CLOSED,2025-01-13 11:42:00+00:00,91000.0,92000.0,2025-01-13 14:52:00+00:00,33.70786516853933,3238.0169107082165,1.041003370212998,3244.3980548296854,0.3022936164958665,0 days 03:10:00
700,CLOSED,2025-01-13 14:34:00+00:00,90000.0,91000.0,2025-01-13 14:43:00+00:00,33.70786516853933,3231.8747519800063,1.0429817909214527,3238.3236522812504,0.3064011235954993,0 days 00:09:00
701,CLOSED,2025-01-13 15:30:00+00:00,92000.0,93000.0,2025-01-13 20:45:00+00:00,33.70786516853933,3244.695993894895,1.0388605044035821,3250.400691208116,0.2982754030288248,0 days 05:15:00
702,CLOSED,2025-01-14 12:24:00+00:00,96000.0,97000.0,2025-01-14 13:30:00+00:00,33.70786516853933,3265.6160353557925,1.03220540331732,3269.879920977411,0.28303967696629684,0 days 01:06:00
703,CLOSED,2025-01-14 16:02:00+00:00,96000.0,97000.0,2025-01-14 19:26:00+00:00,33.70786516853933,3265.899075032759,1.032115947067385,3270.1629606543775,0.28303967696629684,0 days 03:24:00
704,CLOSED,2025-01-16 08:47:00+00:00,99000.0,100000.0,2025-01-16 17:33:00+00:00,33.70786516853933,3277.913511111537,1.0283329640722896,3281.4117423640646,0.2724208375893724,0 days 08:46:00
705,CLOSED,2025-01-16 14:45:00+00:00,98000.0,99000.0,2025-01-16 15:57:00+00:00,33.70786516853933,3274.6237523423856,1.029366049898942,3278.1897092312347,0.27588821371244876,0 days 01:12:00
706,CLOSED,2025-01-17 02:49:00+00:00,101000.0,102000.0,2025-01-17 08:31:00+00:00,33.70786516853933,3284.559024999052,1.0262523800603356,3287.1044834617683,0.26569206808321155,0 days 05:42:00
707,CLOSED,2025-01-18 03:37:00+00:00,104000.0,105000.0,2025-01-19 02:24:00+00:00,33.70786516853933,3291.4536413993624,1.0241026865627803,3293.267844610896,0.2560841616248979,0 days 22:47:00
708,CLOSED,2025-01-18 04:19:00+00:00,103000.0,104000.0,2025-01-18 12:21:00+00:00,33.70786516853933,3289.8312470675064,1.0246077271770668,3291.713159235078,0.2592246100141793,0 days 08:02:00
709,CLOSED,2025-01-19 09:14:00+00:00,104000.0,105000.0,2025-01-19 09:51:00+00:00,33.70786516853933,3291.968950171002,1.023942378520562,3293.5239287725212,0.2560841616248979,0 days 00:37:00
710,CLOSED,2025-01-19 21:26:00+00:00,105000.0,106000.0,2025-01-20 06:48:00+00:00,33.70786516853933,3293.776642221713,1.0233804179813102,3297.37997799751,0.25300353130015907,0 days 09:22:00
711,CLOSED,2025-01-19 21:47:00+00:00,104000.0,105000.0,2025-01-20 06:45:00+00:00,33.70786516853933,3292.478037863927,1.0237840550762825,3296.1490794521706,0.2560841616248979,0 days 08:58:00
712,CLOSED,2025-01-19 22:08:00+00:00,103000.0,104000.0,2025-01-19 22:14:00+00:00,33.70786516853933,3290.855643532071,1.024288781393058,3292.7375556996426,0.2592246100141793,0 days 00:06:00
713,CLOSED,2025-01-19 22:43:00+00:00,103000.0,104000.0,2025-01-20 06:43:00+00:00,33.70786516853933,3291.1148681420855,1.0242081033035544,3294.5943940763523,0.2592246100141793,0 days 08:00:00
714,CLOSED,2025-01-19 22:48:00+00:00,102000.0,103000.0,2025-01-19 22:54:00+00:00,33.70786516853933,3289.165540244177,1.024815101462998,3291.3775912088404,0.2624266358228695,0 days 00:06:00
715,CLOSED,2025-01-19 23:01:00+00:00,102000.0,103000.0,2025-01-20 06:37:00+00:00,33.70786516853933,3289.42796688,1.0247333429377694,3292.7127783397127,0.2624266358228695,0 days 07:36:00
716,CLOSED,2025-01-19 23:12:00+00:00,101000.0,102000.0,2025-01-20 02:34:00+00:00,33.70786516853933,3287.1485001849996,1.0254439422691812,3290.501027074682,0.26569206808321155,0 days 03:22:00
717,CLOSED,2025-01-19 23:32:00+00:00,100000.0,101000.0,2025-01-19 23:34:00+00:00,33.70786516853933,3284.5356259919463,1.0262596910745758,3287.4178260276963,0.2690228089887654,0 days 00:02:00
718,CLOSED,2025-01-19 23:39:00+00:00,100000.0,101000.0,2025-01-19 23:43:00+00:00,33.70786516853933,3284.804648800935,1.02617564124685,3287.686848836685,0.2690228089887654,0 days 00:04:00
719,CLOSED,2025-01-20 00:39:00+00:00,100000.0,101000.0,2025-01-20 02:02:00+00:00,33.70786516853933,3285.0736716099236,1.0260916051852207,3287.9558716456736,0.2690228089887654,0 days 01:23:00
720,CLOSED,2025-01-20 06:56:00+00:00,109000.0,110000.0,2025-05-21 23:25:00+00:00,33.70786516853933,3299.126513960506,1.0217209017569322,3408.738207851942,0.24124626327182597,121 days 16:29:00
721,CLOSED,2025-01-20 06:56:00+00:00,108000.0,109000.0,2025-01-20 07:04:00+00:00,33.70786516853933,3298.783868872371,1.0218270280332655,3299.617910999255,0.24410393258426666,0 days 00:08:00
722,CLOSED,2025-01-20 06:58:00+00:00,107000.0,108000.0,2025-01-20 07:00:00+00:00,33.70786516853933,3298.129426031427,1.0220297876272044,3299.031164892533,0.24701501627637867,0 days 00:02:00
723,CLOSED,2025-01-20 07:22:00+00:00,108000.0,109000.0,2025-01-20 09:06:00+00:00,33.70786516853933,3299.274987821232,1.021674922307681,3300.109029948116,0.24410393258426666,0 days 01:44:00
724,CLOSED,2025-01-20 07:59:00+00:00,107000.0,108000.0,2025-01-20 08:14:00+00:00,33.70786516853933,3298.6205449802883,1.0218776215359067,3299.5222838413943,0.24701501627637867,0 days 00:15:00
725,CLOSED,2025-01-20 09:27:00+00:00,108000.0,109000.0,2025-05-21 14:59:00+00:00,33.70786516853933,3299.7661067700933,1.0215228618592473,3407.9721376351704,0.24410393258426666,121 days 05:32:00
726,CLOSED,2025-01-20 12:16:00+00:00,107000.0,108000.0,2025-01-20 13:36:00+00:00,33.70786516853933,3299.1116639291495,1.0217255007487138,3300.2633838163315,0.24701501627637867,0 days 01:20:00
727,CLOSED,2025-01-20 12:18:00+00:00,106000.0,107000.0,2025-01-20 12:30:00+00:00,33.70786516853933,3298.1425093377065,1.022025733366753,3299.3619289280896,0.24998102607590056,0 days 00:12:00
728,CLOSED,2025-01-20 15:17:00+00:00,107000.0,108000.0,2025-05-21 14:49:00+00:00,33.70786516853933,3299.6086599715018,1.0215716056712756,3407.3853915284485,0.24701501627637867,120 days 23:32:00
729,CLOSED,2025-01-20 15:45:00+00:00,106000.0,107000.0,2025-01-20 16:43:00+00:00,33.70786516853933,3298.639505380059,1.0218717478391326,3300.3680126633676,0.24998102607590056,0 days 00:58:00
730,CLOSED,2025-01-20 15:56:00+00:00,105000.0,106000.0,2025-01-20 16:38:00+00:00,33.70786516853933,3297.3526700593393,1.0222705467514557,3299.148880071379,0.25300353130015907,0 days 00:42:00
731,CLOSED,2025-01-20 16:13:00+00:00,104000.0,105000.0,2025-01-20 16:15:00+00:00,33.70786516853933,3295.745128478587,1.0227691722053722,3297.609044303073,0.2560841616248979,0 days 00:02:00
732,CLOSED,2025-01-20 17:04:00+00:00,106000.0,107000.0,2025-01-21 18:36:00+00:00,33.70786516853933,3299.39857409906,1.0216366532116739,3305.8128944419955,0.24998102607590056,1 days 01:32:00
733,CLOSED,2025-01-20 17:04:00+00:00,105000.0,106000.0,2025-01-21 16:11:00+00:00,33.70786516853933,3298.11173877834,1.022035268611764,3304.340758318707,0.25300353130015907,0 days 23:07:00
734,CLOSED,2025-01-20 17:05:00+00:00,104000.0,105000.0,2025-01-20 17:09:00+00:00,33.70786516853933,3296.5041971975884,1.022533664516336,3298.8897642679117,0.2560841616248979,0 days 00:04:00
735,CLOSED,2025-01-20 17:06:00+00:00,103000.0,104000.0,2025-01-20 17:08:00+00:00,33.70786516853933,3294.5728656427655,1.0231330901817217,3297.0261416691264,0.2592246100141793,0 days 00:02:00
736,CLOSED,2025-01-20 17:06:00+00:00,102000.0,103000.0,2025-01-20 17:07:00+00:00,33.70786516853933,3292.31460052189,1.023834877845393,3294.8355887095204,0.2624266358228695,0 days 00:01:00
737,CLOSED,2025-01-20 17:14:00+00:00,104000.0,105000.0,2025-01-20 17:21:00+00:00,33.70786516853933,3297.2819326050508,1.0222924777896711,3299.1458484295367,0.2560841616248979,0 days 00:07:00
738,CLOSED,2025-01-20 17:33:00+00:00,104000.0,105000.0,2025-01-21 14:22:00+00:00,33.70786516853933,3297.538016766676,1.0222130873745252,3302.285613778761,0.2560841616248979,0 days 20:49:00
739,CLOSED,2025-01-20 17:37:00+00:00,103000.0,104000.0,2025-01-20 17:52:00+00:00,33.70786516853933,3295.606685211853,1.0228121371337875,3298.5913453743806,0.2592246100141793,0 days 00:15:00
740,CLOSED,2025-01-20 17:39:00+00:00,102000.0,103000.0,2025-01-20 17:50:00+00:00,33.70786516853933,3293.3484200909775,1.0235134844192453,3296.4007924147745,0.2624266358228695,0 days 00:11:00
741,CLOSED,2025-01-20 17:42:00+00:00,101000.0,102000.0,2025-01-20 17:43:00+00:00,33.70786516853933,3290.7600161730106,1.0243185465629878,3293.614411858694,0.26569206808321155,0 days 00:01:00
742,CLOSED,2025-01-20 17:44:00+00:00,101000.0,102000.0,2025-01-20 17:46:00+00:00,33.70786516853933,3291.025708241094,1.024235850972877,3293.8801039267773,0.26569206808321155,0 days 00:02:00
743,CLOSED,2025-01-20 17:57:00+00:00,103000.0,104000.0,2025-01-20 18:10:00+00:00,33.70786516853933,3296.659720593857,1.0224854254131883,3298.850569984395,0.2592246100141793,0 days 00:13:00
744,CLOSED,2025-01-20 19:32:00+00:00,103000.0,104000.0,2025-01-20 20:23:00+00:00,33.70786516853933,3296.9189452038713,1.0224050311450692,3299.1097945944093,0.2592246100141793,0 days 00:51:00
745,CLOSED,2025-01-20 21:48:00+00:00,103000.0,104000.0,2025-01-21 12:15:00+00:00,33.70786516853933,3297.1781698138857,1.0223246495181673,3300.421991179976,0.2592246100141793,0 days 14:27:00
746,CLOSED,2025-01-20 22:03:00+00:00,102000.0,103000.0,2025-01-20 22:16:00+00:00,33.70786516853933,3294.9199046930103,1.0230253281886652,3297.4408928806406,0.2624266358228695,0 days 00:13:00
747,CLOSED,2025-01-20 23:52:00+00:00,102000.0,103000.0,2025-01-21 03:21:00+00:00,33.70786516853933,3295.1823313288332,1.0229438549746688,3297.969011584547,0.2624266358228695,0 days 03:29:00
748,CLOSED,2025-01-21 01:26:00+00:00,101000.0,102000.0,2025-01-21 02:10:00+00:00,33.70786516853933,3292.5939274108664,1.0237480209120573,3295.4483230965498,0.26569206808321155,0 days 00:44:00
749,CLOSED,2025-01-21 04:35:00+00:00,102000.0,103000.0,2025-01-21 10:27:00+00:00,33.70786516853933,3295.7104500327396,1.022779934086882,3298.23143822037,0.2624266358228695,0 days 05:52:00
750,CLOSED,2025-01-21 14:35:00+00:00,104000.0,105000.0,2025-01-21 16:09:00+00:00,33.70786516853933,3300.6777821159003,1.021240708535048,3302.8009225504006,0.2560841616248979,0 days 01:34:00
751,CLOSED,2025-01-21 15:02:00+00:00,103000.0,104000.0,2025-01-21 15:41:00+00:00,33.70786516853933,3298.7464505610774,1.0218386188124893,3300.9372999516154,0.2592246100141793,0 days 00:39:00
752,CLOSED,2025-01-21 16:37:00+00:00,105000.0,106000.0,2025-01-21 17:46:00+00:00,33.70786516853933,3303.0536359995917,1.0205061401716666,3304.593761850007,0.25300353130015907,0 days 01:09:00
753,CLOSED,2025-01-21 20:43:00+00:00,106000.0,107000.0,2025-01-24 18:27:00+00:00,33.70786516853933,3304.843455877688,1.0199534597800586,3310.1637231702034,0.24998102607590056,2 days 21:44:00
754,CLOSED,2025-01-22 08:02:00+00:00,105000.0,106000.0,2025-01-23 14:50:00+00:00,33.70786516853933,3303.556620556968,1.0203507625323007,3306.1305659764707,0.25300353130015907,1 days 06:48:00
755,CLOSED,2025-01-22 13:53:00+00:00,104000.0,105000.0,2025-01-22 15:15:00+00:00,33.70786516853933,3301.9490789762162,1.020847516491399,3303.812994800702,0.2560841616248979,0 days 01:22:00
756,CLOSED,2025-01-22 15:36:00+00:00,104000.0,105000.0,2025-01-23 14:40:00+00:00,33.70786516853933,3302.2051631378413,1.020768350338028,3304.5907302081646,0.2560841616248979,0 days 23:04:00
757,CLOSED,2025-01-23 01:49:00+00:00,103000.0,104000.0,2025-01-23 14:34:00+00:00,33.70786516853933,3300.2738315830184,1.021365707474368,3302.7271076093793,0.2592246100141793,0 days 12:45:00
758,CLOSED,2025-01-23 04:18:00+00:00,102000.0,103000.0,2025-01-23 14:31:00+00:00,33.70786516853933,3298.015566462143,1.0220650718364719,3300.5365546497733,0.2624266358228695,0 days 10:13:00
759,CLOSED,2025-01-23 14:54:00+00:00,105000.0,106000.0,2025-01-23 16:10:00+00:00,33.70786516853933,3304.8434436573557,1.0199534635515441,3306.8988782794104,0.25300353130015907,0 days 01:16:00
760,CLOSED,2025-01-23 15:07:00+00:00,104000.0,105000.0,2025-01-23 15:36:00+00:00,33.70786516853933,3303.235902076604,1.0204498306448118,3305.3590425111042,0.2560841616248979,0 days 00:29:00
761,CLOSED,2025-01-23 15:08:00+00:00,103000.0,104000.0,2025-01-23 15:21:00+00:00,33.70786516853933,3301.304570521781,1.0210468149326708,3303.495419912319,0.2592246100141793,0 days 00:13:00
762,CLOSED,2025-01-23 17:00:00+00:00,105000.0,106000.0,2025-01-23 17:51:00+00:00,33.70786516853933,3305.6117559602953,1.0197163991736542,3307.1518818107106,0.25300353130015907,0 days 00:51:00
763,CLOSED,2025-01-23 19:05:00+00:00,105000.0,106000.0,2025-01-23 20:20:00+00:00,33.70786516853933,3305.8647594915956,1.0196383585190345,3307.917053665261,0.25300353130015907,0 days 01:15:00
764,CLOSED,2025-01-23 19:49:00+00:00,104000.0,105000.0,2025-01-23 20:12:00+00:00,33.70786516853933,3304.257217910844,1.0201344188892028,3306.1211337353297,0.2560841616248979,0 days 00:23:00
765,CLOSED,2025-01-23 20:17:00+00:00,104000.0,105000.0,2025-01-23 20:20:00+00:00,33.70786516853933,3304.513302072469,1.0200553632935598,3306.377217896955,0.2560841616248979,0 days 00:03:00
766,CLOSED,2025-01-23 20:30:00+00:00,105000.0,106000.0,2025-01-24 14:44:00+00:00,33.70786516853933,3306.629931346146,1.019402408748435,3308.944590578215,0.25300353130015907,0 days 18:14:00
767,CLOSED,2025-01-23 20:49:00+00:00,104000.0,105000.0,2025-01-24 05:11:00+00:00,33.70786516853933,3305.022389765394,1.0198982395072993,3307.404754809909,0.2560841616248979,0 days 08:22:00
768,CLOSED,2025-01-23 20:54:00+00:00,103000.0,104000.0,2025-01-23 22:21:00+00:00,33.70786516853933,3303.091058210571,1.0204945783965262,3305.281907601109,0.2592246100141793,0 days 01:27:00
769,CLOSED,2025-01-24 02:47:00+00:00,103000.0,104000.0,2025-01-24 03:36:00+00:00,33.70786516853933,3303.3502828205856,1.0204144968773237,3305.5411322111236,0.2592246100141793,0 days 00:49:00
770,CLOSED,2025-01-24 19:09:00+00:00,106000.0,107000.0,2025-05-19 00:08:00+00:00,33.70786516853933,3309.194284605896,1.0186124557674232,3404.7002321179916,0.24998102607590056,114 days 04:59:00
771,CLOSED,2025-01-24 20:35:00+00:00,105000.0,106000.0,2025-01-30 14:52:00+00:00,33.70786516853933,3307.907449285176,1.019008714280185,3314.2280103103594,0.25300353130015907,5 days 18:17:00
772,CLOSED,2025-01-26 23:01:00+00:00,104000.0,105000.0,2025-01-30 03:47:00+00:00,33.70786516853933,3306.299907704424,1.0195041620390335,3312.6881745420533,0.2560841616248979,3 days 04:46:00
773,CLOSED,2025-01-26 23:17:00+00:00,103000.0,104000.0,2025-01-29 20:24:00+00:00,33.70786516853933,3304.3685761496013,1.0201000400450861,3310.824551943268,0.2592246100141793,2 days 21:07:00
774,CLOSED,2025-01-27 00:47:00+00:00,102000.0,103000.0,2025-01-28 04:28:00+00:00,33.70786516853933,3302.110311028726,1.0207976715968075,3307.0561737364637,0.2624266358228695,1 days 03:41:00
775,CLOSED,2025-01-27 02:02:00+00:00,101000.0,102000.0,2025-01-27 14:51:00+00:00,33.70786516853933,3299.521907110759,1.0215984653987575,3303.462657465722,0.26569206808321155,0 days 12:49:00
776,CLOSED,2025-01-27 05:50:00+00:00,100000.0,101000.0,2025-01-27 13:08:00+00:00,33.70786516853933,3296.6000956947387,1.0225039188878504,3300.339542004758,0.2690228089887654,0 days 07:18:00
777,CLOSED,2025-01-27 06:45:00+00:00,99000.0,100000.0,2025-01-27 12:54:00+00:00,33.70786516853933,3293.341542705685,1.023515621791423,3297.148711181179,0.2724208375893724,0 days 06:09:00
778,CLOSED,2025-01-27 07:29:00+00:00,98000.0,99000.0,2025-01-27 07:42:00+00:00,33.70786516853933,3289.742846713567,1.0246352599326503,3293.6177408253825,0.27588821371244876,0 days 00:13:00
779,CLOSED,2025-01-27 13:53:00+00:00,100000.0,101000.0,2025-01-27 14:31:00+00:00,33.70786516853933,3297.4174275550295,1.022250470530601,3300.608564813747,0.2690228089887654,0 days 00:38:00
780,CLOSED,2025-01-27 15:19:00+00:00,101000.0,102000.0,2025-01-27 21:08:00+00:00,33.70786516853933,3300.873953848122,1.0211800159543527,3304.269793180383,0.26569206808321155,0 days 05:49:00
781,CLOSED,2025-01-27 16:38:00+00:00,100000.0,101000.0,2025-01-27 20:45:00+00:00,33.70786516853933,3297.9521424321015,1.0220847275146083,3301.415700528408,0.2690228089887654,0 days 04:07:00
782,CLOSED,2025-01-27 18:50:00+00:00,99000.0,100000.0,2025-01-27 20:20:00+00:00,33.70786516853933,3294.6935894430476,1.0230956006515155,3298.224869704829,0.2724208375893724,0 days 01:30:00
783,CLOSED,2025-01-27 21:43:00+00:00,101000.0,102000.0,2025-01-27 23:08:00+00:00,33.70786516853933,3301.681089562783,1.0209303761982358,3304.5354852484666,0.26569206808321155,0 days 01:25:00
784,CLOSED,2025-01-28 14:13:00+00:00,102000.0,103000.0,2025-01-28 15:01:00+00:00,33.70786516853933,3304.7976121846564,1.019967608432655,3307.3186003722867,0.2624266358228695,0 days 00:48:00
785,CLOSED,2025-01-28 16:25:00+00:00,102000.0,103000.0,2025-01-28 17:10:00+00:00,33.70786516853933,3305.0600388204793,1.0198866215020137,3307.5810270081097,0.2624266358228695,0 days 00:45:00
786,CLOSED,2025-01-28 19:05:00+00:00,102000.0,103000.0,2025-01-29 08:05:00+00:00,33.70786516853933,3305.3224654563023,1.0198056474313144,3308.109145712016,0.2624266358228695,0 days 13:00:00
787,CLOSED,2025-01-28 21:37:00+00:00,101000.0,102000.0,2025-01-29 02:04:00+00:00,33.70786516853933,3302.7340615383355,1.020604884937027,3305.588457224019,0.26569206808321155,0 days 04:27:00
788,CLOSED,2025-01-29 13:05:00+00:00,102000.0,103000.0,2025-01-29 18:55:00+00:00,33.70786516853933,3305.8505841602087,1.0196427306802254,3308.371572347839,0.2624266358228695,0 days 05:50:00
789,CLOSED,2025-01-29 19:03:00+00:00,102000.0,103000.0,2025-01-29 19:40:00+00:00,33.70786516853933,3306.1130107960316,1.0195617953308649,3308.633998983662,0.2624266358228695,0 days 00:37:00
790,CLOSED,2025-01-30 17:38:00+00:00,105000.0,106000.0,2025-01-31 15:55:00+00:00,33.70786516853933,3312.940887991245,1.017460507391595,3314.7370980032847,0.25300353130015907,0 days 22:17:00
791,CLOSED,2025-01-31 03:05:00+00:00,104000.0,105000.0,2025-01-31 13:06:00+00:00,33.70786516853933,3311.3333464104926,1.017954450435468,3313.1972622349786,0.2560841616248979,0 days 10:01:00
792,CLOSED,2025-01-31 16:26:00+00:00,105000.0,106000.0,2025-05-18 23:50:00+00:00,33.70786516853933,3313.44997568417,1.017304181922325,3403.481099526003,0.25300353130015907,107 days 07:24:00
793,CLOSED,2025-01-31 18:29:00+00:00,104000.0,105000.0,2025-05-12 01:07:00+00:00,33.70786516853933,3311.842434103418,1.0177979731594544,3398.8239162471978,0.2560841616248979,100 days 06:38:00
794,CLOSED,2025-01-31 18:45:00+00:00,103000.0,104000.0,2025-05-08 21:21:00+00:00,33.70786516853933,3309.911102548595,1.0183918577929374,3396.441844428384,0.2592246100141793,97 days 02:36:00
795,CLOSED,2025-01-31 20:16:00+00:00,102000.0,103000.0,2025-05-08 21:18:00+00:00,33.70786516853933,3307.6528374277195,1.0190871541026993,3394.2512914687777,0.2624266358228695,97 days 01:02:00
796,CLOSED,2025-02-01 20:47:00+00:00,101000.0,102000.0,2025-02-03 22:06:00+00:00,33.70786516853933,3305.0644335097527,1.0198852653757153,3311.6199437748814,0.26569206808321155,2 days 01:19:00
797,CLOSED,2025-02-02 03:10:00+00:00,100000.0,101000.0,2025-02-03 19:35:00+00:00,33.70786516853933,3302.1426220937324,1.020787683215414,3308.7658511229065,0.2690228089887654,1 days 16:25:00
798,CLOSED,2025-02-02 11:28:00+00:00,99000.0,100000.0,2025-02-03 19:00:00+00:00,33.70786516853933,3298.8840691046785,1.0217959910815444,3305.575020299327,0.2724208375893724,1 days 07:32:00
799,CLOSED,2025-02-02 17:17:00+00:00,98000.0,99000.0,2025-02-03 15:43:00+00:00,33.70786516853933,3295.2853731125606,1.022911868075953,3302.044049943531,0.27588821371244876,0 days 22:26:00
800,CLOSED,2025-02-02 18:44:00+00:00,97000.0,98000.0,2025-02-02 19:39:00+00:00,33.70786516853933,3291.3430632704076,1.0241370929910258,3295.565113643083,0.2794270821267162,0 days 00:55:00
801,CLOSED,2025-02-02 21:29:00+00:00,97000.0,98000.0,2025-02-02 22:59:00+00:00,33.70786516853933,3291.6224903525344,1.0240501536046194,3295.8445407252098,0.2794270821267162,0 days 01:30:00
802,CLOSED,2025-02-02 23:24:00+00:00,97000.0,98000.0,2025-02-03 15:25:00+00:00,33.70786516853933,3291.9019174346613,1.0239632289775953,3298.1694692801107,0.2794270821267162,0 days 16:01:00
803,CLOSED,2025-02-03 00:43:00+00:00,96000.0,97000.0,2025-02-03 15:17:00+00:00,33.70786516853933,3287.6124513316495,1.025299230597753,3293.947735972042,0.28303967696629684,0 days 14:34:00
804,CLOSED,2025-02-03 01:35:00+00:00,95000.0,96000.0,2025-02-03 14:33:00+00:00,33.70786516853933,3282.972212756727,1.0267484152792958,3289.375233884406,0.28672832643405854,0 days 12:58:00
805,CLOSED,2025-02-03 01:44:00+00:00,94000.0,95000.0,2025-02-03 07:48:00+00:00,33.70786516853933,3277.977509368085,1.0283128872057878,3284.4482707539514,0.29049545780539887,0 days 06:04:00
806,CLOSED,2025-02-03 01:49:00+00:00,93000.0,94000.0,2025-02-03 02:12:00+00:00,33.70786516853933,3272.62457026345,1.0299948694031165,3278.868732156746,0.2943436027546227,0 days 00:23:00
807,CLOSED,2025-02-03 01:55:00+00:00,92000.0,93000.0,2025-02-03 01:56:00+00:00,33.70786516853933,3266.9095434458754,1.0317967094058227,3272.923177982063,0.2982754030288248,0 days 00:01:00
808,CLOSED,2025-02-03 02:07:00+00:00,92000.0,93000.0,2025-02-03 02:08:00+00:00,33.70786516853933,3267.2078188489045,1.0317025128941817,3273.221453385092,0.2982754030288248,0 days 00:01:00
809,CLOSED,2025-02-03 04:34:00+00:00,93000.0,94000.0,2025-02-03 05:56:00+00:00,33.70786516853933,3273.515464672263,1.0297145540417993,3279.1630757595008,0.2943436027546227,0 days 01:22:00
810,CLOSED,2025-02-04 00:55:00+00:00,101000.0,102000.0,2025-05-08 20:39:00+00:00,33.70786516853933,3309.0312401572814,1.0186626454133192,3391.7306029807805,0.26569206808321155,93 days 19:44:00
811,CLOSED,2025-02-04 05:01:00+00:00,100000.0,101000.0,2025-05-08 15:40:00+00:00,33.70786516853933,3306.109428741261,1.0195628999906685,3388.876510328805,0.2690228089887654,93 days 10:39:00
812,CLOSED,2025-02-04 05:16:00+00:00,99000.0,100000.0,2025-02-04 14:33:00+00:00,33.70786516853933,3302.8508757522072,1.0205687884973775,3306.6580442277013,0.2724208375893724,0 days 09:17:00
813,CLOSED,2025-02-04 08:43:00+00:00,98000.0,99000.0,2025-02-04 11:04:00+00:00,33.70786516853933,3299.2521797600893,1.021681985248865,3303.127073871905,0.27588821371244876,0 days 02:21:00
814,CLOSED,2025-02-04 15:16:00+00:00,99000.0,100000.0,2025-02-04 19:15:00+00:00,33.70786516853933,3303.3991848035093,1.0203993911363853,3306.9304650652907,0.2724208375893724,0 days 03:59:00
815,CLOSED,2025-02-04 19:52:00+00:00,99000.0,100000.0,2025-02-07 14:45:00+00:00,33.70786516853933,3303.6716056410987,1.020315248978813,3309.427759681078,0.2724208375893724,2 days 18:53:00
816,CLOSED,2025-02-04 20:25:00+00:00,98000.0,99000.0,2025-02-04 20:54:00+00:00,33.70786516853933,3300.072909648981,1.0214278923954057,3303.9478037607964,0.27588821371244876,0 days 00:29:00
817,CLOSED,2025-02-04 21:01:00+00:00,98000.0,99000.0,2025-02-05 14:41:00+00:00,33.70786516853933,3300.3487978626936,1.0213425075061324,3304.503119056636,0.27588821371244876,0 days 17:40:00
818,CLOSED,2025-02-04 21:32:00+00:00,97000.0,98000.0,2025-02-04 23:52:00+00:00,33.70786516853933,3296.4064880205406,1.0225639735583876,3300.628538393216,0.2794270821267162,0 days 02:20:00
819,CLOSED,2025-02-05 15:04:00+00:00,98000.0,99000.0,2025-02-06 10:50:00+00:00,33.70786516853933,3300.904113158533,1.0211706857575247,3305.0584343524756,0.27588821371244876,0 days 19:46:00
820,CLOSED,2025-02-05 18:13:00+00:00,97000.0,98000.0,2025-02-06 06:16:00+00:00,33.70786516853933,3296.96180331638,1.0223917406211056,3301.1838536890555,0.2794270821267162,0 days 12:03:00
821,CLOSED,2025-02-06 14:31:00+00:00,98000.0,99000.0,2025-02-07 14:06:00+00:00,33.70786516853933,3301.4594284543728,1.0209989218107751,3305.8967893252816,0.27588821371244876,0 days 23:35:00
822,CLOSED,2025-02-06 15:45:00+00:00,97000.0,98000.0,2025-02-07 12:47:00+00:00,33.70786516853933,3297.5171186122197,1.022219565693278,3302.0222086618614,0.2794270821267162,0 days 21:02:00
823,CLOSED,2025-02-06 18:31:00+00:00,96000.0,97000.0,2025-02-06 20:47:00+00:00,33.70786516853933,3293.227652509208,1.0235510181889886,3297.800475353793,0.28303967696629684,0 days 02:16:00
824,CLOSED,2025-02-07 15:02:00+00:00,99000.0,100000.0,2025-05-08 15:21:00+00:00,33.70786516853933,3306.168900256886,1.019544560047137,3385.6856795052263,0.2724208375893724,90 days 00:19:00
825,CLOSED,2025-02-07 15:19:00+00:00,98000.0,99000.0,2025-02-07 15:51:00+00:00,33.70786516853933,3302.570204264768,1.0206555223265423,3306.4450983765837,0.27588821371244876,0 days 00:32:00
826,CLOSED,2025-02-07 15:57:00+00:00,98000.0,99000.0,2025-02-21 13:01:00+00:00,33.70786516853933,3302.846092478481,1.0205702665135294,3311.816235585364,0.27588821371244876,13 days 21:04:00
827,CLOSED,2025-02-07 19:40:00+00:00,97000.0,98000.0,2025-02-10 13:55:00+00:00,33.70786516853933,3298.903782636328,1.021789885050894,3304.2616803663363,0.2794270821267162,2 days 18:15:00
828,CLOSED,2025-02-07 20:37:00+00:00,96000.0,97000.0,2025-02-09 02:00:00+00:00,33.70786516853933,3294.614316533316,1.023120217725748,3299.187139377901,0.28303967696629684,1 days 05:23:00
829,CLOSED,2025-02-09 13:48:00+00:00,96000.0,97000.0,2025-02-10 00:06:00+00:00,33.70786516853933,3294.8973562102824,1.023032329216755,3299.7569073813015,0.28303967696629684,0 days 10:18:00
830,CLOSED,2025-02-09 21:44:00+00:00,95000.0,96000.0,2025-02-09 22:41:00+00:00,33.70786516853933,3290.25711763536,1.024475108278604,3295.184405293665,0.28672832643405854,0 days 00:57:00
831,CLOSED,2025-02-10 01:41:00+00:00,96000.0,97000.0,2025-02-10 03:36:00+00:00,33.70786516853933,3295.467124213683,1.022855452596336,3300.039947058268,0.28303967696629684,0 days 01:55:00
832,CLOSED,2025-02-10 15:26:00+00:00,97000.0,98000.0,2025-02-11 00:42:00+00:00,33.70786516853933,3300.319057075788,1.0213517113222932,3304.541107448463,0.2794270821267162,0 days 09:16:00
833,CLOSED,2025-02-11 13:50:00+00:00,97000.0,98000.0,2025-02-12 22:32:00+00:00,33.70786516853933,3300.5984841579148,1.0212652441770496,3305.6770308604246,0.2794270821267162,1 days 08:42:00
834,CLOSED,2025-02-11 17:53:00+00:00,96000.0,97000.0,2025-02-12 16:57:00+00:00,33.70786516853933,3296.309018054903,1.022594210188151,3301.455297552356,0.28303967696629684,0 days 23:04:00
835,CLOSED,2025-02-11 19:27:00+00:00,95000.0,96000.0,2025-02-11 21:35:00+00:00,33.70786516853933,3291.6687794799805,1.0240357528883728,3296.5960671382854,0.28672832643405854,0 days 02:08:00
836,CLOSED,2025-02-12 13:32:00+00:00,95000.0,96000.0,2025-02-12 16:50:00+00:00,33.70786516853933,3291.9555078064145,1.0239465596848383,3296.8827954647195,0.28672832643405854,0 days 03:18:00
837,CLOSED,2025-02-13 04:52:00+00:00,97000.0,98000.0,2025-02-14 17:43:00+00:00,33.70786516853933,3301.734407569876,1.0209138897198216,3306.239497619518,0.2794270821267162,1 days 12:51:00
838,CLOSED,2025-02-13 06:46:00+00:00,96000.0,97000.0,2025-02-14 03:49:00+00:00,33.70786516853933,3297.4449414668643,1.022241940862989,3302.0177643114494,0.28303967696629684,0 days 21:03:00
839,CLOSED,2025-02-14 21:08:00+00:00,97000.0,98000.0,2025-02-20 14:33:00+00:00,33.70786516853933,3302.2968743289694,1.0207400016205026,3307.662227839817,0.2794270821267162,5 days 17:25:00
840,CLOSED,2025-02-17 05:00:00+00:00,96000.0,97000.0,2025-02-17 14:17:00+00:00,33.70786516853933,3298.0074082259575,1.022067600104975,3302.5802310705426,0.28303967696629684,0 days 09:17:00
841,CLOSED,2025-02-17 15:47:00+00:00,96000.0,97000.0,2025-02-20 01:03:00+00:00,33.70786516853933,3298.290447902924,1.0219798923400158,3303.4404945317488,0.28303967696629684,2 days 09:16:00
842,CLOSED,2025-02-18 16:36:00+00:00,95000.0,96000.0,2025-02-19 09:56:00+00:00,33.70786516853933,3293.6502093280014,1.0234197023434584,3298.867992444112,0.28672832643405854,0 days 17:20:00
843,CLOSED,2025-02-18 18:00:00+00:00,94000.0,95000.0,2025-02-18 21:07:00+00:00,33.70786516853933,3288.6555059393595,1.0249740390157143,3293.941029313658,0.29049545780539887,0 days 03:07:00
844,CLOSED,2025-02-20 14:57:00+00:00,97000.0,98000.0,2025-02-20 18:00:00+00:00,33.70786516853933,3303.7196045492688,1.020300425076121,3307.941654921944,0.2794270821267162,0 days 03:03:00
845,CLOSED,2025-02-21 15:25:00+00:00,98000.0,99000.0,2025-05-08 03:44:00+00:00,33.70786516853933,3308.2172296872614,1.0189132946304698,3382.15470914943,0.27588821371244876,75 days 12:19:00
846,CLOSED,2025-02-21 17:45:00+00:00,97000.0,98000.0,2025-05-08 01:00:00+00:00,33.70786516853933,3304.2749198451083,1.020128953740914,3378.2801284860097,0.2794270821267162,75 days 07:15:00
847,CLOSED,2025-02-21 19:26:00+00:00,96000.0,97000.0,2025-05-01 15:09:00+00:00,33.70786516853933,3299.9854537420965,1.021454962182197,3372.624596581963,0.28303967696629684,68 days 19:43:00
848,CLOSED,2025-02-21 20:56:00+00:00,95000.0,96000.0,2025-02-21 23:25:00+00:00,33.70786516853933,3295.345215167174,1.0228932924355032,3300.272502825479,0.28672832643405854,0 days 02:29:00
849,CLOSED,2025-02-24 14:50:00+00:00,95000.0,96000.0,2025-05-01 10:17:00+00:00,33.70786516853933,3295.631943493608,1.0228042981282235,3368.0520944943264,0.28672832643405854,65 days 19:27:00
850,CLOSED,2025-02-24 15:46:00+00:00,94000.0,95000.0,2025-02-24 17:20:00+00:00,33.70786516853933,3290.637240104966,1.0243567646327403,3295.9227634792646,0.29049545780539887,0 days 01:34:00
851,CLOSED,2025-02-24 19:42:00+00:00,94000.0,95000.0,2025-03-02 17:47:00+00:00,33.70786516853933,3290.927735562772,1.024266343021812,3308.5799862812482,0.29049545780539887,5 days 22:05:00
852,CLOSED,2025-02-24 22:17:00+00:00,93000.0,94000.0,2025-03-02 17:40:00+00:00,33.70786516853933,3285.574796458137,1.0259351028890453,3303.2947912867976,0.2943436027546227,5 days 19:23:00
853,CLOSED,2025-02-24 23:33:00+00:00,92000.0,93000.0,2025-03-02 17:31:00+00:00,33.70786516853933,3279.8597696405623,1.0277227545076828,3297.6475125151437,0.2982754030288248,5 days 17:58:00
854,CLOSED,2025-02-25 00:14:00+00:00,91000.0,92000.0,2025-02-25 00:20:00+00:00,33.70786516853933,3273.778719374038,1.0296317515004323,3280.1623995948776,0.3022936164958665,0 days 00:06:00
855,CLOSED,2025-02-25 07:06:00+00:00,91000.0,92000.0,2025-03-02 17:17:00+00:00,33.70786516853933,3274.081012990534,1.0295366863189095,3291.6342143167753,0.3022936164958665,5 days 10:11:00
856,CLOSED,2025-02-25 07:24:00+00:00,90000.0,91000.0,2025-03-02 16:39:00+00:00,33.70786516853933,3267.629917039357,1.031569242060325,3285.250874545374,0.3064011235954993,5 days 09:15:00
857,CLOSED,2025-02-25 07:25:00+00:00,89000.0,90000.0,2025-02-25 08:16:00+00:00,33.70786516853933,3260.8046637848092,1.0337284395752389,3267.9408626270356,0.3106009342254765,0 days 00:51:00
858,CLOSED,2025-02-25 09:21:00+00:00,89000.0,90000.0,2025-03-02 16:35:00+00:00,33.70786516853933,3261.1152647190347,1.033629983374521,3278.493381674616,0.3106009342254765,5 days 07:14:00
859,CLOSED,2025-02-25 10:01:00+00:00,88000.0,89000.0,2025-02-25 11:47:00+00:00,33.70786516853933,3253.911650146472,1.0359182667735307,3261.749800064744,0.3148961950970417,0 days 01:46:00
860,CLOSED,2025-02-25 10:23:00+00:00,87000.0,88000.0,2025-02-25 10:30:00+00:00,33.70786516853933,3246.3253746954615,1.0383390842854583,3254.231293695484,0.31929019759783017,0 days 00:07:00
861,CLOSED,2025-02-25 14:41:00+00:00,88000.0,89000.0,2025-02-25 20:35:00+00:00,33.70786516853933,3254.545836539167,1.0357164059604624,3262.3839864574384,0.3148961950970417,0 days 05:54:00
862,CLOSED,2025-02-25 15:00:00+00:00,87000.0,88000.0,2025-02-25 19:56:00+00:00,33.70786516853933,3246.9595610881565,1.0381362790130586,3254.865480088179,0.31929019759783017,0 days 04:56:00
863,CLOSED,2025-02-25 20:59:00+00:00,88000.0,89000.0,2025-02-25 22:03:00+00:00,33.70786516853933,3255.180022931862,1.035514623801957,3262.6988826525358,0.3148961950970417,0 days 01:04:00
864,CLOSED,2025-02-26 12:50:00+00:00,88000.0,89000.0,2025-03-02 16:17:00+00:00,33.70786516853933,3255.494919126959,1.03541446096248,3271.357531785404,0.3148961950970417,4 days 03:27:00
865,CLOSED,2025-02-26 14:00:00+00:00,87000.0,88000.0,2025-02-26 15:01:00+00:00,33.70786516853933,3247.9086436759485,1.0378329216301208,3256.1383490621743,0.31929019759783017,0 days 01:01:00
866,CLOSED,2025-02-26 14:21:00+00:00,86000.0,87000.0,2025-02-26 14:47:00+00:00,33.70786516853933,3239.935308945589,1.0403869816619666,3248.232787914256,0.32378638620329525,0 days 00:26:00
867,CLOSED,2025-02-26 16:10:00+00:00,87000.0,88000.0,2025-03-02 15:37:00+00:00,33.70786516853933,3248.55172025975,1.0376274743701508,3263.519735218546,0.31929019759783017,3 days 23:27:00
868,CLOSED,2025-02-26 17:52:00+00:00,86000.0,87000.0,2025-02-27 10:56:00+00:00,33.70786516853933,3240.5783855293903,1.0401805220654372,3251.2076774676398,0.32378638620329525,0 days 17:04:00
869,CLOSED,2025-02-26 18:36:00+00:00,85000.0,86000.0,2025-02-27 06:20:00+00:00,33.70786516853933,3232.213490830387,1.0428724855015519,3242.9105609576645,0.3283883674818213,0 days 11:44:00
870,CLOSED,2025-02-26 18:38:00+00:00,84000.0,85000.0,2025-02-26 18:45:00+00:00,33.70786516853933,3223.4524295748733,1.0457069215376913,3232.5469579250903,0.33309991974317654,0 days 00:07:00
871,CLOSED,2025-02-26 18:52:00+00:00,84000.0,85000.0,2025-02-26 19:17:00+00:00,33.70786516853933,3223.7855294946166,1.0455988731304842,3232.8800578448336,0.33309991974317654,0 days 00:25:00
872,CLOSED,2025-02-26 19:44:00+00:00,84000.0,85000.0,2025-02-26 21:21:00+00:00,33.70786516853933,3224.11862941436,1.0454908470493265,3233.5510827679614,0.33309991974317654,0 days 01:37:00
873,CLOSED,2025-02-26 20:16:00+00:00,83000.0,84000.0,2025-02-26 20:41:00+00:00,33.70786516853933,3214.9566853338065,1.0484702740260858,3224.456926422618,0.33792500338432063,0 days 00:25:00
874,CLOSED,2025-02-26 21:34:00+00:00,84000.0,85000.0,2025-02-26 22:03:00+00:00,33.70786516853933,3224.7896543374877,1.045273297847527,3233.8841826877047,0.33309991974317654,0 days 00:29:00
875,CLOSED,2025-02-26 23:22:00+00:00,84000.0,85000.0,2025-02-27 01:24:00+00:00,33.70786516853933,3225.122754257231,1.0451653390260642,3234.217282607448,0.33309991974317654,0 days 02:02:00
876,CLOSED,2025-02-27 13:50:00+00:00,86000.0,87000.0,2025-03-02 15:28:00+00:00,33.70786516853933,3243.2339848851766,1.0393288096274287,3255.614174070627,0.32378638620329525,3 days 01:38:00
877,CLOSED,2025-02-27 14:58:00+00:00,85000.0,86000.0,2025-02-27 15:39:00+00:00,33.70786516853933,3234.8690901861733,1.0420163607486006,3243.56273571135,0.3283883674818213,0 days 00:41:00
878,CLOSED,2025-02-27 16:26:00+00:00,85000.0,86000.0,2025-03-01 04:32:00+00:00,33.70786516853933,3235.1974785536554,1.0419105909914639,3246.9886691931697,0.3283883674818213,1 days 12:06:00
879,CLOSED,2025-02-27 19:30:00+00:00,84000.0,85000.0,2025-02-28 18:52:00+00:00,33.70786516853933,3226.436417298142,1.044739793656517,3237.96229092321,0.33309991974317654,0 days 23:22:00
880,CLOSED,2025-02-27 20:16:00+00:00,83000.0,84000.0,2025-02-27 21:16:00+00:00,33.70786516853933,3217.2744732175884,1.0477149353946222,3226.7747143064,0.33792500338432063,0 days 01:00:00
881,CLOSED,2025-02-28 01:30:00+00:00,83000.0,84000.0,2025-02-28 15:24:00+00:00,33.70786516853933,3217.612398220973,1.0476049006765547,3228.8681345778664,0.33792500338432063,0 days 13:54:00
882,CLOSED,2025-02-28 01:32:00+00:00,82000.0,83000.0,2025-02-28 15:10:00+00:00,33.70786516853933,3208.044741401824,1.050729272367004,3219.368270441644,0.3428677719923243,0 days 13:38:00
883,CLOSED,2025-02-28 02:32:00+00:00,81000.0,82000.0,2025-02-28 14:06:00+00:00,33.70786516853933,3198.0664241277564,1.0540076626999029,3209.4577509203855,0.3479325842696639,0 days 11:34:00
884,CLOSED,2025-02-28 02:44:00+00:00,80000.0,81000.0,2025-02-28 03:00:00+00:00,33.70786516853933,3187.67237651661,1.0574444669051668,3198.419935363712,0.3531240168539327,0 days 00:16:00
885,CLOSED,2025-02-28 04:02:00+00:00,80000.0,81000.0,2025-02-28 13:05:00+00:00,33.70786516853933,3188.025500533464,1.05732733828192,3199.1315062586773,0.3531240168539327,0 days 09:03:00
886,CLOSED,2025-02-28 07:36:00+00:00,79000.0,80000.0,2025-02-28 09:27:00+00:00,33.70786516853933,3177.210525956026,1.0609263973276244,3188.384339958866,0.35844687811122355,0 days 01:51:00
887,CLOSED,2025-02-28 20:19:00+00:00,84000.0,85000.0,2025-03-01 02:27:00+00:00,33.70786516853933,3229.200862492736,1.043845415751531,3238.295390842953,0.33309991974317654,0 days 06:08:00
888,CLOSED,2025-03-01 06:32:00+00:00,85000.0,86000.0,2025-03-01 21:57:00+00:00,33.70786516853933,3238.623412035475,1.0408084201229784,3247.317057560652,0.3283883674818213,0 days 15:25:00
889,CLOSED,2025-03-02 15:49:00+00:00,87000.0,88000.0,2025-03-02 16:03:00+00:00,33.70786516853933,3255.9331064161215,1.0352751136721703,3263.839025416144,0.31929019759783017,0 days 00:14:00
890,CLOSED,2025-03-02 17:48:00+00:00,94000.0,95000.0,2025-04-25 14:12:00+00:00,33.70786516853933,3303.5849583647555,1.0203420100697036,3361.083966869334,0.29049545780539887,53 days 20:24:00
891,CLOSED,2025-03-02 18:34:00+00:00,93000.0,94000.0,2025-03-02 20:22:00+00:00,33.70786516853933,3298.2320192601205,1.0219979968571429,3303.879630347358,0.2943436027546227,0 days 01:48:00
892,CLOSED,2025-03-03 01:13:00+00:00,93000.0,94000.0,2025-04-23 07:58:00+00:00,33.70786516853933,3298.5263628628754,1.0219067989889707,3354.3191902605604,0.2943436027546227,51 days 06:45:00
893,CLOSED,2025-03-03 06:44:00+00:00,92000.0,93000.0,2025-03-03 12:02:00+00:00,33.70786516853933,3292.811336045301,1.023680427710833,3298.8249705814883,0.2982754030288248,0 days 05:18:00
894,CLOSED,2025-03-03 14:38:00+00:00,92000.0,93000.0,2025-04-22 21:49:00+00:00,33.70786516853933,3293.10961144833,1.0235877072343913,3348.6719114889065,0.2982754030288248,50 days 07:11:00
895,CLOSED,2025-03-03 14:43:00+00:00,91000.0,92000.0,2025-03-06 02:56:00+00:00,33.70786516853933,3287.0285611818053,1.0254813592620604,3300.137911719567,0.3022936164958665,2 days 12:13:00
896,CLOSED,2025-03-03 14:56:00+00:00,90000.0,91000.0,2025-03-03 15:23:00+00:00,33.70786516853933,3280.5774652306286,1.0274979184547202,3287.335302754839,0.3064011235954993,0 days 00:27:00
897,CLOSED,2025-03-03 15:59:00+00:00,90000.0,91000.0,2025-03-03 17:43:00+00:00,33.70786516853933,3280.883866354224,1.0274019606184994,3287.641703878435,0.3064011235954993,0 days 01:44:00
898,CLOSED,2025-03-03 18:05:00+00:00,90000.0,91000.0,2025-03-05 23:45:00+00:00,33.70786516853933,3281.19026747782,1.0273060207035734,3293.44817082457,0.3064011235954993,2 days 05:40:00
899,CLOSED,2025-03-03 18:18:00+00:00,89000.0,90000.0,2025-03-05 10:33:00+00:00,33.70786516853933,3274.365014223272,1.0294473897112335,3285.4396836951673,0.3106009342254765,1 days 16:15:00
900,CLOSED,2025-03-03 18:27:00+00:00,88000.0,89000.0,2025-03-05 10:25:00+00:00,33.70786516853933,3267.161399650709,1.0317171711242372,3278.303833805955,0.3148961950970417,1 days 15:58:00
901,CLOSED,2025-03-03 18:39:00+00:00,87000.0,88000.0,2025-03-04 19:14:00+00:00,33.70786516853933,3259.5751241996986,1.034118370774332,3270.146747041499,0.31929019759783017,1 days 00:35:00
902,CLOSED,2025-03-03 19:54:00+00:00,86000.0,87000.0,2025-03-03 22:54:00+00:00,33.70786516853933,3251.601789469339,1.0366541585044595,3259.8992684380055,0.32378638620329525,0 days 03:00:00
903,CLOSED,2025-03-03 23:05:00+00:00,86000.0,87000.0,2025-03-04 19:02:00+00:00,33.70786516853933,3251.9255758555423,1.0365509413502243,3262.24118589358,0.32378638620329525,0 days 19:57:00
904,CLOSED,2025-03-04 01:38:00+00:00,85000.0,86000.0,2025-03-04 18:13:00+00:00,33.70786516853933,3243.560681156539,1.0392241268789921,3253.944069383605,0.3283883674818213,0 days 16:35:00
905,CLOSED,2025-03-04 01:41:00+00:00,84000.0,85000.0,2025-03-04 17:36:00+00:00,33.70786516853933,3234.7996199010254,1.04203873900451,3245.2507910333884,0.33309991974317654,0 days 15:55:00
906,CLOSED,2025-03-04 01:45:00+00:00,83000.0,84000.0,2025-03-04 02:53:00+00:00,33.70786516853933,3225.637675820472,1.0449984950639382,3235.1379169092834,0.33792500338432063,0 days 01:08:00
907,CLOSED,2025-03-04 13:20:00+00:00,83000.0,84000.0,2025-03-04 14:36:00+00:00,33.70786516853933,3225.9756008238564,1.044889030156674,3235.475841912668,0.33792500338432063,0 days 01:16:00
908,CLOSED,2025-03-04 15:00:00+00:00,83000.0,84000.0,2025-03-04 17:15:00+00:00,33.70786516853933,3226.313525827241,1.0447795881801811,3236.156634688045,0.33792500338432063,0 days 02:15:00
909,CLOSED,2025-03-04 15:20:00+00:00,82000.0,83000.0,2025-03-04 15:41:00+00:00,33.70786516853933,3216.745869008092,1.0478871052046583,3226.656770551823,0.3428677719923243,0 days 00:21:00
910,CLOSED,2025-03-04 20:58:00+00:00,87000.0,88000.0,2025-03-04 21:24:00+00:00,33.70786516853933,3262.5601182390747,1.033172231221067,3270.466037239097,0.31929019759783017,0 days 00:26:00
911,CLOSED,2025-03-05 00:17:00+00:00,87000.0,88000.0,2025-03-05 09:07:00+00:00,33.70786516853933,3262.8794084366727,1.0330711297935957,3270.7853274366953,0.31929019759783017,0 days 08:50:00
912,CLOSED,2025-03-05 14:36:00+00:00,89000.0,90000.0,2025-03-05 17:29:00+00:00,33.70786516853933,3278.614085787167,1.0281132297534907,3286.3800770195867,0.3106009342254765,0 days 02:53:00
913,CLOSED,2025-03-05 15:28:00+00:00,88000.0,89000.0,2025-03-05 16:19:00+00:00,33.70786516853933,3271.4104712146036,1.0303771252533873,3278.929330935277,0.3148961950970417,0 days 00:51:00
914,CLOSED,2025-03-05 16:20:00+00:00,88000.0,89000.0,2025-03-05 16:58:00+00:00,33.70786516853933,3271.7253674097005,1.0302779537766218,3279.2442271303744,0.3148961950970417,0 days 00:38:00
915,CLOSED,2025-03-05 18:08:00+00:00,89000.0,90000.0,2025-03-05 19:04:00+00:00,33.70786516853933,3279.5544791115863,1.0278184242168957,3286.690677953812,0.3106009342254765,0 days 00:56:00
916,CLOSED,2025-03-06 00:57:00+00:00,90000.0,91000.0,2025-03-06 01:46:00+00:00,33.70786516853933,3286.996734423955,1.0254912886138483,3293.7545719481654,0.3064011235954993,0 days 00:49:00
917,CLOSED,2025-03-06 09:05:00+00:00,91000.0,92000.0,2025-04-22 21:49:00+00:00,33.70786516853933,3294.0565251152234,1.0232934654137502,3342.658613290538,0.3022936164958665,47 days 12:44:00
918,CLOSED,2025-03-06 12:49:00+00:00,90000.0,91000.0,2025-03-06 15:08:00+00:00,33.70786516853933,3287.6054291640467,1.0253014205877609,3294.363266688257,0.3064011235954993,0 days 02:19:00
919,CLOSED,2025-03-06 16:28:00+00:00,90000.0,91000.0,2025-03-07 00:13:00+00:00,33.70786516853933,3287.9118302876423,1.025205872554995,3295.2951649411752,0.3064011235954993,0 days 07:45:00
920,CLOSED,2025-03-06 17:01:00+00:00,89000.0,90000.0,2025-03-06 22:00:00+00:00,33.70786516853933,3281.0865770330947,1.027338486112716,3288.5376720704176,0.3106009342254765,0 days 04:59:00
921,CLOSED,2025-03-06 19:30:00+00:00,88000.0,89000.0,2025-03-06 19:48:00+00:00,33.70786516853933,3273.8829624605314,1.0295989671911094,3281.401822181205,0.3148961950970417,0 days 00:18:00
922,CLOSED,2025-03-07 00:15:00+00:00,90000.0,91000.0,2025-03-07 14:48:00+00:00,33.70786516853933,3288.8437285405603,1.0249153791049035,3297.8284192772003,0.3064011235954993,0 days 14:33:00
923,CLOSED,2025-03-07 00:15:00+00:00,89000.0,90000.0,2025-03-07 13:30:00+00:00,33.70786516853933,3282.0184752860123,1.027046783019765,3290.760325472217,0.3106009342254765,0 days 13:15:00
924,CLOSED,2025-03-07 00:20:00+00:00,88000.0,89000.0,2025-03-07 09:28:00+00:00,33.70786516853933,3274.8148607134494,1.0293059791842936,3283.624475583005,0.3148961950970417,0 days 09:08:00
925,CLOSED,2025-03-07 00:23:00+00:00,87000.0,88000.0,2025-03-07 01:41:00+00:00,33.70786516853933,3267.228585262439,1.0316959554218565,3275.786679016147,0.31929019759783017,0 days 01:18:00
926,CLOSED,2025-03-07 00:36:00+00:00,86000.0,87000.0,2025-03-07 01:18:00+00:00,33.70786516853933,3259.2552505320796,1.0342198624374834,3267.881117868228,0.32378638620329525,0 days 00:42:00
927,CLOSED,2025-03-07 00:54:00+00:00,85000.0,86000.0,2025-03-07 01:05:00+00:00,33.70786516853933,3250.8903558330762,1.0368810227037422,3259.584001358253,0.3283883674818213,0 days 00:11:00
928,CLOSED,2025-03-07 03:36:00+00:00,87000.0,88000.0,2025-03-07 05:08:00+00:00,33.70786516853933,3268.2000502137225,1.0313892861709923,3276.105969213745,0.31929019759783017,0 days 01:32:00
929,CLOSED,2025-03-07 14:27:00+00:00,89000.0,90000.0,2025-03-07 14:43:00+00:00,33.70786516853933,3283.9347275642167,1.0264474773389105,3291.0709264064426,0.3106009342254765,0 days 00:16:00
930,CLOSED,2025-03-07 15:13:00+00:00,90000.0,91000.0,2025-04-22 15:02:00+00:00,33.70786516853933,3291.3769828765853,1.0241265386464316,3336.2752735191366,0.3064011235954993,45 days 23:49:00
931,CLOSED,2025-03-07 15:30:00+00:00,89000.0,90000.0,2025-04-22 13:41:00+00:00,33.70786516853933,3284.551729622038,1.026254659487984,3329.517780648379,0.3106009342254765,45 days 22:11:00
932,CLOSED,2025-03-07 16:21:00+00:00,88000.0,89000.0,2025-03-07 18:53:00+00:00,33.70786516853933,3277.3481150494745,1.0285103682991112,3285.186264967746,0.3148961950970417,0 days 02:32:00
933,CLOSED,2025-03-07 16:42:00+00:00,87000.0,88000.0,2025-03-07 17:45:00+00:00,33.70786516853933,3269.761839598464,1.03089664697655,3277.6677585984867,0.31929019759783017,0 days 01:03:00
934,CLOSED,2025-03-07 19:36:00+00:00,88000.0,89000.0,2025-04-22 12:56:00+00:00,33.70786516853933,3277.9823014421695,1.0283113839177636,3322.3819307591666,0.3148961950970417,45 days 17:20:00
935,CLOSED,2025-03-07 20:39:00+00:00,87000.0,88000.0,2025-03-07 20:52:00+00:00,33.70786516853933,3270.396025991159,1.0306967382741814,3278.3019449911817,0.31929019759783017,0 days 00:13:00
936,CLOSED,2025-03-07 20:56:00+00:00,87000.0,88000.0,2025-03-24 14:04:00+00:00,33.70786516853933,3270.7153161887572,1.0305961207231527,3292.6654836148437,0.31929019759783017,16 days 17:08:00
937,CLOSED,2025-03-07 21:06:00+00:00,86000.0,87000.0,2025-03-07 21:24:00+00:00,33.70786516853933,3262.7419814583977,1.033114642840143,3271.039460427064,0.32378638620329525,0 days 00:18:00
938,CLOSED,2025-03-07 21:55:00+00:00,86000.0,87000.0,2025-03-19 23:43:00+00:00,33.70786516853933,3263.065767844601,1.0330121292898384,3283.446259426014,0.32378638620329525,12 days 01:48:00
939,CLOSED,2025-03-09 10:48:00+00:00,85000.0,86000.0,2025-03-19 22:41:00+00:00,33.70786516853933,3254.7008731455976,1.035667069949854,3275.1491429160387,0.3283883674818213,10 days 11:53:00
940,CLOSED,2025-03-09 13:50:00+00:00,84000.0,85000.0,2025-03-14 15:32:00+00:00,33.70786516853933,3245.939811890084,1.038462421424614,3263.7522291688124,0.33309991974317654,5 days 01:42:00
941,CLOSED,2025-03-09 14:17:00+00:00,83000.0,84000.0,2025-03-10 09:24:00+00:00,33.70786516853933,3236.7778678095306,1.0414018676960033,3247.3220332714586,0.33792500338432063,0 days 19:07:00
942,CLOSED,2025-03-09 21:24:00+00:00,82000.0,83000.0,2025-03-10 09:17:00+00:00,33.70786516853933,3227.2102109903817,1.0444892946157014,3237.8221691352364,0.3428677719923243,0 days 11:53:00
943,CLOSED,2025-03-09 22:32:00+00:00,81000.0,82000.0,2025-03-10 02:14:00+00:00,33.70786516853933,3217.231893716314,1.0477288017184996,3227.9116496139777,0.3479325842696639,0 days 03:42:00
944,CLOSED,2025-03-09 23:07:00+00:00,80000.0,81000.0,2025-03-09 23:17:00+00:00,33.70786516853933,3206.837846105168,1.051124714942443,3217.5854049522695,0.3531240168539327,0 days 00:10:00
945,CLOSED,2025-03-10 09:30:00+00:00,83000.0,84000.0,2025-03-12 12:30:00+00:00,33.70786516853933,3238.1597171860317,1.040957460796021,3252.2474980873208,0.33792500338432063,2 days 03:00:00
946,CLOSED,2025-03-10 10:25:00+00:00,82000.0,83000.0,2025-03-10 11:54:00+00:00,33.70786516853933,3228.592060366883,1.0440422493236547,3238.5029619106135,0.3428677719923243,0 days 01:29:00
947,CLOSED,2025-03-10 13:51:00+00:00,82000.0,83000.0,2025-03-11 18:46:00+00:00,33.70786516853933,3228.9349281388754,1.0439313866250066,3242.4047661791064,0.3428677719923243,1 days 04:55:00
948,CLOSED,2025-03-10 14:02:00+00:00,81000.0,82000.0,2025-03-11 11:33:00+00:00,33.70786516853933,3218.9566108648078,1.0471674285626156,3231.4452574724532,0.3479325842696639,0 days 21:31:00
949,CLOSED,2025-03-10 14:16:00+00:00,80000.0,81000.0,2025-03-10 15:37:00+00:00,33.70786516853933,3208.562563253661,1.0505596978092793,3219.3101221007632,0.3531240168539327,0 days 01:21:00
950,CLOSED,2025-03-10 16:00:00+00:00,80000.0,81000.0,2025-03-11 08:28:00+00:00,33.70786516853933,3208.9156872705153,1.0504440893307183,3221.119012810745,0.3531240168539327,0 days 16:28:00
951,CLOSED,2025-03-10 16:52:00+00:00,79000.0,80000.0,2025-03-11 04:19:00+00:00,33.70786516853933,3198.100712693077,1.0539963621143873,3210.371846510934,0.35844687811122355,0 days 11:27:00
952,CLOSED,2025-03-10 18:53:00+00:00,78000.0,79000.0,2025-03-10 19:31:00+00:00,33.70786516853933,3186.8594829598997,1.0577141963357621,3198.465016928168,0.3639062229904937,0 days 00:38:00
953,CLOSED,2025-03-11 00:21:00+00:00,78000.0,79000.0,2025-03-11 01:51:00+00:00,33.70786516853933,3187.22338918289,1.057593430160571,3199.198430520194,0.3639062229904937,0 days 01:30:00
954,CLOSED,2025-03-11 00:34:00+00:00,77000.0,78000.0,2025-03-11 01:30:00+00:00,33.70786516853933,3175.5504394842847,1.0614810191461972,3187.593300170779,0.36950736903546044,0 days 00:56:00
955,CLOSED,2025-03-11 13:07:00+00:00,81000.0,82000.0,2025-03-11 13:27:00+00:00,33.70786516853933,3221.4665581759136,1.0463515470303588,3231.7931900567232,0.3479325842696639,0 days 00:20:00
956,CLOSED,2025-03-11 13:34:00+00:00,81000.0,82000.0,2025-03-11 18:03:00+00:00,33.70786516853933,3221.8144907601836,1.0462385486566608,3232.4942466578473,0.3479325842696639,0 days 04:29:00
957,CLOSED,2025-03-11 14:28:00+00:00,80000.0,81000.0,2025-03-11 15:09:00+00:00,33.70786516853933,3211.420443149037,1.0496247926816538,3222.168001996139,0.3531240168539327,0 days 00:41:00
958,CLOSED,2025-03-12 04:02:00+00:00,82000.0,83000.0,2025-03-12 11:56:00+00:00,33.70786516853933,3232.836732407368,1.0426714356044324,3242.7476339510986,0.3428677719923243,0 days 07:54:00
959,CLOSED,2025-03-12 13:49:00+00:00,83000.0,84000.0,2025-03-13 00:26:00+00:00,33.70786516853933,3243.085182001894,1.0393764972812745,3253.276223446968,0.33792500338432063,0 days 10:37:00
960,CLOSED,2025-03-12 14:32:00+00:00,82000.0,83000.0,2025-03-12 19:20:00+00:00,33.70786516853933,3233.517525182745,1.0424519089821325,3243.7763593107456,0.3428677719923243,0 days 04:48:00
961,CLOSED,2025-03-12 15:05:00+00:00,81000.0,82000.0,2025-03-12 15:50:00+00:00,33.70786516853933,3223.5392079086773,1.0456787708938042,3233.865839789487,0.3479325842696639,0 days 00:45:00
962,CLOSED,2025-03-13 06:07:00+00:00,83000.0,84000.0,2025-03-14 15:03:00+00:00,33.70786516853933,3244.113907361541,1.0390469055987666,3254.658072823469,0.33792500338432063,1 days 08:56:00
963,CLOSED,2025-03-13 13:53:00+00:00,82000.0,83000.0,2025-03-14 10:27:00+00:00,33.70786516853933,3234.546250542392,1.0421203642670729,3245.1582086872468,0.3428677719923243,0 days 20:34:00
964,CLOSED,2025-03-13 15:40:00+00:00,81000.0,82000.0,2025-03-14 02:48:00+00:00,33.70786516853933,3224.5679332683244,1.0453451707675472,3235.247689165988,0.3479325842696639,0 days 11:08:00
965,CLOSED,2025-03-13 17:46:00+00:00,80000.0,81000.0,2025-03-13 19:03:00+00:00,33.70786516853933,3214.1738856571783,1.0487256249251535,3224.92144450428,0.3531240168539327,0 days 01:17:00
966,CLOSED,2025-03-14 16:34:00+00:00,84000.0,85000.0,2025-03-16 16:09:00+00:00,33.70786516853933,3254.9908007383387,1.0355748213141887,3264.42325409194,0.33309991974317654,1 days 23:35:00
967,CLOSED,2025-03-16 11:16:00+00:00,83000.0,84000.0,2025-03-16 16:08:00+00:00,33.70786516853933,3245.8288566577853,1.0384979201660114,3255.3290977465967,0.33792500338432063,0 days 04:52:00
968,CLOSED,2025-03-16 16:11:00+00:00,84000.0,85000.0,2025-03-19 18:53:00+00:00,33.70786516853933,3255.6618256614665,1.0353613788401,3266.455864565822,0.33309991974317654,3 days 02:42:00
969,CLOSED,2025-03-16 19:14:00+00:00,83000.0,84000.0,2025-03-17 12:00:00+00:00,33.70786516853933,3246.499881580913,1.038283271155549,3256.342990441717,0.33792500338432063,0 days 16:46:00
970,CLOSED,2025-03-16 23:06:00+00:00,82000.0,83000.0,2025-03-17 00:33:00+00:00,33.70786516853933,3236.9322247617642,1.0413522072128094,3246.8431263054954,0.3428677719923243,0 days 01:27:00
971,CLOSED,2025-03-17 13:02:00+00:00,83000.0,84000.0,2025-03-17 17:33:00+00:00,33.70786516853933,3247.18067435629,1.0380655882420664,3256.6809154451016,0.33792500338432063,0 days 04:31:00
972,CLOSED,2025-03-18 03:31:00+00:00,83000.0,84000.0,2025-03-19 11:38:00+00:00,33.70786516853933,3247.5185993596747,1.0379575709030775,3257.3617082204787,0.33792500338432063,1 days 08:07:00
973,CLOSED,2025-03-18 13:35:00+00:00,82000.0,83000.0,2025-03-19 00:28:00+00:00,33.70786516853933,3237.950942540526,1.041024579022554,3247.8618440842565,0.3428677719923243,0 days 10:53:00
974,CLOSED,2025-03-20 00:51:00+00:00,86000.0,87000.0,2025-03-24 05:19:00+00:00,33.70786516853933,3275.472566843551,1.0290992972968882,3284.7599224669248,0.32378638620329525,4 days 04:28:00
975,CLOSED,2025-03-20 10:20:00+00:00,85000.0,86000.0,2025-03-20 14:06:00+00:00,33.70786516853933,3267.1076721445475,1.031734137688009,3275.801317669724,0.3283883674818213,0 days 03:46:00
976,CLOSED,2025-03-20 15:36:00+00:00,85000.0,86000.0,2025-03-23 23:58:00+00:00,33.70786516853933,3267.4360605120296,1.0316304449200782,3276.4628059569495,0.3283883674818213,3 days 08:22:00
977,CLOSED,2025-03-20 16:30:00+00:00,84000.0,85000.0,2025-03-23 11:26:00+00:00,33.70786516853933,3258.674999256516,1.0344040193093806,3267.769527606733,0.33309991974317654,2 days 18:56:00
978,CLOSED,2025-03-25 01:30:00+00:00,87000.0,88000.0,2025-03-25 14:41:00+00:00,33.70786516853933,3285.078854812419,1.0260899862162998,3292.9847738124417,0.31929019759783017,0 days 13:11:00
979,CLOSED,2025-03-26 13:57:00+00:00,87000.0,88000.0,2025-04-02 20:14:00+00:00,33.70786516853933,3285.3981450100173,1.025990266042369,3296.9744646983645,0.31929019759783017,7 days 06:17:00
980,CLOSED,2025-03-26 19:07:00+00:00,86000.0,87000.0,2025-03-26 20:11:00+00:00,33.70786516853933,3277.424810279658,1.0284863000613913,3285.722289248324,0.32378638620329525,0 days 01:04:00
981,CLOSED,2025-03-27 13:35:00+00:00,86000.0,87000.0,2025-03-27 14:39:00+00:00,33.70786516853933,3277.748596665861,1.028384702927708,3286.0460756345274,0.32378638620329525,0 days 01:04:00
982,CLOSED,2025-03-28 04:55:00+00:00,86000.0,87000.0,2025-04-02 15:33:00+00:00,33.70786516853933,3278.072383052064,1.028283125864215,3289.0689035504456,0.32378638620329525,5 days 10:38:00
983,CLOSED,2025-03-28 10:55:00+00:00,85000.0,86000.0,2025-04-02 13:49:00+00:00,33.70786516853933,3269.707488353061,1.030913783224011,3280.771787040471,0.3283883674818213,5 days 02:54:00
984,CLOSED,2025-03-28 15:02:00+00:00,84000.0,85000.0,2025-04-01 15:16:00+00:00,33.70786516853933,3260.9464270975473,1.0336835002389628,3271.745408770511,0.33309991974317654,4 days 00:14:00
985,CLOSED,2025-03-29 10:53:00+00:00,83000.0,84000.0,2025-04-01 08:29:00+00:00,33.70786516853933,3251.784483016994,1.0365959166292993,3262.313327421783,0.33792500338432063,2 days 21:36:00
986,CLOSED,2025-03-29 17:12:00+00:00,82000.0,83000.0,2025-03-30 01:06:00+00:00,33.70786516853933,3242.216826197845,1.0396548712033125,3252.1277277415757,0.3428677719923243,0 days 07:54:00
987,CLOSED,2025-03-30 22:02:00+00:00,82000.0,83000.0,2025-03-31 12:51:00+00:00,33.70786516853933,3242.5596939698376,1.0395449382543542,3252.4705955135687,0.3428677719923243,0 days 14:49:00
988,CLOSED,2025-03-31 13:32:00+00:00,82000.0,83000.0,2025-03-31 14:07:00+00:00,33.70786516853933,3242.90256174183,1.039435028551525,3252.813463285561,0.3428677719923243,0 days 00:35:00
989,CLOSED,2025-04-01 14:10:00+00:00,83000.0,84000.0,2025-04-01 14:51:00+00:00,33.70786516853933,3253.151011336356,1.0361604810559513,3262.6512524251675,0.33792500338432063,0 days 00:41:00
990,CLOSED,2025-04-02 06:10:00+00:00,84000.0,85000.0,2025-04-02 09:06:00+00:00,33.70786516853933,3262.9839803400373,1.03303802199564,3272.0785086902542,0.33309991974317654,0 days 02:56:00
991,CLOSED,2025-04-02 20:26:00+00:00,87000.0,88000.0,2025-04-21 14:21:00+00:00,33.70786516853933,3289.38783589594,1.0247458448255076,3314.544134192309,0.31929019759783017,18 days 17:55:00
992,CLOSED,2025-04-02 20:27:00+00:00,86000.0,87000.0,2025-04-21 00:46:00+00:00,33.70786516853933,3281.4145011655805,1.0272358203014604,3306.63857304439,0.32378638620329525,18 days 04:19:00
993,CLOSED,2025-04-02 21:06:00+00:00,85000.0,86000.0,2025-04-13 01:31:00+00:00,33.70786516853933,3273.049606466577,1.0298611149046615,3295.686080280991,0.3283883674818213,10 days 04:25:00
994,CLOSED,2025-04-02 22:09:00+00:00,84000.0,85000.0,2025-04-12 14:25:00+00:00,33.70786516853933,3264.2885452110636,1.0326251708964604,3286.9928019307745,0.33309991974317654,9 days 16:16:00
995,CLOSED,2025-04-02 22:39:00+00:00,83000.0,84000.0,2025-04-04 07:51:00+00:00,33.70786516853933,3255.12660113051,1.0355316182428216,3264.969709991314,0.33792500338432063,1 days 09:12:00
996,CLOSED,2025-04-03 12:47:00+00:00,82000.0,83000.0,2025-04-03 23:46:00+00:00,33.70786516853933,3245.5589443113613,1.0385842853854383,3255.469845855092,0.3428677719923243,0 days 10:59:00
997,CLOSED,2025-04-04 10:22:00+00:00,83000.0,84000.0,2025-04-04 17:37:00+00:00,33.70786516853933,3255.8073939058872,1.0353150874843702,3265.993370538684,0.33792500338432063,0 days 07:15:00
998,CLOSED,2025-04-04 11:22:00+00:00,82000.0,83000.0,2025-04-04 12:30:00+00:00,33.70786516853933,3246.2397370867384,1.0383664762476743,3256.150638630469,0.3428677719923243,0 days 01:08:00
999,CLOSED,2025-04-04 14:49:00+00:00,82000.0,83000.0,2025-04-04 15:01:00+00:00,33.70786516853933,3246.582604858731,1.038256815584893,3256.493506402462,0.3428677719923243,0 days 00:12:00
1000,CLOSED,2025-04-05 13:19:00+00:00,83000.0,84000.0,2025-04-11 17:44:00+00:00,33.70786516853933,3256.831054453257,1.0349896756986696,3277.5607205820465,0.33792500338432063,6 days 04:25:00
1001,CLOSED,2025-04-06 16:57:00+00:00,82000.0,83000.0,2025-04-09 20:55:00+00:00,33.70786516853933,3247.263397634108,1.038039143763275,3265.9571705444923,0.3428677719923243,3 days 03:58:00
1002,CLOSED,2025-04-06 17:45:00+00:00,81000.0,82000.0,2025-04-09 17:58:00+00:00,33.70786516853933,3237.2850803600404,1.0412387025485703,3256.0466510232336,0.3479325842696639,3 days 00:13:00
1003,CLOSED,2025-04-06 18:20:00+00:00,80000.0,81000.0,2025-04-07 14:17:00+00:00,33.70786516853933,3226.891032748894,1.0445926071394047,3240.226027869254,0.3531240168539327,0 days 19:57:00
1004,CLOSED,2025-04-06 18:47:00+00:00,79000.0,80000.0,2025-04-07 14:13:00+00:00,33.70786516853933,3216.0760581714558,1.0481053482206637,3229.4788615694424,0.35844687811122355,0 days 19:26:00
1005,CLOSED,2025-04-06 22:51:00+00:00,78000.0,79000.0,2025-04-07 01:18:00+00:00,33.70786516853933,3204.8348284382782,1.0517816665442703,3216.4403624065467,0.3639062229904937,0 days 02:27:00
1006,CLOSED,2025-04-07 03:33:00+00:00,78000.0,79000.0,2025-04-07 14:10:00+00:00,33.70786516853933,3205.1987346612686,1.0516622512052014,3218.305445578703,0.3639062229904937,0 days 10:37:00
1007,CLOSED,2025-04-07 04:17:00+00:00,77000.0,78000.0,2025-04-07 13:56:00+00:00,33.70786516853933,3193.5257849626632,1.0555062785858615,3206.7003152292878,0.36950736903546044,0 days 09:39:00
1008,CLOSED,2025-04-07 06:25:00+00:00,76000.0,77000.0,2025-04-07 10:12:00+00:00,33.70786516853933,3181.415508545833,1.059524135655785,3194.282608002285,0.37525591366055266,0 days 03:47:00
1009,CLOSED,2025-04-07 06:44:00+00:00,75000.0,76000.0,2025-04-07 08:20:00+00:00,33.70786516853933,3168.8621511118527,1.0637214104347301,3181.7970815795406,0.38115775280898845,0 days 01:36:00
1010,CLOSED,2025-04-07 13:42:00+00:00,76000.0,77000.0,2025-04-07 13:51:00+00:00,33.70786516853933,3182.1719222123024,1.0592722829728516,3194.657863915946,0.37525591366055266,0 days 00:09:00
1011,CLOSED,2025-04-07 14:20:00+00:00,80000.0,81000.0,2025-04-09 17:25:00+00:00,33.70786516853933,3229.8315930390063,1.043641570699449,3245.7204063615254,0.3531240168539327,2 days 03:05:00
1012,CLOSED,2025-04-07 14:23:00+00:00,79000.0,80000.0,2025-04-07 22:50:00+00:00,33.70786516853933,3219.0166184615678,1.0471479076939028,3231.2821511333796,0.35844687811122355,0 days 08:27:00
1013,CLOSED,2025-04-07 14:29:00+00:00,78000.0,79000.0,2025-04-07 14:33:00+00:00,33.70786516853933,3207.77538872839,1.0508175007197629,3219.3809226966587,0.3639062229904937,0 days 00:04:00
1014,CLOSED,2025-04-07 15:14:00+00:00,78000.0,79000.0,2025-04-07 15:44:00+00:00,33.70786516853933,3208.1392949513806,1.0506983042034705,3219.744828919649,0.3639062229904937,0 days 00:30:00
1015,CLOSED,2025-04-07 16:18:00+00:00,78000.0,79000.0,2025-04-07 17:45:00+00:00,33.70786516853933,3208.503201174371,1.0505791347255515,3220.1087351426395,0.3639062229904937,0 days 01:27:00
1016,CLOSED,2025-04-08 00:58:00+00:00,79000.0,80000.0,2025-04-08 01:36:00+00:00,33.70786516853933,3220.4667840086504,1.0466763804525794,3231.6405980114905,0.35844687811122355,0 days 00:38:00
1017,CLOSED,2025-04-08 08:24:00+00:00,79000.0,80000.0,2025-04-08 11:58:00+00:00,33.70786516853933,3220.825230886762,1.0465598954358302,3231.9990448896024,0.35844687811122355,0 days 03:34:00
1018,CLOSED,2025-04-08 14:50:00+00:00,79000.0,80000.0,2025-04-09 17:21:00+00:00,33.70786516853933,3221.183677764873,1.0464434363435204,3234.973240061714,0.35844687811122355,1 days 02:31:00
1019,CLOSED,2025-04-08 16:18:00+00:00,78000.0,79000.0,2025-04-09 17:19:00+00:00,33.70786516853933,3209.9424480316957,1.0501080849349387,3223.7998240709744,0.3639062229904937,1 days 01:01:00
1020,CLOSED,2025-04-08 17:12:00+00:00,77000.0,78000.0,2025-04-09 14:00:00+00:00,33.70786516853933,3198.2694983330903,1.0539407384558295,3211.825186352524,0.36950736903546044,0 days 20:48:00
1021,CLOSED,2025-04-09 00:05:00+00:00,76000.0,77000.0,2025-04-09 06:01:00+00:00,33.70786516853933,3186.15922191626,1.0579466630756238,3199.4074791255216,0.37525591366055266,0 days 05:56:00
1022,CLOSED,2025-04-09 01:25:00+00:00,75000.0,76000.0,2025-04-09 01:49:00+00:00,33.70786516853933,3173.6058644822797,1.0621314242510136,3186.5407949499677,0.38115775280898845,0 days 00:24:00
1023,CLOSED,2025-04-09 04:00:00+00:00,75000.0,76000.0,2025-04-09 04:15:00+00:00,33.70786516853933,3173.9870222350883,1.0620038750127783,3186.921952702777,0.38115775280898845,0 days 00:15:00
1024,CLOSED,2025-04-09 11:06:00+00:00,76000.0,77000.0,2025-04-09 12:55:00+00:00,33.70786516853933,3187.2967933355385,1.057569073549116,3199.7827350391817,0.37525591366055266,0 days 01:49:00
1025,CLOSED,2025-04-09 14:52:00+00:00,77000.0,78000.0,2025-04-09 16:50:00+00:00,33.70786516853933,3200.1518330350655,1.0533208087370765,3212.1946937215594,0.36950736903546044,0 days 01:58:00
1026,CLOSED,2025-04-10 03:06:00+00:00,82000.0,83000.0,2025-04-11 13:39:00+00:00,33.70786516853933,3256.3891367727542,1.0351301319579245,3267.717988673832,0.3428677719923243,1 days 10:33:00
1027,CLOSED,2025-04-10 13:37:00+00:00,81000.0,82000.0,2025-04-11 09:27:00+00:00,33.70786516853933,3246.4108194986866,1.0383117554340988,3257.807469152573,0.3479325842696639,0 days 19:50:00
1028,CLOSED,2025-04-10 15:33:00+00:00,80000.0,81000.0,2025-04-11 04:15:00+00:00,33.70786516853933,3236.01677188754,1.0416468005163593,3247.481224490865,0.3531240168539327,0 days 12:42:00
1029,CLOSED,2025-04-10 15:48:00+00:00,79000.0,80000.0,2025-04-10 19:56:00+00:00,33.70786516853933,3225.201797310102,1.045139724176407,3236.375611312942,0.35844687811122355,0 days 04:08:00
1030,CLOSED,2025-04-11 00:59:00+00:00,79000.0,80000.0,2025-04-11 01:47:00+00:00,33.70786516853933,3225.5602441882133,1.0450235809197448,3236.734058191054,0.35844687811122355,0 days 00:48:00
1031,CLOSED,2025-04-11 14:21:00+00:00,82000.0,83000.0,2025-04-11 16:47:00+00:00,33.70786516853933,3258.1499549020937,1.034570711450027,3268.0608564458244,0.3428677719923243,0 days 02:26:00
1032,CLOSED,2025-04-12 02:49:00+00:00,83000.0,84000.0,2025-04-12 08:11:00+00:00,33.70786516853933,3268.3984044966196,1.0313266926750573,3277.898645585431,0.33792500338432063,0 days 05:22:00
1033,CLOSED,2025-04-13 02:17:00+00:00,85000.0,86000.0,2025-04-15 10:01:00+00:00,33.70786516853933,3287.320823123296,1.0253901880046303,3296.6806684879593,0.3283883674818213,2 days 07:44:00
1034,CLOSED,2025-04-13 13:40:00+00:00,84000.0,85000.0,2025-04-14 00:22:00+00:00,33.70786516853933,3278.5597618677825,1.028130265020275,3287.6542902179995,0.33309991974317654,0 days 10:42:00
1035,CLOSED,2025-04-14 15:40:00+00:00,84000.0,85000.0,2025-04-14 18:04:00+00:00,33.70786516853933,3278.892861787526,1.0280258181465283,3287.9873901377428,0.33309991974317654,0 days 02:24:00
1036,CLOSED,2025-04-15 14:19:00+00:00,85000.0,86000.0,2025-04-21 00:26:00+00:00,33.70786516853933,3288.315411330265,1.02508004713888,3298.3414565344146,0.3283883674818213,5 days 10:07:00
1037,CLOSED,2025-04-15 19:45:00+00:00,84000.0,85000.0,2025-04-16 15:24:00+00:00,33.70786516853933,3279.5543500747513,1.0278184646572794,3288.648878424968,0.33309991974317654,0 days 19:39:00
1038,CLOSED,2025-04-16 17:46:00+00:00,84000.0,85000.0,2025-04-17 07:33:00+00:00,33.70786516853933,3279.8874499944945,1.0277140811217749,3288.9819783447115,0.33309991974317654,0 days 13:47:00
1039,CLOSED,2025-04-17 14:29:00+00:00,84000.0,85000.0,2025-04-17 16:34:00+00:00,33.70786516853933,3280.220549914238,1.027609718786154,3289.3150782644548,0.33309991974317654,0 days 02:05:00
1040,CLOSED,2025-04-20 10:54:00+00:00,84000.0,85000.0,2025-04-20 20:19:00+00:00,33.70786516853933,3280.553649833981,1.027505377643959,3289.648178184198,0.33309991974317654,0 days 09:25:00
1041,CLOSED,2025-04-21 17:00:00+00:00,87000.0,88000.0,2025-04-22 01:15:00+00:00,33.70786516853933,3306.9575053898843,1.0193014308046038,3314.863424389907,0.31929019759783017,0 days 08:15:00
1042,CLOSED,2025-04-23 13:58:00+00:00,93000.0,94000.0,2025-04-23 18:09:00+00:00,33.70786516853933,3348.9659227760776,1.0065156214130024,3354.9118092663443,0.2943436027546227,0 days 04:11:00
1043,CLOSED,2025-04-23 15:27:00+00:00,92000.0,93000.0,2025-04-23 15:56:00+00:00,33.70786516853933,3343.250895958503,1.008236181415136,3349.2645304946905,0.2982754030288248,0 days 00:29:00
1044,CLOSED,2025-04-23 19:26:00+00:00,93000.0,94000.0,2025-04-24 23:35:00+00:00,33.70786516853933,3349.5585417818615,1.0063375441292568,3355.5044282721283,0.2943436027546227,1 days 04:09:00
1045,CLOSED,2025-04-24 08:28:00+00:00,92000.0,93000.0,2025-04-24 14:01:00+00:00,33.70786516853933,3343.843514964287,1.0080574948465952,3349.8571495004744,0.2982754030288248,0 days 05:33:00
1046,CLOSED,2025-04-25 02:56:00+00:00,93000.0,94000.0,2025-04-25 11:14:00+00:00,33.70786516853933,3350.1511607876455,1.006159529846837,3355.798771874883,0.2943436027546227,0 days 08:18:00
1047,CLOSED,2025-04-26 11:52:00+00:00,94000.0,95000.0,2025-04-27 00:20:00+00:00,33.70786516853933,3356.088938952841,1.00437937675921,3361.3744623271396,0.29049545780539887,0 days 12:28:00
1048,CLOSED,2025-04-27 05:13:00+00:00,94000.0,95000.0,2025-04-28 10:37:00+00:00,33.70786516853933,3356.379434410647,1.0042924474794417,3361.9593013877,0.29049545780539887,1 days 05:24:00
1049,CLOSED,2025-04-28 01:31:00+00:00,93000.0,94000.0,2025-04-28 04:11:00+00:00,33.70786516853933,3351.026495306012,1.0058967070465126,3356.6741063932495,0.2943436027546227,0 days 02:40:00
1050,CLOSED,2025-04-28 13:58:00+00:00,94000.0,95000.0,2025-04-28 23:10:00+00:00,33.70786516853933,3356.9642734712074,1.0041174830164137,3362.249796845506,0.29049545780539887,0 days 09:12:00
1051,CLOSED,2025-04-29 23:05:00+00:00,94000.0,95000.0,2025-04-30 03:54:00+00:00,33.70786516853933,3357.254768929013,1.0040305990627088,3362.5402923033116,0.29049545780539887,0 days 04:49:00
1052,CLOSED,2025-04-30 13:41:00+00:00,94000.0,95000.0,2025-05-01 03:11:00+00:00,33.70786516853933,3357.545264386819,1.0039437301434362,3363.1251313638722,0.29049545780539887,0 days 13:30:00
1053,CLOSED,2025-04-30 14:00:00+00:00,93000.0,94000.0,2025-04-30 14:28:00+00:00,33.70786516853933,3352.192325282184,1.0055468749306273,3357.8399363694216,0.2943436027546227,0 days 00:28:00
1054,CLOSED,2025-05-03 10:42:00+00:00,96000.0,97000.0,2025-05-07 00:07:00+00:00,33.70786516853933,3368.3348134143444,1.0007278680937015,3373.775355500975,0.28303967696629684,3 days 13:25:00
1055,CLOSED,2025-05-04 22:32:00+00:00,95000.0,96000.0,2025-05-06 22:42:00+00:00,33.70786516853933,3363.694574839422,1.0021083787058311,3369.2028534133387,0.28672832643405854,2 days 00:10:00
1056,CLOSED,2025-05-05 01:31:00+00:00,94000.0,95000.0,2025-05-05 22:36:00+00:00,33.70786516853933,3358.69987145078,1.0035986083501804,3363.9853948250784,0.29049545780539887,0 days 21:05:00
1057,CLOSED,2025-05-06 10:45:00+00:00,94000.0,95000.0,2025-05-06 18:56:00+00:00,33.70786516853933,3358.9903669085857,1.0035118141634336,3364.275890282884,0.29049545780539887,0 days 08:11:00
1058,CLOSED,2025-05-07 18:09:00+00:00,96000.0,97000.0,2025-05-07 21:28:00+00:00,33.70786516853933,3369.4855723333562,1.0003860958869384,3374.0583951779413,0.28303967696629684,0 days 03:19:00
1059,CLOSED,2025-05-08 21:42:00+00:00,103000.0,104000.0,2025-05-09 07:43:00+00:00,33.70786516853933,3394.51021964786,0.993011155878509,3396.701069038398,0.2592246100141793,0 days 10:01:00
1060,CLOSED,2025-05-09 08:40:00+00:00,103000.0,104000.0,2025-05-10 07:06:00+00:00,33.70786516853933,3394.7694442578745,0.992935329542185,3396.9602936484125,0.2592246100141793,0 days 22:26:00
1061,CLOSED,2025-05-12 01:35:00+00:00,104000.0,105000.0,2025-05-12 07:00:00+00:00,33.70786516853933,3397.216084584337,0.9922202276592488,3399.080000408823,0.2560841616248979,0 days 05:25:00
1062,CLOSED,2025-05-12 11:48:00+00:00,104000.0,105000.0,2025-05-18 14:38:00+00:00,33.70786516853933,3397.472168745962,0.9921454391481068,3401.685179596072,0.2560841616248979,6 days 02:50:00
1063,CLOSED,2025-05-12 14:29:00+00:00,103000.0,104000.0,2025-05-13 16:12:00+00:00,33.70786516853933,3395.540837191139,0.9927097562585396,3398.5222319214063,0.2592246100141793,1 days 01:43:00
1064,CLOSED,2025-05-12 18:07:00+00:00,102000.0,103000.0,2025-05-12 23:20:00+00:00,33.70786516853933,3393.2825720702635,0.99337041500714,3396.0692523259772,0.2624266358228695,0 days 05:13:00
1065,CLOSED,2025-05-12 18:47:00+00:00,101000.0,102000.0,2025-05-12 19:05:00+00:00,33.70786516853933,3390.6941681522967,0.9941287387446058,3393.54856383798,0.26569206808321155,0 days 00:18:00
1066,CLOSED,2025-05-13 02:16:00+00:00,102000.0,103000.0,2025-05-13 09:16:00+00:00,33.70786516853933,3393.81069077417,0.9932158343472645,3396.3316789618,0.2624266358228695,0 days 07:00:00
1067,CLOSED,2025-05-14 09:04:00+00:00,103000.0,104000.0,2025-05-14 11:38:00+00:00,33.70786516853933,3396.5906071408826,0.9924029436362746,3398.7814565314206,0.2592246100141793,0 days 02:34:00
1068,CLOSED,2025-05-14 14:31:00+00:00,103000.0,104000.0,2025-05-15 17:20:00+00:00,33.70786516853933,3396.849831750897,0.9923272101541416,3399.303107777258,0.2592246100141793,1 days 02:49:00
1069,CLOSED,2025-05-15 07:23:00+00:00,102000.0,103000.0,2025-05-15 15:44:00+00:00,33.70786516853933,3394.5915666300216,0.9929873596546636,3397.112554817652,0.2624266358228695,0 days 08:21:00
1070,CLOSED,2025-05-15 18:48:00+00:00,103000.0,104000.0,2025-05-16 00:35:00+00:00,33.70786516853933,3397.3714829967344,0.9921748427347863,3399.5623323872724,0.2592246100141793,0 days 05:47:00
1071,CLOSED,2025-05-17 01:05:00+00:00,103000.0,104000.0,2025-05-18 08:00:00+00:00,33.70786516853933,3397.6307076067487,0.9920991440615614,3399.8215569972867,0.2592246100141793,1 days 06:55:00
1072,CLOSED,2025-05-18 18:10:00+00:00,104000.0,105000.0,2025-05-18 22:28:00+00:00,33.70786516853933,3400.077347933211,0.9913852456629896,3401.941263757697,0.2560841616248979,0 days 04:18:00
1073,CLOSED,2025-05-19 00:30:00+00:00,106000.0,107000.0,2025-05-20 19:56:00+00:00,33.70786516853933,3403.7307935536846,0.9903211274046275,3406.2339556141305,0.24998102607590056,1 days 19:26:00
1074,CLOSED,2025-05-19 01:06:00+00:00,105000.0,106000.0,2025-05-20 00:13:00+00:00,33.70786516853933,3402.4439582329646,0.9906956758824992,3404.761819490842,0.25300353130015907,0 days 23:07:00
1075,CLOSED,2025-05-19 03:40:00+00:00,104000.0,105000.0,2025-05-19 16:24:00+00:00,33.70786516853933,3400.8364166522124,0.9911639678841535,3403.2219837225357,0.2560841616248979,0 days 12:44:00
1076,CLOSED,2025-05-19 04:06:00+00:00,103000.0,104000.0,2025-05-19 14:48:00+00:00,33.70786516853933,3398.9050850973895,0.991727168738326,3401.3583611237505,0.2592246100141793,0 days 10:42:00
1077,CLOSED,2025-05-19 06:38:00+00:00,102000.0,103000.0,2025-05-19 07:43:00+00:00,33.70786516853933,3396.646819976514,0.9923865198552613,3399.1678081641444,0.2624266358228695,0 days 01:05:00
1078,CLOSED,2025-05-20 07:48:00+00:00,105000.0,106000.0,2025-05-20 17:12:00+00:00,33.70786516853933,3403.4746971717273,0.9903956446789635,3405.014823022142,0.25300353130015907,0 days 09:24:00
1079,CLOSED,2025-05-20 22:22:00+00:00,106000.0,107000.0,2025-05-20 23:18:00+00:00,33.70786516853933,3405.2645170498236,0.9898750889913948,3406.4839366402066,0.24998102607590056,0 days 00:56:00
1080,CLOSED,2025-05-21 17:24:00+00:00,108000.0,109000.0,2025-05-21 22:45:00+00:00,33.70786516853933,3407.6292144571476,0.9891881729834611,3408.4632565840316,0.24410393258426666,0 days 05:21:00
1081,CLOSED,2025-05-21 17:29:00+00:00,107000.0,108000.0,2025-05-21 19:37:00+00:00,33.70786516853933,3406.9747716162037,0.9893781852851514,3407.8765104773097,0.24701501627637867,0 days 02:08:00
1082,CLOSED,2025-05-21 23:28:00+00:00,110000.0,111000.0,2025-05-22 03:42:00+00:00,33.70786516853933,3408.704224757416,0.9888762106057526,3408.9766455950053,0.2384405515832526,0 days 04:14:00
1083,CLOSED,2025-05-22 05:55:00+00:00,111000.0,112000.0,2025-07-10 16:24:00+00:00,33.70786516853933,3408.942665308999,0.9888070430625421,3426.6178564800443,0.23568539325842863,49 days 10:29:00
1084,CLOSED,2025-05-23 11:47:00+00:00,110000.0,111000.0,2025-07-09 19:40:00+00:00,33.70786516853933,3408.605586657314,0.9889048266682949,3426.348465979534,0.2384405515832526,47 days 07:53:00
1085,CLOSED,2025-05-23 11:59:00+00:00,109000.0,110000.0,2025-05-26 07:04:00+00:00,33.70786516853933,3407.9623793028704,0.9890914692384185,3410.07344998025,0.24124626327182597,2 days 19:05:00
1086,CLOSED,2025-05-23 12:13:00+00:00,108000.0,109000.0,2025-05-23 13:32:00+00:00,33.70786516853933,3407.0102347254606,0.9893678869812828,3408.2067613253425,0.24410393258426666,0 days 01:19:00
1087,CLOSED,2025-05-23 22:46:00+00:00,108000.0,109000.0,2025-05-24 10:40:00+00:00,33.70786516853933,3407.254338658045,0.989297006275594,3408.6978802742037,0.24410393258426666,0 days 11:54:00
1088,CLOSED,2025-05-23 23:42:00+00:00,107000.0,108000.0,2025-05-24 03:04:00+00:00,33.70786516853933,3405.990396327826,0.9896641283804415,3407.501634678207,0.24701501627637867,0 days 03:22:00
1089,CLOSED,2025-05-24 22:59:00+00:00,108000.0,109000.0,2025-05-25 22:52:00+00:00,33.70786516853933,3407.7454576069063,0.9891544303373738,3409.188999223065,0.24410393258426666,0 days 23:53:00
1090,CLOSED,2025-05-25 08:49:00+00:00,107000.0,108000.0,2025-05-25 22:09:00+00:00,33.70786516853933,3406.4815152766873,0.9895214466120902,3407.9927536270684,0.24701501627637867,0 days 13:20:00
1091,CLOSED,2025-05-26 17:46:00+00:00,109000.0,110000.0,2025-05-27 13:08:00+00:00,33.70786516853933,3409.4299673964492,0.9886657151160004,3410.558800176107,0.24124626327182597,0 days 19:22:00
1092,CLOSED,2025-05-27 01:20:00+00:00,108000.0,109000.0,2025-05-27 03:12:00+00:00,33.70786516853933,3408.4778228190394,0.988941894908991,3409.6743494189213,0.24410393258426666,0 days 01:52:00
1093,CLOSED,2025-05-27 14:32:00+00:00,109000.0,110000.0,2025-05-27 15:40:00+00:00,33.70786516853933,3409.9153175923057,0.9885249934106866,3410.800046439379,0.24124626327182597,0 days 01:08:00
1094,CLOSED,2025-05-27 21:38:00+00:00,109000.0,110000.0,2025-06-09 21:28:00+00:00,33.70786516853933,3410.1565638555776,0.9884550617356019,3415.353120327063,0.24124626327182597,12 days 23:50:00
1095,CLOSED,2025-05-28 14:01:00+00:00,108000.0,109000.0,2025-06-09 21:10:00+00:00,33.70786516853933,3409.2044192781677,0.9887311238343491,3414.468669569878,0.24410393258426666,12 days 07:09:00
1096,CLOSED,2025-05-28 19:50:00+00:00,107000.0,108000.0,2025-05-28 23:21:00+00:00,33.70786516853933,3407.940476947949,0.9890978259904087,3409.45171529833,0.24701501627637867,0 days 03:31:00
1097,CLOSED,2025-05-29 04:45:00+00:00,107000.0,108000.0,2025-05-29 07:15:00+00:00,33.70786516853933,3408.1874919642255,0.9890261392020021,3409.6987303146066,0.24701501627637867,0 days 02:30:00
1098,CLOSED,2025-05-29 14:24:00+00:00,107000.0,108000.0,2025-06-09 14:48:00+00:00,33.70786516853933,3408.434506980502,0.9889544628041212,3413.2724239738814,0.24701501627637867,11 days 00:24:00
1099,CLOSED,2025-05-29 18:58:00+00:00,106000.0,107000.0,2025-06-09 10:13:00+00:00,33.70786516853933,3406.8558528997846,0.9894127202314265,3411.7614695963643,0.24998102607590056,10 days 15:15:00
1100,CLOSED,2025-05-30 00:57:00+00:00,105000.0,106000.0,2025-05-30 02:10:00+00:00,33.70786516853933,3404.95951808979,0.9899637569685326,3407.10914342948,0.25300353130015907,0 days 01:13:00
1101,CLOSED,2025-05-30 07:45:00+00:00,105000.0,106000.0,2025-05-30 12:49:00+00:00,33.70786516853933,3405.21252162109,0.9898902037542231,3407.36214696078,0.25300353130015907,0 days 05:04:00
1102,CLOSED,2025-05-30 16:27:00+00:00,105000.0,106000.0,2025-06-03 00:11:00+00:00,33.70786516853933,3405.4655251523905,0.9898166614689468,3408.1273188153305,0.25300353130015907,3 days 07:44:00
1103,CLOSED,2025-05-30 16:50:00+00:00,104000.0,105000.0,2025-06-01 16:08:00+00:00,33.70786516853933,3403.2484840823636,0.9904614760337773,3405.721899396124,0.2560841616248979,1 days 23:18:00
1104,CLOSED,2025-06-02 11:43:00+00:00,104000.0,105000.0,2025-06-02 21:05:00+00:00,33.70786516853933,3403.5045682439886,0.9903869524091937,3405.977983557749,0.2560841616248979,0 days 09:22:00
1105,CLOSED,2025-06-03 08:17:00+00:00,105000.0,106000.0,2025-06-03 14:41:00+00:00,33.70786516853933,3406.2306970069408,0.9895943101610374,3408.3803223466307,0.25300353130015907,0 days 06:24:00
1106,CLOSED,2025-06-04 12:01:00+00:00,105000.0,106000.0,2025-06-08 13:48:00+00:00,33.70786516853933,3406.483700538241,0.9895208118334258,3409.9328375151017,0.25300353130015907,4 days 01:47:00
1107,CLOSED,2025-06-05 14:18:00+00:00,104000.0,105000.0,2025-06-06 15:14:00+00:00,33.70786516853933,3404.266659468214,0.9901652408687893,3407.5274180958954,0.2560841616248979,1 days 00:56:00
1108,CLOSED,2025-06-05 18:13:00+00:00,103000.0,104000.0,2025-06-06 12:00:00+00:00,33.70786516853933,3401.725828424116,0.9909048191621851,3405.0542960078355,0.2592246100141793,0 days 17:47:00
1109,CLOSED,2025-06-05 19:18:00+00:00,102000.0,103000.0,2025-06-06 06:10:00+00:00,33.70786516853933,3398.8580638139665,0.9917408887240988,3402.2542435589544,0.2624266358228695,0 days 10:52:00
1110,CLOSED,2025-06-05 20:21:00+00:00,101000.0,102000.0,2025-06-06 02:55:00+00:00,33.70786516853933,3395.6601604067246,0.9926748725202782,3399.1240555816826,0.26569206808321155,0 days 06:34:00
1111,CLOSED,2025-06-07 00:16:00+00:00,104000.0,105000.0,2025-06-07 05:47:00+00:00,33.70786516853933,3405.3100869437594,0.9898618424729682,3407.7835022575205,0.2560841616248979,0 days 05:31:00
1112,CLOSED,2025-06-10 13:44:00+00:00,109000.0,110000.0,2025-06-10 19:26:00+00:00,33.70786516853933,3414.709637743262,0.987137084686838,3415.594366590335,0.24124626327182597,0 days 05:42:00
1113,CLOSED,2025-06-11 17:59:00+00:00,109000.0,110000.0,2025-07-03 09:41:00+00:00,33.70786516853933,3414.950884006534,0.9870673492378942,3424.8022491930724,0.24124626327182597,21 days 15:42:00
1114,CLOSED,2025-06-12 03:20:00+00:00,108000.0,109000.0,2025-07-02 16:05:00+00:00,33.70786516853933,3413.9987394291243,0.9873426366342428,3423.917798435887,0.24410393258426666,20 days 12:45:00
1115,CLOSED,2025-06-12 11:38:00+00:00,107000.0,108000.0,2025-06-12 17:17:00+00:00,33.70786516853933,3412.7347970989053,0.9877083093943803,3414.2460354492864,0.24701501627637867,0 days 05:39:00
1116,CLOSED,2025-06-12 19:52:00+00:00,107000.0,108000.0,2025-06-16 17:38:00+00:00,33.70786516853933,3412.981812115182,0.9876368238730523,3416.0173508571793,0.24701501627637867,3 days 21:46:00
1117,CLOSED,2025-06-12 20:44:00+00:00,106000.0,107000.0,2025-06-16 07:30:00+00:00,33.70786516853933,3411.4031580344645,0.9880938607080572,3414.5063964796623,0.24998102607590056,3 days 10:46:00
1118,CLOSED,2025-06-13 00:02:00+00:00,105000.0,106000.0,2025-06-13 23:43:00+00:00,33.70786516853933,3409.50682322447,0.988643428983105,3412.171757335799,0.25300353130015907,0 days 23:41:00
1119,CLOSED,2025-06-13 00:24:00+00:00,104000.0,105000.0,2025-06-13 08:01:00+00:00,33.70786516853933,3407.289782154443,0.9892867153560889,3410.022422078218,0.2560841616248979,0 days 07:37:00
1120,CLOSED,2025-06-13 01:04:00+00:00,103000.0,104000.0,2025-06-13 03:12:00+00:00,33.70786516853933,3404.748951110345,0.9900249813586589,3407.549299990158,0.2592246100141793,0 days 02:08:00
1121,CLOSED,2025-06-14 07:06:00+00:00,105000.0,106000.0,2025-06-15 05:58:00+00:00,33.70786516853933,3410.2751355274095,0.988420694194995,3412.4247608670994,0.25300353130015907,0 days 22:52:00
1122,CLOSED,2025-06-15 09:06:00+00:00,105000.0,106000.0,2025-06-16 04:14:00+00:00,33.70786516853933,3410.5281390587097,0.9883473700892128,3412.6777643983996,0.25300353130015907,0 days 19:08:00
1123,CLOSED,2025-06-16 23:47:00+00:00,107000.0,108000.0,2025-06-25 13:44:00+00:00,33.70786516853933,3414.753127523075,0.9871245126580984,3421.4835117487073,0.24701501627637867,8 days 13:57:00
1124,CLOSED,2025-06-17 10:33:00+00:00,106000.0,107000.0,2025-06-25 10:21:00+00:00,33.70786516853933,3413.1744734423573,0.9875810753542658,3419.9725573711908,0.24998102607590056,7 days 23:48:00
1125,CLOSED,2025-06-17 14:06:00+00:00,105000.0,106000.0,2025-06-20 08:05:00+00:00,33.70786516853933,3411.2781386323627,0.9881300732063251,3414.452100618553,0.25300353130015907,2 days 17:59:00
1126,CLOSED,2025-06-17 16:49:00+00:00,104000.0,105000.0,2025-06-17 19:17:00+00:00,33.70786516853933,3409.061097562336,0.9887726914792547,3411.5345128760964,0.2560841616248979,0 days 02:28:00
1127,CLOSED,2025-06-18 13:17:00+00:00,104000.0,105000.0,2025-06-18 14:13:00+00:00,33.70786516853933,3409.317181723961,0.9886984217612323,3411.7905970377215,0.2560841616248979,0 days 00:56:00
1128,CLOSED,2025-06-18 17:31:00+00:00,104000.0,105000.0,2025-06-18 21:52:00+00:00,33.70786516853933,3409.573265885586,0.9886241631996201,3412.0466811993465,0.2560841616248979,0 days 04:21:00
1129,CLOSED,2025-06-19 16:57:00+00:00,104000.0,105000.0,2025-06-20 07:19:00+00:00,33.70786516853933,3409.829350047211,0.988549915791904,3412.3027653609715,0.2560841616248979,0 days 14:22:00
1130,CLOSED,2025-06-20 14:42:00+00:00,105000.0,106000.0,2025-06-23 22:26:00+00:00,33.70786516853933,3412.555478810163,0.987760210137069,3417.890921758628,0.25300353130015907,3 days 07:44:00
1131,CLOSED,2025-06-20 14:59:00+00:00,104000.0,105000.0,2025-06-23 22:09:00+00:00,33.70786516853933,3410.338437740136,0.9884023472718992,3415.7415865010466,0.2560841616248979,3 days 07:10:00
1132,CLOSED,2025-06-20 17:20:00+00:00,103000.0,104000.0,2025-06-23 21:15:00+00:00,33.70786516853933,3407.797606696038,0.9891392934341577,3413.2684644129868,0.2592246100141793,3 days 03:55:00
1133,CLOSED,2025-06-21 21:24:00+00:00,102000.0,103000.0,2025-06-22 00:33:00+00:00,33.70786516853933,3404.9298420858886,0.989972385095888,3408.3260218308765,0.2624266358228695,0 days 03:09:00
1134,CLOSED,2025-06-21 23:34:00+00:00,101000.0,102000.0,2025-06-21 23:57:00+00:00,33.70786516853933,3401.7319386786467,0.990903039280416,3405.1958338536047,0.26569206808321155,0 days 00:23:00
1135,CLOSED,2025-06-22 02:10:00+00:00,102000.0,103000.0,2025-06-23 18:12:00+00:00,33.70786516853933,3405.457960789795,0.9898188600960379,3410.4684119641056,0.2624266358228695,1 days 16:02:00
1136,CLOSED,2025-06-22 13:30:00+00:00,101000.0,102000.0,2025-06-23 06:16:00+00:00,33.70786516853933,3402.260057382553,0.9907492255154552,3406.5378170416784,0.26569206808321155,0 days 16:46:00
1137,CLOSED,2025-06-22 14:21:00+00:00,100000.0,101000.0,2025-06-22 23:01:00+00:00,33.70786516853933,3398.728746477258,0.9917786232124918,3403.0742249004284,0.2690228089887654,0 days 08:40:00
1138,CLOSED,2025-06-22 15:59:00+00:00,99000.0,100000.0,2025-06-22 17:10:00+00:00,33.70786516853933,3394.8606939989295,0.9929086406439143,3399.0014737499855,0.2724208375893724,0 days 01:11:00
1139,CLOSED,2025-06-22 19:43:00+00:00,99000.0,100000.0,2025-06-22 22:05:00+00:00,33.70786516853933,3395.133114836519,0.9928289710125965,3399.273894587575,0.2724208375893724,0 days 02:22:00
1140,CLOSED,2025-06-23 13:31:00+00:00,101000.0,102000.0,2025-06-23 13:44:00+00:00,33.70786516853933,3403.3396139348038,0.9904349548462387,3406.8035091097618,0.26569206808321155,0 days 00:13:00
1141,CLOSED,2025-06-23 16:15:00+00:00,101000.0,102000.0,2025-06-23 17:28:00+00:00,33.70786516853933,3403.605306002887,0.990357639562063,3407.338223986834,0.26569206808321155,0 days 01:13:00
1142,CLOSED,2025-06-23 16:32:00+00:00,100000.0,101000.0,2025-06-23 17:05:00+00:00,33.70786516853933,3400.073995097592,0.9913862232745853,3403.8746318455837,0.2690228089887654,0 days 00:33:00
1143,CLOSED,2025-06-23 22:43:00+00:00,105000.0,106000.0,2025-06-24 16:54:00+00:00,33.70786516853933,3415.9942999502377,0.9867658493759889,3418.143925289928,0.25300353130015907,0 days 18:11:00
1144,CLOSED,2025-06-25 15:19:00+00:00,107000.0,108000.0,2025-06-25 21:03:00+00:00,33.70786516853933,3420.2192884146034,0.9855468999522587,3421.730526764984,0.24701501627637867,0 days 05:44:00
1145,CLOSED,2025-06-26 13:48:00+00:00,107000.0,108000.0,2025-06-26 20:45:00+00:00,33.70786516853933,3420.46630343088,0.985475726941933,3421.9775417812607,0.24701501627637867,0 days 06:57:00
1146,CLOSED,2025-06-26 21:34:00+00:00,107000.0,108000.0,2025-06-29 10:04:00+00:00,33.70786516853933,3420.713318447157,0.9854045642106343,3422.2245567975374,0.24701501627637867,2 days 12:30:00
1147,CLOSED,2025-06-30 14:53:00+00:00,107000.0,108000.0,2025-07-02 14:14:00+00:00,33.70786516853933,3420.9603334634335,0.9853334117561359,3422.72155283989,0.24701501627637867,1 days 23:21:00
1148,CLOSED,2025-07-01 14:42:00+00:00,106000.0,107000.0,2025-07-02 06:50:00+00:00,33.70786516853933,3419.381679382716,0.9857883187414294,3421.2105984623736,0.24998102607590056,0 days 16:08:00
1149,CLOSED,2025-07-03 12:39:00+00:00,109000.0,110000.0,2025-07-03 13:38:00+00:00,33.70786516853933,3424.1587666092714,0.9844130329832254,3425.0434954563443,0.24124626327182597,0 days 00:59:00
1150,CLOSED,2025-07-04 04:48:00+00:00,109000.0,110000.0,2025-07-09 19:21:00+00:00,33.70786516853933,3424.4000128725434,0.9843436818662907,3425.7729495847852,0.24124626327182597,5 days 14:33:00
1151,CLOSED,2025-07-04 13:58:00+00:00,108000.0,109000.0,2025-07-06 13:51:00+00:00,33.70786516853933,3423.4478682951335,0.9846174519177282,3424.6443948950155,0.24410393258426666,1 days 23:53:00
1152,CLOSED,2025-07-07 14:37:00+00:00,108000.0,109000.0,2025-07-08 11:06:00+00:00,33.70786516853933,3423.691972227718,0.9845472502190783,3424.8884988276,0.24410393258426666,0 days 20:29:00
1153,CLOSED,2025-07-10 17:08:00+00:00,113000.0,114000.0,2025-07-10 21:17:00+00:00,33.70786516853933,3426.5838789519544,0.9837163297122942,3426.848172478851,0.2303213682012526,0 days 04:09:00
1154,CLOSED,2025-07-10 21:20:00+00:00,116000.0,117000.0,2025-07-11 05:05:00+00:00,33.70786516853933,3426.8142003201556,0.9836502126491163,3427.070786914499,0.22262214258039137,0 days 07:45:00
1155,CLOSED,2025-07-11 05:06:00+00:00,117000.0,118000.0,2025-07-11 05:44:00+00:00,33.70786516853933,3427.036822462736,0.9835863142058741,3427.2909279078526,0.22014347450303262,0 days 00:38:00
1156,CLOSED,2025-07-11 05:46:00+00:00,118000.0,119000.0,2025-07-13 14:18:00+00:00,33.70786516853933,3427.256965937239,0.9835231353690274,3427.9489192355118,0.21770681774900424,2 days 08:32:00
1157,CLOSED,2025-07-11 15:53:00+00:00,117000.0,118000.0,2025-07-11 19:21:00+00:00,33.70786516853933,3426.937883857635,0.9836147111775211,3427.4773635171873,0.22014347450303262,0 days 03:28:00
1158,CLOSED,2025-07-12 15:42:00+00:00,117000.0,118000.0,2025-07-13 07:37:00+00:00,33.70786516853933,3427.158027332138,0.9835515286926855,3427.6975069916903,0.22014347450303262,0 days 15:55:00
1159,CLOSED,2025-07-13 14:22:00+00:00,119000.0,120000.0,2025-07-14 03:42:00+00:00,33.70786516853933,3427.914959703994,0.9833343465279563,3428.1642279506186,0.2153111132093244,0 days 13:20:00
1160,CLOSED,2025-07-14 03:44:00+00:00,121000.0,122000.0,2025-07-14 05:22:00+00:00,33.70786516853933,3428.1302708172034,0.9832725860941098,3428.3748617727238,0.21063849939640988,0 days 01:38:00
1161,CLOSED,2025-07-14 05:24:00+00:00,122000.0,123000.0,2025-07-14 07:38:00+00:00,33.70786516853933,3428.3409093166,0.9832121734725209,3428.583219134246,0.20835964265978646,0 days 02:14:00
1162,CLOSED,2025-07-14 07:39:00+00:00,123000.0,124000.0,2025-08-14 00:22:00+00:00,33.70786516853933,3428.54926895926,0.9831524217463379,3440.0147738896185,0.2061178405042483,30 days 16:43:00
1163,CLOSED,2025-07-14 09:28:00+00:00,122000.0,123000.0,2025-08-13 21:08:00+00:00,33.70786516853933,3428.241787457479,0.9832406014028091,3439.774950427992,0.20835964265978646,30 days 11:40:00
1164,CLOSED,2025-07-14 14:32:00+00:00,121000.0,122000.0,2025-08-11 03:16:00+00:00,33.70786516853933,3427.658288272883,0.9834079810074632,3438.194257002398,0.21063849939640988,27 days 12:44:00
1165,CLOSED,2025-07-14 15:45:00+00:00,120000.0,121000.0,2025-08-11 02:13:00+00:00,33.70786516853933,3426.7964902675985,0.9836552962591333,3437.4001216375627,0.21295533707865388,27 days 10:28:00
1166,CLOSED,2025-07-15 01:20:00+00:00,119000.0,120000.0,2025-07-16 21:00:00+00:00,33.70786516853933,3425.6540742847856,0.9839833339149084,3427.89266655839,0.2153111132093244,1 days 19:40:00
1167,CLOSED,2025-07-15 02:17:00+00:00,118000.0,119000.0,2025-07-16 09:12:00+00:00,33.70786516853933,3424.22868219018,0.9843929333300062,3426.5349418604706,0.21770681774900424,1 days 06:55:00
1168,CLOSED,2025-07-15 03:37:00+00:00,117000.0,118000.0,2025-07-15 13:12:00+00:00,33.70786516853933,3422.517915881139,0.9848849880997956,3424.4490797701283,0.22014347450303262,0 days 09:35:00
1169,CLOSED,2025-07-15 14:42:00+00:00,117000.0,118000.0,2025-07-16 00:47:00+00:00,33.70786516853933,3422.7380593556413,0.9848216423223785,3424.8918453872116,0.22014347450303262,0 days 10:05:00
1170,CLOSED,2025-07-15 14:54:00+00:00,116000.0,117000.0,2025-07-15 16:09:00+00:00,33.70786516853933,3420.739479736315,0.985397027988161,3422.9609380848165,0.22262214258039137,0 days 01:15:00
1171,CLOSED,2025-07-16 22:38:00+00:00,119000.0,120000.0,2025-07-17 21:07:00+00:00,33.70786516853933,3426.75000130733,0.9836686410061876,3428.543391307097,0.2153111132093244,0 days 22:29:00
1172,CLOSED,2025-07-17 01:47:00+00:00,118000.0,119000.0,2025-07-17 09:25:00+00:00,33.70786516853933,3425.324609212724,0.9840779784163796,3426.9679597914287,0.21770681774900424,0 days 07:38:00
1173,CLOSED,2025-07-17 11:57:00+00:00,118000.0,119000.0,2025-07-17 15:41:00+00:00,33.70786516853933,3425.542316030473,0.9840154363528659,3427.1856666091776,0.21770681774900424,0 days 03:44:00
1174,CLOSED,2025-07-18 08:31:00+00:00,119000.0,120000.0,2025-07-22 18:55:00+00:00,33.70786516853933,3427.400726056037,0.9834818821237601,3430.2899601148106,0.2153111132093244,4 days 10:24:00
1175,CLOSED,2025-07-18 14:22:00+00:00,118000.0,119000.0,2025-07-21 06:30:00+00:00,33.70786516853933,3425.9753339614313,0.9838910640831486,3428.0589714891416,0.21770681774900424,2 days 16:08:00
1176,CLOSED,2025-07-18 20:27:00+00:00,117000.0,118000.0,2025-07-18 23:48:00+00:00,33.70786516853933,3424.26456765239,0.9843826171308018,3426.1957315413797,0.22014347450303262,0 days 03:21:00
1177,CLOSED,2025-07-20 22:13:00+00:00,117000.0,118000.0,2025-07-21 02:28:00+00:00,33.70786516853933,3424.4847111268928,0.9843193359577624,3426.4158750158826,0.22014347450303262,0 days 04:15:00
1178,CLOSED,2025-07-21 12:00:00+00:00,118000.0,119000.0,2025-07-21 13:52:00+00:00,33.70786516853933,3426.633327728186,0.9837021339802123,3428.2766783068905,0.21770681774900424,0 days 01:52:00
1179,CLOSED,2025-07-21 16:07:00+00:00,118000.0,119000.0,2025-07-22 11:05:00+00:00,33.70786516853933,3426.851034545935,0.9836396396788719,3428.7145285991423,0.21770681774900424,0 days 18:58:00
1180,CLOSED,2025-07-21 19:00:00+00:00,117000.0,118000.0,2025-07-22 07:05:00+00:00,33.70786516853933,3425.1402682368935,0.9841309414720877,3427.0714321258833,0.22014347450303262,0 days 12:05:00
1181,CLOSED,2025-07-22 14:00:00+00:00,118000.0,119000.0,2025-07-22 14:58:00+00:00,33.70786516853933,3427.2888848381867,0.9835139756574907,3428.932235416891,0.21770681774900424,0 days 00:58:00
1182,CLOSED,2025-07-23 02:45:00+00:00,119000.0,120000.0,2025-08-11 02:00:00+00:00,33.70786516853933,3429.1472948637506,0.9829809649479823,3436.3253706533337,0.2153111132093244,18 days 23:15:00
1183,CLOSED,2025-07-23 09:29:00+00:00,118000.0,119000.0,2025-07-24 00:29:00+00:00,33.70786516853933,3427.721902769145,0.9833897301093137,3429.3652533478494,0.21770681774900424,0 days 15:00:00
1184,CLOSED,2025-07-24 04:41:00+00:00,118000.0,119000.0,2025-07-24 14:58:00+00:00,33.70786516853933,3427.9396095868938,0.9833272754942587,3429.5829601655983,0.21770681774900424,0 days 10:17:00
1185,CLOSED,2025-07-25 00:22:00+00:00,118000.0,119000.0,2025-07-27 16:12:00+00:00,33.70786516853933,3428.1573164046426,0.9832648288116256,3430.6937204362875,0.21770681774900424,2 days 15:50:00
1186,CLOSED,2025-07-25 02:35:00+00:00,117000.0,118000.0,2025-07-26 10:40:00+00:00,33.70786516853933,3426.446550095601,0.9837557561666574,3429.0506239630286,0.22014347450303262,1 days 08:05:00
1187,CLOSED,2025-07-25 03:06:00+00:00,116000.0,117000.0,2025-07-25 20:33:00+00:00,33.70786516853933,3424.447970476275,0.9843298966475819,3427.1197166606335,0.22262214258039137,0 days 17:27:00
1188,CLOSED,2025-07-25 07:12:00+00:00,115000.0,116000.0,2025-07-25 09:59:00+00:00,33.70786516853933,3422.1590963974368,0.9849882550470593,3424.673373505098,0.22514391792867627,0 days 02:47:00
1189,CLOSED,2025-07-25 14:57:00+00:00,115000.0,116000.0,2025-07-25 16:48:00+00:00,33.70786516853933,3422.3842403153653,0.9849234569124016,3424.8985174230265,0.22514391792867627,0 days 01:51:00
1190,CLOSED,2025-07-28 14:34:00+00:00,118000.0,119000.0,2025-07-29 06:20:00+00:00,33.70786516853933,3429.2680766753324,0.9829463435013521,3430.911427254037,0.21770681774900424,0 days 15:46:00
1191,CLOSED,2025-07-29 14:08:00+00:00,118000.0,119000.0,2025-08-10 15:08:00+00:00,33.70786516853933,3429.4857834930813,0.98288394519036,3434.967645955414,0.21770681774900424,12 days 01:00:00
1192,CLOSED,2025-07-29 16:38:00+00:00,117000.0,118000.0,2025-07-29 17:30:00+00:00,33.70786516853933,3427.77501718404,0.9833744921867936,3429.7061810730297,0.22014347450303262,0 days 00:52:00
1193,CLOSED,2025-07-30 18:49:00+00:00,117000.0,118000.0,2025-07-31 00:27:00+00:00,33.70786516853933,3427.9951606585428,0.9833113405581297,3430.148946690113,0.22014347450303262,0 days 05:38:00
1194,CLOSED,2025-07-30 19:04:00+00:00,116000.0,117000.0,2025-07-30 19:49:00+00:00,33.70786516853933,3425.9965810392164,0.9838849622644583,3428.218039387718,0.22262214258039137,0 days 00:45:00
1195,CLOSED,2025-07-31 19:35:00+00:00,117000.0,118000.0,2025-08-10 03:20:00+00:00,33.70786516853933,3428.437926275626,0.9831843508147394,3433.324549482155,0.22014347450303262,9 days 07:45:00
1196,CLOSED,2025-07-31 23:00:00+00:00,116000.0,117000.0,2025-08-07 19:42:00+00:00,33.70786516853933,3426.4393466562997,0.9837578243266802,3431.1710200371795,0.22262214258039137,6 days 20:42:00
1197,CLOSED,2025-08-01 00:50:00+00:00,115000.0,116000.0,2025-08-01 02:40:00+00:00,33.70786516853933,3424.1504725774616,0.9844154174441521,3426.664749685123,0.22514391792867627,0 days 01:50:00
1198,CLOSED,2025-08-01 07:11:00+00:00,115000.0,116000.0,2025-08-01 13:12:00+00:00,33.70786516853933,3424.37561649539,0.984350694654139,3426.8898936030514,0.22514391792867627,0 days 06:01:00
1199,CLOSED,2025-08-01 13:44:00+00:00,115000.0,116000.0,2025-08-07 10:33:00+00:00,33.70786516853933,3424.6007604133188,0.9842859803742813,3428.9498207995725,0.22514391792867627,5 days 20:49:00
1200,CLOSED,2025-08-01 14:03:00+00:00,114000.0,115000.0,2025-08-01 14:10:00+00:00,33.70786516853933,3422.0190675753206,0.9850285607094268,3424.828732027748,0.22770993494973624,0 days 00:07:00
1201,CLOSED,2025-08-01 18:16:00+00:00,114000.0,115000.0,2025-08-04 01:03:00+00:00,33.70786516853933,3422.2467775102705,0.9849630187412214,3425.75006413329,0.22770993494973624,2 days 06:47:00
1202,CLOSED,2025-08-01 22:43:00+00:00,113000.0,114000.0,2025-08-02 04:30:00+00:00,33.70786516853933,3419.3696973275064,0.9857917731120022,3422.477363171999,0.2303213682012526,0 days 05:47:00
1203,CLOSED,2025-08-02 14:41:00+00:00,113000.0,114000.0,2025-08-03 11:07:00+00:00,33.70786516853933,3419.6000186957076,0.9857253767765526,3422.9406639743897,0.2303213682012526,0 days 20:26:00
1204,CLOSED,2025-08-03 00:37:00+00:00,112000.0,113000.0,2025-08-03 01:01:00+00:00,33.70786516853933,3416.424937120878,0.9866414684628178,3419.8332650841508,0.23297943418941003,0 days 00:24:00
1205,CLOSED,2025-08-05 07:36:00+00:00,114000.0,115000.0,2025-08-05 10:26:00+00:00,33.70786516853933,3423.168109615812,0.984697919855371,3425.97777406824,0.22770993494973624,0 days 02:50:00
1206,CLOSED,2025-08-05 12:39:00+00:00,114000.0,115000.0,2025-08-06 14:57:00+00:00,33.70786516853933,3423.395819550762,0.9846324218787728,3426.435805371391,0.22770993494973624,1 days 02:18:00
1207,CLOSED,2025-08-05 14:32:00+00:00,113000.0,114000.0,2025-08-05 23:03:00+00:00,33.70786516853933,3420.518739367998,0.9854606197762699,3423.6264052124907,0.2303213682012526,0 days 08:31:00
1208,CLOSED,2025-08-08 15:40:00+00:00,116000.0,117000.0,2025-08-09 08:43:00+00:00,33.70786516853933,3429.1721838312587,0.9829738304618773,3431.39364217976,0.22262214258039137,0 days 17:03:00
1209,CLOSED,2025-08-11 10:57:00+00:00,121000.0,122000.0,2025-08-13 13:57:00+00:00,33.70786516853933,3437.6105132268467,0.9805609169172027,3439.0484730652915,0.21063849939640988,2 days 03:00:00
1210,CLOSED,2025-08-11 12:31:00+00:00,120000.0,121000.0,2025-08-13 13:49:00+00:00,33.70786516853933,3436.7487152215617,0.980806802058155,3438.2543377004563,0.21295533707865388,2 days 01:18:00
1211,CLOSED,2025-08-11 19:51:00+00:00,119000.0,120000.0,2025-08-12 16:03:00+00:00,33.70786516853933,3435.6062992387488,0.9811329422701378,3436.964275603018,0.2153111132093244,0 days 20:12:00
1212,CLOSED,2025-08-13 05:51:00+00:00,119000.0,120000.0,2025-08-13 08:59:00+00:00,33.70786516853933,3435.821610351958,0.9810714580459947,3437.1795867162273,0.2153111132093244,0 days 03:08:00
1213,CLOSED,2025-08-13 14:52:00+00:00,121000.0,122000.0,2025-08-13 19:10:00+00:00,33.70786516853933,3438.4647292897407,0.9803173166619081,3439.2591115646883,0.21063849939640988,0 days 04:18:00
1214,CLOSED,2025-08-14 00:35:00+00:00,124000.0,125000.0,2025-10-05 04:46:00+00:00,33.70786516853933,3439.9808259586785,0.979885263143738,3456.923237653897,0.20391219644798042,52 days 04:11:00
1215,CLOSED,2025-08-14 05:00:00+00:00,123000.0,124000.0,2025-10-05 02:34:00+00:00,33.70786516853933,3439.6755523088054,0.9799722286572545,3456.685619800133,0.2061178405042483,51 days 21:34:00
1216,CLOSED,2025-08-14 06:00:00+00:00,122000.0,123000.0,2025-10-03 16:11:00+00:00,33.70786516853933,3439.0965050223194,0.9801372284643278,3455.7575112684813,0.20835964265978646,50 days 10:11:00
1217,CLOSED,2025-08-14 10:52:00+00:00,121000.0,122000.0,2025-10-03 15:53:00+00:00,33.70786516853933,3438.2414400530192,0.9803809812733668,3454.9701066204734,0.21063849939640988,50 days 05:01:00
1218,CLOSED,2025-08-14 12:33:00+00:00,120000.0,121000.0,2025-10-02 19:12:00+00:00,33.70786516853933,3437.10807626303,0.9807042554561727,3453.691450133855,0.21295533707865388,49 days 06:39:00
1219,CLOSED,2025-08-14 12:34:00+00:00,119000.0,120000.0,2025-10-02 16:11:00+00:00,33.70786516853933,3435.6940944955127,0.9811078705331853,3452.3451333649214,0.2153111132093244,49 days 03:37:00
1220,CLOSED,2025-08-14 12:35:00+00:00,118000.0,119000.0,2025-08-14 12:36:00+00:00,33.70786516853933,3433.997136616202,0.981592698756716,3435.912052979611,0.21770681774900424,0 days 00:01:00
1221,CLOSED,2025-08-14 13:40:00+00:00,118000.0,119000.0,2025-08-14 14:31:00+00:00,33.70786516853933,3434.2148434339515,0.9815304721830987,3436.1297597973603,0.21770681774900424,0 days 00:51:00
1222,CLOSED,2025-08-14 15:37:00+00:00,118000.0,119000.0,2025-08-15 03:29:00+00:00,33.70786516853933,3434.4325502517004,0.9814682534984992,3436.347466615109,0.21770681774900424,0 days 11:52:00
1223,CLOSED,2025-08-15 13:42:00+00:00,118000.0,119000.0,2025-10-02 00:02:00+00:00,33.70786516853933,3434.6502570694493,0.981406042701417,3450.715842882297,0.21770681774900424,47 days 10:20:00
1224,CLOSED,2025-08-15 15:09:00+00:00,117000.0,118000.0,2025-08-17 04:50:00+00:00,33.70786516853933,3432.6679249757035,0.9819727950753615,3434.8706546493972,0.22014347450303262,1 days 13:41:00
1225,CLOSED,2025-08-18 01:29:00+00:00,117000.0,118000.0,2025-10-01 16:37:00+00:00,33.70786516853933,3432.888068450206,0.98190982334466,3448.58103714983,0.22014347450303262,44 days 15:08:00
1226,CLOSED,2025-08-18 02:07:00+00:00,116000.0,117000.0,2025-08-22 15:45:00+00:00,33.70786516853933,3430.6179230461753,0.9825595832778965,3434.712888488981,0.22262214258039137,4 days 13:38:00
1227,CLOSED,2025-08-18 03:48:00+00:00,115000.0,116000.0,2025-08-18 15:50:00+00:00,33.70786516853933,3428.0574831826325,0.9832934638320215,3430.843326074998,0.22514391792867627,0 days 12:02:00
1228,CLOSED,2025-08-19 03:43:00+00:00,115000.0,116000.0,2025-08-22 14:40:00+00:00,33.70786516853933,3428.282627100561,0.9832288884842453,3432.2201234666695,0.22514391792867627,3 days 10:57:00
1229,CLOSED,2025-08-19 14:42:00+00:00,114000.0,115000.0,2025-08-22 14:08:00+00:00,33.70786516853933,3425.429368477858,0.9840478825437855,3429.4345422537835,0.22770993494973624,2 days 23:26:00
1230,CLOSED,2025-08-19 18:43:00+00:00,113000.0,114000.0,2025-08-20 08:56:00+00:00,33.70786516853933,3422.2807225103893,0.9849532490664052,3425.6599541395867,0.2303213682012526,0 days 14:13:00
1231,CLOSED,2025-08-20 13:45:00+00:00,113000.0,114000.0,2025-08-20 15:07:00+00:00,33.70786516853933,3422.5110438785905,0.9848869656338521,3425.890275507788,0.2303213682012526,0 days 01:22:00
1232,CLOSED,2025-08-21 11:55:00+00:00,113000.0,114000.0,2025-08-22 14:03:00+00:00,33.70786516853933,3422.7413652467917,0.9848206911219209,3426.3535763101786,0.2303213682012526,1 days 02:08:00
1233,CLOSED,2025-08-22 12:31:00+00:00,112000.0,113000.0,2025-08-22 14:00:00+00:00,33.70786516853933,3419.2947178872573,0.9858133898843041,3422.974611635235,0.23297943418941003,0 days 01:29:00
1234,CLOSED,2025-08-23 02:26:00+00:00,116000.0,117000.0,2025-09-17 02:52:00+00:00,33.70786516853933,3432.4424864983557,0.9820372898054522,3442.9222454075607,0.22262214258039137,25 days 00:26:00
1235,CLOSED,2025-08-23 13:29:00+00:00,115000.0,116000.0,2025-09-12 00:44:00+00:00,33.70786516853933,3429.882046634813,0.9827703900666611,3439.5289047135348,0.22514391792867627,19 days 11:15:00
1236,CLOSED,2025-08-24 19:34:00+00:00,114000.0,115000.0,2025-09-11 22:24:00+00:00,33.70786516853933,3427.0287880121105,0.9835886201613143,3436.743323500649,0.22770993494973624,18 days 02:50:00
1237,CLOSED,2025-08-24 19:36:00+00:00,113000.0,114000.0,2025-09-10 13:44:00+00:00,33.70786516853933,3423.880142044641,0.9844931414103175,3433.662357557044,0.2303213682012526,16 days 18:08:00
1238,CLOSED,2025-08-24 19:37:00+00:00,112000.0,113000.0,2025-08-24 19:44:00+00:00,33.70786516853933,3420.433494685107,0.9854851796100352,3424.3490738263426,0.23297943418941003,0 days 00:07:00
1239,CLOSED,2025-08-24 19:37:00+00:00,111000.0,112000.0,2025-08-24 19:38:00+00:00,33.70786516853933,3416.6861852067927,0.9865660274708308,3420.669449741287,0.23568539325842863,0 days 00:01:00
1240,CLOSED,2025-08-24 19:56:00+00:00,112000.0,113000.0,2025-08-24 21:32:00+00:00,33.70786516853933,3420.902159512555,0.9853501677856338,3424.582053260532,0.23297943418941003,0 days 01:36:00
1241,CLOSED,2025-08-25 06:45:00+00:00,112000.0,113000.0,2025-08-28 04:50:00+00:00,33.70786516853933,3421.1351389467445,0.9852830654014118,3426.4731464758684,0.23297943418941003,2 days 22:05:00
1242,CLOSED,2025-08-25 08:07:00+00:00,111000.0,112000.0,2025-08-25 14:17:00+00:00,33.70786516853933,3417.38782946843,0.9863634697201618,3421.371094002924,0.23568539325842863,0 days 06:10:00
1243,CLOSED,2025-08-25 19:56:00+00:00,111000.0,112000.0,2025-08-26 23:03:00+00:00,33.70786516853933,3417.6235148616884,0.9862954483417841,3422.0864662110375,0.23568539325842863,1 days 03:07:00
1244,CLOSED,2025-08-25 20:11:00+00:00,110000.0,111000.0,2025-08-26 19:21:00+00:00,33.70786516853933,3413.5728345968573,0.9874658254514797,3418.1034740973814,0.2384405515832526,0 days 23:10:00
1245,CLOSED,2025-08-26 00:45:00+00:00,109000.0,110000.0,2025-08-26 02:09:00+00:00,33.70786516853933,3409.216025629268,0.9887277577934528,3413.814356089487,0.24124626327182597,0 days 01:24:00
1246,CLOSED,2025-08-27 03:11:00+00:00,111000.0,112000.0,2025-08-27 14:26:00+00:00,33.70786516853933,3418.338887069802,0.9860890415529776,3422.322151604296,0.23568539325842863,0 days 11:15:00
1247,CLOSED,2025-08-27 20:21:00+00:00,111000.0,112000.0,2025-08-27 20:26:00+00:00,33.70786516853933,3418.57457246306,0.9860210580181387,3422.557836997554,0.23568539325842863,0 days 00:05:00
1248,CLOSED,2025-08-28 00:24:00+00:00,111000.0,112000.0,2025-08-28 03:32:00+00:00,33.70786516853933,3418.8102578563185,0.985953083856576,3422.7935223908125,0.23568539325842863,0 days 03:08:00
1249,CLOSED,2025-08-28 19:55:00+00:00,112000.0,113000.0,2025-09-05 12:30:00+00:00,33.70786516853933,3423.0262321620803,0.9847387335751875,3429.1076226756213,0.23297943418941003,7 days 16:35:00
1250,CLOSED,2025-08-29 06:29:00+00:00,111000.0,112000.0,2025-09-03 14:39:00+00:00,33.70786516853933,3419.2789226837663,0.9858179438044288,3424.953872645724,0.23568539325842863,5 days 08:10:00
1251,CLOSED,2025-08-29 07:56:00+00:00,110000.0,111000.0,2025-08-29 12:30:00+00:00,33.70786516853933,3415.228242418935,0.9869871872652572,3419.5176356561874,0.2384405515832526,0 days 04:34:00
1252,CLOSED,2025-08-29 13:35:00+00:00,110000.0,111000.0,2025-09-02 13:50:00+00:00,33.70786516853933,3415.4666829705184,0.9869182837181927,3420.970880532068,0.2384405515832526,4 days 00:15:00
1253,CLOSED,2025-08-29 13:56:00+00:00,109000.0,110000.0,2025-09-02 02:58:00+00:00,33.70786516853933,3411.1098740029292,0.9881788160925825,3416.4405162609014,0.24124626327182597,3 days 13:02:00
1254,CLOSED,2025-08-29 19:02:00+00:00,108000.0,109000.0,2025-08-31 00:38:00+00:00,33.70786516853933,3406.444127812373,0.9895323071154143,3411.3542560254014,0.24410393258426666,1 days 05:36:00
1255,CLOSED,2025-09-01 00:09:00+00:00,108000.0,109000.0,2025-09-01 07:50:00+00:00,33.70786516853933,3406.6882317449576,0.989461402849701,3411.598359957986,0.24410393258426666,0 days 07:41:00
1256,CLOSED,2025-09-01 21:32:00+00:00,108000.0,109000.0,2025-09-01 23:40:00+00:00,33.70786516853933,3406.932335677542,0.9893905087444536,3411.8424638905703,0.24410393258426666,0 days 02:08:00
1257,CLOSED,2025-09-02 12:43:00+00:00,109000.0,110000.0,2025-09-02 13:36:00+00:00,33.70786516853933,3412.0834320639547,0.9878968624207874,3416.6817625241733,0.24124626327182597,0 days 00:53:00
1258,CLOSED,2025-09-04 04:58:00+00:00,111000.0,112000.0,2025-09-05 07:01:00+00:00,33.70786516853933,3421.2062935044883,0.9852625733951552,3425.4279985905655,0.23568539325842863,1 days 02:03:00
1259,CLOSED,2025-09-04 14:05:00+00:00,110000.0,111000.0,2025-09-04 22:56:00+00:00,33.70786516853933,3417.155613239657,0.986430499036664,3421.4450064769094,0.2384405515832526,0 days 08:51:00
1260,CLOSED,2025-09-05 14:15:00+00:00,112000.0,113000.0,2025-09-09 06:47:00+00:00,33.70786516853933,3425.6607083618337,0.9839814283492945,3429.8147280546523,0.23297943418941003,3 days 16:32:00
1261,CLOSED,2025-09-05 14:26:00+00:00,111000.0,112000.0,2025-09-08 09:14:00+00:00,33.70786516853933,3421.913398883519,0.9850589783931213,3426.1351039695965,0.23568539325842863,2 days 18:48:00
1262,CLOSED,2025-09-06 16:21:00+00:00,110000.0,111000.0,2025-09-07 08:21:00+00:00,33.70786516853933,3417.862718618688,0.9862264211174109,3422.1521118559403,0.2384405515832526,0 days 16:00:00
1263,CLOSED,2025-09-09 14:33:00+00:00,112000.0,113000.0,2025-09-10 12:30:00+00:00,33.70786516853933,3426.367813740864,0.9837783624209777,3430.2833928821,0.23297943418941003,0 days 21:57:00
1264,CLOSED,2025-09-09 15:37:00+00:00,111000.0,112000.0,2025-09-10 07:23:00+00:00,33.70786516853933,3422.62050426255,0.9848554675155883,3426.6037687970443,0.23568539325842863,0 days 15:46:00
1265,CLOSED,2025-09-12 08:06:00+00:00,115000.0,116000.0,2025-09-12 18:09:00+00:00,33.70786516853933,3436.968205739098,0.9807441661012011,3439.7540486314633,0.22514391792867627,0 days 10:03:00
1266,CLOSED,2025-09-15 00:10:00+00:00,115000.0,116000.0,2025-09-15 04:22:00+00:00,33.70786516853933,3437.1933496570264,0.9806799251459858,3439.979192549392,0.22514391792867627,0 days 04:12:00
1267,CLOSED,2025-09-15 08:50:00+00:00,115000.0,116000.0,2025-09-16 06:11:00+00:00,33.70786516853933,3437.418493574955,0.9806156926060742,3440.2043364673204,0.22514391792867627,0 days 21:21:00
1268,CLOSED,2025-09-16 13:45:00+00:00,115000.0,116000.0,2025-09-16 16:00:00+00:00,33.70786516853933,3437.6436374928835,0.9805514684798129,3440.429480385249,0.22514391792867627,0 days 02:15:00
1269,CLOSED,2025-09-17 13:36:00+00:00,116000.0,117000.0,2025-09-18 03:01:00+00:00,33.70786516853933,3440.651843416935,0.9796941597864145,3443.595155385998,0.22262214258039137,0 days 13:25:00
1270,CLOSED,2025-09-17 18:15:00+00:00,115000.0,116000.0,2025-09-17 18:28:00+00:00,33.70786516853933,3438.0914035533924,0.9804237645834845,3440.877246445758,0.22514391792867627,0 days 00:13:00
1271,CLOSED,2025-09-17 18:43:00+00:00,115000.0,116000.0,2025-09-17 20:08:00+00:00,33.70786516853933,3438.316547471321,0.9803595655940834,3441.1023903636865,0.22514391792867627,0 days 01:25:00
1272,CLOSED,2025-09-19 14:47:00+00:00,116000.0,117000.0,2025-10-01 14:02:00+00:00,33.70786516853933,3441.3247533953727,0.9795025922875069,3446.3785640627307,0.22262214258039137,11 days 23:15:00
1273,CLOSED,2025-09-22 00:32:00+00:00,115000.0,116000.0,2025-10-01 08:48:00+00:00,33.70786516853933,3438.76431353183,0.9802319116752495,3443.885799040419,0.22514391792867627,9 days 08:16:00
1274,CLOSED,2025-09-22 05:59:00+00:00,114000.0,115000.0,2025-10-01 08:27:00+00:00,33.70786516853933,3435.9110549091274,0.9810459185309391,3441.100217827533,0.22770993494973624,9 days 02:28:00
1275,CLOSED,2025-09-22 06:02:00+00:00,113000.0,114000.0,2025-09-29 14:41:00+00:00,33.70786516853933,3432.762408941658,0.981945767080678,3437.788930515727,0.2303213682012526,7 days 08:39:00
1276,CLOSED,2025-09-22 06:02:00+00:00,112000.0,113000.0,2025-09-22 06:12:00+00:00,33.70786516853933,3429.3157615821237,0.9829326755547327,3432.9956553301013,0.23297943418941003,0 days 00:10:00
1277,CLOSED,2025-09-22 19:44:00+00:00,112000.0,113000.0,2025-09-23 06:35:00+00:00,33.70786516853933,3429.548741016313,0.9828659020180694,3433.2286347642907,0.23297943418941003,0 days 10:51:00
1278,CLOSED,2025-09-23 17:46:00+00:00,112000.0,113000.0,2025-09-24 11:05:00+00:00,33.70786516853933,3429.7817204505027,0.982799137553039,3433.46161419848,0.23297943418941003,0 days 17:19:00
1279,CLOSED,2025-09-25 04:19:00+00:00,112000.0,113000.0,2025-09-29 13:43:00+00:00,33.70786516853933,3430.014699884692,0.9827323821577935,3434.409965840783,0.23297943418941003,4 days 09:24:00
1280,CLOSED,2025-09-25 13:04:00+00:00,111000.0,112000.0,2025-09-28 22:46:00+00:00,33.70786516853933,3426.267390406378,0.9838071968032054,3430.7303417557273,0.23568539325842863,3 days 09:42:00
1281,CLOSED,2025-09-25 17:21:00+00:00,110000.0,111000.0,2025-09-28 22:05:00+00:00,33.70786516853933,3422.216710141547,0.9849716725608861,3426.747349642071,0.2384405515832526,3 days 04:44:00
1282,CLOSED,2025-09-25 17:56:00+00:00,109000.0,110000.0,2025-09-26 17:27:00+00:00,33.70786516853933,3417.859901173958,0.9862272340935168,3422.4582316341766,0.24124626327182597,0 days 23:31:00
1283,CLOSED,2025-09-30 09:38:00+00:00,113000.0,114000.0,2025-09-30 19:30:00+00:00,33.70786516853933,3434.6400202547306,0.9814089677450208,3438.019251883928,0.2303213682012526,0 days 09:52:00
1284,CLOSED,2025-10-01 17:49:00+00:00,117000.0,118000.0,2025-10-01 22:08:00+00:00,33.70786516853933,3446.5984509506393,0.9780038390965458,3448.801180624333,0.22014347450303262,0 days 04:19:00
1285,CLOSED,2025-10-03 01:50:00+00:00,120000.0,121000.0,2025-10-03 15:18:00+00:00,33.70786516853933,3452.557839433753,0.976315726952968,3453.904405470934,0.21295533707865388,0 days 13:28:00
1286,CLOSED,2025-10-03 17:00:00+00:00,122000.0,123000.0,2025-10-03 17:11:00+00:00,33.70786516853933,3455.1782216721776,0.9755752961485725,3455.9658709111413,0.20835964265978646,0 days 00:11:00
1287,CLOSED,2025-10-03 17:51:00+00:00,122000.0,123000.0,2025-10-05 02:30:00+00:00,33.70786516853933,3455.3865813148377,0.9755164690057015,3456.1742305538014,0.20835964265978646,1 days 08:39:00
1288,CLOSED,2025-10-05 05:06:00+00:00,125000.0,126000.0,2025-10-06 18:56:00+00:00,33.70786516853933,3456.889291930809,0.9750924117593641,3457.53500736102,0.20174184269663442,1 days 13:50:00
1289,CLOSED,2025-10-05 09:29:00+00:00,124000.0,125000.0,2025-10-06 13:57:00+00:00,33.70786516853933,3456.586190807214,0.975177915660988,3457.299559825681,0.20391219644798042,1 days 04:28:00
1290,CLOSED,2025-10-05 09:41:00+00:00,123000.0,124000.0,2025-10-06 00:16:00+00:00,33.70786516853933,3456.0115238989138,0.9753400686150392,3456.7925487134894,0.2061178405042483,0 days 14:35:00
1291,OPEN,2025-10-06 18:57:00+00:00,126000.0,127000.0,,33.70786516853933,3457.501063810458,0.9749198784451107,,-10.283421139646872,86 days 05:02:00
1292,OPEN,2025-10-06 21:16:00+00:00,125000.0,126000.0,,33.70786516853933,3457.200100728596,0.9750047491157796,,-10.096025587415728,86 days 02:43:00
1293,CLOSED,2025-10-07 06:25:00+00:00,124000.0,125000.0,2025-10-07 12:56:00+00:00,33.70786516853933,3456.6297443883077,0.9751656284061845,3457.404250782964,0.20391219644798042,0 days 06:31:00
1294,OPEN,2025-10-07 13:42:00+00:00,124000.0,125000.0,,33.70786516853933,3456.8336565847558,0.9751081051971027,,-9.905607526277642,85 days 10:17:00
1295,CLOSED,2025-10-07 14:08:00+00:00,123000.0,124000.0,2025-10-08 17:31:00+00:00,33.70786516853933,3455.991734459762,0.975345653533761,3458.086370417805,0.2061178405042483,1 days 03:23:00
1296,CLOSED,2025-10-07 15:07:00+00:00,122000.0,123000.0,2025-10-08 10:38:00+00:00,33.70786516853933,3454.8760386981558,0.9756606254747394,3456.621613411033,0.20835964265978646,0 days 19:31:00
1297,CLOSED,2025-10-07 16:24:00+00:00,121000.0,122000.0,2025-10-07 16:46:00+00:00,33.70786516853933,3453.4843252537353,0.97605380519753,3455.086921788508,0.21063849939640988,0 days 00:22:00
1298,CLOSED,2025-10-07 18:02:00+00:00,121000.0,122000.0,2025-10-07 19:52:00+00:00,33.70786516853933,3453.694963753132,0.9759942763419087,3455.2975602879046,0.21063849939640988,0 days 01:50:00
1299,CLOSED,2025-10-08 13:43:00+00:00,122000.0,123000.0,2025-10-08 14:01:00+00:00,33.70786516853933,3455.5056753396093,0.9754828478244792,3456.8299730536933,0.20835964265978646,0 days 00:18:00
1300,CLOSED,2025-10-08 15:48:00+00:00,122000.0,123000.0,2025-10-08 16:51:00+00:00,33.70786516853933,3455.7140349822694,0.9754240318300029,3457.0383326963533,0.20835964265978646,0 days 01:03:00
1301,OPEN,2025-10-08 20:58:00+00:00,123000.0,124000.0,,33.70786516853933,3457.24420822704,0.9749923100117233,,-9.712093236503154,84 days 03:01:00
1302,CLOSED,2025-10-09 02:19:00+00:00,122000.0,123000.0,2025-10-09 12:05:00+00:00,33.70786516853933,3456.1285124654337,0.9753070537441844,3457.4528101795177,0.20835964265978646,0 days 09:46:00
1303,OPEN,2025-10-09 14:08:00+00:00,122000.0,123000.0,,33.70786516853933,3456.3368721080938,0.9752482589458991,,-9.515406581322527,83 days 09:51:00
1304,CLOSED,2025-10-09 14:46:00+00:00,121000.0,122000.0,2025-10-10 13:26:00+00:00,33.70786516853933,3454.9451586636733,0.9756411063143208,3456.7607105355246,0.21063849939640988,0 days 22:40:00
1305,CLOSED,2025-10-09 16:58:00+00:00,120000.0,121000.0,2025-10-09 17:59:00+00:00,33.70786516853933,3453.2751463985633,0.9761129287277737,3455.1583609108643,0.21295533707865388,0 days 01:01:00
1306,OPEN,2025-10-10 14:57:00+00:00,121000.0,122000.0,,33.70786516853933,3455.3687525001483,0.9755215024199616,,-9.315468907048011,82 days 09:02:00
1307,OPEN,2025-10-10 15:04:00+00:00,120000.0,121000.0,,33.70786516853933,3453.6987402350387,0.9759932091310711,,-9.112198938202244,82 days 08:55:00
1308,OPEN,2025-10-10 15:30:00+00:00,119000.0,120000.0,,33.70786516853933,3451.7481099924007,0.9765447562920094,,-8.905512667359083,82 days 08:29:00
1309,OPEN,2025-10-10 17:05:00+00:00,118000.0,119000.0,,33.70786516853933,3449.51450363797,0.9771770819629811,,-8.695323239382972,82 days 06:54:00
1310,OPEN,2025-10-10 19:10:00+00:00,117000.0,118000.0,,33.70786516853933,3446.9955230691035,0.9778911792298133,,-8.481540829732062,82 days 04:49:00
1311,CLOSED,2025-10-10 19:21:00+00:00,116000.0,117000.0,2025-10-10 19:45:00+00:00,33.70786516853933,3444.188729189952,0.9786880980958081,3447.2184017982786,0.22262214258039137,0 days 00:24:00
1312,OPEN,2025-10-10 20:52:00+00:00,116000.0,117000.0,,33.70786516853933,3444.4113513325324,0.978624842688979,,-8.264072516466488,82 days 03:07:00
1313,CLOSED,2025-10-10 20:55:00+00:00,115000.0,116000.0,2025-10-27 06:50:00+00:00,33.70786516853933,3441.3142629938693,0.9795055781744912,3467.549202111617,0.22514391792867627,16 days 09:55:00
1314,CLOSED,2025-10-10 20:56:00+00:00,114000.0,115000.0,2025-10-10 21:04:00+00:00,33.70786516853933,3437.924355896046,0.9804714030641857,3441.5422346082987,0.22770993494973624,0 days 00:08:00
1315,CLOSED,2025-10-10 21:11:00+00:00,114000.0,115000.0,2025-10-12 20:28:00+00:00,33.70786516853933,3438.152065830996,0.9804064661227306,3452.6955295883126,0.22770993494973624,1 days 23:17:00
1316,CLOSED,2025-10-10 21:13:00+00:00,113000.0,114000.0,2025-10-10 22:48:00+00:00,33.70786516853933,3434.466771388407,0.9814584741174448,3446.9700822409336,0.2303213682012526,0 days 01:35:00
1317,CLOSED,2025-10-10 21:13:00+00:00,112000.0,113000.0,2025-10-10 21:46:00+00:00,33.70786516853933,3430.483475553752,0.9825980917485158,3442.117139435974,0.23297943418941003,0 days 00:33:00
1318,CLOSED,2025-10-10 21:13:00+00:00,111000.0,112000.0,2025-10-10 21:14:00+00:00,33.70786516853933,3426.1995176003174,0.9838266859645127,3430.9578711615154,0.23568539325842863,0 days 00:01:00
1319,CLOSED,2025-10-10 21:13:00+00:00,110000.0,111000.0,2025-10-10 21:14:00+00:00,33.70786516853933,3421.6121888603657,0.9851456947190261,3426.4382305727386,0.2384405515832526,0 days 00:01:00
1320,CLOSED,2025-10-10 21:16:00+00:00,111000.0,112000.0,2025-10-10 21:18:00+00:00,33.70786516853933,3426.673643545159,0.9836905604370871,3432.16436231849,0.23568539325842863,0 days 00:02:00
1321,CLOSED,2025-10-10 21:16:00+00:00,110000.0,111000.0,2025-10-10 21:18:00+00:00,33.70786516853933,3422.0863148052076,0.9850092039673772,3427.644721729713,0.2384405515832526,0 days 00:02:00
1322,CLOSED,2025-10-10 21:16:00+00:00,109000.0,110000.0,2025-10-10 21:17:00+00:00,33.70786516853933,3417.1928573624978,0.9864197478908513,3422.327836297837,0.24124626327182597,0 days 00:01:00
1323,CLOSED,2025-10-10 21:17:00+00:00,108000.0,109000.0,2025-10-10 21:18:00+00:00,33.70786516853933,3412.574354048229,0.9877547467516058,3417.959208529687,0.24410393258426666,0 days 00:01:00
1324,CLOSED,2025-10-10 21:17:00+00:00,107000.0,108000.0,2025-10-10 21:18:00+00:00,33.70786516853933,3407.3690988527105,0.9892636867514308,3412.8216500683907,0.24701501627637867,0 days 00:01:00
1325,CLOSED,2025-10-10 21:19:00+00:00,108000.0,109000.0,2025-10-10 21:29:00+00:00,33.70786516853933,3415.129384437335,0.9870157576502163,3423.7192781107506,0.24410393258426666,0 days 00:10:00
1326,CLOSED,2025-10-10 21:19:00+00:00,107000.0,108000.0,2025-10-10 21:22:00+00:00,33.70786516853933,3410.533628731091,0.9883457792228408,3416.9134845839603,0.24701501627637867,0 days 00:03:00
1327,CLOSED,2025-10-10 21:19:00+00:00,106000.0,107000.0,2025-10-10 21:21:00+00:00,33.70786516853933,3405.6231612743486,0.9897708458127293,3411.814632668794,0.24998102607590056,0 days 00:02:00
1328,CLOSED,2025-10-10 21:19:00+00:00,105000.0,106000.0,2025-10-10 21:20:00+00:00,33.70786516853933,3400.395013088329,0.9912926303795792,3406.132535965669,0.25300353130015907,0 days 00:01:00
1329,CLOSED,2025-10-10 21:19:00+00:00,104000.0,105000.0,2025-10-10 21:20:00+00:00,33.70786516853933,3394.8461586422773,0.9929128918766773,3400.6513873320628,0.2560841616248979,0 days 00:01:00
1330,CLOSED,2025-10-10 21:20:00+00:00,103000.0,104000.0,2025-10-10 21:21:00+00:00,33.70786516853933,3390.515220139552,0.9941812078682227,3396.26531279711,0.2592246100141793,0 days 00:01:00
1331,CLOSED,2025-10-10 21:20:00+00:00,102000.0,103000.0,2025-10-10 21:21:00+00:00,33.70786516853933,3384.96013838748,0.9958127656001589,3390.777943206307,0.2624266358228695,0 days 00:01:00
1332,CLOSED,2025-10-10 21:21:00+00:00,104000.0,105000.0,2025-10-10 21:22:00+00:00,33.70786516853933,3397.150362056039,0.9922394235190255,3402.3172037565155,0.2560841616248979,0 days 00:01:00
1333,CLOSED,2025-10-10 21:23:00+00:00,107000.0,108000.0,2025-10-10 21:24:00+00:00,33.70786516853933,3412.3174478738315,0.9878291127205131,3417.160499600237,0.24701501627637867,0 days 00:01:00
1334,CLOSED,2025-10-10 21:24:00+00:00,106000.0,107000.0,2025-10-10 21:25:00+00:00,33.70786516853933,3408.0024150490326,0.9890798498173705,3413.879174692979,0.24998102607590056,0 days 00:01:00
1335,CLOSED,2025-10-10 21:24:00+00:00,105000.0,106000.0,2025-10-10 21:25:00+00:00,33.70786516853933,3403.088978613512,0.9905078997456188,3409.0334409861907,0.25300353130015907,0 days 00:01:00
1336,CLOSED,2025-10-10 21:24:00+00:00,104000.0,105000.0,2025-10-10 21:25:00+00:00,33.70786516853933,3397.8548359179595,0.9920337035067263,3403.8670041030837,0.2560841616248979,0 days 00:01:00
1337,CLOSED,2025-10-10 21:24:00+00:00,103000.0,104000.0,2025-10-10 21:25:00+00:00,33.70786516853933,3392.2969032483356,0.9936590496032923,3398.3767803894975,0.2592246100141793,0 days 00:01:00
1338,CLOSED,2025-10-10 21:24:00+00:00,102000.0,103000.0,2025-10-10 21:25:00+00:00,33.70786516853933,3386.4120370126593,0.9953858183859663,3392.5596263150906,0.2624266358228695,0 days 00:01:00
1339,CLOSED,2025-10-10 21:25:00+00:00,107000.0,108000.0,2025-10-10 21:27:00+00:00,33.70786516853933,3413.845182854947,0.9873870478317929,3419.1912191387287,0.24701501627637867,0 days 00:02:00
1340,CLOSED,2025-10-10 21:26:00+00:00,106000.0,107000.0,2025-10-10 21:27:00+00:00,33.70786516853933,3408.9347153982044,0.9888093490403451,3414.348451385187,0.24998102607590056,0 days 00:01:00
1341,CLOSED,2025-10-10 21:26:00+00:00,105000.0,106000.0,2025-10-10 21:27:00+00:00,33.70786516853933,3403.706567212185,0.990328176149093,3409.1880059278997,0.25300353130015907,0 days 00:01:00
1342,CLOSED,2025-10-10 21:30:00+00:00,108000.0,109000.0,2025-10-10 21:31:00+00:00,33.70786516853933,3419.435042067428,0.9857729348225659,3423.9633820433346,0.24410393258426666,0 days 00:01:00
1343,CLOSED,2025-10-10 21:32:00+00:00,109000.0,110000.0,2025-10-10 21:33:00+00:00,33.70786516853933,3423.9293960882787,0.9844789792409097,3428.4548755343435,0.24124626327182597,0 days 00:01:00
1344,CLOSED,2025-10-10 21:33:00+00:00,110000.0,111000.0,2025-10-10 21:34:00+00:00,33.70786516853933,3428.420892439817,0.9831892356877836,3432.9435633656726,0.2384405515832526,0 days 00:01:00
1345,CLOSED,2025-10-10 21:35:00+00:00,111000.0,112000.0,2025-10-10 21:38:00+00:00,33.70786516853933,3432.9095830796664,0.9819036695484409,3437.429496089281,0.23568539325842863,0 days 00:03:00
1346,CLOSED,2025-10-10 21:39:00+00:00,111000.0,112000.0,2025-10-10 21:40:00+00:00,33.70786516853933,3433.1452684729247,0.9818362618699413,3437.6651814825395,0.23568539325842863,0 days 00:01:00
1347,CLOSED,2025-10-10 21:44:00+00:00,111000.0,112000.0,2025-10-10 21:45:00+00:00,33.70786516853933,3433.380953866183,0.9817688634458797,3437.900866875798,0.23568539325842863,0 days 00:01:00
1348,CLOSED,2025-10-10 21:46:00+00:00,111000.0,112000.0,2025-10-10 21:47:00+00:00,33.70786516853933,3434.1839886775797,0.981539290838037,3438.403239568414,0.23568539325842863,0 days 00:01:00
1349,CLOSED,2025-10-10 22:05:00+00:00,112000.0,113000.0,2025-10-10 22:10:00+00:00,33.70786516853933,3438.369262040324,0.9803445354364622,3442.82148965668,0.23297943418941003,0 days 00:05:00
1350,CLOSED,2025-10-10 22:05:00+00:00,111000.0,112000.0,2025-10-10 22:06:00+00:00,33.70786516853933,3434.085304086889,0.9815674971272191,3438.605217096504,0.23568539325842863,0 days 00:01:00
1351,CLOSED,2025-10-10 22:27:00+00:00,112000.0,113000.0,2025-10-10 22:34:00+00:00,33.70786516853933,3438.837926867772,0.9802109283830591,3443.0544690908696,0.23297943418941003,0 days 00:07:00
1352,CLOSED,2025-10-10 23:06:00+00:00,113000.0,114000.0,2025-10-10 23:34:00+00:00,33.70786516853933,3443.284523504817,0.9789451013542468,3447.200403609135,0.2303213682012526,0 days 00:28:00
1353,CLOSED,2025-10-10 23:54:00+00:00,113000.0,114000.0,2025-10-12 16:05:00+00:00,33.70786516853933,3443.5148448730183,0.978879624077309,3449.0779151695874,0.2303213682012526,1 days 16:11:00
1354,CLOSED,2025-10-11 00:16:00+00:00,112000.0,113000.0,2025-10-11 00:48:00+00:00,33.70786516853933,3439.5315490383637,0.9800132572693946,3443.7480912614615,0.23297943418941003,0 days 00:32:00
1355,CLOSED,2025-10-11 01:12:00+00:00,112000.0,113000.0,2025-10-11 02:43:00+00:00,33.70786516853933,3439.764528472553,0.9799468797798055,3443.981070695651,0.23297943418941003,0 days 01:31:00
1356,CLOSED,2025-10-11 03:24:00+00:00,112000.0,113000.0,2025-10-12 15:05:00+00:00,33.70786516853933,3439.9975079067426,0.979880511281264,3445.1623020195234,0.23297943418941003,1 days 11:41:00
1357,CLOSED,2025-10-11 07:09:00+00:00,111000.0,112000.0,2025-10-11 10:21:00+00:00,33.70786516853933,3435.713549953308,0.9811023148014603,3440.2334629629227,0.23568539325842863,0 days 03:12:00
1358,CLOSED,2025-10-11 19:20:00+00:00,111000.0,112000.0,2025-10-12 06:27:00+00:00,33.70786516853933,3435.949235346566,0.9810350171002858,3440.9460294593473,0.23568539325842863,0 days 11:07:00
1359,CLOSED,2025-10-11 20:56:00+00:00,110000.0,111000.0,2025-10-11 21:46:00+00:00,33.70786516853933,3431.361906606615,0.9823465459484024,3436.1879483189873,0.2384405515832526,0 days 00:50:00
1360,CLOSED,2025-10-12 00:28:00+00:00,110000.0,111000.0,2025-10-12 03:09:00+00:00,33.70786516853933,3431.600347158198,0.9822782888005513,3436.4263888705705,0.2384405515832526,0 days 02:41:00
1361,CLOSED,2025-10-13 11:27:00+00:00,114000.0,115000.0,2025-10-13 13:31:00+00:00,33.70786516853933,3449.30536081101,0.9772363314512068,3452.9232395232625,0.22770993494973624,0 days 02:04:00
1362,CLOSED,2025-10-13 14:30:00+00:00,114000.0,115000.0,2025-10-13 16:09:00+00:00,33.70786516853933,3449.53307074596,0.9771718223084036,3453.1509494582124,0.22770993494973624,0 days 01:39:00
1363,CLOSED,2025-10-14 02:18:00+00:00,114000.0,115000.0,2025-10-26 22:03:00+00:00,33.70786516853933,3449.7607806809096,0.9771073216817692,3464.2269724236103,0.22770993494973624,12 days 19:45:00
1364,CLOSED,2025-10-14 04:47:00+00:00,113000.0,114000.0,2025-10-21 16:36:00+00:00,33.70786516853933,3446.0754862383205,0.9781522576376955,3457.0202090361763,0.2303213682012526,7 days 11:49:00
1365,CLOSED,2025-10-14 06:43:00+00:00,112000.0,113000.0,2025-10-14 16:20:00+00:00,33.70786516853933,3442.092190403666,0.9792842057663277,3446.782858571605,0.23297943418941003,0 days 09:37:00
1366,CLOSED,2025-10-14 10:13:00+00:00,111000.0,112000.0,2025-10-14 14:17:00+00:00,33.70786516853933,3437.808232450231,0.9805045217578847,3442.566586011429,0.23568539325842863,0 days 04:04:00
1367,CLOSED,2025-10-14 13:37:00+00:00,110000.0,111000.0,2025-10-14 13:45:00+00:00,33.70786516853933,3433.2209037102793,0.9818146316221967,3438.0469454226522,0.2384405515832526,0 days 00:08:00
1368,CLOSED,2025-10-14 17:01:00+00:00,112000.0,113000.0,2025-10-14 18:06:00+00:00,33.70786516853933,3442.799295782697,0.9790830737600718,3447.0158380057946,0.23297943418941003,0 days 01:05:00
1369,CLOSED,2025-10-15 03:22:00+00:00,112000.0,113000.0,2025-10-15 08:16:00+00:00,33.70786516853933,3443.0322752168863,0.9790168222113449,3447.248817439984,0.23297943418941003,0 days 04:54:00
1370,CLOSED,2025-10-15 11:17:00+00:00,112000.0,113000.0,2025-10-21 15:24:00+00:00,33.70786516853933,3443.265254651076,0.9789505796280897,3453.1045958861123,0.23297943418941003,6 days 04:07:00
1371,CLOSED,2025-10-15 13:46:00+00:00,111000.0,112000.0,2025-10-15 14:08:00+00:00,33.70786516853933,3438.981296697641,0.9801700637601043,3443.501209707256,0.23568539325842863,0 days 00:22:00
1372,CLOSED,2025-10-15 14:48:00+00:00,111000.0,112000.0,2025-10-21 14:57:00+00:00,33.70786516853933,3439.2169820908994,0.980102893887386,3448.888323325936,0.23568539325842863,6 days 00:09:00
1373,CLOSED,2025-10-16 09:34:00+00:00,110000.0,111000.0,2025-10-16 09:44:00+00:00,33.70786516853933,3434.6296533509476,0.981411929977741,3439.4556950633205,0.2384405515832526,0 days 00:10:00
1374,CLOSED,2025-10-16 14:17:00+00:00,110000.0,111000.0,2025-10-16 14:40:00+00:00,33.70786516853933,3434.8680939025307,0.9813438026448953,3439.6941356149036,0.2384405515832526,0 days 00:23:00
1375,CLOSED,2025-10-16 15:27:00+00:00,110000.0,111000.0,2025-10-20 05:54:00+00:00,33.70786516853933,3435.106534454114,0.981275684769875,3443.162347505552,0.2384405515832526,3 days 14:27:00
1376,CLOSED,2025-10-16 15:43:00+00:00,109000.0,110000.0,2025-10-20 03:51:00+00:00,33.70786516853933,3430.2130770114045,0.9826755484795576,3438.3365810225373,0.24124626327182597,3 days 12:08:00
1377,CLOSED,2025-10-16 16:23:00+00:00,108000.0,109000.0,2025-10-16 16:58:00+00:00,33.70786516853933,3425.0106823457286,0.9841681762421077,3430.4574590338766,0.24410393258426666,0 days 00:35:00
1378,CLOSED,2025-10-16 18:03:00+00:00,108000.0,109000.0,2025-10-17 01:06:00+00:00,33.70786516853933,3425.254786278313,0.9840980385918787,3430.701562966461,0.24410393258426666,0 days 07:03:00
1379,CLOSED,2025-10-17 06:19:00+00:00,108000.0,109000.0,2025-10-19 17:07:00+00:00,33.70786516853933,3425.4988902108976,0.9840279109377856,3432.957776244501,0.24410393258426666,2 days 10:48:00
1380,CLOSED,2025-10-17 06:42:00+00:00,107000.0,108000.0,2025-10-19 09:49:00+00:00,33.70786516853933,3419.984697792412,0.9856145026115947,3427.2642655439613,0.24701501627637867,2 days 03:07:00
1381,CLOSED,2025-10-17 07:31:00+00:00,106000.0,107000.0,2025-10-17 16:00:00+00:00,33.70786516853933,3414.1557936234285,0.9872972179973463,3421.5030610781787,0.24998102607590056,0 days 08:29:00
1382,CLOSED,2025-10-17 08:15:00+00:00,105000.0,106000.0,2025-10-17 11:15:00+00:00,33.70786516853933,3408.0092087251674,0.9890778781418967,3414.6651683147484,0.25300353130015907,0 days 03:00:00
1383,CLOSED,2025-10-17 10:21:00+00:00,104000.0,105000.0,2025-10-17 11:04:00+00:00,33.70786516853933,3401.541917566874,0.9909583943228486,3408.265582968901,0.2560841616248979,0 days 00:43:00
1384,CLOSED,2025-10-17 13:13:00+00:00,105000.0,106000.0,2025-10-17 13:37:00+00:00,33.70786516853933,3408.5182964180926,0.9889301519655005,3414.9181718460486,0.25300353130015907,0 days 00:24:00
1385,CLOSED,2025-10-17 13:47:00+00:00,105000.0,106000.0,2025-10-17 13:55:00+00:00,33.70786516853933,3408.771299949393,0.9888567522567372,3415.171175377349,0.25300353130015907,0 days 00:08:00
1386,CLOSED,2025-10-17 14:23:00+00:00,105000.0,106000.0,2025-10-17 15:17:00+00:00,33.70786516853933,3409.024303480693,0.988783363442813,3415.424178908649,0.25300353130015907,0 days 00:54:00
1387,CLOSED,2025-10-19 10:05:00+00:00,107000.0,108000.0,2025-10-19 11:00:00+00:00,33.70786516853933,3421.749792121591,0.9851060777778087,3427.511280560238,0.24701501627637867,0 days 00:55:00
1388,CLOSED,2025-10-20 00:19:00+00:00,108000.0,109000.0,2025-10-20 03:42:00+00:00,33.70786516853933,3427.7551034889375,0.9833802051444634,3433.2018801770855,0.24410393258426666,0 days 03:23:00
1389,CLOSED,2025-10-20 17:37:00+00:00,110000.0,111000.0,2025-10-20 19:04:00+00:00,33.70786516853933,3438.5747463447624,0.9802859514504115,3443.4007880571353,0.2384405515832526,0 days 01:27:00
1390,CLOSED,2025-10-21 01:54:00+00:00,110000.0,111000.0,2025-10-21 14:51:00+00:00,33.70786516853933,3438.8131868963455,0.9802179803480953,3444.3686827371594,0.2384405515832526,0 days 12:57:00
1391,CLOSED,2025-10-21 04:00:00+00:00,109000.0,110000.0,2025-10-21 14:18:00+00:00,33.70786516853933,3433.919729453636,0.9816148257461602,3439.5429162541445,0.24124626327182597,0 days 10:18:00
1392,CLOSED,2025-10-21 04:30:00+00:00,108000.0,109000.0,2025-10-21 12:21:00+00:00,33.70786516853933,3428.71733478796,0.9831042304519366,3434.1641114761082,0.24410393258426666,0 days 07:51:00
1393,CLOSED,2025-10-21 13:09:00+00:00,108000.0,109000.0,2025-10-21 14:07:00+00:00,33.70786516853933,3428.9614387205447,0.9830342443604969,3434.4082154086927,0.24410393258426666,0 days 00:58:00
1394,CLOSED,2025-10-21 16:56:00+00:00,113000.0,114000.0,2025-10-26 13:44:00+00:00,33.70786516853933,3453.33465030006,0.9760961094694502,3460.379036636684,0.2303213682012526,4 days 20:48:00
1395,CLOSED,2025-10-21 17:18:00+00:00,112000.0,113000.0,2025-10-26 11:42:00+00:00,33.70786516853933,3449.351354465405,0.9772233009809901,3456.46342348662,0.23297943418941003,4 days 18:24:00
1396,CLOSED,2025-10-21 20:16:00+00:00,111000.0,112000.0,2025-10-24 12:30:00+00:00,33.70786516853933,3445.0673965119704,0.9784384828775062,3451.7730249816022,0.23568539325842863,2 days 16:14:00
1397,CLOSED,2025-10-21 22:21:00+00:00,110000.0,111000.0,2025-10-23 17:40:00+00:00,33.70786516853933,3440.4800677720186,0.9797430737730685,3447.0149438412423,0.2384405515832526,1 days 19:19:00
1398,CLOSED,2025-10-21 22:31:00+00:00,109000.0,110000.0,2025-10-23 06:17:00+00:00,33.70786516853933,3435.586610329309,0.9811385650181106,3441.9479310949555,0.24124626327182597,1 days 07:46:00
1399,CLOSED,2025-10-22 00:28:00+00:00,108000.0,109000.0,2025-10-22 13:58:00+00:00,33.70786516853933,3430.3842156636333,0.9826265237177898,3436.078007368058,0.24410393258426666,0 days 13:30:00
1400,CLOSED,2025-10-22 11:03:00+00:00,107000.0,108000.0,2025-10-22 11:18:00+00:00,33.70786516853933,3424.870023245148,0.9842085959396585,3430.631511683795,0.24701501627637867,0 days 00:15:00
1401,CLOSED,2025-10-22 14:06:00+00:00,108000.0,109000.0,2025-10-22 15:01:00+00:00,33.70786516853933,3430.8753346124945,0.9824858638399495,3436.3221113006425,0.24410393258426666,0 days 00:55:00
1402,CLOSED,2025-10-22 15:22:00+00:00,108000.0,109000.0,2025-10-23 06:08:00+00:00,33.70786516853933,3431.119438545079,0.9824159657593472,3436.8132302495037,0.24410393258426666,0 days 14:46:00
1403,CLOSED,2025-10-22 21:01:00+00:00,107000.0,108000.0,2025-10-23 01:10:00+00:00,33.70786516853933,3425.6052461265936,0.9839973594929989,3431.3667345652407,0.24701501627637867,0 days 04:09:00
1404,CLOSED,2025-10-23 12:02:00+00:00,109000.0,110000.0,2025-10-23 15:10:00+00:00,33.70786516853933,3437.054198422888,0.9807196285704886,3442.1891773582274,0.24124626327182597,0 days 03:08:00
1405,CLOSED,2025-10-23 20:02:00+00:00,110000.0,111000.0,2025-10-24 04:27:00+00:00,33.70786516853933,3442.427342680453,0.9791888633528175,3447.2533843928254,0.2384405515832526,0 days 08:25:00
1406,CLOSED,2025-10-24 13:38:00+00:00,111000.0,112000.0,2025-10-26 09:21:00+00:00,33.70786516853933,3447.488797365246,0.9777512604044043,3452.2471509264437,0.23568539325842863,1 days 19:43:00
1407,CLOSED,2025-10-24 14:21:00+00:00,110000.0,111000.0,2025-10-24 20:56:00+00:00,33.70786516853933,3442.901468625294,0.9790540181214783,3447.727510337667,0.2384405515832526,0 days 06:35:00
1408,CLOSED,2025-10-26 21:28:00+00:00,113000.0,114000.0,2025-10-26 22:02:00+00:00,33.70786516853933,3456.6934779005674,0.9751476485850258,3460.609358004885,0.2303213682012526,0 days 00:34:00
1409,CLOSED,2025-10-27 08:50:00+00:00,115000.0,116000.0,2025-10-28 14:19:00+00:00,33.70786516853933,3464.4518546620593,0.9729638795002786,3468.0020559644954,0.22514391792867627,1 days 05:29:00
1410,CLOSED,2025-10-27 23:01:00+00:00,114000.0,115000.0,2025-10-28 13:20:00+00:00,33.70786516853933,3461.061947564236,0.9739168405310296,3464.6798262764887,0.22770993494973624,0 days 14:19:00
1411,OPEN,2025-10-28 14:42:00+00:00,115000.0,116000.0,,33.70786516853933,3464.9047085149377,0.9728367157025383,,-8.042822145578896,64 days 09:17:00
1412,OPEN,2025-10-28 19:20:00+00:00,114000.0,115000.0,,33.70786516853933,3461.5148014171145,0.9737894275286535,,-7.817690189237137,64 days 04:39:00
1413,OPEN,2025-10-28 20:09:00+00:00,113000.0,114000.0,,33.70786516853933,3457.8295069745254,0.9748272753341294,,-7.588573596499952,64 days 03:50:00
1414,OPEN,2025-10-29 15:29:00+00:00,112000.0,113000.0,,33.70786516853933,3453.846211139871,0.9759515365744887,,-7.355365636035309,63 days 08:30:00
1415,CLOSED,2025-10-29 16:13:00+00:00,111000.0,112000.0,2025-10-29 18:02:00+00:00,33.70786516853933,3449.562253186436,0.9771635556773222,3454.082166196051,0.23568539325842863,0 days 01:49:00
1416,OPEN,2025-10-29 18:35:00+00:00,111000.0,112000.0,,33.70786516853933,3449.7979385796943,0.9770967972233495,,-7.11795573033708,63 days 05:24:00
1417,CLOSED,2025-10-29 18:39:00+00:00,110000.0,111000.0,2025-10-29 18:53:00+00:00,33.70786516853933,3445.2106098397426,0.9783978103477188,3450.0366515521155,0.2384405515832526,0 days 00:14:00
1418,CLOSED,2025-10-29 23:39:00+00:00,110000.0,111000.0,2025-10-30 02:59:00+00:00,33.70786516853933,3445.4490503913257,0.9783301008241834,3450.2750921036986,0.2384405515832526,0 days 03:20:00
1419,CLOSED,2025-10-30 04:11:00+00:00,110000.0,111000.0,2025-10-30 07:11:00+00:00,33.70786516853933,3445.687490942909,0.978262400671606,3450.998882851138,0.2384405515832526,0 days 03:00:00
1420,CLOSED,2025-10-30 04:26:00+00:00,109000.0,110000.0,2025-10-30 05:46:00+00:00,33.70786516853933,3440.7940335001995,0.9796536741331621,3446.1731163681234,0.24124626327182597,0 days 01:20:00
1421,CLOSED,2025-10-30 04:32:00+00:00,108000.0,109000.0,2025-10-30 04:36:00+00:00,33.70786516853933,3435.5916388345236,0.9811371289742179,3441.0384155226716,0.24410393258426666,0 days 00:04:00
1422,CLOSED,2025-10-30 10:02:00+00:00,110000.0,111000.0,2025-10-31 14:56:00+00:00,33.70786516853933,3446.411281690349,0.9780569529707073,3452.2109348781264,0.2384405515832526,1 days 04:54:00
1423,CLOSED,2025-10-30 12:24:00+00:00,109000.0,110000.0,2025-10-31 01:10:00+00:00,33.70786516853933,3441.517824247639,0.9794476417075746,3447.1439221318396,0.24124626327182597,0 days 12:46:00
1424,CLOSED,2025-10-30 13:37:00+00:00,108000.0,109000.0,2025-10-31 00:52:00+00:00,33.70786516853933,3436.315429581963,0.9809304721668108,3442.009221286388,0.24410393258426666,0 days 11:15:00
1425,CLOSED,2025-10-30 17:21:00+00:00,107000.0,108000.0,2025-10-30 23:34:00+00:00,33.70786516853933,3430.8012371634777,0.9825070832843806,3436.562725602125,0.24701501627637867,0 days 06:13:00
1426,CLOSED,2025-10-31 02:38:00+00:00,109000.0,110000.0,2025-10-31 04:40:00+00:00,33.70786516853933,3442.250189459772,0.9792392566860298,3447.3851683951116,0.24124626327182597,0 days 02:02:00
1427,CLOSED,2025-10-31 16:09:00+00:00,110000.0,111000.0,2025-11-02 07:53:00+00:00,33.70786516853933,3447.623333717337,0.9777131056887945,3452.6906216929815,0.2384405515832526,1 days 15:44:00
1428,CLOSED,2025-10-31 16:51:00+00:00,109000.0,110000.0,2025-10-31 19:33:00+00:00,33.70786516853933,3442.7298762746273,0.9791028160772973,3447.8648552099667,0.24124626327182597,0 days 02:42:00
1429,OPEN,2025-11-02 16:00:00+00:00,110000.0,111000.0,,33.70786516853933,3448.103020532192,0.9775770900063404,,-6.876229280898876,59 days 07:59:00
1430,OPEN,2025-11-03 02:32:00+00:00,109000.0,110000.0,,33.70786516853933,3443.2095630894823,0.9789664134847004,,-6.630067483764563,58 days 21:27:00
1431,OPEN,2025-11-03 03:26:00+00:00,108000.0,109000.0,,33.70786516853933,3438.0071684238064,0.9804477860932758,,-6.3793471348314625,58 days 20:33:00
1432,CLOSED,2025-11-03 08:46:00+00:00,107000.0,108000.0,2025-11-03 12:04:00+00:00,33.70786516853933,3432.492976005321,0.982022844742074,3438.254464443968,0.24701501627637867,0 days 03:18:00
1433,OPEN,2025-11-03 15:26:00+00:00,107000.0,108000.0,,33.70786516853933,3432.7399910215977,0.981952179795235,,-6.123940424236061,58 days 08:33:00
1434,CLOSED,2025-11-03 15:28:00+00:00,106000.0,107000.0,2025-11-03 17:18:00+00:00,33.70786516853933,3426.911086852614,0.9836224026313364,3432.9902560205383,0.24998102607590056,0 days 01:50:00
1435,CLOSED,2025-11-03 22:30:00+00:00,106000.0,107000.0,2025-11-04 01:21:00+00:00,33.70786516853933,3427.16106787869,0.9835506560945932,3433.2402370466143,0.24998102607590056,0 days 02:51:00
1436,CLOSED,2025-11-04 05:21:00+00:00,106000.0,107000.0,2025-11-11 01:19:00+00:00,33.70786516853933,3427.411048904766,0.9834789200236348,3439.2786380479374,0.24998102607590056,6 days 19:58:00
1437,CLOSED,2025-11-04 05:44:00+00:00,105000.0,106000.0,2025-11-10 00:39:00+00:00,33.70786516853933,3421.264464006505,0.9852458213378046,3432.9467523471085,0.25300353130015907,5 days 18:55:00
1438,CLOSED,2025-11-04 08:13:00+00:00,104000.0,105000.0,2025-11-09 20:05:00+00:00,33.70786516853933,3414.7971728482116,0.9871117803586645,3426.547167001261,0.2560841616248979,5 days 11:52:00
1439,CLOSED,2025-11-04 14:37:00+00:00,103000.0,104000.0,2025-11-04 14:45:00+00:00,33.70786516853933,3408.006091715848,0.9890787827661494,3415.056690683927,0.2592246100141793,0 days 00:08:00
1440,CLOSED,2025-11-04 16:12:00+00:00,103000.0,104000.0,2025-11-05 16:51:00+00:00,33.70786516853933,3408.265316325862,0.9890035557700269,3417.1959440999926,0.2592246100141793,1 days 00:39:00
1441,CLOSED,2025-11-04 17:02:00+00:00,102000.0,103000.0,2025-11-05 13:48:00+00:00,33.70786516853933,3401.147301627446,0.9910733696364795,3410.1456415628454,0.2624266358228695,0 days 20:46:00
1442,CLOSED,2025-11-04 17:17:00+00:00,101000.0,102000.0,2025-11-05 03:25:00+00:00,33.70786516853933,3393.699148131938,0.9932484789376167,3402.765203497307,0.26569206808321155,0 days 10:08:00
1443,CLOSED,2025-11-04 20:17:00+00:00,100000.0,101000.0,2025-11-04 20:41:00+00:00,33.70786516853933,3385.917587138377,0.9955311758496661,3393.9684739746344,0.2690228089887654,0 days 00:24:00
1444,CLOSED,2025-11-04 21:21:00+00:00,100000.0,101000.0,2025-11-04 22:09:00+00:00,33.70786516853933,3386.1866099473655,0.9954520837545713,3394.5099176212125,0.2690228089887654,0 days 00:48:00
1445,CLOSED,2025-11-04 21:35:00+00:00,99000.0,100000.0,2025-11-04 21:56:00+00:00,33.70786516853933,3378.0683073807704,0.9978443921601801,3386.459337220093,0.2724208375893724,0 days 00:21:00
1446,CLOSED,2025-11-05 01:17:00+00:00,100000.0,101000.0,2025-11-05 01:59:00+00:00,33.70786516853933,3386.7280535939435,0.9952929386452822,3395.0513612677905,0.2690228089887654,0 days 00:42:00
1447,CLOSED,2025-11-05 01:39:00+00:00,99000.0,100000.0,2025-11-05 01:52:00+00:00,33.70786516853933,3378.6097510273485,0.9976844812659891,3387.000780866671,0.2724208375893724,0 days 00:13:00
1448,CLOSED,2025-11-06 01:19:00+00:00,103000.0,104000.0,2025-11-06 04:45:00+00:00,33.70786516853933,3410.404569741928,0.9883831809165698,3417.455168710007,0.2592246100141793,0 days 03:26:00
1449,CLOSED,2025-11-06 07:17:00+00:00,103000.0,104000.0,2025-11-07 22:07:00+00:00,33.70786516853933,3410.6637943519418,0.988308059690889,3419.042918969083,0.2592246100141793,1 days 14:50:00
1450,CLOSED,2025-11-06 15:00:00+00:00,102000.0,103000.0,2025-11-07 19:36:00+00:00,33.70786516853933,3403.5457796535256,0.9903749604323149,3411.992616431936,0.2624266358228695,1 days 04:36:00
1451,CLOSED,2025-11-06 16:39:00+00:00,101000.0,102000.0,2025-11-06 18:48:00+00:00,33.70786516853933,3396.0976261580176,0.9925470018561512,3403.811771421242,0.26569206808321155,0 days 02:09:00
1452,CLOSED,2025-11-06 20:31:00+00:00,101000.0,102000.0,2025-11-07 03:01:00+00:00,33.70786516853933,3396.363318226101,0.9924693564923063,3404.0774634893255,0.26569206808321155,0 days 06:30:00
1453,CLOSED,2025-11-07 09:26:00+00:00,101000.0,102000.0,2025-11-07 17:23:00+00:00,33.70786516853933,3396.6290102941844,0.9923917232756563,3404.6121783663975,0.26569206808321155,0 days 07:57:00
1454,CLOSED,2025-11-07 11:15:00+00:00,100000.0,101000.0,2025-11-07 15:10:00+00:00,33.70786516853933,3388.8474493006233,0.994670479354148,3396.898336136881,0.2690228089887654,0 days 03:55:00
1455,CLOSED,2025-11-08 00:34:00+00:00,103000.0,104000.0,2025-11-09 14:30:00+00:00,33.70786516853933,3412.2515446110183,0.9878481913730623,3419.5645702149204,0.2592246100141793,1 days 13:56:00
1456,CLOSED,2025-11-08 07:21:00+00:00,102000.0,103000.0,2025-11-09 14:09:00+00:00,33.70786516853933,3405.1335299126017,0.9899131670588112,3412.514267677773,0.2624266358228695,1 days 06:48:00
1457,CLOSED,2025-11-09 14:58:00+00:00,103000.0,104000.0,2025-11-09 15:52:00+00:00,33.70786516853933,3412.7731958568556,0.9876971962116043,3419.823794824935,0.2592246100141793,0 days 00:54:00
1458,CLOSED,2025-11-10 14:52:00+00:00,105000.0,106000.0,2025-11-10 18:00:00+00:00,33.70786516853933,3426.7998804504523,0.9836543231146732,3433.1997558784087,0.25300353130015907,0 days 03:08:00
1459,CLOSED,2025-11-11 02:02:00+00:00,106000.0,107000.0,2025-11-11 02:35:00+00:00,33.70786516853933,3433.4494499060893,0.9817492775220936,3439.5286190740135,0.24998102607590056,0 days 00:33:00
1460,OPEN,2025-11-11 04:28:00+00:00,106000.0,107000.0,,33.70786516853933,3433.6994309321653,0.9816778039709919,,-5.863714719101122,50 days 19:31:00
1461,OPEN,2025-11-11 06:08:00+00:00,105000.0,106000.0,,33.70786516853933,3427.5528460339046,0.9834382337107779,,-5.598532333868384,50 days 17:51:00
1462,CLOSED,2025-11-11 14:49:00+00:00,104000.0,105000.0,2025-11-12 09:20:00+00:00,33.70786516853933,3421.0855548756113,0.9852973457650032,3428.0684448876527,0.2560841616248979,0 days 18:31:00
1463,CLOSED,2025-11-11 17:40:00+00:00,103000.0,104000.0,2025-11-12 08:36:00+00:00,33.70786516853933,3414.294473743247,0.9872571164485369,3421.345072711327,0.2592246100141793,0 days 14:56:00
1464,OPEN,2025-11-12 14:48:00+00:00,104000.0,105000.0,,33.70786516853933,3421.6008636472507,0.9851489554690045,,-5.328250287381156,49 days 09:11:00
1465,CLOSED,2025-11-12 15:38:00+00:00,103000.0,104000.0,2025-11-13 07:26:00+00:00,33.70786516853933,3414.809782514887,0.987108135309214,3422.654192254956,0.2592246100141793,0 days 15:48:00
1466,CLOSED,2025-11-12 15:53:00+00:00,102000.0,103000.0,2025-11-13 05:54:00+00:00,33.70786516853933,3407.6917678164705,0.9891700149317832,3415.6038897178087,0.2624266358228695,0 days 14:01:00
1467,CLOSED,2025-11-12 19:28:00+00:00,101000.0,102000.0,2025-11-13 00:36:00+00:00,33.70786516853933,3400.2436143209625,0.9913367685353591,3407.957759584187,0.26569206808321155,0 days 05:08:00
1468,CLOSED,2025-11-13 03:15:00+00:00,101000.0,102000.0,2025-11-13 03:25:00+00:00,33.70786516853933,3400.509306389046,0.9912593123979198,3408.2234516522703,0.26569206808321155,0 days 00:10:00
1469,OPEN,2025-11-13 09:08:00+00:00,103000.0,104000.0,,33.70786516853933,3415.862817896891,0.9868038315804757,,-5.052720045816514,48 days 14:51:00
1470,CLOSED,2025-11-13 14:36:00+00:00,102000.0,103000.0,2025-11-13 14:52:00+00:00,33.70786516853933,3408.7448031984745,0.9888644388078202,3416.125540963646,0.2624266358228695,0 days 00:16:00
1471,OPEN,2025-11-13 15:33:00+00:00,102000.0,103000.0,,33.70786516853933,3409.0072298342975,0.9887883156580392,,-4.771787250495702,48 days 08:26:00
1472,OPEN,2025-11-13 16:17:00+00:00,101000.0,102000.0,,33.70786516853933,3401.5590763387895,0.9909533955476739,,-4.4852914295249775,48 days 07:42:00
1473,OPEN,2025-11-13 17:41:00+00:00,100000.0,101000.0,,33.70786516853933,3393.7775153452285,0.9932255433989589,,-4.193065692134834,48 days 06:18:00
1474,CLOSED,2025-11-13 18:25:00+00:00,99000.0,100000.0,2025-11-13 23:14:00+00:00,33.70786516853933,3385.6592127786334,0.9956071491576689,3394.050242617956,0.2724208375893724,0 days 04:49:00
1475,OPEN,2025-11-14 00:15:00+00:00,99000.0,100000.0,,33.70786516853933,3385.931633616223,0.995527045906088,,-3.8949364044943806,47 days 23:44:00
1476,OPEN,2025-11-14 04:34:00+00:00,98000.0,99000.0,,33.70786516853933,3377.4731880465633,0.9980202148706034,,-3.5907228456776004,47 days 19:25:00
1477,CLOSED,2025-11-14 04:38:00+00:00,97000.0,98000.0,2025-11-14 05:01:00+00:00,33.70786516853933,3368.67112862687,1.0006279592593905,3377.752928577086,0.2794270821267162,0 days 00:23:00
1478,OPEN,2025-11-14 06:13:00+00:00,97000.0,98000.0,,33.70786516853933,3368.950555708997,1.0005449652984146,,-3.2802368423491295,47 days 17:46:00
1479,CLOSED,2025-11-14 06:49:00+00:00,96000.0,97000.0,2025-11-14 06:56:00+00:00,33.70786516853933,3359.8013400284435,1.0032695911792797,3369.23391245057,0.28303967696629684,0 days 00:07:00
1480,CLOSED,2025-11-14 11:42:00+00:00,96000.0,97000.0,2025-11-14 15:46:00+00:00,33.70786516853933,3360.0843797054104,1.0031850798786965,3369.8036804539706,0.28303967696629684,0 days 04:04:00
1481,CLOSED,2025-11-14 12:39:00+00:00,95000.0,96000.0,2025-11-14 14:36:00+00:00,33.70786516853933,3350.5843915529467,1.006029433358526,3360.371428788793,0.28672832643405854,0 days 01:57:00
1482,OPEN,2025-11-14 17:48:00+00:00,96000.0,97000.0,,33.70786516853933,3360.6541477088103,1.0030149990745196,,-2.9632823806179758,47 days 06:11:00
1483,CLOSED,2025-11-14 18:59:00+00:00,95000.0,96000.0,2025-11-15 02:41:00+00:00,33.70786516853933,3351.154159556347,1.0058583868013355,3360.9411967921933,0.28672832643405854,0 days 07:42:00
1484,CLOSED,2025-11-16 01:40:00+00:00,95000.0,96000.0,2025-11-16 05:11:00+00:00,33.70786516853933,3351.440887882781,1.0057723318472052,3361.2279251186274,0.28672832643405854,0 days 03:31:00
1485,CLOSED,2025-11-16 15:53:00+00:00,95000.0,96000.0,2025-11-17 08:25:00+00:00,33.70786516853933,3351.7276162092153,1.0056862916164628,3362.095644360673,0.28672832643405854,0 days 16:32:00
1486,CLOSED,2025-11-16 17:44:00+00:00,94000.0,95000.0,2025-11-16 18:11:00+00:00,33.70786516853933,3341.8731632430326,1.0086518405093634,3352.018436194872,0.29049545780539887,0 days 00:27:00
1487,CLOSED,2025-11-16 18:47:00+00:00,94000.0,95000.0,2025-11-17 00:35:00+00:00,33.70786516853933,3342.163658700838,1.008564170123321,3352.3089316526775,0.29049545780539887,0 days 05:48:00
1488,CLOSED,2025-11-17 13:09:00+00:00,95000.0,96000.0,2025-11-17 14:36:00+00:00,33.70786516853933,3352.595335451261,1.0054259997352837,3362.6728681449126,0.28672832643405854,0 days 01:27:00
1489,CLOSED,2025-11-17 13:42:00+00:00,94000.0,95000.0,2025-11-17 14:36:00+00:00,33.70786516853933,3342.740882485078,1.00839001147705,3352.8861554369173,0.29049545780539887,0 days 00:54:00
1490,OPEN,2025-11-17 14:53:00+00:00,95000.0,96000.0,,33.70786516853933,3353.1725592355006,1.0052529231070793,,-2.6396551933767007,44 days 09:06:00
1491,OPEN,2025-11-17 15:19:00+00:00,94000.0,95000.0,,33.70786516853933,3343.3181062693175,1.0082159129677513,,-2.3091423213005022,44 days 08:40:00
1492,CLOSED,2025-11-17 17:44:00+00:00,93000.0,94000.0,2025-12-03 22:49:00+00:00,33.70786516853933,3333.1054175871413,1.011305102763317,3360.4528192649123,0.2943436027546227,16 days 05:05:00
1493,CLOSED,2025-11-17 19:33:00+00:00,92000.0,93000.0,2025-11-18 15:27:00+00:00,33.70786516853933,3322.5306411920255,1.0145238316431582,3334.012720045846,0.2982754030288248,0 days 19:54:00
1494,CLOSED,2025-11-18 02:16:00+00:00,91000.0,92000.0,2025-11-18 14:32:00+00:00,33.70786516853933,3311.5898413479604,1.0178756060810588,3323.139672269937,0.3022936164958665,0 days 12:16:00
1495,CLOSED,2025-11-18 03:30:00+00:00,90000.0,91000.0,2025-11-18 08:17:00+00:00,33.70786516853933,3300.2789958192425,1.021364109253796,3311.896582920994,0.3064011235954993,0 days 04:47:00
1496,CLOSED,2025-11-19 00:19:00+00:00,92000.0,93000.0,2025-11-20 05:04:00+00:00,33.70786516853933,3323.4376113351464,1.014246966862653,3335.838985863284,0.2982754030288248,1 days 04:45:00
1497,CLOSED,2025-11-19 05:08:00+00:00,91000.0,92000.0,2025-11-19 07:47:00+00:00,33.70786516853933,3312.496811491081,1.0175969091232462,3323.740241289462,0.3022936164958665,0 days 02:39:00
1498,CLOSED,2025-11-19 15:30:00+00:00,91000.0,92000.0,2025-11-20 00:30:00+00:00,33.70786516853933,3312.7991051075774,1.0175040531908355,3324.965938087375,0.3022936164958665,0 days 09:00:00
1499,CLOSED,2025-11-19 15:53:00+00:00,90000.0,91000.0,2025-11-19 15:56:00+00:00,33.70786516853933,3301.4882595788595,1.020990005666085,3313.105846680611,0.3064011235954993,0 days 00:03:00
1500,CLOSED,2025-11-19 16:05:00+00:00,90000.0,91000.0,2025-11-19 23:05:00+00:00,33.70786516853933,3301.794660702455,1.0208952594698302,3313.7228487384323,0.3064011235954993,0 days 07:00:00
1501,CLOSED,2025-11-19 17:36:00+00:00,89000.0,90000.0,2025-11-19 21:20:00+00:00,33.70786516853933,3290.1096578703664,1.0245210243344252,3302.1056062901334,0.3106009342254765,0 days 03:44:00
1502,CLOSED,2025-11-20 06:42:00+00:00,92000.0,93000.0,2025-11-28 14:30:00+00:00,33.70786516853933,3325.2638771525844,1.0136899330047542,3345.2769387492185,0.2982754030288248,8 days 07:48:00
1503,CLOSED,2025-11-20 14:05:00+00:00,91000.0,92000.0,2025-11-28 11:02:00+00:00,33.70786516853933,3314.3230773085193,1.0170361905669336,3334.4038909733094,0.3022936164958665,7 days 20:57:00
1504,CLOSED,2025-11-20 15:58:00+00:00,90000.0,91000.0,2025-11-27 01:58:00+00:00,33.70786516853933,3303.0122317798014,1.0205189325131903,3323.1608016243667,0.3064011235954993,6 days 10:00:00
1505,CLOSED,2025-11-20 16:07:00+00:00,89000.0,90000.0,2025-11-26 18:07:00+00:00,33.70786516853933,3291.3272289477127,1.0241420200359794,3311.543559176068,0.3106009342254765,6 days 02:00:00
1506,CLOSED,2025-11-20 16:47:00+00:00,88000.0,89000.0,2025-11-24 20:46:00+00:00,33.70786516853933,3279.2638647976087,1.0279095113506436,3298.2751929214232,0.3148961950970417,4 days 03:59:00
1507,CLOSED,2025-11-20 17:11:00+00:00,87000.0,88000.0,2025-11-20 22:26:00+00:00,33.70786516853933,3266.817839769057,1.0318256732344238,3279.583508346621,0.31929019759783017,0 days 05:15:00
1508,CLOSED,2025-11-20 23:36:00+00:00,87000.0,88000.0,2025-11-23 21:58:00+00:00,33.70786516853933,3267.1371299666553,1.0317248351581543,3284.61078380702,0.31929019759783017,2 days 22:22:00
1509,CLOSED,2025-11-21 02:44:00+00:00,86000.0,87000.0,2025-11-23 14:00:00+00:00,33.70786516853933,3254.3040456587546,1.0357933584449694,3271.84547308156,0.32378638620329525,2 days 11:16:00
1510,CLOSED,2025-11-21 07:32:00+00:00,85000.0,86000.0,2025-11-23 01:53:00+00:00,33.70786516853933,3241.0794013822106,1.0400197278154948,3258.6886069940447,0.3283883674818213,1 days 18:21:00
1511,CLOSED,2025-11-21 07:33:00+00:00,84000.0,85000.0,2025-11-21 14:36:00+00:00,33.70786516853933,3227.458590549156,1.0444089125494835,3243.4652543839293,0.33309991974317654,0 days 07:03:00
1512,CLOSED,2025-11-21 07:34:00+00:00,83000.0,84000.0,2025-11-21 07:37:00+00:00,33.70786516853933,3213.436896891061,1.0489661459091058,3228.139755329406,0.33792500338432063,0 days 00:03:00
1513,CLOSED,2025-11-21 07:34:00+00:00,82000.0,83000.0,2025-11-21 07:35:00+00:00,33.70786516853933,3199.0094904943717,1.05369694177838,3213.7801416156435,0.3428677719923243,0 days 00:01:00
1514,CLOSED,2025-11-21 09:31:00+00:00,83000.0,84000.0,2025-11-21 13:17:00+00:00,33.70786516853933,3214.1176896664374,1.0487439609604818,3229.5113484610447,0.33792500338432063,0 days 03:46:00
1515,CLOSED,2025-11-21 10:03:00+00:00,82000.0,83000.0,2025-11-21 11:07:00+00:00,33.70786516853933,3199.690283269748,1.0534727484340585,3214.4609343910197,0.3428677719923243,0 days 01:04:00
1516,CLOSED,2025-11-21 12:08:00+00:00,82000.0,83000.0,2025-11-21 12:44:00+00:00,33.70786516853933,3200.0331510417404,1.0533598740239942,3215.151734747282,0.3428677719923243,0 days 00:36:00
1517,CLOSED,2025-11-21 12:23:00+00:00,81000.0,82000.0,2025-11-21 12:36:00+00:00,33.70786516853933,3185.1950841901316,1.0582668966133324,3200.381465648482,0.3479325842696639,0 days 00:13:00
1518,CLOSED,2025-11-21 15:17:00+00:00,84000.0,85000.0,2025-11-21 17:04:00+00:00,33.70786516853933,3229.8440763759145,1.043637537028154,3244.1362793070566,0.33309991974317654,0 days 01:47:00
1519,CLOSED,2025-11-21 15:39:00+00:00,83000.0,84000.0,2025-11-21 16:51:00+00:00,33.70786516853933,3215.82238271782,1.0481880264808487,3230.182373384172,0.33792500338432063,0 days 01:12:00
1520,CLOSED,2025-11-21 18:06:00+00:00,84000.0,85000.0,2025-11-21 18:48:00+00:00,33.70786516853933,3230.5151012990423,1.0434207583485633,3244.4693792268,0.33309991974317654,0 days 00:42:00
1521,CLOSED,2025-11-21 20:07:00+00:00,84000.0,85000.0,2025-11-21 21:29:00+00:00,33.70786516853933,3230.8482012187856,1.0433131818394803,3244.802479146543,0.33309991974317654,0 days 01:22:00
1522,CLOSED,2025-11-22 04:17:00+00:00,84000.0,85000.0,2025-11-22 22:51:00+00:00,33.70786516853933,3231.181301138529,1.0432056275103514,3245.1355790662865,0.33309991974317654,0 days 18:34:00
1523,CLOSED,2025-11-23 23:18:00+00:00,87000.0,88000.0,2025-11-24 02:18:00+00:00,33.70786516853933,3272.1644054270546,1.0301397176936795,3285.2538603908215,0.31929019759783017,0 days 03:00:00
1524,CLOSED,2025-11-24 00:21:00+00:00,86000.0,87000.0,2025-11-24 00:41:00+00:00,33.70786516853933,3259.331321119154,1.0341957244458684,3272.4885496653615,0.32378638620329525,0 days 00:20:00
1525,CLOSED,2025-11-24 04:16:00+00:00,87000.0,88000.0,2025-11-24 17:41:00+00:00,33.70786516853933,3272.807482010856,1.029937304709068,3285.896936974623,0.31929019759783017,0 days 13:25:00
1526,CLOSED,2025-11-24 09:21:00+00:00,86000.0,87000.0,2025-11-24 16:02:00+00:00,33.70786516853933,3259.9743977029552,1.0339917145450768,3273.1316262491628,0.32378638620329525,0 days 06:41:00
1527,CLOSED,2025-11-25 00:14:00+00:00,88000.0,89000.0,2025-11-26 17:34:00+00:00,33.70786516853933,3286.2114798183056,1.0257363342423427,3299.5479597093145,0.3148961950970417,1 days 17:20:00
1528,CLOSED,2025-11-25 08:59:00+00:00,87000.0,88000.0,2025-11-25 17:37:00+00:00,33.70786516853933,3273.765454789754,1.0296359233439372,3286.531123367318,0.31929019759783017,0 days 08:38:00
1529,CLOSED,2025-11-25 19:04:00+00:00,87000.0,88000.0,2025-11-26 01:39:00+00:00,33.70786516853933,3274.084744987352,1.0295355127916686,3286.850413564916,0.31929019759783017,0 days 06:35:00
1530,CLOSED,2025-11-26 04:08:00+00:00,87000.0,88000.0,2025-11-26 17:25:00+00:00,33.70786516853933,3274.4040351849503,1.0294351218216533,3287.169703762514,0.31929019759783017,0 days 13:17:00
1531,CLOSED,2025-11-28 14:41:00+00:00,92000.0,93000.0,2025-12-03 02:26:00+00:00,33.70786516853933,3334.701830038519,1.0108209635087515,3349.349240109659,0.2982754030288248,4 days 11:45:00
1532,CLOSED,2025-11-28 16:30:00+00:00,91000.0,92000.0,2025-11-30 13:24:00+00:00,33.70786516853933,3323.7610301944537,1.0141482754723579,3335.0044599928347,0.3022936164958665,1 days 20:54:00
1533,CLOSED,2025-11-30 21:12:00+00:00,91000.0,92000.0,2025-12-02 18:18:00+00:00,33.70786516853933,3324.06332381095,1.0140560478220422,3337.8716051007577,0.3022936164958665,1 days 21:06:00
1534,CLOSED,2025-12-01 00:04:00+00:00,90000.0,91000.0,2025-12-02 15:51:00+00:00,33.70786516853933,3312.752478282232,1.0175183745094634,3326.628515751815,0.3064011235954993,1 days 15:47:00
1535,CLOSED,2025-12-01 00:08:00+00:00,89000.0,90000.0,2025-12-02 15:03:00+00:00,33.70786516853933,3301.0674754501433,1.0211201503520562,3315.0112733035166,0.3106009342254765,1 days 14:55:00
1536,CLOSED,2025-12-01 00:33:00+00:00,88000.0,89000.0,2025-12-02 14:47:00+00:00,33.70786516853933,3289.0041113000393,1.0248654008284495,3303.0156738367627,0.3148961950970417,1 days 14:14:00
1537,CLOSED,2025-12-01 00:56:00+00:00,87000.0,88000.0,2025-12-02 14:08:00+00:00,33.70786516853933,3276.558086271488,1.0287583580395703,3290.6374178899623,0.31929019759783017,1 days 13:12:00
1538,CLOSED,2025-12-01 04:13:00+00:00,86000.0,87000.0,2025-12-02 01:06:00+00:00,33.70786516853933,3263.725001963587,1.0328034729721203,3277.8721071645023,0.32378638620329525,0 days 20:53:00
1539,CLOSED,2025-12-01 12:48:00+00:00,85000.0,86000.0,2025-12-01 13:03:00+00:00,33.70786516853933,3250.500357687043,1.0370054286819035,3264.0537527897604,0.3283883674818213,0 days 00:15:00
1540,CLOSED,2025-12-01 15:25:00+00:00,85000.0,86000.0,2025-12-01 21:21:00+00:00,33.70786516853933,3250.8287460545253,1.0369006736958994,3264.715241076986,0.3283883674818213,0 days 05:56:00
1541,CLOSED,2025-12-01 15:42:00+00:00,84000.0,85000.0,2025-12-01 16:37:00+00:00,33.70786516853933,3237.2079352214705,1.041263516062438,3251.1622131492286,0.33309991974317654,0 days 00:55:00
1542,CLOSED,2025-12-02 20:29:00+00:00,91000.0,92000.0,2025-12-02 22:53:00+00:00,33.70786516853933,3326.930468918873,1.0131821354082315,3338.173898717254,0.3022936164958665,0 days 02:24:00
1543,CLOSED,2025-12-03 00:35:00+00:00,91000.0,92000.0,2025-12-03 01:26:00+00:00,33.70786516853933,3327.232762535369,1.0130900833897103,3338.47619233375,0.3022936164958665,0 days 00:51:00
1544,CLOSED,2025-12-03 14:03:00+00:00,92000.0,93000.0,2025-12-03 14:41:00+00:00,33.70786516853933,3338.7741313989595,1.009588065617832,3349.647515512688,0.2982754030288248,0 days 00:38:00
1545,CLOSED,2025-12-03 15:21:00+00:00,92000.0,93000.0,2025-12-03 17:53:00+00:00,33.70786516853933,3339.0724068019886,1.009497880305722,3349.945790915717,0.2982754030288248,0 days 02:32:00
1546,CLOSED,2025-12-04 00:12:00+00:00,93000.0,94000.0,2025-12-04 02:21:00+00:00,33.70786516853933,3350.2398022028883,1.0061329086465793,3360.747162867667,0.2943436027546227,0 days 02:09:00
1547,CLOSED,2025-12-04 05:21:00+00:00,93000.0,94000.0,2025-12-09 16:41:00+00:00,33.70786516853933,3350.534145805643,1.0060445201173795,3365.32364274172,0.2943436027546227,5 days 11:20:00
1548,CLOSED,2025-12-04 14:54:00+00:00,92000.0,93000.0,2025-12-04 15:39:00+00:00,33.70786516853933,3339.9593694105274,1.0092297971423665,3350.832753524256,0.2982754030288248,0 days 00:45:00
1549,CLOSED,2025-12-04 17:31:00+00:00,92000.0,93000.0,2025-12-09 16:01:00+00:00,33.70786516853933,3340.2576448135565,1.0091396758234439,3354.816614392525,0.2982754030288248,4 days 22:30:00
1550,CLOSED,2025-12-04 19:21:00+00:00,91000.0,92000.0,2025-12-04 19:45:00+00:00,33.70786516853933,3329.3168449694913,1.0124559102709316,3340.560274767872,0.3022936164958665,0 days 00:24:00
1551,CLOSED,2025-12-05 09:44:00+00:00,91000.0,92000.0,2025-12-08 09:02:00+00:00,33.70786516853933,3329.6191385859875,1.0123639901605768,3343.0284707529286,0.3022936164958665,2 days 23:18:00
1552,CLOSED,2025-12-05 14:41:00+00:00,90000.0,91000.0,2025-12-05 15:03:00+00:00,33.70786516853933,3318.3082930572696,1.015814752326196,3329.9258801590213,0.3064011235954993,0 days 00:22:00
1553,CLOSED,2025-12-05 16:05:00+00:00,90000.0,91000.0,2025-12-07 17:35:00+00:00,33.70786516853933,3318.614694180865,1.0157209641615068,3331.168379346165,0.3064011235954993,2 days 01:30:00
1554,CLOSED,2025-12-05 16:17:00+00:00,89000.0,90000.0,2025-12-06 14:15:00+00:00,33.70786516853933,3306.9296913487765,1.019310003981098,3318.925639768544,0.3106009342254765,0 days 21:58:00
1555,CLOSED,2025-12-06 23:21:00+00:00,89000.0,90000.0,2025-12-07 17:16:00+00:00,33.70786516853933,3307.240292283002,1.0192142750314235,3319.551136897866,0.3106009342254765,0 days 17:55:00
1556,CLOSED,2025-12-07 14:25:00+00:00,88000.0,89000.0,2025-12-07 15:09:00+00:00,33.70786516853933,3295.176928132898,1.02294553232499,3307.5555374311125,0.3148961950970417,0 days 00:44:00
1557,CLOSED,2025-12-07 21:54:00+00:00,90000.0,91000.0,2025-12-08 01:26:00+00:00,33.70786516853933,3319.8571933680087,1.0153408175471115,3331.785381403986,0.3064011235954993,0 days 03:32:00
1558,CLOSED,2025-12-07 22:07:00+00:00,89000.0,90000.0,2025-12-07 22:34:00+00:00,33.70786516853933,3308.17219053592,1.0189271666381639,3320.168138955687,0.3106009342254765,0 days 00:27:00
1559,CLOSED,2025-12-08 14:36:00+00:00,91000.0,92000.0,2025-12-09 15:44:00+00:00,33.70786516853933,3332.087334571044,1.01161409602965,3343.943566616616,0.3022936164958665,1 days 01:08:00
1560,CLOSED,2025-12-08 15:23:00+00:00,90000.0,91000.0,2025-12-08 21:28:00+00:00,33.70786516853933,3320.776489042326,1.015059739183479,3332.3940761440776,0.3064011235954993,0 days 06:05:00
1561,CLOSED,2025-12-09 01:49:00+00:00,90000.0,91000.0,2025-12-09 15:02:00+00:00,33.70786516853933,3321.0828901659215,1.0149660903782887,3332.7004772676733,0.3064011235954993,0 days 13:13:00
1562,CLOSED,2025-12-09 20:23:00+00:00,93000.0,94000.0,2025-12-10 20:13:00+00:00,33.70786516853933,3355.110625679696,1.0046722427136248,3366.512812553562,0.2943436027546227,0 days 23:50:00
1563,CLOSED,2025-12-10 01:32:00+00:00,92000.0,93000.0,2025-12-10 10:01:00+00:00,33.70786516853933,3344.5358492845803,1.0078488223036892,3355.409233398309,0.2982754030288248,0 days 08:29:00
1564,CLOSED,2025-12-10 11:42:00+00:00,92000.0,93000.0,2025-12-10 18:38:00+00:00,33.70786516853933,3344.8341246876093,1.007758947439209,3355.707508801338,0.2982754030288248,0 days 06:56:00
1565,CLOSED,2025-12-10 19:03:00+00:00,92000.0,93000.0,2025-12-10 19:13:00+00:00,33.70786516853933,3345.1324000906384,1.0076690886024717,3356.005784204367,0.2982754030288248,0 days 00:10:00
1566,OPEN,2025-12-10 20:51:00+00:00,93000.0,94000.0,,33.70786516853933,3356.299795491538,1.0043162775214105,,-1.9715216455237368,21 days 03:08:00
1567,CLOSED,2025-12-10 21:06:00+00:00,92000.0,93000.0,2025-12-11 21:17:00+00:00,33.70786516853933,3345.7250190964223,1.0074906029678072,3357.2070979502428,0.2982754030288248,1 days 00:11:00
1568,CLOSED,2025-12-11 01:12:00+00:00,91000.0,92000.0,2025-12-11 21:07:00+00:00,33.70786516853933,3334.784219252357,1.010795990155443,3346.3340501743337,0.3022936164958665,0 days 19:55:00
1569,CLOSED,2025-12-11 02:18:00+00:00,90000.0,91000.0,2025-12-11 18:44:00+00:00,33.70786516853933,3323.4733737236393,1.0142360530113963,3335.090960825391,0.3064011235954993,0 days 16:26:00
1570,OPEN,2025-12-12 00:54:00+00:00,92000.0,93000.0,,33.70786516853933,3346.631989239543,1.0072175631178013,,-1.6265613898387912,19 days 23:05:00
1571,OPEN,2025-12-12 15:28:00+00:00,91000.0,92000.0,,33.70786516853933,3335.691189395478,1.0105211560260814,,-1.2740195900728466,19 days 08:31:00
1572,OPEN,2025-12-12 15:58:00+00:00,90000.0,91000.0,,33.70786516853933,3324.38034386676,1.013959345257467,,-0.9136435280898922,19 days 08:01:00
1573,CLOSED,2025-12-14 11:44:00+00:00,89000.0,90000.0,2025-12-15 02:21:00+00:00,33.70786516853933,3312.6953410346714,1.0175359246290114,3325.006185649536,0.3106009342254765,0 days 14:37:00
1574,CLOSED,2025-12-14 23:11:00+00:00,88000.0,89000.0,2025-12-15 01:34:00+00:00,33.70786516853933,3300.6319768845674,1.0212548810229922,3313.010586182782,0.3148961950970417,0 days 02:23:00
1575,CLOSED,2025-12-15 14:46:00+00:00,89000.0,90000.0,2025-12-17 15:06:00+00:00,33.70786516853933,3313.320838163994,1.017343831610881,3326.594049560257,0.3106009342254765,2 days 00:20:00
1576,CLOSED,2025-12-15 14:56:00+00:00,88000.0,89000.0,2025-12-17 14:54:00+00:00,33.70786516853933,3301.25747401389,1.0210613814243046,3314.5984500935037,0.3148961950970417,1 days 23:58:00
1577,CLOSED,2025-12-15 15:21:00+00:00,87000.0,88000.0,2025-12-16 15:55:00+00:00,33.70786516853933,3288.8114489853383,1.0249254386091016,3301.900903949105,0.31929019759783017,1 days 00:34:00
1578,CLOSED,2025-12-15 17:32:00+00:00,86000.0,87000.0,2025-12-16 10:42:00+00:00,33.70786516853933,3275.9783646774376,1.0289404085200147,3289.1355932236456,0.32378638620329525,0 days 17:10:00
1579,CLOSED,2025-12-17 04:21:00+00:00,87000.0,88000.0,2025-12-17 14:52:00+00:00,33.70786516853933,3289.4545255691396,1.0247250693549932,3302.2201941467033,0.31929019759783017,0 days 10:31:00
1580,CLOSED,2025-12-17 15:42:00+00:00,89000.0,90000.0,2025-12-22 11:35:00+00:00,33.70786516853933,3314.9087020747156,1.0168565169665893,3330.727859397747,0.3106009342254765,4 days 19:53:00
1581,CLOSED,2025-12-17 15:50:00+00:00,88000.0,89000.0,2025-12-18 13:47:00+00:00,33.70786516853933,3302.8453379246116,1.0205704996686322,3315.8670238066275,0.3148961950970417,0 days 21:57:00
1582,CLOSED,2025-12-17 16:14:00+00:00,87000.0,88000.0,2025-12-18 13:30:00+00:00,33.70786516853933,3290.39931289606,1.0244308353830525,3303.488767859827,0.31929019759783017,0 days 21:16:00
1583,CLOSED,2025-12-17 18:43:00+00:00,86000.0,87000.0,2025-12-18 08:23:00+00:00,33.70786516853933,3277.5662285881594,1.0284419235994902,3290.723457134367,0.32378638620329525,0 days 13:40:00
1584,CLOSED,2025-12-18 14:36:00+00:00,88000.0,89000.0,2025-12-18 15:36:00+00:00,33.70786516853933,3303.80331070351,1.0202745744377135,3316.1819200017244,0.3148961950970417,0 days 01:00:00
1585,CLOSED,2025-12-18 16:27:00+00:00,88000.0,89000.0,2025-12-19 15:16:00+00:00,33.70786516853933,3304.118206898607,1.0201773380311063,3317.468281148105,0.3148961950970417,0 days 22:49:00
1586,CLOSED,2025-12-18 17:08:00+00:00,87000.0,88000.0,2025-12-19 07:07:00+00:00,33.70786516853933,3291.6721818700553,1.0240346944083998,3305.0900252013043,0.31929019759783017,0 days 13:59:00
1587,CLOSED,2025-12-18 17:17:00+00:00,86000.0,87000.0,2025-12-19 03:27:00+00:00,33.70786516853933,3278.8390975621546,1.028042675030971,3292.3247144758443,0.32378638620329525,0 days 10:10:00
1588,CLOSED,2025-12-18 19:40:00+00:00,85000.0,86000.0,2025-12-19 03:03:00+00:00,33.70786516853933,3265.6144532856106,1.0322059033829012,3279.167848388328,0.3283883674818213,0 days 07:23:00
1589,CLOSED,2025-12-19 15:30:00+00:00,88000.0,89000.0,2025-12-21 09:53:00+00:00,33.70786516853933,3305.404568044987,1.0197803165884822,3318.1024675408,0.3148961950970417,1 days 18:23:00
1590,CLOSED,2025-12-19 17:33:00+00:00,87000.0,88000.0,2025-12-19 19:37:00+00:00,33.70786516853933,3292.9585430164357,1.0236346655509987,3305.7242115939994,0.31929019759783017,0 days 02:04:00
1591,CLOSED,2025-12-21 13:30:00+00:00,88000.0,89000.0,2025-12-22 00:10:00+00:00,33.70786516853933,3306.038754437682,1.019584695530063,3318.4173637358967,0.3148961950970417,0 days 10:40:00
1592,CLOSED,2025-12-22 02:05:00+00:00,88000.0,89000.0,2025-12-22 04:21:00+00:00,33.70786516853933,3306.353650632779,1.0194875905693943,3318.7322599309937,0.3148961950970417,0 days 02:16:00
1593,CLOSED,2025-12-22 19:01:00+00:00,89000.0,90000.0,2025-12-29 03:40:00+00:00,33.70786516853933,3319.0425119122056,1.0155900398250446,3332.945413512559,0.3106009342254765,6 days 08:39:00
1594,CLOSED,2025-12-22 19:57:00+00:00,88000.0,89000.0,2025-12-26 02:20:00+00:00,33.70786516853933,3306.9791477621015,1.019294760033492,3320.3156276531104,0.3148961950970417,3 days 06:23:00
1595,CLOSED,2025-12-23 14:54:00+00:00,87000.0,88000.0,2025-12-23 16:03:00+00:00,33.70786516853933,3294.53312273355,1.0231454325331273,3307.2987913111137,0.31929019759783017,0 days 01:09:00
1596,CLOSED,2025-12-24 02:44:00+00:00,87000.0,88000.0,2025-12-24 22:37:00+00:00,33.70786516853933,3294.852412931148,1.0230462838410515,3307.618081508712,0.31929019759783017,0 days 19:53:00
1597,CLOSED,2025-12-25 23:45:00+00:00,87000.0,88000.0,2025-12-26 02:14:00+00:00,33.70786516853933,3295.1717031287462,1.0229471543632735,3307.93737170631,0.31929019759783017,0 days 02:29:00
1598,CLOSED,2025-12-26 14:49:00+00:00,88000.0,89000.0,2025-12-29 02:06:00+00:00,33.70786516853933,3308.2519145499928,1.0189026119894036,3320.9498140458054,0.3148961950970417,2 days 11:17:00
1599,CLOSED,2025-12-26 15:01:00+00:00,87000.0,88000.0,2025-12-28 10:36:00+00:00,33.70786516853933,3295.8058895214413,1.0227503165677574,3308.571558099005,0.31929019759783017,1 days 19:35:00
1600,OPEN,2025-12-29 09:32:00+00:00,89000.0,90000.0,,33.70786516853933,3321.2600660270173,1.014911946021186,,-0.5451691276353969,2 days 14:27:00
1601,CLOSED,2025-12-29 09:45:00+00:00,88000.0,89000.0,2025-12-30 14:57:00+00:00,33.70786516853933,3309.1967018769133,1.0186117117009355,3322.213891570324,0.3148961950970417,1 days 05:12:00
1602,CLOSED,2025-12-29 12:11:00+00:00,87000.0,88000.0,2025-12-29 14:32:00+00:00,33.70786516853933,3296.7506768483618,1.0224572153804328,3309.5163454259255,0.31929019759783017,0 days 02:21:00
1603,CLOSED,2025-12-30 02:33:00+00:00,87000.0,88000.0,2025-12-30 08:12:00+00:00,33.70786516853933,3297.06996704596,1.0223582000214633,3309.8356356235236,0.31929019759783017,0 days 05:39:00
1604,CLOSED,2025-12-30 19:06:00+00:00,88000.0,89000.0,2025-12-31 11:42:00+00:00,33.70786516853933,3310.1501784672064,1.0183183043419513,3322.528787765421,0.3148961950970417,0 days 16:36:00
1605,OPEN,2025-12-31 15:12:00+00:00,88000.0,89000.0,,33.70786516853933,3310.4650746623033,1.0182214404415013,,-0.16832030898876127,0 days 08:47:00
